concept_id,concept_name,domain_id,vocabulary_id,concept_class_id,standard_concept,concept_code,valid_start_date,valid_end_date,invalid_reason
2000000430,All Results for this Test Available?,,gstt_iclinicalmanager,,N,1000001492101001,2025-04-16,2099-12-31,
2000000001,WBC,,gstt_iclinicalmanager,,N,4000001038101001,2025-04-16,2099-12-31,
2000000006,RBC,,gstt_iclinicalmanager,,N,2000001086101001,2025-04-16,2099-12-31,
2000000015,PLT,,gstt_iclinicalmanager,,N,8000001077101001,2025-04-16,2099-12-31,
2000000019,HB,,gstt_iclinicalmanager,,N,5000001120101001,2025-04-16,2099-12-31,
2000000027,Neutrophils,,gstt_iclinicalmanager,,N,2000001050101001,2025-04-16,2099-12-31,
2000000030,PCV,,gstt_iclinicalmanager,,N,1000001071101001,2025-04-16,2099-12-31,
2000000033,MCH,,gstt_iclinicalmanager,,N,5000001067101001,2025-04-16,2099-12-31,
2000000038,MCV,,gstt_iclinicalmanager,,N,8000001067101001,2025-04-16,2099-12-31,
2000000039,RDW,,gstt_iclinicalmanager,,N,4000001086101001,2025-04-16,2099-12-31,
2000000042,Lymphocytes,,gstt_iclinicalmanager,,N,1000001052101001,2025-04-16,2099-12-31,
2000000048,Monocytes,,gstt_iclinicalmanager,,N,9000001053101001,2025-04-16,2099-12-31,
2000000051,Creatinine Level,,gstt_iclinicalmanager,,N,6000001160101001,2025-04-16,2099-12-31,
2000000055,Potassium Level,,gstt_iclinicalmanager,,N,3000001079101001,2025-04-16,2099-12-31,
2000000058,Sodium Level,,gstt_iclinicalmanager,,N,1000001019101001,2025-04-16,2099-12-31,
2000000061,Eosinophils,,gstt_iclinicalmanager,,N,2000001144101001,2025-04-16,2099-12-31,
2000000063,Estimated GFR,,gstt_iclinicalmanager,,N,2000001680101001,2025-04-16,2099-12-31,
2000000065,Albumin Level,,gstt_iclinicalmanager,,N,1000001194101001,2025-04-16,2099-12-31,
2000000067,Alk Phos Level,,gstt_iclinicalmanager,,N,8000001194101001,2025-04-16,2099-12-31,
2000000010,Nucleated Red Blood Cells.,,gstt_iclinicalmanager,,N,1000001870101001,2025-04-16,2099-12-31,
2000000068,Bilirubin Level,,gstt_iclinicalmanager,,N,1000001212101001,2025-04-16,2099-12-31,
2000000070,Alanine Trans Level,,gstt_iclinicalmanager,,N,5000001193101001,2025-04-16,2099-12-31,
2000000071,POCT Glucose Meter,,gstt_iclinicalmanager,,N,1000002557101001,2025-04-16,2099-12-31,
2000000092,C Reactive Protein Level,,gstt_iclinicalmanager,,N,4000001181101001,2025-04-16,2099-12-31,
2000000094,Basophils,,gstt_iclinicalmanager,,N,4000001209101001,2025-04-16,2099-12-31,
2000000096,Urea Level,,gstt_iclinicalmanager,,N,7000001004101001,2025-04-16,2099-12-31,
2000000104,Calcium Level,,gstt_iclinicalmanager,,N,4000001183101001,2025-04-16,2099-12-31,
2000000105,Corrected Calcium Level,,gstt_iclinicalmanager,,N,7000001193101001,2025-04-16,2099-12-31,
2000000109,Phosphate Level,,gstt_iclinicalmanager,,N,1076101001,2025-04-16,2099-12-31,
2000000110,Sitting Systolic,,gstt_iclinicalmanager,,N,3000001088290001,2025-04-16,2099-12-31,
2000000128,Sitting Heart Rate,,gstt_iclinicalmanager,,N,6000001088290001,2025-04-16,2099-12-31,
2000000119,Sitting Diastolic,,gstt_iclinicalmanager,,N,1000001088290001,2025-04-16,2099-12-31,
2000000132,AKI Alert,,gstt_iclinicalmanager,,N,1000003769101001,2025-04-16,2099-12-31,
2000000134,Bicarbonate Level,,gstt_iclinicalmanager,,N,1000001210101001,2025-04-16,2099-12-31,
2000000136,Weight,,gstt_iclinicalmanager,,N,9000001032290001,2025-04-16,2099-12-31,
2000000142,Temperature,,gstt_iclinicalmanager,,N,8000001030290001,2025-04-16,2099-12-31,
2000000143,GGT,,gstt_iclinicalmanager,,N,8000001142101001,2025-04-16,2099-12-31,
2000000144,Chloride Level,,gstt_iclinicalmanager,,N,7000001177101001,2025-04-16,2099-12-31,
2000000147,Total UF Volume,,gstt_iclinicalmanager,,N,1000001097290001,2025-04-16,2099-12-31,
2000000148,Anion Gap,,gstt_iclinicalmanager,,N,8000001198101001,2025-04-16,2099-12-31,
2000000149,Magnesium Level,,gstt_iclinicalmanager,,N,1053101001,2025-04-16,2099-12-31,
2000000150,Chest  -  X-Ray,,gstt_iclinicalmanager,,N,8000001174101001,2025-04-16,2099-12-31,
2000000380,Blood Flow Rate,,gstt_iclinicalmanager,,N,8000001089290001,2025-04-16,2099-12-31,
2000000382,Venous Pressure,,gstt_iclinicalmanager,,N,2000001090290001,2025-04-16,2099-12-31,
2000000383,Prothrombin time (INR),,gstt_iclinicalmanager,,N,3000003165101001,2025-04-16,2099-12-31,
2000000393,Arterial Pressure,,gstt_iclinicalmanager,,N,7000001089290001,2025-04-16,2099-12-31,
2000000394,Antibody Screen,,gstt_iclinicalmanager,,N,7000001201101001,2025-04-16,2099-12-31,
2000000396,Blood Group,,gstt_iclinicalmanager,,N,4000001178101001,2025-04-16,2099-12-31,
2000000400,Total Protein Level,,gstt_iclinicalmanager,,N,5000001014101001,2025-04-16,2099-12-31,
2000000401,Dialyser Size,,gstt_iclinicalmanager,,N,1000001096290001,2025-04-16,2099-12-31,
2000000402,Dialysate Flow Rate,,gstt_iclinicalmanager,,N,7000001090290001,2025-04-16,2099-12-31,
2000000403,Dialysate,,gstt_iclinicalmanager,,N,6000001090290001,2025-04-16,2099-12-31,
2000000381,Blood Flow Rate,,gstt_iclinicalmanager,,N,5000001090290001,2025-04-16,2099-12-31,
2000000414,APTT ratio,,gstt_iclinicalmanager,,N,4000003165101001,2025-04-16,2099-12-31,
2000000431,Litres Processed,,gstt_iclinicalmanager,,N,9000001089290001,2025-04-16,2099-12-31,
2000000404,Dialysate Temperature,,gstt_iclinicalmanager,,N,4000001094290001,2025-04-16,2099-12-31,
2000000141,Dry Weight,,gstt_iclinicalmanager,,N,6000001089290001,2025-04-16,2099-12-31,
2000000432,Anticoagulation Dose,,gstt_iclinicalmanager,,N,4000001090290001,2025-04-16,2099-12-31,
2000000416,Clauss Fibrinogen,,gstt_iclinicalmanager,,N,1000001166101001,2025-04-16,2099-12-31,
2000000384,Prothrombin Time INR,,gstt_iclinicalmanager,,N,6000001083101001,2025-04-16,2099-12-31,
2000000072,Glucose Level,,gstt_iclinicalmanager,,N,2000001113101001,2025-04-16,2099-12-31,
2000000448,.MRSA Routine Clinical Screen,,gstt_iclinicalmanager,,N,1000002590101001,2025-04-16,2099-12-31,
2000000406,APTT,,gstt_iclinicalmanager,,N,5000001204101001,2025-04-16,2099-12-31,
2000000422,BM Stix,,gstt_iclinicalmanager,,N,7000001007290001,2025-04-16,2099-12-31,
2000000111,Standing Systolic,,gstt_iclinicalmanager,,N,4000001088290001,2025-04-16,2099-12-31,
2000000120,Standing Diastolic,,gstt_iclinicalmanager,,N,2000001088290001,2025-04-16,2099-12-31,
2000000129,Standing Heart Rate,,gstt_iclinicalmanager,,N,7000001088290001,2025-04-16,2099-12-31,
2000000423,BMI,,gstt_iclinicalmanager,,N,1290001,2025-04-16,2099-12-31,
2000000433,Thyroid Stimulating Hormone Level,,gstt_iclinicalmanager,,N,3000001012101001,2025-04-16,2099-12-31,
2000000449,Kt/V,,gstt_iclinicalmanager,,N,8000001094290001,2025-04-16,2099-12-31,
2000000424,HIV antigen/antibody.,,gstt_iclinicalmanager,,N,2000001641101001,2025-04-16,2099-12-31,
2000000112,Systolic (101-199),,gstt_iclinicalmanager,,N,6000001007290001,2025-04-16,2099-12-31,
2000000121,Diastolic,,gstt_iclinicalmanager,,N,5000001007290001,2025-04-16,2099-12-31,
2000000434,Cholesterol (total) Level,,gstt_iclinicalmanager,,N,2000001165101001,2025-04-16,2099-12-31,
2000000450,Authorising Comment,,gstt_iclinicalmanager,,N,5000001207101001,2025-04-16,2099-12-31,
2000000451,Pulse (51-100),,gstt_iclinicalmanager,,N,1027290001,2025-04-16,2099-12-31,
2000000137,Weight (kg),,gstt_iclinicalmanager,,N,9000001032290001,2025-04-16,2099-12-31,
2000000439,Ferritin,,gstt_iclinicalmanager,,N,4000001135101001,2025-04-16,2099-12-31,
2000000440,Triglycerides (total) Level,,gstt_iclinicalmanager,,N,5000001004101001,2025-04-16,2099-12-31,
2000000452,Ultra Filtration Rate,,gstt_iclinicalmanager,,N,1000001090290001,2025-04-16,2099-12-31,
2000000441,HbA1c Level,,gstt_iclinicalmanager,,N,8000001120101001,2025-04-16,2099-12-31,
2000000453,Hepatitis B surface Ag.,,gstt_iclinicalmanager,,N,7000001103101001,2025-04-16,2099-12-31,
2000000446,Aspartate Transaminase Level,,gstt_iclinicalmanager,,N,4000001207101001,2025-04-16,2099-12-31,
2000000447,ESR,,gstt_iclinicalmanager,,N,5000001129101001,2025-04-16,2099-12-31,
2000000483,Creatinine Level Urine,,gstt_iclinicalmanager,,N,3000001161101001,2025-04-16,2099-12-31,
2000000454,Serum Folate,,gstt_iclinicalmanager,,N,3000001097101001,2025-04-16,2099-12-31,
2000000417,Fibrinogen (Clauss),,gstt_iclinicalmanager,,N,5000003165101001,2025-04-16,2099-12-31,
2000000484,Blood Culture,,gstt_iclinicalmanager,,N,9000001180101001,2025-04-16,2099-12-31,
2000000485,OBSERVATION,,gstt_iclinicalmanager,,N,2001600,2025-04-16,2099-12-31,
2000000486,Mid-stream Urine,,gstt_iclinicalmanager,,N,3000001070101001,2025-04-16,2099-12-31,
2000000487,pH (5-9),,gstt_iclinicalmanager,,N,3000001032290001,2025-04-16,2099-12-31,
2000000385,Prothrombin Time INR Warfarin,,gstt_iclinicalmanager,,N,8000001083101001,2025-04-16,2099-12-31,
2000000455,Iron Level,,gstt_iclinicalmanager,,N,3000001060101001,2025-04-16,2099-12-31,
2000000464,Amylase Level,,gstt_iclinicalmanager,,N,4000001197101001,2025-04-16,2099-12-31,
2000000482,COVID-19 Sample  Type,,gstt_iclinicalmanager,,N,3000004210101001,2025-04-16,2099-12-31,
2000000442,HbA1c New Units,,gstt_iclinicalmanager,,N,1000002497101001,2025-04-16,2099-12-31,
2000000458,Lactate Dehydrogenase Level,,gstt_iclinicalmanager,,N,2000001059101001,2025-04-16,2099-12-31,
2000000488,Mid Stream Urine,,gstt_iclinicalmanager,,N,4000003216101001,2025-04-16,2099-12-31,
2000000467,Hepatitis C IgG Abs.,,gstt_iclinicalmanager,,N,2000001122101001,2025-04-16,2099-12-31,
2000000435,HDL Cholesterol Level,,gstt_iclinicalmanager,,N,1000001121101001,2025-04-16,2099-12-31,
2000000436,LDL Cholesterol Level,,gstt_iclinicalmanager,,N,2000001061101001,2025-04-16,2099-12-31,
2000000459,Troponin T,,gstt_iclinicalmanager,,N,1000001326101001,2025-04-16,2099-12-31,
2000000491,Blood Film Morphology,,gstt_iclinicalmanager,,N,1000001178101001,2025-04-16,2099-12-31,
2000000456,Total Iron Binding Capacity,,gstt_iclinicalmanager,,N,2000001014101001,2025-04-16,2099-12-31,
2000000472,Protein,,gstt_iclinicalmanager,,N,4000001032290001,2025-04-16,2099-12-31,
2000000471,Free Thyroxine Level,,gstt_iclinicalmanager,,N,1000001139101001,2025-04-16,2099-12-31,
2000000470,Creatine Kinase Level,,gstt_iclinicalmanager,,N,4000001164101001,2025-04-16,2099-12-31,
2000000474,Transferrin Saturation (%),,gstt_iclinicalmanager,,N,7000001062101001,2025-04-16,2099-12-31,
2000000386,INR for VKA anticoagulant monitoring,,gstt_iclinicalmanager,,N,8000001083101001,2025-04-16,2099-12-31,
2000000489,SARS-CoV-2 RNA,,gstt_iclinicalmanager,,N,2000004208101001,2025-04-16,2099-12-31,
2000000397,Blood  Group.,,gstt_iclinicalmanager,,N,1000004163101001,2025-04-16,2099-12-31,
2000000492,Antibody Report,,gstt_iclinicalmanager,,N,5000004151101001,2025-04-16,2099-12-31,
2000000493,Protein Level Urine,,gstt_iclinicalmanager,,N,3000001083101001,2025-04-16,2099-12-31,
2000000494,Haemoglobinopathy Conclusion,,gstt_iclinicalmanager,,N,4000001119101001,2025-04-16,2099-12-31,
2000000477,Active B12 (Holo TC),,gstt_iclinicalmanager,,N,1000002849101001,2025-04-16,2099-12-31,
2000000495,HbA2 Measurement,,gstt_iclinicalmanager,,N,9000001120101001,2025-04-16,2099-12-31,
2000000479,25 Hydroxy Vitamin D Level,,gstt_iclinicalmanager,,N,7000001189101001,2025-04-16,2099-12-31,
2000000496,Date Required:,,gstt_iclinicalmanager,,N,3000001154101001,2025-04-16,2099-12-31,
2000000497,Number of units requested:,,gstt_iclinicalmanager,,N,1000001044101001,2025-04-16,2099-12-31,
2000000490,Height (cm),,gstt_iclinicalmanager,,N,1000001021290001,2025-04-16,2099-12-31,
2000000588,Surgical Pathology Final Report.,,gstt_iclinicalmanager,,N,1000001355101001,2025-04-16,2099-12-31,
2000000501,PTH,,gstt_iclinicalmanager,,N,5000001070101001,2025-04-16,2099-12-31,
2000000589,Protein Creatinine Ratio Calculated,,gstt_iclinicalmanager,,N,1000001681101001,2025-04-16,2099-12-31,
2000000481,PSA,,gstt_iclinicalmanager,,N,2000001082101001,2025-04-16,2099-12-31,
2000000590,Blood,,gstt_iclinicalmanager,,N,8000001031290001,2025-04-16,2099-12-31,
2000000502,Oxygen Saturation,,gstt_iclinicalmanager,,N,1023290001,2025-04-16,2099-12-31,
2000000591,Time Required:,,gstt_iclinicalmanager,,N,1013101001,2025-04-16,2099-12-31,
2000000504,HbF Measurement,,gstt_iclinicalmanager,,N,1121101001,2025-04-16,2099-12-31,
2000000592,HDF Total Infusion Volume,,gstt_iclinicalmanager,,N,3000001114290001,2025-04-16,2099-12-31,
2000000593,Abdomen - US,,gstt_iclinicalmanager,,N,3000001003101001,2025-04-16,2099-12-31,
2000000594,Periapicals < 5 films - Dental,,gstt_iclinicalmanager,,N,4000002811101001,2025-04-16,2099-12-31,
2000000595,Urea Distribution Volume,,gstt_iclinicalmanager,,N,8000001095290001,2025-04-16,2099-12-31,
2000000596,HDF Type,,gstt_iclinicalmanager,,N,3000001113290001,2025-04-16,2099-12-31,
2000000597,Treponema pallidum Abs.,,gstt_iclinicalmanager,,N,5000002256101001,2025-04-16,2099-12-31,
2000000505,Urate Level,,gstt_iclinicalmanager,,N,7000001003101001,2025-04-16,2099-12-31,
2000000598,Histopathology Request,,gstt_iclinicalmanager,,N,1000003694101001,2025-04-16,2099-12-31,
2000000586,Thrombin Time,,gstt_iclinicalmanager,,N,7000001029101001,2025-04-16,2099-12-31,
2000000587,Free Tri-iodothyronine Level,,gstt_iclinicalmanager,,N,2000001139101001,2025-04-16,2099-12-31,
2000000599,Temperature (36.0-37.4),,gstt_iclinicalmanager,,N,8000001030290001,2025-04-16,2099-12-31,
2000000600,Infection Test Request,,gstt_iclinicalmanager,,N,1000001294101001,2025-04-16,2099-12-31,
2000000511,Tacrolimus Level,,gstt_iclinicalmanager,,N,9000001136101001,2025-04-16,2099-12-31,
2000000512,Albumin Level Urine,,gstt_iclinicalmanager,,N,3000001194101001,2025-04-16,2099-12-31,
2000000513,Leucocytes,,gstt_iclinicalmanager,,N,1000001032290001,2025-04-16,2099-12-31,
2000000514,Albumin Creatinine Ratio Level Urine,,gstt_iclinicalmanager,,N,5000001194101001,2025-04-16,2099-12-31,
2000000515,.MRSA Admission  Screen,,gstt_iclinicalmanager,,N,4000002589101001,2025-04-16,2099-12-31,
2000000517,Protein Electrophoretic Strip,,gstt_iclinicalmanager,,N,1083101001,2025-04-16,2099-12-31,
2000000516,CT Other Hospital.,,gstt_iclinicalmanager,,N,4000002758101001,2025-04-16,2099-12-31,
2000000478,Vitamin B12,,gstt_iclinicalmanager,,N,4000001035101001,2025-04-16,2099-12-31,
2000000468,Hepatitis B Core Ab.,,gstt_iclinicalmanager,,N,1000001105101001,2025-04-16,2099-12-31,
2000000506,Globulin Level,,gstt_iclinicalmanager,,N,9000001112101001,2025-04-16,2099-12-31,
2000000507,Immunoglobulin G Level,,gstt_iclinicalmanager,,N,6000001105101001,2025-04-16,2099-12-31,
2000000508,Immunoglobulin A Level,,gstt_iclinicalmanager,,N,5000001105101001,2025-04-16,2099-12-31,
2000000151,Abdomen plain - X-Ray,,gstt_iclinicalmanager,,N,8000001188101001,2025-04-16,2099-12-31,
2000000509,Immunoglobulin M Level,,gstt_iclinicalmanager,,N,3000001106101001,2025-04-16,2099-12-31,
2000000518,Luteinising Hormone Level,,gstt_iclinicalmanager,,N,2000001051101001,2025-04-16,2099-12-31,
2000000519,Follicle Stimulating Hormone Level,,gstt_iclinicalmanager,,N,9000001137101001,2025-04-16,2099-12-31,
2000000521,Pelvis Gynae  - US (Women's US STH),,gstt_iclinicalmanager,,N,1000002348101001,2025-04-16,2099-12-31,
2000000520,Log Copy Number.....,,gstt_iclinicalmanager,,N,1000002200101001,2025-04-16,2099-12-31,
2000000425,HIV-1 RNA copies/ml,,gstt_iclinicalmanager,,N,2200101001,2025-04-16,2099-12-31,
2000000522,Virology Statistics,,gstt_iclinicalmanager,,N,5000001534101001,2025-04-16,2099-12-31,
2000000438,Non-HDL Cholesterol Level,,gstt_iclinicalmanager,,N,1000003582101001,2025-04-16,2099-12-31,
2000000533,Int  :,,gstt_iclinicalmanager,,N,2000001109101001,2025-04-16,2099-12-31,
2000000534,Brain - CT,,gstt_iclinicalmanager,,N,6000001213101001,2025-04-16,2099-12-31,
2000000535,Serum BHCG.,,gstt_iclinicalmanager,,N,6000001209101001,2025-04-16,2099-12-31,
2000000011,Nucleated Red Blood Cells,,gstt_iclinicalmanager,,N,1044101001,2025-04-16,2099-12-31,
2000000536,DPT Teeth and Jaws - Dental,,gstt_iclinicalmanager,,N,1000002060101001,2025-04-16,2099-12-31,
2000000523,CD3 Lymphocytes,,gstt_iclinicalmanager,,N,3000001174101001,2025-04-16,2099-12-31,
2000000524,CD3 Lymphocytes %,,gstt_iclinicalmanager,,N,4000001174101001,2025-04-16,2099-12-31,
2000000525,CD8 Lymphocytes %,,gstt_iclinicalmanager,,N,8000001171101001,2025-04-16,2099-12-31,
2000000526,CD8 Lymphocytes,,gstt_iclinicalmanager,,N,7000001171101001,2025-04-16,2099-12-31,
2000000527,CD4 Lymphocytes,,gstt_iclinicalmanager,,N,5000001170101001,2025-04-16,2099-12-31,
2000000528,CD4 Lymphocytes %,,gstt_iclinicalmanager,,N,6000001170101001,2025-04-16,2099-12-31,
2000000529,CD4-CD8 Ratio,,gstt_iclinicalmanager,,N,8000001170101001,2025-04-16,2099-12-31,
2000000530,Reticulocyte Count,,gstt_iclinicalmanager,,N,6000001091101001,2025-04-16,2099-12-31,
2000000152,X-Ray Other Hospital,,gstt_iclinicalmanager,,N,3000002760101001,2025-04-16,2099-12-31,
2000000415,APTT ratio for UF Heparin monitoring,,gstt_iclinicalmanager,,N,1000001205101001,2025-04-16,2099-12-31,
2000000043,Total Lymphocytes.,,gstt_iclinicalmanager,,N,2000001561101001,2025-04-16,2099-12-31,
2000000537,Brain - MRI,,gstt_iclinicalmanager,,N,7000001213101001,2025-04-16,2099-12-31,
2000000531,Rubella Antibodies.,,gstt_iclinicalmanager,,N,4000001093101001,2025-04-16,2099-12-31,
2000000532,POCT Ketone Meter,,gstt_iclinicalmanager,,N,2000003102101001,2025-04-16,2099-12-31,
2000000411,APTT Heparin,,gstt_iclinicalmanager,,N,1000001205101001,2025-04-16,2099-12-31,
2000000153,Chest - Mobile - X-Ray,,gstt_iclinicalmanager,,N,1175101001,2025-04-16,2099-12-31,
2000000539,Cortisol Level,,gstt_iclinicalmanager,,N,4000001161101001,2025-04-16,2099-12-31,
2000000547,Pregnancy Ref Range Warning,,gstt_iclinicalmanager,,N,2000001080101001,2025-04-16,2099-12-31,
2000000002,WBC..,,gstt_iclinicalmanager,,N,8000001249101001,2025-04-16,2099-12-31,
2000000016,PLT.,,gstt_iclinicalmanager,,N,9000001077101001,2025-04-16,2099-12-31,
2000000540,D-Dimers,,gstt_iclinicalmanager,,N,6000001154101001,2025-04-16,2099-12-31,
2000000548,Chest & abdo & pelvis with contrast - CT,,gstt_iclinicalmanager,,N,8000002725101001,2025-04-16,2099-12-31,
2000000549,Sputum for MC & S,,gstt_iclinicalmanager,,N,6000001020101001,2025-04-16,2099-12-31,
2000000543,Testosterone Level,,gstt_iclinicalmanager,,N,1000001028101001,2025-04-16,2099-12-31,
2000000544,Complement C4,,gstt_iclinicalmanager,,N,2000001338101001,2025-04-16,2099-12-31,
2000000545,Complement C3,,gstt_iclinicalmanager,,N,1000001338101001,2025-04-16,2099-12-31,
2000000546,Oestradiol Level,,gstt_iclinicalmanager,,N,7000001041101001,2025-04-16,2099-12-31,
2000000550,High Vaginal Swab,,gstt_iclinicalmanager,,N,3000001101101001,2025-04-16,2099-12-31,
2000000551,Hep2 Anti Nuclear Antibody,,gstt_iclinicalmanager,,N,1000003302101001,2025-04-16,2099-12-31,
2000000552,MRI Other Hospital,,gstt_iclinicalmanager,,N,2760101001,2025-04-16,2099-12-31,
2000000553,"MRSA Screen - Nose, Axilla & Groin",,gstt_iclinicalmanager,,N,6000001054101001,2025-04-16,2099-12-31,
2000000554,Hip & spine bone density scan - N Med,,gstt_iclinicalmanager,,N,9000001123101001,2025-04-16,2099-12-31,
2000000555,Pregnancy Ref Range Warning.,,gstt_iclinicalmanager,,N,5000001257101001,2025-04-16,2099-12-31,
2000000538,IgG Anticardiolipin Antibodies,,gstt_iclinicalmanager,,N,9000001099101001,2025-04-16,2099-12-31,
2000000556,IgM Anticardiolipin Antibodies,,gstt_iclinicalmanager,,N,2000001100101001,2025-04-16,2099-12-31,
2000000566,Time of Sample,,gstt_iclinicalmanager,,N,1000002084101001,2025-04-16,2099-12-31,
2000000473,Alpha Foetoprotein Level,,gstt_iclinicalmanager,,N,3000001196101001,2025-04-16,2099-12-31,
2000000567,Int E2:,,gstt_iclinicalmanager,,N,1000001322101001,2025-04-16,2099-12-31,
2000000557,Urea Reduction Ratio,,gstt_iclinicalmanager,,N,1000001093290001,2025-04-16,2099-12-31,
2000000558,DRVVT,,gstt_iclinicalmanager,,N,5000001158101001,2025-04-16,2099-12-31,
2000000559,NT-proBNP,,gstt_iclinicalmanager,,N,3000001872101001,2025-04-16,2099-12-31,
2000000154,Pelvis AP - X-Ray,,gstt_iclinicalmanager,,N,1072101001,2025-04-16,2099-12-31,
2000000568,Gastroscopy (OGD),,gstt_iclinicalmanager,,N,9000002315101001,2025-04-16,2099-12-31,
2000000569,LFD Control Line,,gstt_iclinicalmanager,,N,1000004271101001,2025-04-16,2099-12-31,
2000000560,Prolactin Level,,gstt_iclinicalmanager,,N,1081101001,2025-04-16,2099-12-31,
2000000570,Tyrosine Blood Spot Monitoring,,gstt_iclinicalmanager,,N,3000001007101001,2025-04-16,2099-12-31,
2000000571,Phenylalanine Blood Spot Monitoring,,gstt_iclinicalmanager,,N,6000001074101001,2025-04-16,2099-12-31,
2000000572,Non-Gynae Cytology Final Report,,gstt_iclinicalmanager,,N,5000001355101001,2025-04-16,2099-12-31,
2000000573,COVID-19 Outpatient Screening PCR,,gstt_iclinicalmanager,,N,2000004208101001,2025-04-16,2099-12-31,
2000000574,Dilute APTT,,gstt_iclinicalmanager,,N,1000001504101001,2025-04-16,2099-12-31,
2000000575,Obstetric foetal growth - US,,gstt_iclinicalmanager,,N,4000002756101001,2025-04-16,2099-12-31,
2000000028,Neuts.,,gstt_iclinicalmanager,,N,1000001250101001,2025-04-16,2099-12-31,
2000000469,Hepatitis B surface Ab-mIU/ml,,gstt_iclinicalmanager,,N,4000001105101001,2025-04-16,2099-12-31,
2000000561,Vancomycin Level.,,gstt_iclinicalmanager,,N,3000002084101001,2025-04-16,2099-12-31,
2000000603,General HepB Vaccine Policy,,gstt_iclinicalmanager,,N,2000001142101001,2025-04-16,2099-12-31,
2000000604,Methylmalonic Acid,,gstt_iclinicalmanager,,N,1000001593101001,2025-04-16,2099-12-31,
2000000576,Gentamicin Level.,,gstt_iclinicalmanager,,N,2000002084101001,2025-04-16,2099-12-31,
2000000577,Cyclosporin A Level,,gstt_iclinicalmanager,,N,8000001151101001,2025-04-16,2099-12-31,
2000000605,Kidney Both - US,,gstt_iclinicalmanager,,N,7000002754101001,2025-04-16,2099-12-31,
2000000578,Carcinoembryonic Antigen Level,,gstt_iclinicalmanager,,N,8000001184101001,2025-04-16,2099-12-31,
2000000606,POCT LFD COVID-19 Result,,gstt_iclinicalmanager,,N,2000004271101001,2025-04-16,2099-12-31,
2000000073,Glucose,,gstt_iclinicalmanager,,N,9000001031290001,2025-04-16,2099-12-31,
2000000607,.MRSA Pre Admission Screen,,gstt_iclinicalmanager,,N,1000002589101001,2025-04-16,2099-12-31,
2000000155,Foot right - X-Ray,,gstt_iclinicalmanager,,N,3000001138101001,2025-04-16,2099-12-31,
2000000608,PET Injection,,gstt_iclinicalmanager,,N,2000002955101001,2025-04-16,2099-12-31,
2000000601,CA-125 Level,,gstt_iclinicalmanager,,N,9000001181101001,2025-04-16,2099-12-31,
2000000609,Obstetric foetal anatomy scan - US,,gstt_iclinicalmanager,,N,6000002756101001,2025-04-16,2099-12-31,
2000000387,INR for Warfarin / VKA monitoring,,gstt_iclinicalmanager,,N,8000001083101001,2025-04-16,2099-12-31,
2000000602,Progesterone Level,,gstt_iclinicalmanager,,N,6000001082101001,2025-04-16,2099-12-31,
2000000156,Foot left - X-Ray,,gstt_iclinicalmanager,,N,2000001138101001,2025-04-16,2099-12-31,
2000000610,Ward Unit Summary,,gstt_iclinicalmanager,,N,7000004163101001,2025-04-16,2099-12-31,
2000000157,Knee right - X-Ray,,gstt_iclinicalmanager,,N,2000001058101001,2025-04-16,2099-12-31,
2000000611,Colonoscopy,,gstt_iclinicalmanager,,N,3000002315101001,2025-04-16,2099-12-31,
2000000612,Ward Issue Summary,,gstt_iclinicalmanager,,N,6000004163101001,2025-04-16,2099-12-31,
2000000158,Lumbar spine - X-Ray,,gstt_iclinicalmanager,,N,4000001065101001,2025-04-16,2099-12-31,
2000000613,Smooth Muscle Antibody,,gstt_iclinicalmanager,,N,2000001353101001,2025-04-16,2099-12-31,
2000000614,Mitochondrial Antibody,,gstt_iclinicalmanager,,N,2000001406101001,2025-04-16,2099-12-31,
2000000020,HB.,,gstt_iclinicalmanager,,N,6000001120101001,2025-04-16,2099-12-31,
2000000624,Line Tip,,gstt_iclinicalmanager,,N,2000001063101001,2025-04-16,2099-12-31,
2000000625,MRSA Screen -  (in-patient),,gstt_iclinicalmanager,,N,2000002345101001,2025-04-16,2099-12-31,
2000000615,FK506 Level,,gstt_iclinicalmanager,,N,9000001136101001,2025-04-16,2099-12-31,
2000000159,Knee left - X-Ray,,gstt_iclinicalmanager,,N,1058101001,2025-04-16,2099-12-31,
2000000616,CA-199 Level,,gstt_iclinicalmanager,,N,1000001182101001,2025-04-16,2099-12-31,
2000000160,Ankle right - X-Ray,,gstt_iclinicalmanager,,N,2000001199101001,2025-04-16,2099-12-31,
2000000617,Procalcitonin Level,,gstt_iclinicalmanager,,N,1000002540101001,2025-04-16,2099-12-31,
2000000626,Gram Negative Resistance Screen - Rectal,,gstt_iclinicalmanager,,N,1000003458101001,2025-04-16,2099-12-31,
2000000627,St John's Histology Report,,gstt_iclinicalmanager,,N,2000001669101001,2025-04-16,2099-12-31,
2000000618,CMV DNA,,gstt_iclinicalmanager,,N,1000001796101001,2025-04-16,2099-12-31,
2000000628,Urinary tract - US,,gstt_iclinicalmanager,,N,3000001030101001,2025-04-16,2099-12-31,
2000000619,Anti dsDNA Antibodies,,gstt_iclinicalmanager,,N,3000003337101001,2025-04-16,2099-12-31,
2000000620,Influenza A RNA,,gstt_iclinicalmanager,,N,3000002447101001,2025-04-16,2099-12-31,
2000000621,Parainfluenza RNA,,gstt_iclinicalmanager,,N,5000002447101001,2025-04-16,2099-12-31,
2000000622,Enterovirus/ Rhinovirus RNA,,gstt_iclinicalmanager,,N,9000002447101001,2025-04-16,2099-12-31,
2000000623,Influenza B RNA,,gstt_iclinicalmanager,,N,4000002447101001,2025-04-16,2099-12-31,
2000000629,Human Metapneumovirus RNA,,gstt_iclinicalmanager,,N,7000002447101001,2025-04-16,2099-12-31,
2000000630,Adenovirus DNA.,,gstt_iclinicalmanager,,N,2448101001,2025-04-16,2099-12-31,
2000000631,Respiratory Syncytial Virus RNA,,gstt_iclinicalmanager,,N,6000002447101001,2025-04-16,2099-12-31,
2000000640,Sample for Virus Detection or Storage.,,gstt_iclinicalmanager,,N,2000001347101001,2025-04-16,2099-12-31,
2000000161,Ankle left - X-Ray,,gstt_iclinicalmanager,,N,1000001199101001,2025-04-16,2099-12-31,
2000000641,Bilateral mammograms,,gstt_iclinicalmanager,,N,4000001211101001,2025-04-16,2099-12-31,
2000000632,Haemoglobin Fraction Assay,,gstt_iclinicalmanager,,N,1119101001,2025-04-16,2099-12-31,
2000000642,NM Injection,,gstt_iclinicalmanager,,N,1000002873101001,2025-04-16,2099-12-31,
2000000633,Gastric Parietal Cell Ab.,,gstt_iclinicalmanager,,N,3000001429101001,2025-04-16,2099-12-31,
2000000643,Catheter Urine,,gstt_iclinicalmanager,,N,2000001172101001,2025-04-16,2099-12-31,
2000000644,Crithidia DNA IFL,,gstt_iclinicalmanager,,N,1000001586101001,2025-04-16,2099-12-31,
2000000395,Antibody Screen.,,gstt_iclinicalmanager,,N,8000001201101001,2025-04-16,2099-12-31,
2000000645,NM Halfbody FDG PET CT,,gstt_iclinicalmanager,,N,9000002952101001,2025-04-16,2099-12-31,
2000000646,Respirations (9-24),,gstt_iclinicalmanager,,N,3000001028290001,2025-04-16,2099-12-31,
2000000647,St John's Histology Request,,gstt_iclinicalmanager,,N,1000003710101001,2025-04-16,2099-12-31,
2000000634,Metamyelocytes,,gstt_iclinicalmanager,,N,1069101001,2025-04-16,2099-12-31,
2000000635,Liver/Kidney Microsomal Antibodies.,,gstt_iclinicalmanager,,N,5000001318101001,2025-04-16,2099-12-31,
2000000648,Allergen Sensitivities,,gstt_iclinicalmanager,,N,3000003389101001,2025-04-16,2099-12-31,
2000000636,Paraprotein Quantitation,,gstt_iclinicalmanager,,N,4000001047101001,2025-04-16,2099-12-31,
2000000649,Bitewing - Dental,,gstt_iclinicalmanager,,N,7000002750101001,2025-04-16,2099-12-31,
2000000657,Faeces for Culture,,gstt_iclinicalmanager,,N,1134101001,2025-04-16,2099-12-31,
2000000658,Lumbar spine - MRI,,gstt_iclinicalmanager,,N,2000001065101001,2025-04-16,2099-12-31,
2000000638,Neutrophil Cyto Ab,,gstt_iclinicalmanager,,N,1000001449101001,2025-04-16,2099-12-31,
2000000659,Assay Version Comment,,gstt_iclinicalmanager,,N,2000002996101001,2025-04-16,2099-12-31,
2000000660,MRSA Screen (Inpatient),,gstt_iclinicalmanager,,N,1000001883101001,2025-04-16,2099-12-31,
2000000661,Supplementary Information,,gstt_iclinicalmanager,,N,6000004161101001,2025-04-16,2099-12-31,
2000000662,Abdomen & pelvis with contrast - CT,,gstt_iclinicalmanager,,N,6000002724101001,2025-04-16,2099-12-31,
2000000031,PCV.,,gstt_iclinicalmanager,,N,2000001071101001,2025-04-16,2099-12-31,
2000000029,Neutrophils.,,gstt_iclinicalmanager,,N,3000001050101001,2025-04-16,2099-12-31,
2000000034,MCH.,,gstt_iclinicalmanager,,N,6000001067101001,2025-04-16,2099-12-31,
2000000035,MCHC.,,gstt_iclinicalmanager,,N,7000001067101001,2025-04-16,2099-12-31,
2000000036,MCV.,,gstt_iclinicalmanager,,N,9000001067101001,2025-04-16,2099-12-31,
2000000049,Monocytes.,,gstt_iclinicalmanager,,N,1054101001,2025-04-16,2099-12-31,
2000000095,Basophils.,,gstt_iclinicalmanager,,N,5000001209101001,2025-04-16,2099-12-31,
2000000062,Eosinophils.,,gstt_iclinicalmanager,,N,3000001144101001,2025-04-16,2099-12-31,
2000000663,Ab Screen Confirmation,,gstt_iclinicalmanager,,N,1000001188101001,2025-04-16,2099-12-31,
2000000664,Chest - CT,,gstt_iclinicalmanager,,N,9000001174101001,2025-04-16,2099-12-31,
2000000655,Gentamycin Level.,,gstt_iclinicalmanager,,N,2000002084101001,2025-04-16,2099-12-31,
2000000656,SARS-CoV-2 RNA.,,gstt_iclinicalmanager,,N,1000004189101001,2025-04-16,2099-12-31,
2000000162,Hand right - X-Ray,,gstt_iclinicalmanager,,N,1000001120101001,2025-04-16,2099-12-31,
2000000672,Resistance Screen Throat and Rectal,,gstt_iclinicalmanager,,N,1000001091101001,2025-04-16,2099-12-31,
2000000673,Testes - US (specify side),,gstt_iclinicalmanager,,N,5000001027101001,2025-04-16,2099-12-31,
2000000674,Source,,gstt_iclinicalmanager,,N,3000001257101001,2025-04-16,2099-12-31,
2000000675,XDOH,,gstt_iclinicalmanager,,N,1000003202101001,2025-04-16,2099-12-31,
2000000665,Faeces for C. difficile Test,,gstt_iclinicalmanager,,N,1000002718101001,2025-04-16,2099-12-31,
2000000666,Myelocytes,,gstt_iclinicalmanager,,N,7000001047101001,2025-04-16,2099-12-31,
2000000667,Serum Lamda Light Chains,,gstt_iclinicalmanager,,N,4000001850101001,2025-04-16,2099-12-31,
2000000668,Serum Kappa Light Chains,,gstt_iclinicalmanager,,N,2000001850101001,2025-04-16,2099-12-31,
2000000669,Kappa Lamda Ratio,,gstt_iclinicalmanager,,N,5000001850101001,2025-04-16,2099-12-31,
2000000676,Cardiovascular Adult - MRI,,gstt_iclinicalmanager,,N,1000002966101001,2025-04-16,2099-12-31,
2000000670,Hep2 Anti Nuclear Antibody,,gstt_iclinicalmanager,,N,6000001122101001,2025-04-16,2099-12-31,
2000000163,Shoulder right - X-Ray,,gstt_iclinicalmanager,,N,6000001098101001,2025-04-16,2099-12-31,
2000000671,Rheumatoid Factor,,gstt_iclinicalmanager,,N,9000003354101001,2025-04-16,2099-12-31,
2000000677,USOH1,,gstt_iclinicalmanager,,N,1000003441101001,2025-04-16,2099-12-31,
2000000164,Wrist left - X-Ray,,gstt_iclinicalmanager,,N,8000001039101001,2025-04-16,2099-12-31,
2000000678,Catheter Specimen of Urine.,,gstt_iclinicalmanager,,N,3000003216101001,2025-04-16,2099-12-31,
2000000584,Anti-nuclear Antibody,,gstt_iclinicalmanager,,N,2000001202101001,2025-04-16,2099-12-31,
2000000165,Wrist right - X-Ray,,gstt_iclinicalmanager,,N,1040101001,2025-04-16,2099-12-31,
2000000007,RBC.,,gstt_iclinicalmanager,,N,3000001086101001,2025-04-16,2099-12-31,
2000000003,WBC.,,gstt_iclinicalmanager,,N,6000001038101001,2025-04-16,2099-12-31,
2000000024,Haemoglobin.,,gstt_iclinicalmanager,,N,3000001119101001,2025-04-16,2099-12-31,
2000000044,Lymphocytes.,,gstt_iclinicalmanager,,N,2000001052101001,2025-04-16,2099-12-31,
2000000012,Platelet Count.,,gstt_iclinicalmanager,,N,1000001867101001,2025-04-16,2099-12-31,
2000000687,Serum IgE Level,,gstt_iclinicalmanager,,N,4000001503101001,2025-04-16,2099-12-31,
2000000688,Paediatric Echocardiography EvZ Scores,,gstt_iclinicalmanager,,N,2000004023101001,2025-04-16,2099-12-31,
2000000679,B Lymphocyte %,,gstt_iclinicalmanager,,N,9000001207101001,2025-04-16,2099-12-31,
2000000680,B Lymphocytes,,gstt_iclinicalmanager,,N,1208101001,2025-04-16,2099-12-31,
2000000689,Whole Spine - MRI,,gstt_iclinicalmanager,,N,1000001715101001,2025-04-16,2099-12-31,
2000000690,Respiratory Function Test Form,,gstt_iclinicalmanager,,N,1000002328101001,2025-04-16,2099-12-31,
2000000681,EB virus IgG,,gstt_iclinicalmanager,,N,7000001150101001,2025-04-16,2099-12-31,
2000000682,EB virus IgM,,gstt_iclinicalmanager,,N,8000001150101001,2025-04-16,2099-12-31,
2000000691,Mass - US,,gstt_iclinicalmanager,,N,2000001067101001,2025-04-16,2099-12-31,
2000000166,Cervical spine - X-Ray,,gstt_iclinicalmanager,,N,5000001176101001,2025-04-16,2099-12-31,
2000000683,Tissue Transglutaminase Abs,,gstt_iclinicalmanager,,N,7000003335101001,2025-04-16,2099-12-31,
2000000692,Renal - US,,gstt_iclinicalmanager,,N,9000001087101001,2025-04-16,2099-12-31,
2000000167,Shoulder left - X-Ray,,gstt_iclinicalmanager,,N,4000001098101001,2025-04-16,2099-12-31,
2000000684,Natural Killer Lymphocyte %,,gstt_iclinicalmanager,,N,8000001048101001,2025-04-16,2099-12-31,
2000000685,Natural Killer Lymphocytes,,gstt_iclinicalmanager,,N,9000001048101001,2025-04-16,2099-12-31,
2000000686,Cytomegalovirus IgG Abs.,,gstt_iclinicalmanager,,N,5000001155101001,2025-04-16,2099-12-31,
2000000693,KUB - CT,,gstt_iclinicalmanager,,N,8000001058101001,2025-04-16,2099-12-31,
2000000694,HLA Antibody Screen,,gstt_iclinicalmanager,,N,3000002425101001,2025-04-16,2099-12-31,
2000000695,Pneumocystis jirovecii DNA.,,gstt_iclinicalmanager,,N,4000004261101001,2025-04-16,2099-12-31,
2000000711,Non-Gynae Cytology Request,,gstt_iclinicalmanager,,N,3000003694101001,2025-04-16,2099-12-31,
2000000712,Breast Left - US,,gstt_iclinicalmanager,,N,8000001214101001,2025-04-16,2099-12-31,
2000000696,Influenza B RNA.,,gstt_iclinicalmanager,,N,3000004260101001,2025-04-16,2099-12-31,
2000000697,Chlamydophila pneumoniae DNA.,,gstt_iclinicalmanager,,N,2000004261101001,2025-04-16,2099-12-31,
2000000698,Parechovirus RNA,,gstt_iclinicalmanager,,N,4000004256101001,2025-04-16,2099-12-31,
2000000699,Respiratory Syncytial Virus RNA.,,gstt_iclinicalmanager,,N,4000004260101001,2025-04-16,2099-12-31,
2000000700,Parainfluenza RNA.,,gstt_iclinicalmanager,,N,6000004260101001,2025-04-16,2099-12-31,
2000000701,Influenza A subtype,,gstt_iclinicalmanager,,N,7000004256101001,2025-04-16,2099-12-31,
2000000702,Human Metapneumovirus RNA.,,gstt_iclinicalmanager,,N,5000004260101001,2025-04-16,2099-12-31,
2000000703,Chlamydophila psittaci/abortus.,,gstt_iclinicalmanager,,N,3000004261101001,2025-04-16,2099-12-31,
2000000704,Adenovirus  DNA,,gstt_iclinicalmanager,,N,8000004260101001,2025-04-16,2099-12-31,
2000000713,Sample Type - RESP Panel,,gstt_iclinicalmanager,,N,1000004260101001,2025-04-16,2099-12-31,
2000000705,Influenza A RNA.,,gstt_iclinicalmanager,,N,2000004260101001,2025-04-16,2099-12-31,
2000000706,Bordetella pertussis DNA.,,gstt_iclinicalmanager,,N,9000004260101001,2025-04-16,2099-12-31,
2000000707,Legionella DNA,,gstt_iclinicalmanager,,N,8000004256101001,2025-04-16,2099-12-31,
2000000708,Enterovirus RNA,,gstt_iclinicalmanager,,N,5000004256101001,2025-04-16,2099-12-31,
2000000709,Seasonal Coronavirus RNA,,gstt_iclinicalmanager,,N,6000004256101001,2025-04-16,2099-12-31,
2000000710,Enterovirus/ Rhinovirus RNA.,,gstt_iclinicalmanager,,N,7000004260101001,2025-04-16,2099-12-31,
2000000714,Mycoplasma pneumoniae DNA.,,gstt_iclinicalmanager,,N,1000004261101001,2025-04-16,2099-12-31,
2000000721,Cervical Cytopathology,,gstt_iclinicalmanager,,N,1000001629101001,2025-04-16,2099-12-31,
2000000722,MRSA Screen -  (out-patient),,gstt_iclinicalmanager,,N,1000002345101001,2025-04-16,2099-12-31,
2000000715,Heparin Sodium (UF Heparin),,gstt_iclinicalmanager,,N,1000003410101001,2025-04-16,2099-12-31,
2000000476,Transferrin Level,,gstt_iclinicalmanager,,N,6000004360101001,2025-04-16,2099-12-31,
2000000716,Coronavirus RNA,,gstt_iclinicalmanager,,N,8000002447101001,2025-04-16,2099-12-31,
2000000723,Sample Type,,gstt_iclinicalmanager,,N,2000002447101001,2025-04-16,2099-12-31,
2000000717,Human Bocavirus DNA,,gstt_iclinicalmanager,,N,1000002484101001,2025-04-16,2099-12-31,
2000000724,Sodium Level Urine,,gstt_iclinicalmanager,,N,4000001019101001,2025-04-16,2099-12-31,
2000000725,Bone scan - N Med,,gstt_iclinicalmanager,,N,5000001212101001,2025-04-16,2099-12-31,
2000000475,Transferrin Saturation (%).,,gstt_iclinicalmanager,,N,8000004360101001,2025-04-16,2099-12-31,
2000000168,Chest NG Tube Placement -  X-Ray,,gstt_iclinicalmanager,,N,2000003706101001,2025-04-16,2099-12-31,
2000000726,APTT 50/50 Correction,,gstt_iclinicalmanager,,N,9000001204101001,2025-04-16,2099-12-31,
2000000718,Anti-Thyroglobulin Abs.,,gstt_iclinicalmanager,,N,1000003392101001,2025-04-16,2099-12-31,
2000000719,Anti-TPO Antibodies,,gstt_iclinicalmanager,,N,3392101001,2025-04-16,2099-12-31,
2000000720,Ketones,,gstt_iclinicalmanager,,N,1032290001,2025-04-16,2099-12-31,
2000000728,Unprocessed Group  & Antibody Screen,,gstt_iclinicalmanager,,N,3000001470101001,2025-04-16,2099-12-31,
2000000727,Gram Negative Resistance Screen,,gstt_iclinicalmanager,,N,1000003458101001,2025-04-16,2099-12-31,
2000000729,.MRSA Routine - other site/specimen,,gstt_iclinicalmanager,,N,2000002590101001,2025-04-16,2099-12-31,
2000000730,Volume,,gstt_iclinicalmanager,,N,4000001036101001,2025-04-16,2099-12-31,
2000000738,Periapicals < 7 films - Dental,,gstt_iclinicalmanager,,N,2000002073101001,2025-04-16,2099-12-31,
2000000731,Treponemal Antibody (EIA),,gstt_iclinicalmanager,,N,7000001025101001,2025-04-16,2099-12-31,
2000000739,Mobile image intensifier Lumbar Spine - Th,,gstt_iclinicalmanager,,N,8000002647101001,2025-04-16,2099-12-31,
2000000741,Breast Right - US,,gstt_iclinicalmanager,,N,9000001214101001,2025-04-16,2099-12-31,
2000000740,.DAGT Blood Bank,,gstt_iclinicalmanager,,N,2000001156101001,2025-04-16,2099-12-31,
2000000733,Reptilase Time,,gstt_iclinicalmanager,,N,6000001090101001,2025-04-16,2099-12-31,
2000000169,Hip right - X-Ray,,gstt_iclinicalmanager,,N,4000001124101001,2025-04-16,2099-12-31,
2000000734,Conjugated Bilirubin Level,,gstt_iclinicalmanager,,N,5000001169101001,2025-04-16,2099-12-31,
2000000735,Zinc Level,,gstt_iclinicalmanager,,N,5000001040101001,2025-04-16,2099-12-31,
2000000736,Sex Hormone Binding Globulin Level,,gstt_iclinicalmanager,,N,1098101001,2025-04-16,2099-12-31,
2000000742,RPR Titre,,gstt_iclinicalmanager,,N,2000001093101001,2025-04-16,2099-12-31,
2000000743,Tissue - Other (MC&S),,gstt_iclinicalmanager,,N,2000001013101001,2025-04-16,2099-12-31,
2000000744,EMG Request,,gstt_iclinicalmanager,,N,2000002474101001,2025-04-16,2099-12-31,
2000000170,Whole spine - X-Ray,,gstt_iclinicalmanager,,N,3000001039101001,2025-04-16,2099-12-31,
2000000418,Derived Fibrinogen Screen,,gstt_iclinicalmanager,,N,6000001135101001,2025-04-16,2099-12-31,
2000000745,Pulmonary angiogram - CT,,gstt_iclinicalmanager,,N,2000001554101001,2025-04-16,2099-12-31,
2000000737,ENA Identity .,,gstt_iclinicalmanager,,N,2000003914101001,2025-04-16,2099-12-31,
2000000746,Sample for Respiratory Virus Screen,,gstt_iclinicalmanager,,N,1094101001,2025-04-16,2099-12-31,
2000000748,Wound Swab (please state site),,gstt_iclinicalmanager,,N,1250101001,2025-04-16,2099-12-31,
2000000747,Calf Circumference,,gstt_iclinicalmanager,,N,6000001426290001,2025-04-16,2099-12-31,
2000000759,Half Length,,gstt_iclinicalmanager,,N,9000001426290001,2025-04-16,2099-12-31,
2000000749,Insulin Like Growth Factor 1 Level,,gstt_iclinicalmanager,,N,2000001108101001,2025-04-16,2099-12-31,
2000000750,RPR,,gstt_iclinicalmanager,,N,1000001093101001,2025-04-16,2099-12-31,
2000000171,Hand left - X-Ray,,gstt_iclinicalmanager,,N,1120101001,2025-04-16,2099-12-31,
2000000760,Internal Auditory Canal - MRI,,gstt_iclinicalmanager,,N,5000001109101001,2025-04-16,2099-12-31,
2000000172,Knees both - X-Ray,,gstt_iclinicalmanager,,N,7000001058101001,2025-04-16,2099-12-31,
2000000761,Log copy number.,,gstt_iclinicalmanager,,N,4000001796101001,2025-04-16,2099-12-31,
2000000751,CMV Load Copies/ml whole blood,,gstt_iclinicalmanager,,N,3000001796101001,2025-04-16,2099-12-31,
2000000762,Unprocessed Group & Antibody   Screen,,gstt_iclinicalmanager,,N,4000001470101001,2025-04-16,2099-12-31,
2000000752,CMV Load IU/mL Whole Blood,,gstt_iclinicalmanager,,N,3000002961101001,2025-04-16,2099-12-31,
2000000753,CMV load log value,,gstt_iclinicalmanager,,N,2000002961101001,2025-04-16,2099-12-31,
2000000763,"Chest, Abdomen & Pelvis - CT",,gstt_iclinicalmanager,,N,3000001479101001,2025-04-16,2099-12-31,
2000000754,Varicella-zoster IgG,,gstt_iclinicalmanager,,N,2000001242101001,2025-04-16,2099-12-31,
2000000075,Glucose Level 0 min,,gstt_iclinicalmanager,,N,4000001113101001,2025-04-16,2099-12-31,
2000000173,Hip left - X-Ray,,gstt_iclinicalmanager,,N,3000001124101001,2025-04-16,2099-12-31,
2000000756,Rheum Factor Human - Latex equivalent,,gstt_iclinicalmanager,,N,1000001697101001,2025-04-16,2099-12-31,
2000000755,Rheum Factor Animal - RAPA equivalent,,gstt_iclinicalmanager,,N,2000001697101001,2025-04-16,2099-12-31,
2000000758,N.gonorrhoeae RNA-TMA,,gstt_iclinicalmanager,,N,2000002398101001,2025-04-16,2099-12-31,
2000000757,Chlamydia trachomatis RNA-TMA,,gstt_iclinicalmanager,,N,1000002398101001,2025-04-16,2099-12-31,
2000000174,KUB - X-Ray,,gstt_iclinicalmanager,,N,9000001058101001,2025-04-16,2099-12-31,
2000000398,Blood Group.,,gstt_iclinicalmanager,,N,5000001178101001,2025-04-16,2099-12-31,
2000000764,Faeces for C. diff Toxin A/B,,gstt_iclinicalmanager,,N,2000001659101001,2025-04-16,2099-12-31,
2000000076,Glucose Level 120 min,,gstt_iclinicalmanager,,N,7000001113101001,2025-04-16,2099-12-31,
2000000765,Free Testosterone Level,,gstt_iclinicalmanager,,N,1139101001,2025-04-16,2099-12-31,
2000000766,Anti-MPO Antibody (EliA),,gstt_iclinicalmanager,,N,3000001669101001,2025-04-16,2099-12-31,
2000000788,Sputum for AFB investigations,,gstt_iclinicalmanager,,N,5000001020101001,2025-04-16,2099-12-31,
2000000767,Anti-PR3 Antibody (EliA),,gstt_iclinicalmanager,,N,5000001669101001,2025-04-16,2099-12-31,
2000000768,Paracetamol Level,,gstt_iclinicalmanager,,N,3000001047101001,2025-04-16,2099-12-31,
2000000789,DPT Lt Sectional - Dental,,gstt_iclinicalmanager,,N,2000002060101001,2025-04-16,2099-12-31,
2000000769,ENA SSB (La),,gstt_iclinicalmanager,,N,1000001433101001,2025-04-16,2099-12-31,
2000000783,pH,,gstt_iclinicalmanager,,N,5000001290290001,2025-04-16,2099-12-31,
2000000056,Potassium,,gstt_iclinicalmanager,,N,1000001290290001,2025-04-16,2099-12-31,
2000000784,Anti Mullerian Hormone,,gstt_iclinicalmanager,,N,1000002489101001,2025-04-16,2099-12-31,
2000000790,Log Value,,gstt_iclinicalmanager,,N,4000002200101001,2025-04-16,2099-12-31,
2000000785,Hepatitis B DNA IU/ml,,gstt_iclinicalmanager,,N,3000002200101001,2025-04-16,2099-12-31,
2000000786,Base Excess,,gstt_iclinicalmanager,,N,2000001290290001,2025-04-16,2099-12-31,
2000000135,Bicarbonate,,gstt_iclinicalmanager,,N,3000001290290001,2025-04-16,2099-12-31,
2000000791,Urine Collection Start Date,,gstt_iclinicalmanager,,N,9000001030101001,2025-04-16,2099-12-31,
2000000792,Gram Negative Resistance Screen - Other,,gstt_iclinicalmanager,,N,1000003879101001,2025-04-16,2099-12-31,
2000000787,Angiotensin Converting Enzyme,,gstt_iclinicalmanager,,N,7000001198101001,2025-04-16,2099-12-31,
2000000793,Osmolality,,gstt_iclinicalmanager,,N,8000001042101001,2025-04-16,2099-12-31,
2000000794,PCO2 (kPa),,gstt_iclinicalmanager,,N,3000001325290001,2025-04-16,2099-12-31,
2000000107,Ionised Calcium,,gstt_iclinicalmanager,,N,4000001290290001,2025-04-16,2099-12-31,
2000000795,Factor VIII,,gstt_iclinicalmanager,,N,6000001130101001,2025-04-16,2099-12-31,
2000000796,PO2 (kPa),,gstt_iclinicalmanager,,N,2000001325290001,2025-04-16,2099-12-31,
2000000797,Lactate,,gstt_iclinicalmanager,,N,6000001325290001,2025-04-16,2099-12-31,
2000000804,DPT Rt Sectional - Dental,,gstt_iclinicalmanager,,N,3000002060101001,2025-04-16,2099-12-31,
2000000799,IgG Anti beta 2 glycoprotein I antibodies,,gstt_iclinicalmanager,,N,1000001100101001,2025-04-16,2099-12-31,
2000000798,IgM Anti beta 2 glycoprotein I antibodies,,gstt_iclinicalmanager,,N,3000001100101001,2025-04-16,2099-12-31,
2000000770,ENA SSA (Ro),,gstt_iclinicalmanager,,N,1000001406101001,2025-04-16,2099-12-31,
2000000800,Toxoplasma IgG Abs,,gstt_iclinicalmanager,,N,6000001612101001,2025-04-16,2099-12-31,
2000000805,Doppler leg veins Left - US,,gstt_iclinicalmanager,,N,2000001157101001,2025-04-16,2099-12-31,
2000000801,CA-153 Level,,gstt_iclinicalmanager,,N,1182101001,2025-04-16,2099-12-31,
2000000806,COVID-19 Sample Type.,,gstt_iclinicalmanager,,N,2000004210101001,2025-04-16,2099-12-31,
2000000802,ACTH Level,,gstt_iclinicalmanager,,N,2000001370101001,2025-04-16,2099-12-31,
2000000807,Infection Serum: acute/convalescent/save,,gstt_iclinicalmanager,,N,7000001108101001,2025-04-16,2099-12-31,
2000000021,Hb,,gstt_iclinicalmanager,,N,1000001317290001,2025-04-16,2099-12-31,
2000000808,Unprocessed Group  &  Antibody Screen,,gstt_iclinicalmanager,,N,2000001470101001,2025-04-16,2099-12-31,
2000000772,ENA Scl-70,,gstt_iclinicalmanager,,N,9000001333101001,2025-04-16,2099-12-31,
2000000803,Anti Nuclear Antibodies Titre,,gstt_iclinicalmanager,,N,2000003308101001,2025-04-16,2099-12-31,
2000000809,Hep2 Nuclear Pattern,,gstt_iclinicalmanager,,N,2000002216101001,2025-04-16,2099-12-31,
2000000175,Elbow left - X-Ray,,gstt_iclinicalmanager,,N,2000001147101001,2025-04-16,2099-12-31,
2000000771,ENA Jo-1,,gstt_iclinicalmanager,,N,1000001568101001,2025-04-16,2099-12-31,
2000000810,Ferritin COVID-19,,gstt_iclinicalmanager,,N,2000004199101001,2025-04-16,2099-12-31,
2000000811,Mycoplasma pneumoniae DNA,,gstt_iclinicalmanager,,N,5000003815101001,2025-04-16,2099-12-31,
2000000812,Bordetella species DNA,,gstt_iclinicalmanager,,N,9000003815101001,2025-04-16,2099-12-31,
2000000816,Volume,,gstt_iclinicalmanager,,N,7000001263290001,2025-04-16,2099-12-31,
2000000817,Head and Neck Request General,,gstt_iclinicalmanager,,N,2000003712101001,2025-04-16,2099-12-31,
2000000813,Anti Nuclear Antibody,,gstt_iclinicalmanager,,N,4000002254101001,2025-04-16,2099-12-31,
2000000818,Cancellation Reason:,,gstt_iclinicalmanager,,N,8000004151101001,2025-04-16,2099-12-31,
2000000819,Flexible Sigmoidoscopy,,gstt_iclinicalmanager,,N,8000002315101001,2025-04-16,2099-12-31,
2000000814,Anti-CCP Antibodies,,gstt_iclinicalmanager,,N,1000002875101001,2025-04-16,2099-12-31,
2000000176,Feet both - X-Ray,,gstt_iclinicalmanager,,N,5000001134101001,2025-04-16,2099-12-31,
2000000820,Immunology Request,,gstt_iclinicalmanager,,N,5000001106101001,2025-04-16,2099-12-31,
2000000177,Hands both - X-Ray,,gstt_iclinicalmanager,,N,2000001120101001,2025-04-16,2099-12-31,
2000000821,Collection Period Urine,,gstt_iclinicalmanager,,N,7000001030101001,2025-04-16,2099-12-31,
2000000822,BAL for Culture,,gstt_iclinicalmanager,,N,2000001396101001,2025-04-16,2099-12-31,
2000000773,.ENA Antibodies,,gstt_iclinicalmanager,,N,6000001336101001,2025-04-16,2099-12-31,
2000000815,SARS-CoV-2 IgG.,,gstt_iclinicalmanager,,N,1000004213101001,2025-04-16,2099-12-31,
2000000399,Blood  Group,,gstt_iclinicalmanager,,N,2000001334101001,2025-04-16,2099-12-31,
2000000823,Dilute APTT Confirmatory,,gstt_iclinicalmanager,,N,2000001503101001,2025-04-16,2099-12-31,
2000000824,Dilute APTT Equal Volume Mixing,,gstt_iclinicalmanager,,N,1000001511101001,2025-04-16,2099-12-31,
2000000837,Cervical spine - MRI,,gstt_iclinicalmanager,,N,4000001176101001,2025-04-16,2099-12-31,
2000000825,Dilute APTT Equal Volume Mixing/Confirm,,gstt_iclinicalmanager,,N,1000001510101001,2025-04-16,2099-12-31,
2000000838,EEG Request,,gstt_iclinicalmanager,,N,1000002474101001,2025-04-16,2099-12-31,
2000000827,Bordetella pertussis DNA,,gstt_iclinicalmanager,,N,4000003853101001,2025-04-16,2099-12-31,
2000000839,Sample Type - IRPS,,gstt_iclinicalmanager,,N,2000003853101001,2025-04-16,2099-12-31,
2000000828,POCT Influenza A RNA,,gstt_iclinicalmanager,,N,2000004245101001,2025-04-16,2099-12-31,
2000000829,POCT Influenza B RNA,,gstt_iclinicalmanager,,N,3000004245101001,2025-04-16,2099-12-31,
2000000830,POCT COVID-19 RNA,,gstt_iclinicalmanager,,N,1000004245101001,2025-04-16,2099-12-31,
2000000831,APTT ratio 50:50 mixing test,,gstt_iclinicalmanager,,N,6000003165101001,2025-04-16,2099-12-31,
2000000461,Troponin I,,gstt_iclinicalmanager,,N,1000004360101001,2025-04-16,2099-12-31,
2000000835,DRVVT Correction,,gstt_iclinicalmanager,,N,9000001147101001,2025-04-16,2099-12-31,
2000000840,Sickle Solubility Test,,gstt_iclinicalmanager,,N,1016101001,2025-04-16,2099-12-31,
2000000178,Elbow right - X-Ray,,gstt_iclinicalmanager,,N,3000001147101001,2025-04-16,2099-12-31,
2000000833,DRVVT 50:50 Mix,,gstt_iclinicalmanager,,N,6000001158101001,2025-04-16,2099-12-31,
2000000836,Faecal Calprotectin,,gstt_iclinicalmanager,,N,3000001852101001,2025-04-16,2099-12-31,
2000000834,DRVVT Correction 50:50 mix,,gstt_iclinicalmanager,,N,1148101001,2025-04-16,2099-12-31,
2000000841,Doppler leg veins Right - US,,gstt_iclinicalmanager,,N,3000001157101001,2025-04-16,2099-12-31,
2000000842,Skin Swab,,gstt_iclinicalmanager,,N,9000001016101001,2025-04-16,2099-12-31,
2000000843,IgA Anticardiolipin Antibodies,,gstt_iclinicalmanager,,N,8000001099101001,2025-04-16,2099-12-31,
2000000853,Abdomen & Pelvis - CT,,gstt_iclinicalmanager,,N,6000001188101001,2025-04-16,2099-12-31,
2000000854,MRSA Screen (Outpatient),,gstt_iclinicalmanager,,N,2000001883101001,2025-04-16,2099-12-31,
2000000844,Lactate Level,,gstt_iclinicalmanager,,N,4000001059101001,2025-04-16,2099-12-31,
2000000845,Thrombin time ratio,,gstt_iclinicalmanager,,N,3166101001,2025-04-16,2099-12-31,
2000000774,ENA Sm,,gstt_iclinicalmanager,,N,1000003391101001,2025-04-16,2099-12-31,
2000000775,ENA SSA (Ro60),,gstt_iclinicalmanager,,N,1000003323101001,2025-04-16,2099-12-31,
2000000846,Rapid COVID-19 RNA,,gstt_iclinicalmanager,,N,1000004214101001,2025-04-16,2099-12-31,
2000000855,CSF for MC & S,,gstt_iclinicalmanager,,N,6000001153101001,2025-04-16,2099-12-31,
2000000847,CMV Viral Load - Whole Blood.,,gstt_iclinicalmanager,,N,8000004034101001,2025-04-16,2099-12-31,
2000000848,CMV Viral Load Whole Blood IU/mL,,gstt_iclinicalmanager,,N,9000004034101001,2025-04-16,2099-12-31,
2000000849,CMV Viral Load Whole Blood Log IU/mL,,gstt_iclinicalmanager,,N,4035101001,2025-04-16,2099-12-31,
2000000856,Stool/Faeces for Bacterial Pathogen Detection by PCR,,gstt_iclinicalmanager,,N,1000003764101001,2025-04-16,2099-12-31,
2000000852,Growth Hormone Level,,gstt_iclinicalmanager,,N,6000001115101001,2025-04-16,2099-12-31,
2000000426,HIV-1 RNA (Roche),,gstt_iclinicalmanager,,N,9000002199101001,2025-04-16,2099-12-31,
2000000857,Antibody Specificity 1,,gstt_iclinicalmanager,,N,4000001199101001,2025-04-16,2099-12-31,
2000000858,Upper Occlusal - Dental,,gstt_iclinicalmanager,,N,5000002075101001,2025-04-16,2099-12-31,
2000000850,Cytomegalovirus IgM,,gstt_iclinicalmanager,,N,6000001155101001,2025-04-16,2099-12-31,
2000000851,Osmolality Urine,,gstt_iclinicalmanager,,N,1043101001,2025-04-16,2099-12-31,
2000000859,Sinuses - CT,,gstt_iclinicalmanager,,N,4000001016101001,2025-04-16,2099-12-31,
2000000860,Apolipoprotein B Level,,gstt_iclinicalmanager,,N,1000001204101001,2025-04-16,2099-12-31,
2000000861,Bile Acids Level,,gstt_iclinicalmanager,,N,5000001211101001,2025-04-16,2099-12-31,
2000000868,Chest with contrast - CT,,gstt_iclinicalmanager,,N,2726101001,2025-04-16,2099-12-31,
2000000862,Apolipoprotein A1 Level,,gstt_iclinicalmanager,,N,1204101001,2025-04-16,2099-12-31,
2000000863,Digoxin Level,,gstt_iclinicalmanager,,N,1145101001,2025-04-16,2099-12-31,
2000000179,Thoracic spine - X-Ray,,gstt_iclinicalmanager,,N,1029101001,2025-04-16,2099-12-31,
2000000869,Aorta - CT,,gstt_iclinicalmanager,,N,4000001203101001,2025-04-16,2099-12-31,
2000000059,Sodium,,gstt_iclinicalmanager,,N,4000001325290001,2025-04-16,2099-12-31,
2000000870,Log Value.,,gstt_iclinicalmanager,,N,7000002199101001,2025-04-16,2099-12-31,
2000000864,Hepatitis C RNA IU/ml,,gstt_iclinicalmanager,,N,6000002199101001,2025-04-16,2099-12-31,
2000000541,D-dimers,,gstt_iclinicalmanager,,N,6000001154101001,2025-04-16,2099-12-31,
2000000865,Creatine Kinase MB Fraction,,gstt_iclinicalmanager,,N,2000001159101001,2025-04-16,2099-12-31,
2000000074,Glucose,,gstt_iclinicalmanager,,N,1000001409290001,2025-04-16,2099-12-31,
2000000871,Prostate - MRI,,gstt_iclinicalmanager,,N,1082101001,2025-04-16,2099-12-31,
2000000866,Insulin Level,,gstt_iclinicalmanager,,N,2000001107101001,2025-04-16,2099-12-31,
2000000542,D Dimer.,,gstt_iclinicalmanager,,N,2000004306101001,2025-04-16,2099-12-31,
2000000872,Renal Transplant - US,,gstt_iclinicalmanager,,N,3000001090101001,2025-04-16,2099-12-31,
2000000873,SARS-CoV-2 IgG Patient Setting,,gstt_iclinicalmanager,,N,1000004217101001,2025-04-16,2099-12-31,
2000000874,COVID-19 Screening PCR,,gstt_iclinicalmanager,,N,1000004189101001,2025-04-16,2099-12-31,
2000000867,Creatine Kinase MB Activity,,gstt_iclinicalmanager,,N,1000001327101001,2025-04-16,2099-12-31,
2000000879,Thyroid - US,,gstt_iclinicalmanager,,N,6000001011101001,2025-04-16,2099-12-31,
2000000875,6 Thioguanine level,,gstt_iclinicalmanager,,N,1000002234101001,2025-04-16,2099-12-31,
2000000876,Methyl Mercaptopurine Level,,gstt_iclinicalmanager,,N,2000002234101001,2025-04-16,2099-12-31,
2000000880,Baseline PEFR,,gstt_iclinicalmanager,,N,2000001263290001,2025-04-16,2099-12-31,
2000000877,Norovirus RNA.,,gstt_iclinicalmanager,,N,2000003253101001,2025-04-16,2099-12-31,
2000000881,Norovirus Sample Type.,,gstt_iclinicalmanager,,N,1000003253101001,2025-04-16,2099-12-31,
2000000878,Thyroglobulin Level,,gstt_iclinicalmanager,,N,4000001011101001,2025-04-16,2099-12-31,
2000000882,Protein Electrophoresis Urine,,gstt_iclinicalmanager,,N,9000001082101001,2025-04-16,2099-12-31,
2000000883,Norovirus Test EIA,,gstt_iclinicalmanager,,N,3000001410101001,2025-04-16,2099-12-31,
2000000884,Cardiac Paediatric - MRI,,gstt_iclinicalmanager,,N,9000001184101001,2025-04-16,2099-12-31,
2000000885,IPost 60min PEFR,,gstt_iclinicalmanager,,N,1265290001,2025-04-16,2099-12-31,
2000000886,Abdominal Swab,,gstt_iclinicalmanager,,N,1000001189101001,2025-04-16,2099-12-31,
2000000887,Bronchial Lavage Nondirected for Culture,,gstt_iclinicalmanager,,N,1400101001,2025-04-16,2099-12-31,
2000000888,Throat Swab - ENT,,gstt_iclinicalmanager,,N,4000001029101001,2025-04-16,2099-12-31,
2000000889,Cone Beam Mandible,,gstt_iclinicalmanager,,N,2000002291101001,2025-04-16,2099-12-31,
2000000890,Chest & Abdomen - CT,,gstt_iclinicalmanager,,N,2000001175101001,2025-04-16,2099-12-31,
2000000892,Other Endoscopy Procedure,,gstt_iclinicalmanager,,N,1000002330101001,2025-04-16,2099-12-31,
2000000891,Knee Rt - MRI,,gstt_iclinicalmanager,,N,8000001687101001,2025-04-16,2099-12-31,
2000000893,ASLA,,gstt_iclinicalmanager,,N,1000001413101001,2025-04-16,2099-12-31,
2000000180,Hips AP - X-Ray,,gstt_iclinicalmanager,,N,7000001124101001,2025-04-16,2099-12-31,
2000000900,Lateral Cephalogram - Dental,,gstt_iclinicalmanager,,N,5000002060101001,2025-04-16,2099-12-31,
2000000901,Respiratory Function Adult Request,,gstt_iclinicalmanager,,N,1000002328101001,2025-04-16,2099-12-31,
2000000894,Hepatitis A IgM.,,gstt_iclinicalmanager,,N,1105101001,2025-04-16,2099-12-31,
2000000895,Glucose Level CSF,,gstt_iclinicalmanager,,N,2000001115101001,2025-04-16,2099-12-31,
2000000902,CT attenuation correction - N Med,,gstt_iclinicalmanager,,N,2000002753101001,2025-04-16,2099-12-31,
2000000903,Exit Site Swab,,gstt_iclinicalmanager,,N,6000001128101001,2025-04-16,2099-12-31,
2000000904,U1RNP,,gstt_iclinicalmanager,,N,8000003335101001,2025-04-16,2099-12-31,
2000000905,INR 50/50 Correction,,gstt_iclinicalmanager,,N,1060101001,2025-04-16,2099-12-31,
2000000906,Waist Circumference (cm),,gstt_iclinicalmanager,,N,8000001032290001,2025-04-16,2099-12-31,
2000000896,Crossmatched Units,,gstt_iclinicalmanager,,N,7000001158101001,2025-04-16,2099-12-31,
2000000897,Blast Cells,,gstt_iclinicalmanager,,N,7000001180101001,2025-04-16,2099-12-31,
2000000907,Head/neck & soft tissue - MRI,,gstt_iclinicalmanager,,N,4000001121101001,2025-04-16,2099-12-31,
2000000908,Knee Lt - MRI,,gstt_iclinicalmanager,,N,9000001687101001,2025-04-16,2099-12-31,
2000000898,Pro-Collagen III,,gstt_iclinicalmanager,,N,3000002231101001,2025-04-16,2099-12-31,
2000000899,PM-SCL,,gstt_iclinicalmanager,,N,3369101001,2025-04-16,2099-12-31,
2000000909,PCNA,,gstt_iclinicalmanager,,N,8000003361101001,2025-04-16,2099-12-31,
2000000776,ENA Sm/RNP,,gstt_iclinicalmanager,,N,7000003329101001,2025-04-16,2099-12-31,
2000000910,MRSA Screen - Other Site Swab,,gstt_iclinicalmanager,,N,8000001054101001,2025-04-16,2099-12-31,
2000000181,Thumb right - X-Ray,,gstt_iclinicalmanager,,N,8000001010101001,2025-04-16,2099-12-31,
2000000911,Kleihauer,,gstt_iclinicalmanager,,N,6000001057101001,2025-04-16,2099-12-31,
2000000912,Ammonia Level Blood,,gstt_iclinicalmanager,,N,9000001196101001,2025-04-16,2099-12-31,
2000000923,Amino Acids Plasma,,gstt_iclinicalmanager,,N,9000001195101001,2025-04-16,2099-12-31,
2000000913,Salicylate Level,,gstt_iclinicalmanager,,N,3000001018101001,2025-04-16,2099-12-31,
2000000924,IVU - CT,,gstt_iclinicalmanager,,N,1000002252101001,2025-04-16,2099-12-31,
2000000914,IgA anti-TTG Antibody,,gstt_iclinicalmanager,,N,4000002213101001,2025-04-16,2099-12-31,
2000000915,Alpha 1 Antitrypsin Level,,gstt_iclinicalmanager,,N,1196101001,2025-04-16,2099-12-31,
2000000916,Homocysteine Total,,gstt_iclinicalmanager,,N,7000001099101001,2025-04-16,2099-12-31,
2000000925,Uterus/cervix/testes - MRI,,gstt_iclinicalmanager,,N,6000001031101001,2025-04-16,2099-12-31,
2000000917,AntiThyroglobulin Antibodies,,gstt_iclinicalmanager,,N,7000002240101001,2025-04-16,2099-12-31,
2000000926,UA Lower Limb Arterial.,,gstt_iclinicalmanager,,N,5000003749101001,2025-04-16,2099-12-31,
2000000927,CT - Volume scan,,gstt_iclinicalmanager,,N,5000001151101001,2025-04-16,2099-12-31,
2000000928,UA Lower Limb Arterial,,gstt_iclinicalmanager,,N,1008101001,2025-04-16,2099-12-31,
2000000918,Anti-TPO Antibodies,,gstt_iclinicalmanager,,N,2000001696101001,2025-04-16,2099-12-31,
2000000919,Anti-Thyroglobulin Abs.,,gstt_iclinicalmanager,,N,1000001696101001,2025-04-16,2099-12-31,
2000000920,Phenytoin Level,,gstt_iclinicalmanager,,N,9000001074101001,2025-04-16,2099-12-31,
2000000929,HVS Swab,,gstt_iclinicalmanager,,N,3000001101101001,2025-04-16,2099-12-31,
2000000930,TSVT,,gstt_iclinicalmanager,,N,5000001412101001,2025-04-16,2099-12-31,
2000000921,Thiopurine Methyltransferase Level,,gstt_iclinicalmanager,,N,2000001010101001,2025-04-16,2099-12-31,
2000000931,Int     :,,gstt_iclinicalmanager,,N,7000001305101001,2025-04-16,2099-12-31,
2000000922,Hep A IgG.,,gstt_iclinicalmanager,,N,4000002256101001,2025-04-16,2099-12-31,
2000000938,Cardiac Angiogram - CT,,gstt_iclinicalmanager,,N,1000002613101001,2025-04-16,2099-12-31,
2000000939,Cone Beam CT Face,,gstt_iclinicalmanager,,N,8000002744101001,2025-04-16,2099-12-31,
2000000940,Vaginal Swab,,gstt_iclinicalmanager,,N,8000001031101001,2025-04-16,2099-12-31,
2000000932,Amikacin Level,,gstt_iclinicalmanager,,N,1000002356101001,2025-04-16,2099-12-31,
2000000637,Paraprotein Type,,gstt_iclinicalmanager,,N,5000001047101001,2025-04-16,2099-12-31,
2000000933,LPA Level,,gstt_iclinicalmanager,,N,7000001064101001,2025-04-16,2099-12-31,
2000000182,Tibia & Fibular right - X-Ray,,gstt_iclinicalmanager,,N,7000001012101001,2025-04-16,2099-12-31,
2000000183,Facial bones - X-Ray,,gstt_iclinicalmanager,,N,2000001129101001,2025-04-16,2099-12-31,
2000000941,MEMP:TGR Ratio,,gstt_iclinicalmanager,,N,1000003181101001,2025-04-16,2099-12-31,
2000000942,Mobile image intensifier Upper Limb both - Th,,gstt_iclinicalmanager,,N,3000002753101001,2025-04-16,2099-12-31,
2000000943,Pulse,,gstt_iclinicalmanager,,N,1027290001,2025-04-16,2099-12-31,
2000000934,Caeruloplasmin Level,,gstt_iclinicalmanager,,N,2000001182101001,2025-04-16,2099-12-31,
2000000944,Barium swallow,,gstt_iclinicalmanager,,N,1000001209101001,2025-04-16,2099-12-31,
2000000935,VWF Antigen,,gstt_iclinicalmanager,,N,1000001037101001,2025-04-16,2099-12-31,
2000000184,Tibia & Fibular left - X-Ray,,gstt_iclinicalmanager,,N,6000001012101001,2025-04-16,2099-12-31,
2000000389,INR Near Patient Testing,,gstt_iclinicalmanager,,N,2000001861101001,2025-04-16,2099-12-31,
2000000945,Surgical Pathology 1st Addendum Report,,gstt_iclinicalmanager,,N,5000001189101001,2025-04-16,2099-12-31,
2000000936,HEp2 Nuclear Pattern,,gstt_iclinicalmanager,,N,2000002216101001,2025-04-16,2099-12-31,
2000000937,Renin Level,,gstt_iclinicalmanager,,N,1000002572101001,2025-04-16,2099-12-31,
2000000185,Thumb left - X-Ray,,gstt_iclinicalmanager,,N,7000001010101001,2025-04-16,2099-12-31,
2000000955,CSF PCR 1,,gstt_iclinicalmanager,,N,1151101001,2025-04-16,2099-12-31,
2000000956,Chest & abdomen with contrast - CT,,gstt_iclinicalmanager,,N,4000002725101001,2025-04-16,2099-12-31,
2000000778,ENA Antibodies,,gstt_iclinicalmanager,,N,6000001336101001,2025-04-16,2099-12-31,
2000000946,Leucine Level,,gstt_iclinicalmanager,,N,5000001062101001,2025-04-16,2099-12-31,
2000000947,Valine Level,,gstt_iclinicalmanager,,N,1032101001,2025-04-16,2099-12-31,
2000000948,Isoleucine Level,,gstt_iclinicalmanager,,N,9000001062101001,2025-04-16,2099-12-31,
2000000957,Fluid MC&S,,gstt_iclinicalmanager,,N,1000001252101001,2025-04-16,2099-12-31,
2000000958,TSpot (for patients before anti-TNF-alpha therapy ONLY),,gstt_iclinicalmanager,,N,7000003388101001,2025-04-16,2099-12-31,
2000000949,Aldosterone:Renin Ratio,,gstt_iclinicalmanager,,N,4000001305101001,2025-04-16,2099-12-31,
2000000950,Hepatitis Be Ab.,,gstt_iclinicalmanager,,N,8000001103101001,2025-04-16,2099-12-31,
2000000437,Direct LDL -Cholesterol,,gstt_iclinicalmanager,,N,2000001852101001,2025-04-16,2099-12-31,
2000000951,Hepatitis Be Ag.,,gstt_iclinicalmanager,,N,1103101001,2025-04-16,2099-12-31,
2000000959,Pus Swab,,gstt_iclinicalmanager,,N,4000001084101001,2025-04-16,2099-12-31,
2000000077,Glucose 0 mins,,gstt_iclinicalmanager,,N,1000001607101001,2025-04-16,2099-12-31,
2000000960,Malaria initial screen,,gstt_iclinicalmanager,,N,3000001885101001,2025-04-16,2099-12-31,
2000000952,HSV PCR,,gstt_iclinicalmanager,,N,1000001839101001,2025-04-16,2099-12-31,
2000000953,Tyrosine Level,,gstt_iclinicalmanager,,N,4000001007101001,2025-04-16,2099-12-31,
2000000954,Phenylalanine Level,,gstt_iclinicalmanager,,N,7000001074101001,2025-04-16,2099-12-31,
2000000078,Glucose 120 min,,gstt_iclinicalmanager,,N,3000001607101001,2025-04-16,2099-12-31,
2000000961,UA Carotid & Vertebral,,gstt_iclinicalmanager,,N,8000001008101001,2025-04-16,2099-12-31,
2000000975,Dalteparin Sodium (Fragmin),,gstt_iclinicalmanager,,N,4000003410101001,2025-04-16,2099-12-31,
2000000428,HIV-1/HIV-2 Antibodies.,,gstt_iclinicalmanager,,N,1000001041101001,2025-04-16,2099-12-31,
2000000976,UA Lower Limb Venous.,,gstt_iclinicalmanager,,N,6000003749101001,2025-04-16,2099-12-31,
2000000962,G6PD Assay,,gstt_iclinicalmanager,,N,2000001141101001,2025-04-16,2099-12-31,
2000000963,GFR/EDTA clearance - N Med,,gstt_iclinicalmanager,,N,7000001142101001,2025-04-16,2099-12-31,
2000000964,VWF Collagen Binding Assay,,gstt_iclinicalmanager,,N,4000001037101001,2025-04-16,2099-12-31,
2000000965,HLA Antibody Screen.,,gstt_iclinicalmanager,,N,8000004156101001,2025-04-16,2099-12-31,
2000000977,Cervical spine - CT,,gstt_iclinicalmanager,,N,3000001176101001,2025-04-16,2099-12-31,
2000000974,Specific IgE,,gstt_iclinicalmanager,,N,1000001878101001,2025-04-16,2099-12-31,
2000000967,Endomysial Antibody Screen,,gstt_iclinicalmanager,,N,1000001394101001,2025-04-16,2099-12-31,
2000000978,Group and Save Long term Storage,,gstt_iclinicalmanager,,N,5000001115101001,2025-04-16,2099-12-31,
2000000979,Nuclear Medicine Other Hospital,,gstt_iclinicalmanager,,N,2000002760101001,2025-04-16,2099-12-31,
2000000966,Protein C,,gstt_iclinicalmanager,,N,5000001082101001,2025-04-16,2099-12-31,
2000000970,Antithrombin,,gstt_iclinicalmanager,,N,1184101001,2025-04-16,2099-12-31,
2000000980,Prothrombin time 50:50 mixing test,,gstt_iclinicalmanager,,N,8000003165101001,2025-04-16,2099-12-31,
2000000968,Aldosterone Level,,gstt_iclinicalmanager,,N,2000002572101001,2025-04-16,2099-12-31,
2000000981,Almond Allergen,,gstt_iclinicalmanager,,N,8000002244101001,2025-04-16,2099-12-31,
2000000969,Copper Level,,gstt_iclinicalmanager,,N,9000001169101001,2025-04-16,2099-12-31,
2000000982,Protein Excretion Urine,,gstt_iclinicalmanager,,N,1000001083101001,2025-04-16,2099-12-31,
2000000983,Pelvis (non-gynae) - MRI,,gstt_iclinicalmanager,,N,9000001071101001,2025-04-16,2099-12-31,
2000000984,Glycine Level,,gstt_iclinicalmanager,,N,8000001117101001,2025-04-16,2099-12-31,
2000000985,Chlamydia  DNA (SDA).,,gstt_iclinicalmanager,,N,3000001631101001,2025-04-16,2099-12-31,
2000000986,N.gonorrhoeae DNA (SDA),,gstt_iclinicalmanager,,N,1000001631101001,2025-04-16,2099-12-31,
2000001220,Protein Level Fluid,,gstt_iclinicalmanager,,N,2000001083101001,2025-04-16,2099-12-31,
2000001221,Protein Level CSF,,gstt_iclinicalmanager,,N,1000002539101001,2025-04-16,2099-12-31,
2000001222,Neck with contrast - CT,,gstt_iclinicalmanager,,N,6000002732101001,2025-04-16,2099-12-31,
2000001223,USD - Parotid Gland US,,gstt_iclinicalmanager,,N,2000002750101001,2025-04-16,2099-12-31,
2000001224,Log copy number...,,gstt_iclinicalmanager,,N,1798101001,2025-04-16,2099-12-31,
2000001225,Sample,,gstt_iclinicalmanager,,N,7000001797101001,2025-04-16,2099-12-31,
2000000987,BK viral load copies/ml sample,,gstt_iclinicalmanager,,N,9000001797101001,2025-04-16,2099-12-31,
2000000988,BK virus DNA,,gstt_iclinicalmanager,,N,8000001797101001,2025-04-16,2099-12-31,
2000001226,Downs Syndrome Screen,,gstt_iclinicalmanager,,N,6000001157101001,2025-04-16,2099-12-31,
2000001227,Ureteroscopy - Th,,gstt_iclinicalmanager,,N,9000001812101001,2025-04-16,2099-12-31,
2000000989,Glutamine Level,,gstt_iclinicalmanager,,N,4000001117101001,2025-04-16,2099-12-31,
2000000990,Alanine Level,,gstt_iclinicalmanager,,N,3000001193101001,2025-04-16,2099-12-31,
2000000991,Methionine Level,,gstt_iclinicalmanager,,N,6000001069101001,2025-04-16,2099-12-31,
2000000992,Ornithine Level,,gstt_iclinicalmanager,,N,6000001042101001,2025-04-16,2099-12-31,
2000000993,Citrulline Level,,gstt_iclinicalmanager,,N,7000001166101001,2025-04-16,2099-12-31,
2000000994,Serine Level,,gstt_iclinicalmanager,,N,8000001096101001,2025-04-16,2099-12-31,
2000000995,Lysine Level,,gstt_iclinicalmanager,,N,4000001052101001,2025-04-16,2099-12-31,
2000000996,Arginine Level,,gstt_iclinicalmanager,,N,4000001205101001,2025-04-16,2099-12-31,
2000000997,Threonine Level,,gstt_iclinicalmanager,,N,2000001029101001,2025-04-16,2099-12-31,
2000001005,"MRSA Screen Nose, Axilla & Groin",,gstt_iclinicalmanager,,N,6000001054101001,2025-04-16,2099-12-31,
2000001006,Small bowel meal - MRI,,gstt_iclinicalmanager,,N,2000002523101001,2025-04-16,2099-12-31,
2000000998,Glutamate Level,,gstt_iclinicalmanager,,N,2000001117101001,2025-04-16,2099-12-31,
2000000999,Taurine Level,,gstt_iclinicalmanager,,N,2000001026101001,2025-04-16,2099-12-31,
2000001000,Proline Level,,gstt_iclinicalmanager,,N,5000001081101001,2025-04-16,2099-12-31,
2000000113,Pre-Procedure Systolic BP,,gstt_iclinicalmanager,,N,9000001317290001,2025-04-16,2099-12-31,
2000001001,Pre-Procedure Pulse,,gstt_iclinicalmanager,,N,4000001317290001,2025-04-16,2099-12-31,
2000000122,Pre-Procedure Diastolic BP,,gstt_iclinicalmanager,,N,2000001318290001,2025-04-16,2099-12-31,
2000001007,Monoclonal Free Protein S,,gstt_iclinicalmanager,,N,8000001053101001,2025-04-16,2099-12-31,
2000000650,Pre-Procedure Respirations,,gstt_iclinicalmanager,,N,6000001317290001,2025-04-16,2099-12-31,
2000001002,Histidine Level,,gstt_iclinicalmanager,,N,1125101001,2025-04-16,2099-12-31,
2000001008,Site Cleaned and Prepared?,,gstt_iclinicalmanager,,N,5000001314290001,2025-04-16,2099-12-31,
2000001003,Gentamicin Assay (pre dose),,gstt_iclinicalmanager,,N,4000001142101001,2025-04-16,2099-12-31,
2000001009,D.Pteronyssinus Allergen (House Dust Mite),,gstt_iclinicalmanager,,N,3000002241101001,2025-04-16,2099-12-31,
2000000123,Post-Procedure Diastolic BP,,gstt_iclinicalmanager,,N,3000001318290001,2025-04-16,2099-12-31,
2000000114,Post-Procedure Systolic BP,,gstt_iclinicalmanager,,N,1000001318290001,2025-04-16,2099-12-31,
2000000503,Post-Procedure O2 Saturation,,gstt_iclinicalmanager,,N,5000001318290001,2025-04-16,2099-12-31,
2000001004,Post-Procedure Pulse,,gstt_iclinicalmanager,,N,5000001317290001,2025-04-16,2099-12-31,
2000001014,Test Requested,,gstt_iclinicalmanager,,N,2000001027101001,2025-04-16,2099-12-31,
2000000651,Post-Procedure Respirations,,gstt_iclinicalmanager,,N,7000001317290001,2025-04-16,2099-12-31,
2000001015,Oesophageal Physiological Tests,,gstt_iclinicalmanager,,N,2000002519101001,2025-04-16,2099-12-31,
2000001016,Total Volume Venesected,,gstt_iclinicalmanager,,N,8000001318290001,2025-04-16,2099-12-31,
2000000405,Dialysis Plan,,gstt_iclinicalmanager,,N,6000001027290001,2025-04-16,2099-12-31,
2000001017,Albumin Screen  Urine,,gstt_iclinicalmanager,,N,2000001328101001,2025-04-16,2099-12-31,
2000001018,Peanut Allergen,,gstt_iclinicalmanager,,N,6000002241101001,2025-04-16,2099-12-31,
2000001019,Cashew Nut Allergen,,gstt_iclinicalmanager,,N,9000002244101001,2025-04-16,2099-12-31,
2000001020,Breast Both - US,,gstt_iclinicalmanager,,N,7000002722101001,2025-04-16,2099-12-31,
2000001021,Skin/mucosal viral PCR,,gstt_iclinicalmanager,,N,1000001612101001,2025-04-16,2099-12-31,
2000001010,Macroprolactin,,gstt_iclinicalmanager,,N,1000001420101001,2025-04-16,2099-12-31,
2000001011,PEF (Peak Expiratory Flow),,gstt_iclinicalmanager,,N,7000001383290001,2025-04-16,2099-12-31,
2000001022,CT + contrast,,gstt_iclinicalmanager,,N,6000001151101001,2025-04-16,2099-12-31,
2000001023,HTLV-I / HTLV-II antibodies..,,gstt_iclinicalmanager,,N,1000002976101001,2025-04-16,2099-12-31,
2000001024,Urine Unspecified (Microbiology).,,gstt_iclinicalmanager,,N,3217101001,2025-04-16,2099-12-31,
2000001012,Vancomycin Assay (pre dose),,gstt_iclinicalmanager,,N,4000001032101001,2025-04-16,2099-12-31,
2000001025,Gynae Cytology Request,,gstt_iclinicalmanager,,N,1000003712101001,2025-04-16,2099-12-31,
2000001026,Peanut rAra h 2 (recombinant) Allergen,,gstt_iclinicalmanager,,N,1000003365101001,2025-04-16,2099-12-31,
2000001013,Tryptase Level,,gstt_iclinicalmanager,,N,5000001006101001,2025-04-16,2099-12-31,
2000001027,Faeces for Parasites,,gstt_iclinicalmanager,,N,2000001280101001,2025-04-16,2099-12-31,
2000000145,Chloride,,gstt_iclinicalmanager,,N,1000001433290001,2025-04-16,2099-12-31,
2000001034,Virus PCR (Ref Lab),,gstt_iclinicalmanager,,N,3000001612101001,2025-04-16,2099-12-31,
2000001035,Electron Microscopy,,gstt_iclinicalmanager,,N,5000001147101001,2025-04-16,2099-12-31,
2000001036,Hazel Nut Allergen,,gstt_iclinicalmanager,,N,4000002244101001,2025-04-16,2099-12-31,
2000001037,Walnut Allergen,,gstt_iclinicalmanager,,N,2245101001,2025-04-16,2099-12-31,
2000001038,Blood Culture - Paediatric,,gstt_iclinicalmanager,,N,1000004178101001,2025-04-16,2099-12-31,
2000001039,Abscess Swab,,gstt_iclinicalmanager,,N,2000001189101001,2025-04-16,2099-12-31,
2000000186,Scaphoid left - X-Ray,,gstt_iclinicalmanager,,N,2000001095101001,2025-04-16,2099-12-31,
2000001040,Endoanal - US,,gstt_iclinicalmanager,,N,7000001140101001,2025-04-16,2099-12-31,
2000001028,Haptoglobin,,gstt_iclinicalmanager,,N,4000001120101001,2025-04-16,2099-12-31,
2000000187,Scaphoid right - X-Ray,,gstt_iclinicalmanager,,N,3000001095101001,2025-04-16,2099-12-31,
2000001041,Nasal Swab - ENT,,gstt_iclinicalmanager,,N,5000001048101001,2025-04-16,2099-12-31,
2000001029,Prothrombin time (Seconds),,gstt_iclinicalmanager,,N,1000003432101001,2025-04-16,2099-12-31,
2000001042,Dehydroepiandrosterone SO4 Level,,gstt_iclinicalmanager,,N,7000001154101001,2025-04-16,2099-12-31,
2000001030,Vancomycin Assay (random),,gstt_iclinicalmanager,,N,5000001032101001,2025-04-16,2099-12-31,
2000001031,Selenium Level,,gstt_iclinicalmanager,,N,2000001096101001,2025-04-16,2099-12-31,
2000001043,Drain Fluid MC&S,,gstt_iclinicalmanager,,N,7000001157101001,2025-04-16,2099-12-31,
2000000410,APTT Seconds,,gstt_iclinicalmanager,,N,1000003475101001,2025-04-16,2099-12-31,
2000001033,Anti-DNAase B,,gstt_iclinicalmanager,,N,7000001200101001,2025-04-16,2099-12-31,
2000001032,ASO Titre,,gstt_iclinicalmanager,,N,1000001207101001,2025-04-16,2099-12-31,
2000001047,Normetadrenaline Plasma level,,gstt_iclinicalmanager,,N,2000003141101001,2025-04-16,2099-12-31,
2000001046,Metadrenaline Plasma level,,gstt_iclinicalmanager,,N,3000003141101001,2025-04-16,2099-12-31,
2000001045,Eosinophils - High Resolution,,gstt_iclinicalmanager,,N,1000004175101001,2025-04-16,2099-12-31,
2000001044,Beta-2-Microglobulin,,gstt_iclinicalmanager,,N,7000001209101001,2025-04-16,2099-12-31,
2000001048,Classic APCR,,gstt_iclinicalmanager,,N,1166101001,2025-04-16,2099-12-31,
2000001049,DPT - Dental,,gstt_iclinicalmanager,,N,1000002060101001,2025-04-16,2099-12-31,
2000001050,UA Lower Limb Venous,,gstt_iclinicalmanager,,N,4000001009101001,2025-04-16,2099-12-31,
2000001051,Head with contrast - CT,,gstt_iclinicalmanager,,N,7000002734101001,2025-04-16,2099-12-31,
2000001052,Pelvis - general - US,,gstt_iclinicalmanager,,N,3000001072101001,2025-04-16,2099-12-31,
2000001053,Calcium Level Urine,,gstt_iclinicalmanager,,N,6000001183101001,2025-04-16,2099-12-31,
2000001054,Log copy number,,gstt_iclinicalmanager,,N,3000001064101001,2025-04-16,2099-12-31,
2000000427,HIV RNA copies/ml,,gstt_iclinicalmanager,,N,2000001103101001,2025-04-16,2099-12-31,
2000001055,MRSA Discharge - Nose Axilla Groin,,gstt_iclinicalmanager,,N,5000001875101001,2025-04-16,2099-12-31,
2000001056,Fluoroscopy Other Hospital,,gstt_iclinicalmanager,,N,4000002760101001,2025-04-16,2099-12-31,
2000001058,Modified APCR,,gstt_iclinicalmanager,,N,2000001473101001,2025-04-16,2099-12-31,
2000001057,CoV Sample Type,,gstt_iclinicalmanager,,N,2000004050101001,2025-04-16,2099-12-31,
2000001059,Periapicals 5 - 10 films - Dental,,gstt_iclinicalmanager,,N,5000002750101001,2025-04-16,2099-12-31,
2000001060,RA Latex Screen,,gstt_iclinicalmanager,,N,2000001085101001,2025-04-16,2099-12-31,
2000001061,RA Particle Aggregation,,gstt_iclinicalmanager,,N,5000001085101001,2025-04-16,2099-12-31,
2000001062,Red Cell Immunology (Complex),,gstt_iclinicalmanager,,N,6000001438101001,2025-04-16,2099-12-31,
2000001078,MRSA Screen (Critical Care),,gstt_iclinicalmanager,,N,3000001883101001,2025-04-16,2099-12-31,
2000001079,Leg (Left) Swab,,gstt_iclinicalmanager,,N,4000001061101001,2025-04-16,2099-12-31,
2000001080,Egg White Allergen,,gstt_iclinicalmanager,,N,2000002244101001,2025-04-16,2099-12-31,
2000001081,Int Prog:,,gstt_iclinicalmanager,,N,2000001319101001,2025-04-16,2099-12-31,
2000001082,Video/fluoroscopy swallow,,gstt_iclinicalmanager,,N,9000001034101001,2025-04-16,2099-12-31,
2000000188,Radius & Ulna Left - X-Ray,,gstt_iclinicalmanager,,N,8000001085101001,2025-04-16,2099-12-31,
2000001063,C-Peptide Level,,gstt_iclinicalmanager,,N,1000001163101001,2025-04-16,2099-12-31,
2000001064,VWF Activity,,gstt_iclinicalmanager,,N,8000001036101001,2025-04-16,2099-12-31,
2000001083,Abdomen - CT,,gstt_iclinicalmanager,,N,2000001188101001,2025-04-16,2099-12-31,
2000001084,Renal scan DMSA/scarring - N Med,,gstt_iclinicalmanager,,N,1000001090101001,2025-04-16,2099-12-31,
2000000971,Antithrombin activity,,gstt_iclinicalmanager,,N,3167101001,2025-04-16,2099-12-31,
2000001074,Platelet Function Screen : Coll/EPI,,gstt_iclinicalmanager,,N,3000001418101001,2025-04-16,2099-12-31,
2000001075,Platelet Function Screen : Coll/ADP,,gstt_iclinicalmanager,,N,2000001418101001,2025-04-16,2099-12-31,
2000001085,Immunofluorescence Serum report,,gstt_iclinicalmanager,,N,8000001668101001,2025-04-16,2099-12-31,
2000001066,Aspergill.Fumigatus Allergen,,gstt_iclinicalmanager,,N,7000002241101001,2025-04-16,2099-12-31,
2000001086,Pus - MC & S,,gstt_iclinicalmanager,,N,3000001084101001,2025-04-16,2099-12-31,
2000001065,FEV (Forced Expiratory Volume),,gstt_iclinicalmanager,,N,4000001383290001,2025-04-16,2099-12-31,
2000001087,DNA Binding Antibody IU,,gstt_iclinicalmanager,,N,3000001390101001,2025-04-16,2099-12-31,
2000001088,DNA Antibody % Binding,,gstt_iclinicalmanager,,N,2000001390101001,2025-04-16,2099-12-31,
2000001089,Leg (Right) Swab,,gstt_iclinicalmanager,,N,5000001061101001,2025-04-16,2099-12-31,
2000001091,Lactate Dehydrogenase Level Fluid,,gstt_iclinicalmanager,,N,3000001059101001,2025-04-16,2099-12-31,
2000001092,Liver/Biliary - MRI,,gstt_iclinicalmanager,,N,7000001063101001,2025-04-16,2099-12-31,
2000001094,Urine Collection Period,,gstt_iclinicalmanager,,N,7000001030101001,2025-04-16,2099-12-31,
2000001093,CSF for Virological Investigations,,gstt_iclinicalmanager,,N,7000001153101001,2025-04-16,2099-12-31,
2000001095,Bone SPECT - N Med,,gstt_iclinicalmanager,,N,1000002778101001,2025-04-16,2099-12-31,
2000001096,Drug Screen Urine,,gstt_iclinicalmanager,,N,4000001158101001,2025-04-16,2099-12-31,
2000001098,Neck - CT,,gstt_iclinicalmanager,,N,2000001049101001,2025-04-16,2099-12-31,
2000001097,CTX Level (circulating CTX),,gstt_iclinicalmanager,,N,1000002240101001,2025-04-16,2099-12-31,
2000001099,Adenovirus PCR,,gstt_iclinicalmanager,,N,2000002305101001,2025-04-16,2099-12-31,
2000001100,Pistachio Allergen,,gstt_iclinicalmanager,,N,2247101001,2025-04-16,2099-12-31,
2000001102,Water soluble swallow,,gstt_iclinicalmanager,,N,3000001038101001,2025-04-16,2099-12-31,
2000001101,Pituitary - MRI,,gstt_iclinicalmanager,,N,7000001075101001,2025-04-16,2099-12-31,
2000000189,Fingers Right - X-Ray,,gstt_iclinicalmanager,,N,6000001136101001,2025-04-16,2099-12-31,
2000001103,Sleep Clinic - Adult Polysomnography,,gstt_iclinicalmanager,,N,7000002544101001,2025-04-16,2099-12-31,
2000001090,TSH Receptor Antibody,,gstt_iclinicalmanager,,N,4000001012101001,2025-04-16,2099-12-31,
2000001104,Aspirate MC&S,,gstt_iclinicalmanager,,N,1000001045101001,2025-04-16,2099-12-31,
2000001105,.Candida auris - Routine Screen,,gstt_iclinicalmanager,,N,3000003822101001,2025-04-16,2099-12-31,
2000001106,.Bone Marrow Staining and Examination,,gstt_iclinicalmanager,,N,1000002253101001,2025-04-16,2099-12-31,
2000000190,Fingers Left - X-Ray,,gstt_iclinicalmanager,,N,5000001136101001,2025-04-16,2099-12-31,
2000001107,Guided FNA Biopsy Neck - US,,gstt_iclinicalmanager,,N,1000003579101001,2025-04-16,2099-12-31,
2000000191,Radius & Ulna Right - X-Ray,,gstt_iclinicalmanager,,N,9000001085101001,2025-04-16,2099-12-31,
2000001113,Macadamia Allergen,,gstt_iclinicalmanager,,N,2000002272101001,2025-04-16,2099-12-31,
2000001114,Sleep Clinic - Adult Home Oximetry,,gstt_iclinicalmanager,,N,2000002550101001,2025-04-16,2099-12-31,
2000001115,MRCP - MRI,,gstt_iclinicalmanager,,N,2000002800101001,2025-04-16,2099-12-31,
2000001116,Anti D Requirement,,gstt_iclinicalmanager,,N,2000002191101001,2025-04-16,2099-12-31,
2000001117,Respiratory IF Screen,,gstt_iclinicalmanager,,N,2000001091101001,2025-04-16,2099-12-31,
2000001108,Enterovirus RNA PCR,,gstt_iclinicalmanager,,N,7000001143101001,2025-04-16,2099-12-31,
2000000457,Iron Saturation Level,,gstt_iclinicalmanager,,N,7000001062101001,2025-04-16,2099-12-31,
2000001118,Pleural Fluid (right) MC&S,,gstt_iclinicalmanager,,N,5000001077101001,2025-04-16,2099-12-31,
2000001119,Crithidia DNA IFL,,gstt_iclinicalmanager,,N,4000001159101001,2025-04-16,2099-12-31,
2000001109,CMV PCR,,gstt_iclinicalmanager,,N,2000001167101001,2025-04-16,2099-12-31,
2000000192,Finger little Rt - X-Ray,,gstt_iclinicalmanager,,N,6000002737101001,2025-04-16,2099-12-31,
2000001120,Vancomycin Resistant Enterococci Screen,,gstt_iclinicalmanager,,N,6000001036101001,2025-04-16,2099-12-31,
2000001122,Organic Acids Urine,,gstt_iclinicalmanager,,N,5000001042101001,2025-04-16,2099-12-31,
2000001121,Extremity - US,,gstt_iclinicalmanager,,N,3000002754101001,2025-04-16,2099-12-31,
2000001123,PEG Site Swab,,gstt_iclinicalmanager,,N,6000001071101001,2025-04-16,2099-12-31,
2000001124,Oblique laterals (both) - Dental,,gstt_iclinicalmanager,,N,3000002077101001,2025-04-16,2099-12-31,
2000001125,MRSA Screen - (Critical  Care),,gstt_iclinicalmanager,,N,6000002345101001,2025-04-16,2099-12-31,
2000001112,IgA anti-Gliadin Antibody,,gstt_iclinicalmanager,,N,2000002213101001,2025-04-16,2099-12-31,
2000001126,Prothrombin 20210,,gstt_iclinicalmanager,,N,4000001083101001,2025-04-16,2099-12-31,
2000001134,Surgical Pathology Final Report (Renal).,,gstt_iclinicalmanager,,N,2000001355101001,2025-04-16,2099-12-31,
2000000193,Lumbo-sacral spine - X-Ray,,gstt_iclinicalmanager,,N,4000001065101001,2025-04-16,2099-12-31,
2000001136,USGROW,,gstt_iclinicalmanager,,N,1000002507101001,2025-04-16,2099-12-31,
2000001135,Ecarin Time,,gstt_iclinicalmanager,,N,2000001412101001,2025-04-16,2099-12-31,
2000001137,Stool for Helicobacter Pylori Ag,,gstt_iclinicalmanager,,N,1000002117101001,2025-04-16,2099-12-31,
2000000194,Finger little Lt - X-Ray,,gstt_iclinicalmanager,,N,7000002737101001,2025-04-16,2099-12-31,
2000001138,Hips - US,,gstt_iclinicalmanager,,N,6000001124101001,2025-04-16,2099-12-31,
2000001139,POCT Lateral Flow Device (LFD) COVID-19,,gstt_iclinicalmanager,,N,3000004271101001,2025-04-16,2099-12-31,
2000001127,BKV Viral Load Whole Blood IU/mL,,gstt_iclinicalmanager,,N,5000004036101001,2025-04-16,2099-12-31,
2000001128,BKV Viral Load - Whole Blood.,,gstt_iclinicalmanager,,N,4000004036101001,2025-04-16,2099-12-31,
2000001129,BKV Viral Load Whole Blood Log IU/mL,,gstt_iclinicalmanager,,N,6000004036101001,2025-04-16,2099-12-31,
2000000579,ANCA IIF Pattern,,gstt_iclinicalmanager,,N,1000003561101001,2025-04-16,2099-12-31,
2000001140,Head - MRA,,gstt_iclinicalmanager,,N,4000002752101001,2025-04-16,2099-12-31,
2000001141,Breath Test,,gstt_iclinicalmanager,,N,1000002491101001,2025-04-16,2099-12-31,
2000001142,PICC line insertion,,gstt_iclinicalmanager,,N,2000001075101001,2025-04-16,2099-12-31,
2000000429,HIV-1 antibodies,,gstt_iclinicalmanager,,N,6000001641101001,2025-04-16,2099-12-31,
2000001130,EBV Viral Load Whole Blood Log IU/mL,,gstt_iclinicalmanager,,N,8000004035101001,2025-04-16,2099-12-31,
2000001131,EBV Viral Load Whole Blood IU/mL,,gstt_iclinicalmanager,,N,7000004035101001,2025-04-16,2099-12-31,
2000001132,EBV Viral Load - Whole Blood.,,gstt_iclinicalmanager,,N,6000004035101001,2025-04-16,2099-12-31,
2000001133,Varicella Zoster Virus PCR,,gstt_iclinicalmanager,,N,1000002305101001,2025-04-16,2099-12-31,
2000001228,FEV1 % Predicted (Forced Expiratory Volume),,gstt_iclinicalmanager,,N,5000001383290001,2025-04-16,2099-12-31,
2000001229,Mixed Tree Pollens Allergen,,gstt_iclinicalmanager,,N,6000002244101001,2025-04-16,2099-12-31,
2000001231,Orotic Acid Urine,,gstt_iclinicalmanager,,N,4000001407101001,2025-04-16,2099-12-31,
2000001230,Methylmalonic Acid Urine,,gstt_iclinicalmanager,,N,3000001407101001,2025-04-16,2099-12-31,
2000001232,USANOM,,gstt_iclinicalmanager,,N,1000002505101001,2025-04-16,2099-12-31,
2000000195,FB localisation - X-Ray,,gstt_iclinicalmanager,,N,3000001134101001,2025-04-16,2099-12-31,
2000001233,ANA Pattern,,gstt_iclinicalmanager,,N,2000001432101001,2025-04-16,2099-12-31,
2000001234,ANA Titre IgG,,gstt_iclinicalmanager,,N,4000001432101001,2025-04-16,2099-12-31,
2000001235,ANA Titre IgM,,gstt_iclinicalmanager,,N,6000001432101001,2025-04-16,2099-12-31,
2000001236,MRSA Admission - Nose Axilla Groin,,gstt_iclinicalmanager,,N,1000001875101001,2025-04-16,2099-12-31,
2000001238,Pecan Allergen,,gstt_iclinicalmanager,,N,9000002246101001,2025-04-16,2099-12-31,
2000001237,Eye (Left) Swab,,gstt_iclinicalmanager,,N,7000001128101001,2025-04-16,2099-12-31,
2000000196,Finger middle Rt - X-Ray,,gstt_iclinicalmanager,,N,9000002737101001,2025-04-16,2099-12-31,
2000001184,Gliadin Antibody,,gstt_iclinicalmanager,,N,1000001112101001,2025-04-16,2099-12-31,
2000001239,Upper abdomen - US,,gstt_iclinicalmanager,,N,3000001003101001,2025-04-16,2099-12-31,
2000001240,Bone scan infection/fractures - N Med,,gstt_iclinicalmanager,,N,6000001212101001,2025-04-16,2099-12-31,
2000001143,Acylcarnitine Level - Blood Spot,,gstt_iclinicalmanager,,N,1000001806101001,2025-04-16,2099-12-31,
2000001241,Gentamicin Assay (random),,gstt_iclinicalmanager,,N,5000001142101001,2025-04-16,2099-12-31,
2000001242,Mammogram right,,gstt_iclinicalmanager,,N,6000001066101001,2025-04-16,2099-12-31,
2000001243,.MRSA Critical Care Admission Screen,,gstt_iclinicalmanager,,N,8000002589101001,2025-04-16,2099-12-31,
2000001245,PET- CT Scan,,gstt_iclinicalmanager,,N,1000002123101001,2025-04-16,2099-12-31,
2000001244,P1NP Level,,gstt_iclinicalmanager,,N,2000002529101001,2025-04-16,2099-12-31,
2000001246,Milk Allergen,,gstt_iclinicalmanager,,N,1000002258101001,2025-04-16,2099-12-31,
2000001247,Eye (Right) Swab,,gstt_iclinicalmanager,,N,8000001128101001,2025-04-16,2099-12-31,
2000001248,Foot (Right) Swab,,gstt_iclinicalmanager,,N,1000001138101001,2025-04-16,2099-12-31,
2000001249,St John's Immunofluorescence Serum Request,,gstt_iclinicalmanager,,N,6000003712101001,2025-04-16,2099-12-31,
2000001251,Sample Sent To,,gstt_iclinicalmanager,,N,1000001375101001,2025-04-16,2099-12-31,
2000001250,Peritoneal Dialysis Fluid MC&S,,gstt_iclinicalmanager,,N,5000001073101001,2025-04-16,2099-12-31,
2000001252,Creatinine Excretion Urine,,gstt_iclinicalmanager,,N,5000001160101001,2025-04-16,2099-12-31,
2000001254,Legionella Urinary Antigen,,gstt_iclinicalmanager,,N,1000002868101001,2025-04-16,2099-12-31,
2000001253,Chest - US,,gstt_iclinicalmanager,,N,1000001175101001,2025-04-16,2099-12-31,
2000001255,Mastoids - CT,,gstt_iclinicalmanager,,N,3000001067101001,2025-04-16,2099-12-31,
2000001257,Promyelocytes,,gstt_iclinicalmanager,,N,7000001081101001,2025-04-16,2099-12-31,
2000001256,Endoscopic Ultrasound EUS,,gstt_iclinicalmanager,,N,6000002315101001,2025-04-16,2099-12-31,
2000001258,17 Hydroxy Progesterone Level,,gstt_iclinicalmanager,,N,9000001191101001,2025-04-16,2099-12-31,
2000001260,Mammogram left,,gstt_iclinicalmanager,,N,4000001066101001,2025-04-16,2099-12-31,
2000001259,Enema - CT (No Iodine Allergy),,gstt_iclinicalmanager,,N,1000003570101001,2025-04-16,2099-12-31,
2000001261,Brazil Nut Allergen,,gstt_iclinicalmanager,,N,5000002244101001,2025-04-16,2099-12-31,
2000001262,IgG 2-GPI Antibodies,,gstt_iclinicalmanager,,N,1000001100101001,2025-04-16,2099-12-31,
2000000197,Finger middle Lt - X-Ray,,gstt_iclinicalmanager,,N,8000002737101001,2025-04-16,2099-12-31,
2000001263,IgM 2-GPI Antibodies,,gstt_iclinicalmanager,,N,3000001100101001,2025-04-16,2099-12-31,
2000001264,Immunoglobulin G1 Level,,gstt_iclinicalmanager,,N,8000001105101001,2025-04-16,2099-12-31,
2000001265,Grip Strength 1,,gstt_iclinicalmanager,,N,2000001146290001,2025-04-16,2099-12-31,
2000001266,Immunoglobulin G2 Level,,gstt_iclinicalmanager,,N,9000001105101001,2025-04-16,2099-12-31,
2000000198,Femur right - X-Ray,,gstt_iclinicalmanager,,N,2000001135101001,2025-04-16,2099-12-31,
2000001185,Endomysial Antibody,,gstt_iclinicalmanager,,N,1000001394101001,2025-04-16,2099-12-31,
2000001267,Immunoglobulin G3 Level,,gstt_iclinicalmanager,,N,1106101001,2025-04-16,2099-12-31,
2000001268,Immunoglobulin G4 Level,,gstt_iclinicalmanager,,N,1000001106101001,2025-04-16,2099-12-31,
2000001269,Myositis Specific ENA,,gstt_iclinicalmanager,,N,1000003348101001,2025-04-16,2099-12-31,
2000001270,Glucose Level Fluid,,gstt_iclinicalmanager,,N,3000001115101001,2025-04-16,2099-12-31,
2000000199,Finger ring Lt - X-Ray,,gstt_iclinicalmanager,,N,2000002738101001,2025-04-16,2099-12-31,
2000001271,Potassium Level Urine,,gstt_iclinicalmanager,,N,5000001079101001,2025-04-16,2099-12-31,
2000001272,Grip Strength 1,,gstt_iclinicalmanager,,N,1000001146290001,2025-04-16,2099-12-31,
2000001273,Ascitic Fluid MC&S,,gstt_iclinicalmanager,,N,9000001206101001,2025-04-16,2099-12-31,
2000001274,Sesame Allergen,,gstt_iclinicalmanager,,N,3000002245101001,2025-04-16,2099-12-31,
2000001275,Thyroid scan Technetium - N Med,,gstt_iclinicalmanager,,N,1000001012101001,2025-04-16,2099-12-31,
2000001276,Fructosamine Level,,gstt_iclinicalmanager,,N,3000001139101001,2025-04-16,2099-12-31,
2000001277,Cortisol Level 0 min,,gstt_iclinicalmanager,,N,6000001161101001,2025-04-16,2099-12-31,
2000001278,Cortisol Level 30 min,,gstt_iclinicalmanager,,N,5000001162101001,2025-04-16,2099-12-31,
2000001279,Cortisol Level 60 min,,gstt_iclinicalmanager,,N,8000001162101001,2025-04-16,2099-12-31,
2000001280,Grass Pollen Mix 3 Allergen,,gstt_iclinicalmanager,,N,7000003349101001,2025-04-16,2099-12-31,
2000001281,High resolution chest - CT,,gstt_iclinicalmanager,,N,3000002784101001,2025-04-16,2099-12-31,
2000001283,Cysto-Metrogram,,gstt_iclinicalmanager,,N,4000001152101001,2025-04-16,2099-12-31,
2000001282,Androstenedione Level,,gstt_iclinicalmanager,,N,5000001198101001,2025-04-16,2099-12-31,
2000001284,Parvovirus IgM,,gstt_iclinicalmanager,,N,9000001070101001,2025-04-16,2099-12-31,
2000001285,Proctogram,,gstt_iclinicalmanager,,N,8000001250101001,2025-04-16,2099-12-31,
2000001286,Urine Unspecified,,gstt_iclinicalmanager,,N,6000001249101001,2025-04-16,2099-12-31,
2000000200,Humerus left - X-Ray,,gstt_iclinicalmanager,,N,1101101001,2025-04-16,2099-12-31,
2000001287,Foot (Left) Swab,,gstt_iclinicalmanager,,N,1138101001,2025-04-16,2099-12-31,
2000001288,Dermatology Mycology Superficial,,gstt_iclinicalmanager,,N,1000002415101001,2025-04-16,2099-12-31,
2000000201,Femur left - X-Ray,,gstt_iclinicalmanager,,N,1000001135101001,2025-04-16,2099-12-31,
2000000202,Finger ring Rt - X-Ray,,gstt_iclinicalmanager,,N,1000002738101001,2025-04-16,2099-12-31,
2000001289,Foot Ulcer (Left ) Swab,,gstt_iclinicalmanager,,N,4000001138101001,2025-04-16,2099-12-31,
2000001290,Drainage - US,,gstt_iclinicalmanager,,N,1000001158101001,2025-04-16,2099-12-31,
2000001291,Maximum Tolerated Volume,,gstt_iclinicalmanager,,N,2000001040290001,2025-04-16,2099-12-31,
2000001292,Cardiac - MRI,,gstt_iclinicalmanager,,N,9000001184101001,2025-04-16,2099-12-31,
2000001293,Paul Bunnell Test,,gstt_iclinicalmanager,,N,1071101001,2025-04-16,2099-12-31,
2000001294,Serum BHCG (Abbott),,gstt_iclinicalmanager,,N,5000004360101001,2025-04-16,2099-12-31,
2000001295,RSV Antigen Test,,gstt_iclinicalmanager,,N,3000001093101001,2025-04-16,2099-12-31,
2000001297,UA Carotid & Vertebral.,,gstt_iclinicalmanager,,N,9000003748101001,2025-04-16,2099-12-31,
2000001296,Sirolimus Level,,gstt_iclinicalmanager,,N,7000001016101001,2025-04-16,2099-12-31,
2000001298,Ear Swab (Left),,gstt_iclinicalmanager,,N,4000001150101001,2025-04-16,2099-12-31,
2000001300,Pleural Fluid (left) MC&S,,gstt_iclinicalmanager,,N,4000001077101001,2025-04-16,2099-12-31,
2000001299,POCT Urine Nitrite,,gstt_iclinicalmanager,,N,6000004379101001,2025-04-16,2099-12-31,
2000001301,POCT Urine Blood,,gstt_iclinicalmanager,,N,4380101001,2025-04-16,2099-12-31,
2000001302,POCT Urine Ketone,,gstt_iclinicalmanager,,N,4000004379101001,2025-04-16,2099-12-31,
2000001303,POCT Urine pH,,gstt_iclinicalmanager,,N,7000004379101001,2025-04-16,2099-12-31,
2000001305,POCT Urine Protein,,gstt_iclinicalmanager,,N,8000004379101001,2025-04-16,2099-12-31,
2000001304,POCT Urine Glucose,,gstt_iclinicalmanager,,N,3000004379101001,2025-04-16,2099-12-31,
2000001306,Microbiology Specimen,,gstt_iclinicalmanager,,N,2000001907101001,2025-04-16,2099-12-31,
2000001307,POCT Urine Leukocyte,,gstt_iclinicalmanager,,N,5000004379101001,2025-04-16,2099-12-31,
2000001309,POCT Clarity,,gstt_iclinicalmanager,,N,4000004380101001,2025-04-16,2099-12-31,
2000001308,Measles Virus IgG,,gstt_iclinicalmanager,,N,1068101001,2025-04-16,2099-12-31,
2000001310,Non-Esterified Fatty Acids Level,,gstt_iclinicalmanager,,N,6000001050101001,2025-04-16,2099-12-31,
2000001312,POCT Colour,,gstt_iclinicalmanager,,N,3000004380101001,2025-04-16,2099-12-31,
2000001311,Carbapenem Resistance Screen,,gstt_iclinicalmanager,,N,6000001142101001,2025-04-16,2099-12-31,
2000000203,Humerus right - X-Ray,,gstt_iclinicalmanager,,N,1000001101101001,2025-04-16,2099-12-31,
2000001313,Tracheostomy Site Swab,,gstt_iclinicalmanager,,N,1000001015101001,2025-04-16,2099-12-31,
2000000204,Finger index Rt - X-Ray,,gstt_iclinicalmanager,,N,5000002737101001,2025-04-16,2099-12-31,
2000001314,Reptilase time ratio,,gstt_iclinicalmanager,,N,1000003166101001,2025-04-16,2099-12-31,
2000000205,Finger index Lt - X-Ray,,gstt_iclinicalmanager,,N,3000002737101001,2025-04-16,2099-12-31,
2000001315,Hips - MRI,,gstt_iclinicalmanager,,N,5000001124101001,2025-04-16,2099-12-31,
2000001316,USD - Neck US,,gstt_iclinicalmanager,,N,4000002750101001,2025-04-16,2099-12-31,
2000001317,Virus Detection on EDTA Blood,,gstt_iclinicalmanager,,N,1000002634101001,2025-04-16,2099-12-31,
2000001318,Orbit - MRI,,gstt_iclinicalmanager,,N,2000001042101001,2025-04-16,2099-12-31,
2000000779,ENA RNP,,gstt_iclinicalmanager,,N,4000001146101001,2025-04-16,2099-12-31,
2000000388,POCT Prothrombin time (INR),,gstt_iclinicalmanager,,N,2000004258101001,2025-04-16,2099-12-31,
2000001319,Valproate Level,,gstt_iclinicalmanager,,N,2000001032101001,2025-04-16,2099-12-31,
2000000777,ENA Sm,,gstt_iclinicalmanager,,N,6000001146101001,2025-04-16,2099-12-31,
2000001145,Factor IX,,gstt_iclinicalmanager,,N,4000001126101001,2025-04-16,2099-12-31,
2000001321,Stress imaging - N Med,,gstt_iclinicalmanager,,N,1000001713101001,2025-04-16,2099-12-31,
2000001320,Sternal Swab,,gstt_iclinicalmanager,,N,1000001022101001,2025-04-16,2099-12-31,
2000001323,LVS Swab,,gstt_iclinicalmanager,,N,6000001051101001,2025-04-16,2099-12-31,
2000001322,Drain Site Swab,,gstt_iclinicalmanager,,N,9000001157101001,2025-04-16,2099-12-31,
2000001324,Rest imaging - N Med,,gstt_iclinicalmanager,,N,1000001718101001,2025-04-16,2099-12-31,
2000001326,Pelvis rectum - MRI,,gstt_iclinicalmanager,,N,4000002743101001,2025-04-16,2099-12-31,
2000001325,Creatinine Level Fluid,,gstt_iclinicalmanager,,N,1000001161101001,2025-04-16,2099-12-31,
2000001327,Antibody Specificity.,,gstt_iclinicalmanager,,N,3000002400101001,2025-04-16,2099-12-31,
2000001328,Head & Neck Histopathology - General,,gstt_iclinicalmanager,,N,2000001818101001,2025-04-16,2099-12-31,
2000001329,Sleep Clinic - Paediatric Cardiorespiratory Sleep Study,,gstt_iclinicalmanager,,N,2000003530101001,2025-04-16,2099-12-31,
2000001191,Reticulin Type 1 Antibody,,gstt_iclinicalmanager,,N,6000001509101001,2025-04-16,2099-12-31,
2000001330,Shoulder Rt - MRI,,gstt_iclinicalmanager,,N,6000001687101001,2025-04-16,2099-12-31,
2000001331,COVID-19 Sample Type,,gstt_iclinicalmanager,,N,1000004192101001,2025-04-16,2099-12-31,
2000001332,Crossmatched  Units.,,gstt_iclinicalmanager,,N,1000001409101001,2025-04-16,2099-12-31,
2000001333,Factor V (Leiden),,gstt_iclinicalmanager,,N,4000001130101001,2025-04-16,2099-12-31,
2000001335,RCI Referral Test 1 - Result,,gstt_iclinicalmanager,,N,7000004160101001,2025-04-16,2099-12-31,
2000001334,Breast Milk Pre-pasteurisation,,gstt_iclinicalmanager,,N,2000001624101001,2025-04-16,2099-12-31,
2000001336,Cat Dander Allergen,,gstt_iclinicalmanager,,N,5000002241101001,2025-04-16,2099-12-31,
2000001338,Pinenut Allergen,,gstt_iclinicalmanager,,N,6000002245101001,2025-04-16,2099-12-31,
2000001337,Parvovirus IgG,,gstt_iclinicalmanager,,N,8000001070101001,2025-04-16,2099-12-31,
2000001339,UA Iliac A/V.,,gstt_iclinicalmanager,,N,1000003749101001,2025-04-16,2099-12-31,
2000001340,:  Breathy,,gstt_iclinicalmanager,,N,3000001130290001,2025-04-16,2099-12-31,
2000001341,Facial bones - CT,,gstt_iclinicalmanager,,N,1000001129101001,2025-04-16,2099-12-31,
2000001342,Guided core biopsy breast Lt - US,,gstt_iclinicalmanager,,N,4000002722101001,2025-04-16,2099-12-31,
2000001343,Dog Dander Allergen,,gstt_iclinicalmanager,,N,8000002241101001,2025-04-16,2099-12-31,
2000001344,Foot Ulcer (Right) Swab,,gstt_iclinicalmanager,,N,5000001138101001,2025-04-16,2099-12-31,
2000001345,Unprocessed Group   & Antibody Screen,,gstt_iclinicalmanager,,N,1000001470101001,2025-04-16,2099-12-31,
2000001347,Leucine Blood Spot,,gstt_iclinicalmanager,,N,5000003035101001,2025-04-16,2099-12-31,
2000001346,Isoleucine Blood Spot,,gstt_iclinicalmanager,,N,4000003035101001,2025-04-16,2099-12-31,
2000001348,Valine Blood Spot,,gstt_iclinicalmanager,,N,3000003035101001,2025-04-16,2099-12-31,
2000001349,Alloisoleucine Blood Spot,,gstt_iclinicalmanager,,N,2000003035101001,2025-04-16,2099-12-31,
2000001350,Guided core biopsy breast Rt - US,,gstt_iclinicalmanager,,N,5000002722101001,2025-04-16,2099-12-31,
2000001351,Wound Swab,,gstt_iclinicalmanager,,N,1250101001,2025-04-16,2099-12-31,
2000001352,Hip Both - US,,gstt_iclinicalmanager,,N,8000003617101001,2025-04-16,2099-12-31,
2000000008,RBC.,,gstt_iclinicalmanager,,N,2000001401101001,2025-04-16,2099-12-31,
2000000045,Lymphocytes.,,gstt_iclinicalmanager,,N,1000001405101001,2025-04-16,2099-12-31,
2000001354,Spinal Cord - MRI,,gstt_iclinicalmanager,,N,2000001039101001,2025-04-16,2099-12-31,
2000001353,Originating Lab Number,,gstt_iclinicalmanager,,N,2000001317101001,2025-04-16,2099-12-31,
2000001355,Carbamazepine Level,,gstt_iclinicalmanager,,N,3000001184101001,2025-04-16,2099-12-31,
2000001357,UA Surveillance Aortic EVAR,,gstt_iclinicalmanager,,N,1000002563101001,2025-04-16,2099-12-31,
2000001356,MRSA Screen -  other site/specimen,,gstt_iclinicalmanager,,N,3000002345101001,2025-04-16,2099-12-31,
2000000206,Long Legs - X-Ray,,gstt_iclinicalmanager,,N,4000001064101001,2025-04-16,2099-12-31,
2000001358,Chest Drain Site Swab,,gstt_iclinicalmanager,,N,5000001175101001,2025-04-16,2099-12-31,
2000001359,Mobile image intensifier Lower Limb Rt -Th,,gstt_iclinicalmanager,,N,7000002647101001,2025-04-16,2099-12-31,
2000001361,Wheat Allergen,,gstt_iclinicalmanager,,N,1000002244101001,2025-04-16,2099-12-31,
2000001360,Placental Swab,,gstt_iclinicalmanager,,N,6000001076101001,2025-04-16,2099-12-31,
2000001362,Cell Markers Conclusion,,gstt_iclinicalmanager,,N,9000001171101001,2025-04-16,2099-12-31,
2000001363,Sample sent to:,,gstt_iclinicalmanager,,N,1000001375101001,2025-04-16,2099-12-31,
2000001364,Urine (Bag Urine),,gstt_iclinicalmanager,,N,5000001030101001,2025-04-16,2099-12-31,
2000001111,CMV Load Copies/ml whole blood.,,gstt_iclinicalmanager,,N,4000001797101001,2025-04-16,2099-12-31,
2000001110,CMV DNA.,,gstt_iclinicalmanager,,N,2000001797101001,2025-04-16,2099-12-31,
2000001365,Log copy number..,,gstt_iclinicalmanager,,N,5000001797101001,2025-04-16,2099-12-31,
2000001366,Erythropoietin,,gstt_iclinicalmanager,,N,4000001281101001,2025-04-16,2099-12-31,
2000001367,Chest Swab,,gstt_iclinicalmanager,,N,9000001175101001,2025-04-16,2099-12-31,
2000001368,Protein S Antigen Total,,gstt_iclinicalmanager,,N,4000001089101001,2025-04-16,2099-12-31,
2000001369,Vitamin E Level,,gstt_iclinicalmanager,,N,5000001035101001,2025-04-16,2099-12-31,
2000001370,COVID-19 KNOWN infection PCR Nose & Throat,,gstt_iclinicalmanager,,N,2000004194101001,2025-04-16,2099-12-31,
2000001371,Doppler Groin Rt - US,,gstt_iclinicalmanager,,N,2000001694101001,2025-04-16,2099-12-31,
2000001372,COVID-19 Patient Setting (OH),,gstt_iclinicalmanager,,N,6000004271101001,2025-04-16,2099-12-31,
2000001373,COVID-19 Sample Type (OH),,gstt_iclinicalmanager,,N,4000004271101001,2025-04-16,2099-12-31,
2000000022,Hb (g/L),,gstt_iclinicalmanager,,N,1000001317290001,2025-04-16,2099-12-31,
2000001374,Rh/K Phenotype Interpretation,,gstt_iclinicalmanager,,N,2000004161101001,2025-04-16,2099-12-31,
2000001375,Theophylline Level,,gstt_iclinicalmanager,,N,5000001028101001,2025-04-16,2099-12-31,
2000001376,Ear Swab (Right),,gstt_iclinicalmanager,,N,5000001150101001,2025-04-16,2099-12-31,
2000000207,Abdomen - Mobile - X-Ray,,gstt_iclinicalmanager,,N,3000001188101001,2025-04-16,2099-12-31,
2000001377,Aspiration FN - US,,gstt_iclinicalmanager,,N,7000001210101001,2025-04-16,2099-12-31,
2000001378,Date of Sample,,gstt_iclinicalmanager,,N,2000002939101001,2025-04-16,2099-12-31,
2000001379,Foot/ankle Rt - MRI,,gstt_iclinicalmanager,,N,6000001688101001,2025-04-16,2099-12-31,
2000001381,Pelvis - CT,,gstt_iclinicalmanager,,N,8000001071101001,2025-04-16,2099-12-31,
2000001380,Breast - MRI,,gstt_iclinicalmanager,,N,1000001214101001,2025-04-16,2099-12-31,
2000001382,Shoulder Lt - MRI,,gstt_iclinicalmanager,,N,7000001687101001,2025-04-16,2099-12-31,
2000001384,USD - Submandibular Gland US,,gstt_iclinicalmanager,,N,3000002750101001,2025-04-16,2099-12-31,
2000001383,Shoulder Rt - US,,gstt_iclinicalmanager,,N,6000002754101001,2025-04-16,2099-12-31,
2000001385,ACTH Level 0 min,,gstt_iclinicalmanager,,N,1191101001,2025-04-16,2099-12-31,
2000001387,Mobile image intensifier Lower Limb Lt - Th,,gstt_iclinicalmanager,,N,6000002647101001,2025-04-16,2099-12-31,
2000001386,MRSA Screen Other Site Swab,,gstt_iclinicalmanager,,N,8000001054101001,2025-04-16,2099-12-31,
2000001388,.DAGT Blood Bank.,,gstt_iclinicalmanager,,N,9000004163101001,2025-04-16,2099-12-31,
2000001389,Clin Oncology - CT (STH only),,gstt_iclinicalmanager,,N,1000001085101001,2025-04-16,2099-12-31,
2000001390,VWF:GPIbR Activity,,gstt_iclinicalmanager,,N,8000001036101001,2025-04-16,2099-12-31,
2000001391,Breast Milk Post Pasteurisation,,gstt_iclinicalmanager,,N,1000001624101001,2025-04-16,2099-12-31,
2000001392,Dynamic renal MAG3 + lasix - N Med,,gstt_iclinicalmanager,,N,4000001149101001,2025-04-16,2099-12-31,
2000001393,Pelvis SIJ Both - MRI,,gstt_iclinicalmanager,,N,3000002800101001,2025-04-16,2099-12-31,
2000001394,Foot/ankle Lt - MRI,,gstt_iclinicalmanager,,N,7000001688101001,2025-04-16,2099-12-31,
2000001396,EBV load IU/mL whole blood.,,gstt_iclinicalmanager,,N,2000003286101001,2025-04-16,2099-12-31,
2000001395,EBV DNA.,,gstt_iclinicalmanager,,N,1000003286101001,2025-04-16,2099-12-31,
2000001397,EBV load IU/mL log value.,,gstt_iclinicalmanager,,N,3000003286101001,2025-04-16,2099-12-31,
2000001398,Thyroid - Parathyroid - US,,gstt_iclinicalmanager,,N,7000003579101001,2025-04-16,2099-12-31,
2000001399,Anti-RNP 70 Antibodies,,gstt_iclinicalmanager,,N,1000003914101001,2025-04-16,2099-12-31,
2000001400,Calcium Creatinine Ratio Urine.,,gstt_iclinicalmanager,,N,2000002219101001,2025-04-16,2099-12-31,
2000001401,Vitamin A Level,,gstt_iclinicalmanager,,N,3000001035101001,2025-04-16,2099-12-31,
2000001402,HIV-1 Incidence Test (STARHS),,gstt_iclinicalmanager,,N,1000002447101001,2025-04-16,2099-12-31,
2000001403,Penile Swab,,gstt_iclinicalmanager,,N,4000001072101001,2025-04-16,2099-12-31,
2000001404,Save Sample,,gstt_iclinicalmanager,,N,3355101001,2025-04-16,2099-12-31,
2000001405,Bronchial Washings for AFB,,gstt_iclinicalmanager,,N,2000001215101001,2025-04-16,2099-12-31,
2000001407,HLA Type (Class I and Class II),,gstt_iclinicalmanager,,N,2000002425101001,2025-04-16,2099-12-31,
2000001149,Factor XI,,gstt_iclinicalmanager,,N,9000001140101001,2025-04-16,2099-12-31,
2000001406,Borrelia burgdorferi Abs,,gstt_iclinicalmanager,,N,9000001212101001,2025-04-16,2099-12-31,
2000001408,Lane Fox - Oximetry,,gstt_iclinicalmanager,,N,1000003010101001,2025-04-16,2099-12-31,
2000001410,Toxoplasma IgM..,,gstt_iclinicalmanager,,N,3000002259101001,2025-04-16,2099-12-31,
2000001409,RBC Phenotype.,,gstt_iclinicalmanager,,N,1000002639101001,2025-04-16,2099-12-31,
2000001411,MRSA Screen - (Critical Care) rectal,,gstt_iclinicalmanager,,N,8000002345101001,2025-04-16,2099-12-31,
2000001413,Peanut allergen,,gstt_iclinicalmanager,,N,6000002241101001,2025-04-16,2099-12-31,
2000001412,BETHN8 (Njimegen Bethesda Assay),,gstt_iclinicalmanager,,N,2000002603101001,2025-04-16,2099-12-31,
2000000208,IVU/IVP - X-ray,,gstt_iclinicalmanager,,N,3000001111101001,2025-04-16,2099-12-31,
2000001414,Groin (Left) Swab,,gstt_iclinicalmanager,,N,2000001118101001,2025-04-16,2099-12-31,
2000001415,HPV by hybrid capture 2,,gstt_iclinicalmanager,,N,1000002063101001,2025-04-16,2099-12-31,
2000001417,St John's Histo 1st Addendum Report,,gstt_iclinicalmanager,,N,1669101001,2025-04-16,2099-12-31,
2000001416,Lower Occlusal - Dental,,gstt_iclinicalmanager,,N,8000002750101001,2025-04-16,2099-12-31,
2000001418,Acetyl Chol. Rec. Ab,,gstt_iclinicalmanager,,N,1431101001,2025-04-16,2099-12-31,
2000001420,Cod Allergen,,gstt_iclinicalmanager,,N,2000002245101001,2025-04-16,2099-12-31,
2000001419,Bone - MC & S,,gstt_iclinicalmanager,,N,1179101001,2025-04-16,2099-12-31,
2000001421,C Reactive Protein Level Low  Level Test,,gstt_iclinicalmanager,,N,5000001181101001,2025-04-16,2099-12-31,
2000001422,AF8S (Anti-FVIII Screen by Elisa),,gstt_iclinicalmanager,,N,3000002603101001,2025-04-16,2099-12-31,
2000001423,Groin (Right) Swab,,gstt_iclinicalmanager,,N,3000001118101001,2025-04-16,2099-12-31,
2000001424,Cone Beam CT Facial bones,,gstt_iclinicalmanager,,N,6000002744101001,2025-04-16,2099-12-31,
2000000209,Toe great Rt - X-Ray,,gstt_iclinicalmanager,,N,6000002740101001,2025-04-16,2099-12-31,
2000001426,Mouth Swab - ENT,,gstt_iclinicalmanager,,N,3000001054101001,2025-04-16,2099-12-31,
2000001425,B-Hydroxybutyrate,,gstt_iclinicalmanager,,N,2000002596101001,2025-04-16,2099-12-31,
2000001427,Cryoglobulins,,gstt_iclinicalmanager,,N,7000001152101001,2025-04-16,2099-12-31,
2000001428,HIV anti-retroviral resistance,,gstt_iclinicalmanager,,N,9000001103101001,2025-04-16,2099-12-31,
2000001429,Sample Time,,gstt_iclinicalmanager,,N,2000001855101001,2025-04-16,2099-12-31,
2000001067,Aspergillus Ab-ELISA,,gstt_iclinicalmanager,,N,3000001210101001,2025-04-16,2099-12-31,
2000001430,AFB investigations (EMU),,gstt_iclinicalmanager,,N,8000001192101001,2025-04-16,2099-12-31,
2000001431,Pneumococcal Urinary Antigen,,gstt_iclinicalmanager,,N,1000001411101001,2025-04-16,2099-12-31,
2000001433,M. pneumoniae IgM,,gstt_iclinicalmanager,,N,1000002226101001,2025-04-16,2099-12-31,
2000001432,Dynamic joint - US,,gstt_iclinicalmanager,,N,6000001148101001,2025-04-16,2099-12-31,
2000001434,Strongyloides Serology,,gstt_iclinicalmanager,,N,1023101001,2025-04-16,2099-12-31,
2000001435,ERCP.,,gstt_iclinicalmanager,,N,5000002315101001,2025-04-16,2099-12-31,
2000001437,Head - US,,gstt_iclinicalmanager,,N,2000001121101001,2025-04-16,2099-12-31,
2000001436,HSV-1/2 IgG,,gstt_iclinicalmanager,,N,3000002122101001,2025-04-16,2099-12-31,
2000001438,HSV-2 IgG,,gstt_iclinicalmanager,,N,2000002122101001,2025-04-16,2099-12-31,
2000001440,HSV Serology Conclusion,,gstt_iclinicalmanager,,N,4000002122101001,2025-04-16,2099-12-31,
2000001439,Biopsy - US,,gstt_iclinicalmanager,,N,1000001180101001,2025-04-16,2099-12-31,
2000001441,Groin and inguinal region - US,,gstt_iclinicalmanager,,N,3000003615101001,2025-04-16,2099-12-31,
2000000409,APTT (Manual KC10),,gstt_iclinicalmanager,,N,6000001204101001,2025-04-16,2099-12-31,
2000001443,Sample Received,,gstt_iclinicalmanager,,N,2000001094101001,2025-04-16,2099-12-31,
2000001442,FEV1 %  Change From Baseline,,gstt_iclinicalmanager,,N,6000001383290001,2025-04-16,2099-12-31,
2000001444,ERCP,,gstt_iclinicalmanager,,N,5000001144101001,2025-04-16,2099-12-31,
2000001445,Leg Ulcer (left) Swab,,gstt_iclinicalmanager,,N,7000001061101001,2025-04-16,2099-12-31,
2000001446,MRSA Admission 2 Set - Nose Axilla Groin,,gstt_iclinicalmanager,,N,8000001875101001,2025-04-16,2099-12-31,
2000001447,Protein C activity,,gstt_iclinicalmanager,,N,1000003167101001,2025-04-16,2099-12-31,
2000001448,Hepatitis B Core IgM.,,gstt_iclinicalmanager,,N,2000001105101001,2025-04-16,2099-12-31,
2000001449,Rapid Flu/RSV,,gstt_iclinicalmanager,,N,2000003812101001,2025-04-16,2099-12-31,
2000001450,Lung ventilation Perfusion Spect - N Med,,gstt_iclinicalmanager,,N,1000002914101001,2025-04-16,2099-12-31,
2000000106,Albumin Corrected Calcium Level,,gstt_iclinicalmanager,,N,7000001193101001,2025-04-16,2099-12-31,
2000001451,Urinary trct w resid & flow rate - US,,gstt_iclinicalmanager,,N,1000001398101001,2025-04-16,2099-12-31,
2000001453,Adult Congenital Heart Disease - MRI,,gstt_iclinicalmanager,,N,1000003197101001,2025-04-16,2099-12-31,
2000001452,AFB Investigations Fluid,,gstt_iclinicalmanager,,N,9000001192101001,2025-04-16,2099-12-31,
2000001454,Wrist Rt - MRI,,gstt_iclinicalmanager,,N,1688101001,2025-04-16,2099-12-31,
2000001456,Enema - CT,,gstt_iclinicalmanager,,N,4000001143101001,2025-04-16,2099-12-31,
2000001455,DPD5FU,,gstt_iclinicalmanager,,N,1000002984101001,2025-04-16,2099-12-31,
2000001457,CA-125 Level (Abbott),,gstt_iclinicalmanager,,N,3000004360101001,2025-04-16,2099-12-31,
2000001459,MRI under General Anaesthetic,,gstt_iclinicalmanager,,N,1000002775101001,2025-04-16,2099-12-31,
2000001458,Back Swab,,gstt_iclinicalmanager,,N,4000001208101001,2025-04-16,2099-12-31,
2000001460,Finger Swab,,gstt_iclinicalmanager,,N,4000001136101001,2025-04-16,2099-12-31,
2000001461,Homocysteine Level,,gstt_iclinicalmanager,,N,5000001099101001,2025-04-16,2099-12-31,
2000001462,Specimen Type.,,gstt_iclinicalmanager,,N,2000001257101001,2025-04-16,2099-12-31,
2000001463,Antibody Titre (Blood Bank),,gstt_iclinicalmanager,,N,2000001382101001,2025-04-16,2099-12-31,
2000000480,Vitamin D3 Level.,,gstt_iclinicalmanager,,N,2000003143101001,2025-04-16,2099-12-31,
2000000017,PLT (Citrate Sample),,gstt_iclinicalmanager,,N,8000001535101001,2025-04-16,2099-12-31,
2000000210,Toe - X-Ray,,gstt_iclinicalmanager,,N,6000001013101001,2025-04-16,2099-12-31,
2000001464,.Molecular Conclusion (HB),,gstt_iclinicalmanager,,N,2000001655101001,2025-04-16,2099-12-31,
2000001466,Bag Urine.,,gstt_iclinicalmanager,,N,1000003216101001,2025-04-16,2099-12-31,
2000001465,Albumin Screen Urine,,gstt_iclinicalmanager,,N,2000001328101001,2025-04-16,2099-12-31,
2000001467,Problem Infection Request,,gstt_iclinicalmanager,,N,7000001097101001,2025-04-16,2099-12-31,
2000001468,Anti Nuclear Antibodies Paed,,gstt_iclinicalmanager,,N,9000003308101001,2025-04-16,2099-12-31,
2000001469,Endobronchial Ultrasound,,gstt_iclinicalmanager,,N,1000003005101001,2025-04-16,2099-12-31,
2000001470,Shoulder Lt - US,,gstt_iclinicalmanager,,N,5000002754101001,2025-04-16,2099-12-31,
2000001472,Blood Culture - other,,gstt_iclinicalmanager,,N,1181101001,2025-04-16,2099-12-31,
2000001471,Abdomen - MRI,,gstt_iclinicalmanager,,N,4000001188101001,2025-04-16,2099-12-31,
2000000211,Mandible - X-Ray,,gstt_iclinicalmanager,,N,8000001066101001,2025-04-16,2099-12-31,
2000001473,V/Q scan - N Med,,gstt_iclinicalmanager,,N,7000001031101001,2025-04-16,2099-12-31,
2000001474,HLA-B*5701 Status,,gstt_iclinicalmanager,,N,4000001917101001,2025-04-16,2099-12-31,
2000001475,Alpha 1 Antitrypsin Phenotype,,gstt_iclinicalmanager,,N,1000001196101001,2025-04-16,2099-12-31,
2000001476,Immunofluorescence Tissue Report,,gstt_iclinicalmanager,,N,7000001668101001,2025-04-16,2099-12-31,
2000001477,Myocardial Perfusion Rest Only - NM,,gstt_iclinicalmanager,,N,4000001691101001,2025-04-16,2099-12-31,
2000001478,Foot Rt - MRI,,gstt_iclinicalmanager,,N,7000002742101001,2025-04-16,2099-12-31,
2000001479,Grip Strength 2,,gstt_iclinicalmanager,,N,2000001147290001,2025-04-16,2099-12-31,
2000001480,Toe Swab,,gstt_iclinicalmanager,,N,7000001013101001,2025-04-16,2099-12-31,
2000000212,Toe great Lt - X-Ray,,gstt_iclinicalmanager,,N,5000002740101001,2025-04-16,2099-12-31,
2000001481,Int   :,,gstt_iclinicalmanager,,N,1000001109101001,2025-04-16,2099-12-31,
2000001482,Unprocessed FBC &  Diff,,gstt_iclinicalmanager,,N,9000001273101001,2025-04-16,2099-12-31,
2000001170,Intrinsic Factor Antibodies.,,gstt_iclinicalmanager,,N,5000001324101001,2025-04-16,2099-12-31,
2000000213,Clavicle right - X-Ray,,gstt_iclinicalmanager,,N,4000001166101001,2025-04-16,2099-12-31,
2000001484,Grip Strength 2,,gstt_iclinicalmanager,,N,1000001147290001,2025-04-16,2099-12-31,
2000001483,Foot Lt - MRI,,gstt_iclinicalmanager,,N,6000002742101001,2025-04-16,2099-12-31,
2000001485,Free Prostatic Specific Ag Level,,gstt_iclinicalmanager,,N,8000001138101001,2025-04-16,2099-12-31,
2000000214,Bone Age (Hand) - X-Ray,,gstt_iclinicalmanager,,N,1000001179101001,2025-04-16,2099-12-31,
2000001486,Multiple Specimens for Microbiology,,gstt_iclinicalmanager,,N,3000001280101001,2025-04-16,2099-12-31,
2000001487,EBV DNA,,gstt_iclinicalmanager,,N,4000002441101001,2025-04-16,2099-12-31,
2000000652,Respirations,,gstt_iclinicalmanager,,N,3000001028290001,2025-04-16,2099-12-31,
2000001489,Histopathology Placenta Request,,gstt_iclinicalmanager,,N,2000003705101001,2025-04-16,2099-12-31,
2000001488,Egg Allergen,,gstt_iclinicalmanager,,N,3000003318101001,2025-04-16,2099-12-31,
2000001490,Pleural Fluid for AFB,,gstt_iclinicalmanager,,N,6000001077101001,2025-04-16,2099-12-31,
2000001186,Endomysial Ab IgA,,gstt_iclinicalmanager,,N,4000001433101001,2025-04-16,2099-12-31,
2000001492,Myocardial Perf. Stress only Adenosine,,gstt_iclinicalmanager,,N,6000001691101001,2025-04-16,2099-12-31,
2000001491,Faecal Occult Blood,,gstt_iclinicalmanager,,N,1141101001,2025-04-16,2099-12-31,
2000001493,Hazel nut cor a 14 (recomb) Allergen,,gstt_iclinicalmanager,,N,1000004082101001,2025-04-16,2099-12-31,
2000001495,Free protein S antigen,,gstt_iclinicalmanager,,N,1000003168101001,2025-04-16,2099-12-31,
2000001494,Abdomen with contrast - CT,,gstt_iclinicalmanager,,N,1000002724101001,2025-04-16,2099-12-31,
2000001496,Unprocessed FBC &   Diff,,gstt_iclinicalmanager,,N,1000001274101001,2025-04-16,2099-12-31,
2000001498,Sezary Like Cell Count,,gstt_iclinicalmanager,,N,1000002635101001,2025-04-16,2099-12-31,
2000001497,GlutcAcidDecarbse(GAD)Ab,,gstt_iclinicalmanager,,N,1000001592101001,2025-04-16,2099-12-31,
2000000215,Clavicle left - X-Ray,,gstt_iclinicalmanager,,N,3000001166101001,2025-04-16,2099-12-31,
2000001499,IA2 Antibodies,,gstt_iclinicalmanager,,N,9000003348101001,2025-04-16,2099-12-31,
2000001500,Shrimp Allergen,,gstt_iclinicalmanager,,N,7000002245101001,2025-04-16,2099-12-31,
2000001501,Gentamicin Assay (post dose),,gstt_iclinicalmanager,,N,3000001142101001,2025-04-16,2099-12-31,
2000001502,Leg Ulcer (right) Swab,,gstt_iclinicalmanager,,N,8000001061101001,2025-04-16,2099-12-31,
2000001503,Hazel Nut allergen,,gstt_iclinicalmanager,,N,4000002244101001,2025-04-16,2099-12-31,
2000001505,Grip Strength 3,,gstt_iclinicalmanager,,N,2000001148290001,2025-04-16,2099-12-31,
2000001504,Faeces for Cult. & Parasites,,gstt_iclinicalmanager,,N,9000001133101001,2025-04-16,2099-12-31,
2000001506,Facet joint - Th,,gstt_iclinicalmanager,,N,1129101001,2025-04-16,2099-12-31,
2000001508,Fluoroscopic guided stent insertion,,gstt_iclinicalmanager,,N,5000002751101001,2025-04-16,2099-12-31,
2000001507,Almond allergen,,gstt_iclinicalmanager,,N,8000002244101001,2025-04-16,2099-12-31,
2000001509,Tissue - AFB investigations,,gstt_iclinicalmanager,,N,1000001013101001,2025-04-16,2099-12-31,
2000001511,Renin Level,,gstt_iclinicalmanager,,N,5000001090101001,2025-04-16,2099-12-31,
2000001510,Grip Strength 3,,gstt_iclinicalmanager,,N,1000001148290001,2025-04-16,2099-12-31,
2000001512,POCT Influenza A  RNA,,gstt_iclinicalmanager,,N,2000004322101001,2025-04-16,2099-12-31,
2000001513,POCT COVID-19 RNA.,,gstt_iclinicalmanager,,N,1000004322101001,2025-04-16,2099-12-31,
2000001514,POCT Respiratory Syncytial Virus RNA.,,gstt_iclinicalmanager,,N,4000004322101001,2025-04-16,2099-12-31,
2000001515,POCT Influenza B  RNA,,gstt_iclinicalmanager,,N,3000004322101001,2025-04-16,2099-12-31,
2000001517,Free Protoporphyrin Level,,gstt_iclinicalmanager,,N,9000001138101001,2025-04-16,2099-12-31,
2000001516,Biopsy - MC & S,,gstt_iclinicalmanager,,N,1180101001,2025-04-16,2099-12-31,
2000001518,XROH,,gstt_iclinicalmanager,,N,1000001894101001,2025-04-16,2099-12-31,
2000001519,Full mouth periapicals - Dental,,gstt_iclinicalmanager,,N,1000002073101001,2025-04-16,2099-12-31,
2000001520,Unprocessed Group & Antibody Screen,,gstt_iclinicalmanager,,N,1000001281101001,2025-04-16,2099-12-31,
2000001521,Aluminium Level,,gstt_iclinicalmanager,,N,3000001195101001,2025-04-16,2099-12-31,
2000001522,Dopamine Level Urine,,gstt_iclinicalmanager,,N,8000001147101001,2025-04-16,2099-12-31,
2000001523,Noradrenaline Level Urine,,gstt_iclinicalmanager,,N,2000001044101001,2025-04-16,2099-12-31,
2000001524,Adrenaline Level Urine,,gstt_iclinicalmanager,,N,3000001192101001,2025-04-16,2099-12-31,
2000001526,Hazel nut cor a 9 (recomb) Allergen,,gstt_iclinicalmanager,,N,2000004082101001,2025-04-16,2099-12-31,
2000001525,Aspiration Breast FN Lt - US,,gstt_iclinicalmanager,,N,5000001687101001,2025-04-16,2099-12-31,
2000001527,Biopsy - AFB investigations,,gstt_iclinicalmanager,,N,8000001179101001,2025-04-16,2099-12-31,
2000001529,Wrist Lt - MRI,,gstt_iclinicalmanager,,N,1000001688101001,2025-04-16,2099-12-31,
2000001528,Doppler Groin Lt - US,,gstt_iclinicalmanager,,N,1000001694101001,2025-04-16,2099-12-31,
2000001530,CD19 Antibody.,,gstt_iclinicalmanager,,N,5000001746101001,2025-04-16,2099-12-31,
2000001531,Branched Chain Amino Acids,,gstt_iclinicalmanager,,N,6000003035101001,2025-04-16,2099-12-31,
2000001532,Nuclear Clearance GFR,,gstt_iclinicalmanager,,N,7000001142101001,2025-04-16,2099-12-31,
2000001533,Pivka II,,gstt_iclinicalmanager,,N,4000001076101001,2025-04-16,2099-12-31,
2000001535,Basophil Histamine Release Level,,gstt_iclinicalmanager,,N,1000002276101001,2025-04-16,2099-12-31,
2000001534,Amylase Level Fluid,,gstt_iclinicalmanager,,N,5000001197101001,2025-04-16,2099-12-31,
2000001536,.MRSA Emergency Admission  Screen,,gstt_iclinicalmanager,,N,6000002589101001,2025-04-16,2099-12-31,
2000001537,Cytogenetics Investigation BM,,gstt_iclinicalmanager,,N,3000002268101001,2025-04-16,2099-12-31,
2000001538,Serum Adalimumab Level.,,gstt_iclinicalmanager,,N,2000004184101001,2025-04-16,2099-12-31,
2000001539,Zinc Protoporphyrin Level,,gstt_iclinicalmanager,,N,6000001040101001,2025-04-16,2099-12-31,
2000001540,SARS-CoV-2 Genotype,,gstt_iclinicalmanager,,N,1000004296101001,2025-04-16,2099-12-31,
2000001542,NCHBHN,,gstt_iclinicalmanager,,N,1000003571101001,2025-04-16,2099-12-31,
2000001541,.MRSA Admission  - other site/specimen,,gstt_iclinicalmanager,,N,5000002589101001,2025-04-16,2099-12-31,
2000000004,WBC.,,gstt_iclinicalmanager,,N,1000001401101001,2025-04-16,2099-12-31,
2000001543,Brazil Nut allergen,,gstt_iclinicalmanager,,N,5000002244101001,2025-04-16,2099-12-31,
2000001544,Amino Acid Urine,,gstt_iclinicalmanager,,N,8000001195101001,2025-04-16,2099-12-31,
2000001546,CD3 Antibody,,gstt_iclinicalmanager,,N,2000001174101001,2025-04-16,2099-12-31,
2000001545,CD19 Antibody,,gstt_iclinicalmanager,,N,3000001173101001,2025-04-16,2099-12-31,
2000001547,Doppler arm veins Left - US,,gstt_iclinicalmanager,,N,7000001156101001,2025-04-16,2099-12-31,
2000001549,Naso-jejunal Tube Insertion,,gstt_iclinicalmanager,,N,1000001490101001,2025-04-16,2099-12-31,
2000001548,Mobile image intensifier Abdomen - Th,,gstt_iclinicalmanager,,N,1000002638101001,2025-04-16,2099-12-31,
2000001550,Paraprotein Type Urine,,gstt_iclinicalmanager,,N,6000001047101001,2025-04-16,2099-12-31,
2000001551,Int Cort:,,gstt_iclinicalmanager,,N,3000001310101001,2025-04-16,2099-12-31,
2000000216,Calcaneum left - X-Ray,,gstt_iclinicalmanager,,N,4000001182101001,2025-04-16,2099-12-31,
2000001553,NM Tablets,,gstt_iclinicalmanager,,N,2000002873101001,2025-04-16,2099-12-31,
2000001552,Arm (Left) Swab,,gstt_iclinicalmanager,,N,6000001205101001,2025-04-16,2099-12-31,
2000001554,CD5 Antibody,,gstt_iclinicalmanager,,N,9000001170101001,2025-04-16,2099-12-31,
2000001556,TPPA (replaces TPHA),,gstt_iclinicalmanager,,N,8000001014101001,2025-04-16,2099-12-31,
2000001555,CD20 Antibody.,,gstt_iclinicalmanager,,N,8000001746101001,2025-04-16,2099-12-31,
2000001557,Crithidia DNA IgG Titre,,gstt_iclinicalmanager,,N,7000001310101001,2025-04-16,2099-12-31,
2000001558,Crithidia DNA IgM Titre,,gstt_iclinicalmanager,,N,8000001310101001,2025-04-16,2099-12-31,
2000001559,Lumbar spine - CT,,gstt_iclinicalmanager,,N,1000001065101001,2025-04-16,2099-12-31,
2000001560,CD10 Antibody,,gstt_iclinicalmanager,,N,4000001172101001,2025-04-16,2099-12-31,
2000001561,HIV DNA PCR,,gstt_iclinicalmanager,,N,1000001104101001,2025-04-16,2099-12-31,
2000001562,Neck Swab,,gstt_iclinicalmanager,,N,3000001049101001,2025-04-16,2099-12-31,
2000001563,Cervical Swab MC & S,,gstt_iclinicalmanager,,N,8000001176101001,2025-04-16,2099-12-31,
2000001564,CD20 Antibody,,gstt_iclinicalmanager,,N,8000001173101001,2025-04-16,2099-12-31,
2000001565,Sleep Clinic - Adult Actigraphy,,gstt_iclinicalmanager,,N,8000002544101001,2025-04-16,2099-12-31,
2000001566,Cashew Nut allergen,,gstt_iclinicalmanager,,N,9000002244101001,2025-04-16,2099-12-31,
2000001567,CD7 Antibody,,gstt_iclinicalmanager,,N,3000001171101001,2025-04-16,2099-12-31,
2000001569,Walnut allergen,,gstt_iclinicalmanager,,N,2245101001,2025-04-16,2099-12-31,
2000001568,Antibody Specificity 2,,gstt_iclinicalmanager,,N,5000001199101001,2025-04-16,2099-12-31,
2000001570,MTHFR 677,,gstt_iclinicalmanager,,N,1000001055101001,2025-04-16,2099-12-31,
2000000025,Haemoglobin.,,gstt_iclinicalmanager,,N,4000001390101001,2025-04-16,2099-12-31,
2000001571,CD23 Antibody,,gstt_iclinicalmanager,,N,1174101001,2025-04-16,2099-12-31,
2000001572,CD8 Antibody,,gstt_iclinicalmanager,,N,6000001171101001,2025-04-16,2099-12-31,
2000001573,CD4 Antibody,,gstt_iclinicalmanager,,N,4000001170101001,2025-04-16,2099-12-31,
2000001199,Smooth Muscle Antibody Titre,,gstt_iclinicalmanager,,N,1000001350101001,2025-04-16,2099-12-31,
2000001574,IA Femoral Angiogram,,gstt_iclinicalmanager,,N,6000001102101001,2025-04-16,2099-12-31,
2000001576,Venogram - MRV,,gstt_iclinicalmanager,,N,8000002752101001,2025-04-16,2099-12-31,
2000001575,Small Parts - US,,gstt_iclinicalmanager,,N,7000001017101001,2025-04-16,2099-12-31,
2000001577,Ammonia Level,,gstt_iclinicalmanager,,N,9000001196101001,2025-04-16,2099-12-31,
2000001579,CD45 Antibody,,gstt_iclinicalmanager,,N,7000001170101001,2025-04-16,2099-12-31,
2000001578,Aspiration Breast FN Rt - US,,gstt_iclinicalmanager,,N,1000001686101001,2025-04-16,2099-12-31,
2000001580,Modified APCR ratio,,gstt_iclinicalmanager,,N,9000003166101001,2025-04-16,2099-12-31,
2000001582,MRI - add Gadolinium,,gstt_iclinicalmanager,,N,5000001054101001,2025-04-16,2099-12-31,
2000001581,Complement Alternate Pathway,,gstt_iclinicalmanager,,N,3000001915101001,2025-04-16,2099-12-31,
2000001583,Hazel nut rCOR a 1 (recomb) Allergen,,gstt_iclinicalmanager,,N,8000003338101001,2025-04-16,2099-12-31,
2000001585,USD - Guided biopsy Neck US,,gstt_iclinicalmanager,,N,2000002745101001,2025-04-16,2099-12-31,
2000001584,EEG/EMG Referral Order,,gstt_iclinicalmanager,,N,2000003213101001,2025-04-16,2099-12-31,
2000001586,Group & Antibody Screen Comment,,gstt_iclinicalmanager,,N,4000001118101001,2025-04-16,2099-12-31,
2000001587,CD43 Antibody,,gstt_iclinicalmanager,,N,3000001871101001,2025-04-16,2099-12-31,
2000001588,Peanut rAra h 8 PR-10 (recombinant) Allergen,,gstt_iclinicalmanager,,N,6000003311101001,2025-04-16,2099-12-31,
2000001589,Thyro. Microsomal HA Titre,,gstt_iclinicalmanager,,N,1000001011101001,2025-04-16,2099-12-31,
2000001590,Thyroglobulin HA Titre,,gstt_iclinicalmanager,,N,3000001011101001,2025-04-16,2099-12-31,
2000000217,Pelvis AP for Hip Surveillance - X-Ray,,gstt_iclinicalmanager,,N,1000003635101001,2025-04-16,2099-12-31,
2000001591,Perineal Swab,,gstt_iclinicalmanager,,N,2000001073101001,2025-04-16,2099-12-31,
2000001592,Syphilis IgG (EIA),,gstt_iclinicalmanager,,N,7000001025101001,2025-04-16,2099-12-31,
2000001593,Soya Allergen,,gstt_iclinicalmanager,,N,5000002246101001,2025-04-16,2099-12-31,
2000001594,Haemoglobin Mass Spectometry,,gstt_iclinicalmanager,,N,2000001540101001,2025-04-16,2099-12-31,
2000001596,Sentinel node breast - N Med,,gstt_iclinicalmanager,,N,1000002555101001,2025-04-16,2099-12-31,
2000001595,Complement Classical Pathway,,gstt_iclinicalmanager,,N,1000003305101001,2025-04-16,2099-12-31,
2000001597,Sm Lambda Antibody,,gstt_iclinicalmanager,,N,4000001017101001,2025-04-16,2099-12-31,
2000001598,Sm Kappa Antibody,,gstt_iclinicalmanager,,N,3000001017101001,2025-04-16,2099-12-31,
2000001599,Urobilinogen,,gstt_iclinicalmanager,,N,6000001032290001,2025-04-16,2099-12-31,
2000001600,LFD Flu Control Line,,gstt_iclinicalmanager,,N,4000004362101001,2025-04-16,2099-12-31,
2000001601,POCT LFD Influenza A,,gstt_iclinicalmanager,,N,2000004362101001,2025-04-16,2099-12-31,
2000001602,POCT LFD Influenza B,,gstt_iclinicalmanager,,N,3000004362101001,2025-04-16,2099-12-31,
2000001603,Face Swab,,gstt_iclinicalmanager,,N,9000001128101001,2025-04-16,2099-12-31,
2000001604,Fistuloplasty,,gstt_iclinicalmanager,,N,8000001136101001,2025-04-16,2099-12-31,
2000001605,Tryptase,,gstt_iclinicalmanager,,N,1000003368101001,2025-04-16,2099-12-31,
2000001606,EBV Load Copies/ml whole blood,,gstt_iclinicalmanager,,N,3000002441101001,2025-04-16,2099-12-31,
2000001607,Log Copy Number.......,,gstt_iclinicalmanager,,N,1000002441101001,2025-04-16,2099-12-31,
2000001608,Ulcer (Other) Swab,,gstt_iclinicalmanager,,N,6000001009101001,2025-04-16,2099-12-31,
2000001609,Sleep Clinic - Paediatric Oximetry,,gstt_iclinicalmanager,,N,4000002387101001,2025-04-16,2099-12-31,
2000001611,Phenobarbitone Level,,gstt_iclinicalmanager,,N,3000001074101001,2025-04-16,2099-12-31,
2000001610,Pancreas - MRI,,gstt_iclinicalmanager,,N,8000001046101001,2025-04-16,2099-12-31,
2000000218,Calcaneum right - X-Ray,,gstt_iclinicalmanager,,N,5000001182101001,2025-04-16,2099-12-31,
2000001612,Guided injection shoulder Rt - US,,gstt_iclinicalmanager,,N,1000002829101001,2025-04-16,2099-12-31,
2000001613,Foetus - MRI (KCL Scanner),,gstt_iclinicalmanager,,N,8000003908101001,2025-04-16,2099-12-31,
2000001614,Hazel nut rCOR a 8 (recomb) Allergen,,gstt_iclinicalmanager,,N,4000003319101001,2025-04-16,2099-12-31,
2000001615,NM Whole Body  FDG PET CT,,gstt_iclinicalmanager,,N,1000002302101001,2025-04-16,2099-12-31,
2000001616,Genetic Analysis Request,,gstt_iclinicalmanager,,N,1000003898101001,2025-04-16,2099-12-31,
2000001618,Unprocessed Chemistry  Sample,,gstt_iclinicalmanager,,N,1279101001,2025-04-16,2099-12-31,
2000001617,Aldosterone Level,,gstt_iclinicalmanager,,N,6000001194101001,2025-04-16,2099-12-31,
2000000219,Toes Rt - X-Ray,,gstt_iclinicalmanager,,N,4000002740101001,2025-04-16,2099-12-31,
2000001619,Beta Chorionic Gonadotrophin Level,,gstt_iclinicalmanager,,N,6000001209101001,2025-04-16,2099-12-31,
2000001620,Plasma Viscosity,,gstt_iclinicalmanager,,N,8000001076101001,2025-04-16,2099-12-31,
2000001621,Sleep Clinic - Adult Attended Respiratory Study,,gstt_iclinicalmanager,,N,1000002544101001,2025-04-16,2099-12-31,
2000001622,Chemical Pathology  Investigation.,,gstt_iclinicalmanager,,N,7000001318101001,2025-04-16,2099-12-31,
2000001623,Exit Site PD Swab,,gstt_iclinicalmanager,,N,5000001128101001,2025-04-16,2099-12-31,
2000001624,Whole Saliva Candida Count,,gstt_iclinicalmanager,,N,1000004075101001,2025-04-16,2099-12-31,
2000000046,Total Lymphocytes,,gstt_iclinicalmanager,,N,3000001014101001,2025-04-16,2099-12-31,
2000001626,Faeces for C. diff Toxin A,,gstt_iclinicalmanager,,N,8000001133101001,2025-04-16,2099-12-31,
2000001625,Axilla (Left) Swab,,gstt_iclinicalmanager,,N,7000001207101001,2025-04-16,2099-12-31,
2000001627,Centromere Abs (FIDIS),,gstt_iclinicalmanager,,N,6000003329101001,2025-04-16,2099-12-31,
2000001629,Ribosomal Antibodies (FIDIS),,gstt_iclinicalmanager,,N,2000003316101001,2025-04-16,2099-12-31,
2000001628,Histone,,gstt_iclinicalmanager,,N,7000003355101001,2025-04-16,2099-12-31,
2000001630,Delta Virus IgG,,gstt_iclinicalmanager,,N,8000001154101001,2025-04-16,2099-12-31,
2000001632,UA Intima-media Thickness.,,gstt_iclinicalmanager,,N,2000003746101001,2025-04-16,2099-12-31,
2000001631,Platelet (Immunological Assay),,gstt_iclinicalmanager,,N,2000001537101001,2025-04-16,2099-12-31,
2000000013,Platelet Count.,,gstt_iclinicalmanager,,N,1077101001,2025-04-16,2099-12-31,
2000001633,HLA and Disease Association,,gstt_iclinicalmanager,,N,1000002425101001,2025-04-16,2099-12-31,
2000001634,Wound (Other) Swab,,gstt_iclinicalmanager,,N,4000001039101001,2025-04-16,2099-12-31,
2000001636,Phosphate Level Random Urine,,gstt_iclinicalmanager,,N,2000001076101001,2025-04-16,2099-12-31,
2000001635,Faecal Elastase,,gstt_iclinicalmanager,,N,1000001927101001,2025-04-16,2099-12-31,
2000001637,CT Other Hospital,,gstt_iclinicalmanager,,N,1000001892101001,2025-04-16,2099-12-31,
2000001638,NCGDHB,,gstt_iclinicalmanager,,N,1000003696101001,2025-04-16,2099-12-31,
2000001639,Neck - MRA,,gstt_iclinicalmanager,,N,2000002742101001,2025-04-16,2099-12-31,
2000001640,Manganese Level (blood),,gstt_iclinicalmanager,,N,5000002083101001,2025-04-16,2099-12-31,
2000001642,UA Surveillance Limb Graft.,,gstt_iclinicalmanager,,N,4000003749101001,2025-04-16,2099-12-31,
2000001641,Shigella species DNA,,gstt_iclinicalmanager,,N,7000002969101001,2025-04-16,2099-12-31,
2000001643,Interpretation of GMP Results,,gstt_iclinicalmanager,,N,1000002969101001,2025-04-16,2099-12-31,
2000001644,Entamoeba histolytica DNA,,gstt_iclinicalmanager,,N,1000002970101001,2025-04-16,2099-12-31,
2000001646,Giardia lamblia DNA,,gstt_iclinicalmanager,,N,9000002969101001,2025-04-16,2099-12-31,
2000001645,Cryptosporidium species DNA,,gstt_iclinicalmanager,,N,2970101001,2025-04-16,2099-12-31,
2000001647,Rotavirus RNA,,gstt_iclinicalmanager,,N,3000002969101001,2025-04-16,2099-12-31,
2000001648,Campylobacter species DNA,,gstt_iclinicalmanager,,N,5000002969101001,2025-04-16,2099-12-31,
2000001649,Verocytotoxin-producing E.coli 0157 DNA,,gstt_iclinicalmanager,,N,8000002969101001,2025-04-16,2099-12-31,
2000001650,Salmonella species DNA,,gstt_iclinicalmanager,,N,6000002969101001,2025-04-16,2099-12-31,
2000001651,Norovirus RNA,,gstt_iclinicalmanager,,N,2000002969101001,2025-04-16,2099-12-31,
2000000220,Theatre (other) - X-Ray,,gstt_iclinicalmanager,,N,4000001028101001,2025-04-16,2099-12-31,
2000000069,Bilirubin,,gstt_iclinicalmanager,,N,7000001031290001,2025-04-16,2099-12-31,
2000001653,Pleural Fluid,,gstt_iclinicalmanager,,N,5000001250101001,2025-04-16,2099-12-31,
2000001652,Kleihauer.,,gstt_iclinicalmanager,,N,9000004157101001,2025-04-16,2099-12-31,
2000001654,Myoglobin (poct),,gstt_iclinicalmanager,,N,3000002385101001,2025-04-16,2099-12-31,
2000000462,Troponin I (poct),,gstt_iclinicalmanager,,N,2000002385101001,2025-04-16,2099-12-31,
2000001655,CKMB (poct),,gstt_iclinicalmanager,,N,4000002385101001,2025-04-16,2099-12-31,
2000001656,BNP (poct),,gstt_iclinicalmanager,,N,1000002385101001,2025-04-16,2099-12-31,
2000001657,IA DSA Abdominal Aorta & Distals,,gstt_iclinicalmanager,,N,7000001101101001,2025-04-16,2099-12-31,
2000001658,Arm (Right) Swab,,gstt_iclinicalmanager,,N,7000001205101001,2025-04-16,2099-12-31,
2000001660,UA AV Fistula,,gstt_iclinicalmanager,,N,7000001007101001,2025-04-16,2099-12-31,
2000001187,Endomysial Ab IgG,,gstt_iclinicalmanager,,N,5000001433101001,2025-04-16,2099-12-31,
2000001659,Nasopharyngeal Aspirate - MC & S,,gstt_iclinicalmanager,,N,7000001048101001,2025-04-16,2099-12-31,
2000001661,Antibiotic Assay (Other),,gstt_iclinicalmanager,,N,2000001372101001,2025-04-16,2099-12-31,
2000000221,Toes Lt - X-Ray,,gstt_iclinicalmanager,,N,3000002740101001,2025-04-16,2099-12-31,
2000001663,UA Surveillance Limb Graft,,gstt_iclinicalmanager,,N,4000002563101001,2025-04-16,2099-12-31,
2000001662,UA AV Fistula.,,gstt_iclinicalmanager,,N,3749101001,2025-04-16,2099-12-31,
2000001664,CA-199 Level (Abbott),,gstt_iclinicalmanager,,N,4000004360101001,2025-04-16,2099-12-31,
2000001666,UA Other Hospital,,gstt_iclinicalmanager,,N,1000004070101001,2025-04-16,2099-12-31,
2000001665,Group&Save Unsuitable to Store Long Term,,gstt_iclinicalmanager,,N,2000001430101001,2025-04-16,2099-12-31,
2000001667,Sleep Clinic - Paediatric Outpatient Oximetry Study,,gstt_iclinicalmanager,,N,5000003530101001,2025-04-16,2099-12-31,
2000001669,UA Surveillance AAA.,,gstt_iclinicalmanager,,N,8000003748101001,2025-04-16,2099-12-31,
2000001668,Chromogranin A Level,,gstt_iclinicalmanager,,N,2000002124101001,2025-04-16,2099-12-31,
2000001670,Chromogranin B Level,,gstt_iclinicalmanager,,N,1000002124101001,2025-04-16,2099-12-31,
2000000222,Ankles both - X-Ray,,gstt_iclinicalmanager,,N,3000001199101001,2025-04-16,2099-12-31,
2000001671,Haemoglobin H Bodies,,gstt_iclinicalmanager,,N,1000001119101001,2025-04-16,2099-12-31,
2000001672,Abdominal & Distal Aorta - CT,,gstt_iclinicalmanager,,N,6000002057101001,2025-04-16,2099-12-31,
2000001673,Urate Calculus,,gstt_iclinicalmanager,,N,5000001003101001,2025-04-16,2099-12-31,
2000001674,Salmon Allergen,,gstt_iclinicalmanager,,N,2000002249101001,2025-04-16,2099-12-31,
2000001676,Oxalate Calculus,,gstt_iclinicalmanager,,N,4000001045101001,2025-04-16,2099-12-31,
2000001675,Carbonate Calculus,,gstt_iclinicalmanager,,N,6000001184101001,2025-04-16,2099-12-31,
2000001677,Ammonium Calculus,,gstt_iclinicalmanager,,N,1197101001,2025-04-16,2099-12-31,
2000001679,Phosphate Calculus,,gstt_iclinicalmanager,,N,8000001075101001,2025-04-16,2099-12-31,
2000001678,Cystine Calculus,,gstt_iclinicalmanager,,N,1152101001,2025-04-16,2099-12-31,
2000001680,Magnesium Calculus,,gstt_iclinicalmanager,,N,9000001052101001,2025-04-16,2099-12-31,
2000000223,Lateral Neck - soft tissue - X-Ray,,gstt_iclinicalmanager,,N,1061101001,2025-04-16,2099-12-31,
2000001681,Doppler arm veins Right - US,,gstt_iclinicalmanager,,N,8000001156101001,2025-04-16,2099-12-31,
2000001682,Originating Lab Number.,,gstt_iclinicalmanager,,N,3000001317101001,2025-04-16,2099-12-31,
2000001683,Hip Rt - MRI,,gstt_iclinicalmanager,,N,2000002743101001,2025-04-16,2099-12-31,
2000001684,Calcium Excretion Urine,,gstt_iclinicalmanager,,N,3000001183101001,2025-04-16,2099-12-31,
2000001685,Calcium Calculus,,gstt_iclinicalmanager,,N,1000001374101001,2025-04-16,2099-12-31,
2000001686,Suture Line Swab,,gstt_iclinicalmanager,,N,5000001024101001,2025-04-16,2099-12-31,
2000001687,RBC Phenotype,,gstt_iclinicalmanager,,N,1000001309101001,2025-04-16,2099-12-31,
2000001688,Barium meal & swallow,,gstt_iclinicalmanager,,N,1209101001,2025-04-16,2099-12-31,
2000001689,Unprocessed Glucose,,gstt_iclinicalmanager,,N,7000001278101001,2025-04-16,2099-12-31,
2000001690,Peach rPru p 3 (recombinant) Allergen,,gstt_iclinicalmanager,,N,4000003345101001,2025-04-16,2099-12-31,
2000001691,Purkinje Cell Ab (Yo),,gstt_iclinicalmanager,,N,1235101001,2025-04-16,2099-12-31,
2000001692,Sacrum Swab,,gstt_iclinicalmanager,,N,2000001018101001,2025-04-16,2099-12-31,
2000001693,Lactate Level CSF,,gstt_iclinicalmanager,,N,5000001059101001,2025-04-16,2099-12-31,
2000001695,JAK2 V617F,,gstt_iclinicalmanager,,N,1000003111101001,2025-04-16,2099-12-31,
2000001694,Anterior Abdominal Wall - US,,gstt_iclinicalmanager,,N,4000003614101001,2025-04-16,2099-12-31,
2000001696,Guided injection shoulder Lt - US,,gstt_iclinicalmanager,,N,2000002829101001,2025-04-16,2099-12-31,
2000001697,Barium meal & F T,,gstt_iclinicalmanager,,N,9000001208101001,2025-04-16,2099-12-31,
2000001698,ETT Secretions or Tube MC & S,,gstt_iclinicalmanager,,N,9000001129101001,2025-04-16,2099-12-31,
2000001699,Int OHP:,,gstt_iclinicalmanager,,N,2000001322101001,2025-04-16,2099-12-31,
2000001152,Factor VIII (Pre),,gstt_iclinicalmanager,,N,8000001132101001,2025-04-16,2099-12-31,
2000001701,HTLV-I / HTLV-II antibodies,,gstt_iclinicalmanager,,N,3000001653101001,2025-04-16,2099-12-31,
2000001700,Creatinine Clearance,,gstt_iclinicalmanager,,N,2000001384101001,2025-04-16,2099-12-31,
2000001702,Voltage Gated K Chnl Ab.,,gstt_iclinicalmanager,,N,1000002264101001,2025-04-16,2099-12-31,
2000001704,Thoracic spine - MRI,,gstt_iclinicalmanager,,N,9000001028101001,2025-04-16,2099-12-31,
2000001703,Ankle (Left) Swab,,gstt_iclinicalmanager,,N,9000001198101001,2025-04-16,2099-12-31,
2000001705,Hepatitis E serology,,gstt_iclinicalmanager,,N,1000001918101001,2025-04-16,2099-12-31,
2000001707,Breast (Left) Swab,,gstt_iclinicalmanager,,N,3000001214101001,2025-04-16,2099-12-31,
2000001706,Ankle (Right) Swab,,gstt_iclinicalmanager,,N,1199101001,2025-04-16,2099-12-31,
2000001708,Tuna Allergen,,gstt_iclinicalmanager,,N,1000002249101001,2025-04-16,2099-12-31,
2000001710,ELISA Screen for HIT,,gstt_iclinicalmanager,,N,4000001145101001,2025-04-16,2099-12-31,
2000001709,ASLA Confirmation Test,,gstt_iclinicalmanager,,N,4000001415101001,2025-04-16,2099-12-31,
2000001711,Mobile image intensifier Cervical Spine - Th,,gstt_iclinicalmanager,,N,3000002647101001,2025-04-16,2099-12-31,
2000001713,Urea Level Urine,,gstt_iclinicalmanager,,N,4000001005101001,2025-04-16,2099-12-31,
2000001202,GBM Antibody Screen,,gstt_iclinicalmanager,,N,1000001142101001,2025-04-16,2099-12-31,
2000001712,Isoelectric focus of:,,gstt_iclinicalmanager,,N,1000001339101001,2025-04-16,2099-12-31,
2000001714,Cystogram,,gstt_iclinicalmanager,,N,3000001404101001,2025-04-16,2099-12-31,
2000001716,MROH,,gstt_iclinicalmanager,,N,1000001893101001,2025-04-16,2099-12-31,
2000001715,Breast (Right) Swab,,gstt_iclinicalmanager,,N,4000001214101001,2025-04-16,2099-12-31,
2000000408,APTT (Manual KC10).,,gstt_iclinicalmanager,,N,7000001204101001,2025-04-16,2099-12-31,
2000001717,ASLA Confirmatory Test 50:50 mix,,gstt_iclinicalmanager,,N,3000001413101001,2025-04-16,2099-12-31,
2000001718,Serum Infliximab Level.,,gstt_iclinicalmanager,,N,4000004184101001,2025-04-16,2099-12-31,
2000001720,Unprocessed Group & Antibody Screen.,,gstt_iclinicalmanager,,N,1306101001,2025-04-16,2099-12-31,
2000000580,ANCA Pattern,,gstt_iclinicalmanager,,N,3000001436101001,2025-04-16,2099-12-31,
2000001719,ASLA 50:50 mix,,gstt_iclinicalmanager,,N,4000001413101001,2025-04-16,2099-12-31,
2000001721,C1 Esterase Inhibitor Function,,gstt_iclinicalmanager,,N,3000003302101001,2025-04-16,2099-12-31,
2000001723,Norovirus EIA,,gstt_iclinicalmanager,,N,3000001410101001,2025-04-16,2099-12-31,
2000001722,Horizontal bitewings both - Dental,,gstt_iclinicalmanager,,N,4000002073101001,2025-04-16,2099-12-31,
2000001724,Biopsy - CT,,gstt_iclinicalmanager,,N,9000001179101001,2025-04-16,2099-12-31,
2000001725,Pistachio allergen,,gstt_iclinicalmanager,,N,2247101001,2025-04-16,2099-12-31,
2000001726,Water soluble enema,,gstt_iclinicalmanager,,N,1000001038101001,2025-04-16,2099-12-31,
2000001727,Total Mycophenolic Acid Level,,gstt_iclinicalmanager,,N,1000001905101001,2025-04-16,2099-12-31,
2000001729,CSF for AFB,,gstt_iclinicalmanager,,N,5000001153101001,2025-04-16,2099-12-31,
2000001728,Baby's Case Number,,gstt_iclinicalmanager,,N,2000001208101001,2025-04-16,2099-12-31,
2000001730,Cyclosporin A (2 Hr Post dose),,gstt_iclinicalmanager,,N,7000001309101001,2025-04-16,2099-12-31,
2000001732,Whole body bone density scan - N Med,,gstt_iclinicalmanager,,N,1000001039101001,2025-04-16,2099-12-31,
2000001731,M. pneumoniae CFT,,gstt_iclinicalmanager,,N,8000001052101001,2025-04-16,2099-12-31,
2000001733,Albumin Level Fluid,,gstt_iclinicalmanager,,N,2000001194101001,2025-04-16,2099-12-31,
2000001735,Thrombolysis Follow on (Radiology),,gstt_iclinicalmanager,,N,1000001030101001,2025-04-16,2099-12-31,
2000001734,Noradrenaline Creatinine Ratio Urine,,gstt_iclinicalmanager,,N,1000001051101001,2025-04-16,2099-12-31,
2000001736,Blood for AFB,,gstt_iclinicalmanager,,N,2000001178101001,2025-04-16,2099-12-31,
2000001738,Dopamine Creatinine Ratio Urine,,gstt_iclinicalmanager,,N,7000001147101001,2025-04-16,2099-12-31,
2000001737,Cow Milk allergen,,gstt_iclinicalmanager,,N,1000002258101001,2025-04-16,2099-12-31,
2000001739,Adrenaline:Creatinine Ratio Urine,,gstt_iclinicalmanager,,N,6000001192101001,2025-04-16,2099-12-31,
2000001740,Tetanus Serology,,gstt_iclinicalmanager,,N,2000001028101001,2025-04-16,2099-12-31,
2000001741,Vitamin K1,,gstt_iclinicalmanager,,N,7000001035101001,2025-04-16,2099-12-31,
2000001742,Classic APCR ratio,,gstt_iclinicalmanager,,N,8000003166101001,2025-04-16,2099-12-31,
2000001743,Pharmacologic stress - N Med,,gstt_iclinicalmanager,,N,2000001074101001,2025-04-16,2099-12-31,
2000001744,St John's Immunofluorescence Tissue Request,,gstt_iclinicalmanager,,N,5000003712101001,2025-04-16,2099-12-31,
2000001745,Thyroid Stimulating IG Level,,gstt_iclinicalmanager,,N,4000001012101001,2025-04-16,2099-12-31,
2000001747,Immunology Investigation,,gstt_iclinicalmanager,,N,1000001370101001,2025-04-16,2099-12-31,
2000001171,Intrinsic Factor  Antibodies,,gstt_iclinicalmanager,,N,5000001324101001,2025-04-16,2099-12-31,
2000001746,.Candida auris- Other Site/Specimen,,gstt_iclinicalmanager,,N,2000003822101001,2025-04-16,2099-12-31,
2000001748,Hepatitis C Genotype,,gstt_iclinicalmanager,,N,1000001103101001,2025-04-16,2099-12-31,
2000001749,AST:ALT Ratio,,gstt_iclinicalmanager,,N,2000001912101001,2025-04-16,2099-12-31,
2000001750,Renal angiogram - CT,,gstt_iclinicalmanager,,N,5000001479101001,2025-04-16,2099-12-31,
2000001751,Perianal Swab,,gstt_iclinicalmanager,,N,9000001072101001,2025-04-16,2099-12-31,
2000001752,Breathing,,gstt_iclinicalmanager,,N,1000001099290001,2025-04-16,2099-12-31,
2000001753,Hand Rt - US,,gstt_iclinicalmanager,,N,7000003617101001,2025-04-16,2099-12-31,
2000001754,HIV Virology Child <18 months,,gstt_iclinicalmanager,,N,1000001410101001,2025-04-16,2099-12-31,
2000001755,Hip Lt - MRI,,gstt_iclinicalmanager,,N,1000002743101001,2025-04-16,2099-12-31,
2000000224,Skull - X-Ray,,gstt_iclinicalmanager,,N,1017101001,2025-04-16,2099-12-31,
2000001757,Pecan allergen,,gstt_iclinicalmanager,,N,9000002246101001,2025-04-16,2099-12-31,
2000001756,HLA Type (Class I and Class II).,,gstt_iclinicalmanager,,N,4157101001,2025-04-16,2099-12-31,
2000001758,Chemical Pathology Investigation,,gstt_iclinicalmanager,,N,3000001305101001,2025-04-16,2099-12-31,
2000001760,Pleural Biopsy/Tissue (Microbiology),,gstt_iclinicalmanager,,N,3000001077101001,2025-04-16,2099-12-31,
2000001759,Hepatitis C RNA (Roche),,gstt_iclinicalmanager,,N,1000002196101001,2025-04-16,2099-12-31,
2000001761,Faecal Adenovirus (40/41) DNA,,gstt_iclinicalmanager,,N,4000002969101001,2025-04-16,2099-12-31,
2000001762,Very Long Chain Fatty Acids Level,,gstt_iclinicalmanager,,N,5000001034101001,2025-04-16,2099-12-31,
2000001763,BCRABL Level Interpretation,,gstt_iclinicalmanager,,N,3000002130101001,2025-04-16,2099-12-31,
2000001764,Serum Adalimumab Level,,gstt_iclinicalmanager,,N,7000003125101001,2025-04-16,2099-12-31,
2000001765,Anti-Adalimumab Antibody Level,,gstt_iclinicalmanager,,N,8000003125101001,2025-04-16,2099-12-31,
2000001767,Peanut rAra h 9  (recomb) Allergen,,gstt_iclinicalmanager,,N,6000003332101001,2025-04-16,2099-12-31,
2000001766,BCRABL/ ABL Ratio,,gstt_iclinicalmanager,,N,4000002130101001,2025-04-16,2099-12-31,
2000001768,UA TransCranial Doppler,,gstt_iclinicalmanager,,N,2000001009101001,2025-04-16,2099-12-31,
2000001769,CTOH,,gstt_iclinicalmanager,,N,1000001892101001,2025-04-16,2099-12-31,
2000001770,Knee (Right) Swab,,gstt_iclinicalmanager,,N,9000001057101001,2025-04-16,2099-12-31,
2000001771,Fill Volume,,gstt_iclinicalmanager,,N,7000001103290001,2025-04-16,2099-12-31,
2000001772,EEG Video-telemetry Request,,gstt_iclinicalmanager,,N,1000002479101001,2025-04-16,2099-12-31,
2000000639,Neutrophil Cyto Ab,,gstt_iclinicalmanager,,N,9000001049101001,2025-04-16,2099-12-31,
2000001773,Sodium Excretion Urine,,gstt_iclinicalmanager,,N,1019101001,2025-04-16,2099-12-31,
2000001774,UA Iliac A/V,,gstt_iclinicalmanager,,N,2000001008101001,2025-04-16,2099-12-31,
2000001775,D.Pteronyssinus allergen,,gstt_iclinicalmanager,,N,3000002241101001,2025-04-16,2099-12-31,
2000001776,Sleep Clinic - Paediatric Long Term Ventilation Elective Sleep Study,,gstt_iclinicalmanager,,N,1000004103101001,2025-04-16,2099-12-31,
2000001777,Knee (Left) Swab,,gstt_iclinicalmanager,,N,8000001057101001,2025-04-16,2099-12-31,
2000001778,Unprocessed Ferritin,,gstt_iclinicalmanager,,N,3000001273101001,2025-04-16,2099-12-31,
2000001779,Adult Echocardiography Scores,,gstt_iclinicalmanager,,N,1000004393101001,2025-04-16,2099-12-31,
2000001153,Factor VIII (10 Minutes post),,gstt_iclinicalmanager,,N,1379101001,2025-04-16,2099-12-31,
2000001780,Bone Density Forearm - N Med,,gstt_iclinicalmanager,,N,1000002372101001,2025-04-16,2099-12-31,
2000001781,Egg yolk allergen,,gstt_iclinicalmanager,,N,3000002249101001,2025-04-16,2099-12-31,
2000000225,Shoulder both - X-Ray,,gstt_iclinicalmanager,,N,3000001098101001,2025-04-16,2099-12-31,
2000001783,Renal with contrast Both - CT,,gstt_iclinicalmanager,,N,4000002729101001,2025-04-16,2099-12-31,
2000001782,Bone Density IVA - N Med,,gstt_iclinicalmanager,,N,1000002310101001,2025-04-16,2099-12-31,
2000001784,Sentinel Screen Throat & Rectal,,gstt_iclinicalmanager,,N,1000002114101001,2025-04-16,2099-12-31,
2000001786,Cryptococcal Antigen,,gstt_iclinicalmanager,,N,8000001152101001,2025-04-16,2099-12-31,
2000001785,Bone Marrow Investigations,,gstt_iclinicalmanager,,N,5000001179101001,2025-04-16,2099-12-31,
2000001787,K-RAS Mutations,,gstt_iclinicalmanager,,N,8000002466101001,2025-04-16,2099-12-31,
2000001789,Mother's Case Number,,gstt_iclinicalmanager,,N,1000001054101001,2025-04-16,2099-12-31,
2000001788,Kaolin Clotting Time,,gstt_iclinicalmanager,,N,7000001056101001,2025-04-16,2099-12-31,
2000001790,OH-methylbilane Synthase Level,,gstt_iclinicalmanager,,N,3000001076101001,2025-04-16,2099-12-31,
2000001791,HIV Resistance Request,,gstt_iclinicalmanager,,N,1000003038101001,2025-04-16,2099-12-31,
2000001792,Apolipoprotein E Genotype.,,gstt_iclinicalmanager,,N,1000001428101001,2025-04-16,2099-12-31,
2000001793,Kaolin Clotting Time 1+4 mix,,gstt_iclinicalmanager,,N,8000001056101001,2025-04-16,2099-12-31,
2000001794,Unprocessed Virology Molecular Test,,gstt_iclinicalmanager,,N,3000004296101001,2025-04-16,2099-12-31,
2000001795,Non-Gynae Cytology 1st Addendum Report.,,gstt_iclinicalmanager,,N,6000001355101001,2025-04-16,2099-12-31,
2000000226,Lumbar spine (multiple views) - X-Ray,,gstt_iclinicalmanager,,N,3000001065101001,2025-04-16,2099-12-31,
2000000780,ENA SSA (Ro52),,gstt_iclinicalmanager,,N,1000001406101001,2025-04-16,2099-12-31,
2000001197,Omega-5-Gliadin Allergen,,gstt_iclinicalmanager,,N,3000002487101001,2025-04-16,2099-12-31,
2000001796,Grass Pollen Mix 2 Allergen,,gstt_iclinicalmanager,,N,1000003343101001,2025-04-16,2099-12-31,
2000001797,UA Surveillance AAA,,gstt_iclinicalmanager,,N,2000002563101001,2025-04-16,2099-12-31,
2000001798,Prophylactic Anti-D Comment,,gstt_iclinicalmanager,,N,6000004160101001,2025-04-16,2099-12-31,
2000001800,EGFR Mutations,,gstt_iclinicalmanager,,N,5000002466101001,2025-04-16,2099-12-31,
2000001799,Baby D Status:,,gstt_iclinicalmanager,,N,4163101001,2025-04-16,2099-12-31,
2000001801,Lithium Level,,gstt_iclinicalmanager,,N,5000001063101001,2025-04-16,2099-12-31,
2000001802,Femoral-Popliteal PTA,,gstt_iclinicalmanager,,N,1135101001,2025-04-16,2099-12-31,
2000001803,HSG.,,gstt_iclinicalmanager,,N,1000002472101001,2025-04-16,2099-12-31,
2000001804,Cerebral veins - MRV,,gstt_iclinicalmanager,,N,3000002744101001,2025-04-16,2099-12-31,
2000001805,Free:Total PSA Ratio,,gstt_iclinicalmanager,,N,1000002113101001,2025-04-16,2099-12-31,
2000001807,Hepatitis B DNA (Roche),,gstt_iclinicalmanager,,N,2000002200101001,2025-04-16,2099-12-31,
2000001806,Capsule Endoscopy.,,gstt_iclinicalmanager,,N,3000002537101001,2025-04-16,2099-12-31,
2000001203,Anti-GBM Antibody (EliA),,gstt_iclinicalmanager,,N,3000001670101001,2025-04-16,2099-12-31,
2000001808,Thyrotoxicosis - N Med,,gstt_iclinicalmanager,,N,5000001012101001,2025-04-16,2099-12-31,
2000001809,Mobile image intensifier Hip Rt - Th,,gstt_iclinicalmanager,,N,5000002647101001,2025-04-16,2099-12-31,
2000001810,Research Study-CMV Viral Load,,gstt_iclinicalmanager,,N,1000001458101001,2025-04-16,2099-12-31,
2000001811,.Candida auris - Urine,,gstt_iclinicalmanager,,N,4000003822101001,2025-04-16,2099-12-31,
2000001813,UA AVF Maturation,,gstt_iclinicalmanager,,N,5000002563101001,2025-04-16,2099-12-31,
2000001812,Serum Infliximab Level,,gstt_iclinicalmanager,,N,4000003125101001,2025-04-16,2099-12-31,
2000001814,Anti-Infliximab Antibody Level,,gstt_iclinicalmanager,,N,5000003125101001,2025-04-16,2099-12-31,
2000001815,Barium enema,,gstt_iclinicalmanager,,N,8000001208101001,2025-04-16,2099-12-31,
2000001816,Sputum for Other,,gstt_iclinicalmanager,,N,8000001020101001,2025-04-16,2099-12-31,
2000001817,Vulval Swab,,gstt_iclinicalmanager,,N,7000001036101001,2025-04-16,2099-12-31,
2000001819,Urinary Tract - US (Urology use only),,gstt_iclinicalmanager,,N,8000004106101001,2025-04-16,2099-12-31,
2000001818,Respiratory Function Test Form - Nurses,,gstt_iclinicalmanager,,N,1000002322101001,2025-04-16,2099-12-31,
2000001820,Legionella Urinary Antigen,,gstt_iclinicalmanager,,N,1000001062101001,2025-04-16,2099-12-31,
2000001822,Umbilical Swab,,gstt_iclinicalmanager,,N,7000001009101001,2025-04-16,2099-12-31,
2000001172,Factor XII,,gstt_iclinicalmanager,,N,9000001139101001,2025-04-16,2099-12-31,
2000001821,Hand (Right) Swab,,gstt_iclinicalmanager,,N,9000001119101001,2025-04-16,2099-12-31,
2000001173,Factor VII,,gstt_iclinicalmanager,,N,5000001130101001,2025-04-16,2099-12-31,
2000001823,Brain - MRI (KCL Scanner),,gstt_iclinicalmanager,,N,2000003528101001,2025-04-16,2099-12-31,
2000001824,Phytanic Acid Level,,gstt_iclinicalmanager,,N,1000001075101001,2025-04-16,2099-12-31,
2000001826,Zinc Transporter 8 antibody,,gstt_iclinicalmanager,,N,1000004010101001,2025-04-16,2099-12-31,
2000001825,Cystine Level Urine,,gstt_iclinicalmanager,,N,2000001152101001,2025-04-16,2099-12-31,
2000001179,Anti-mitochondria IgM,,gstt_iclinicalmanager,,N,1202101001,2025-04-16,2099-12-31,
2000001180,Anti-mitochondria IgG,,gstt_iclinicalmanager,,N,9000001201101001,2025-04-16,2099-12-31,
2000001827,Hepatitis A Abs.,,gstt_iclinicalmanager,,N,9000001104101001,2025-04-16,2099-12-31,
2000001828,CD4+CD26 Lymphocytes %,,gstt_iclinicalmanager,,N,6000004007101001,2025-04-16,2099-12-31,
2000001829,Urea Level Fluid,,gstt_iclinicalmanager,,N,2000001005101001,2025-04-16,2099-12-31,
2000001830,CD4+CD7 Lymphocytes %,,gstt_iclinicalmanager,,N,3000004007101001,2025-04-16,2099-12-31,
2000001832,CD4+CD7 Absolute,,gstt_iclinicalmanager,,N,1000004007101001,2025-04-16,2099-12-31,
2000001831,CD4+CD26 Absolute,,gstt_iclinicalmanager,,N,5000004007101001,2025-04-16,2099-12-31,
2000001833,CMV Antigen (DAT),,gstt_iclinicalmanager,,N,1167101001,2025-04-16,2099-12-31,
2000001834,Chlamydia DNA (SDA),,gstt_iclinicalmanager,,N,3000001294101001,2025-04-16,2099-12-31,
2000001835,Doppler - US (specify),,gstt_iclinicalmanager,,N,6000001156101001,2025-04-16,2099-12-31,
2000001836,Unprocessed Chemistry Sample,,gstt_iclinicalmanager,,N,6000001278101001,2025-04-16,2099-12-31,
2000001837,.MRSA Critical Care Rectal Swab,,gstt_iclinicalmanager,,N,2590101001,2025-04-16,2099-12-31,
2000000227,Skeletal survey - X-Ray,,gstt_iclinicalmanager,,N,8000001016101001,2025-04-16,2099-12-31,
2000001838,Anti-IgG,,gstt_iclinicalmanager,,N,5000004162101001,2025-04-16,2099-12-31,
2000001839,Very Long Chain Fatty Acid C26,,gstt_iclinicalmanager,,N,5000001409101001,2025-04-16,2099-12-31,
2000001840,FMU Infection Serology,,gstt_iclinicalmanager,,N,1000002426101001,2025-04-16,2099-12-31,
2000001842,Video/fluoroscopy Speech,,gstt_iclinicalmanager,,N,2000001826101001,2025-04-16,2099-12-31,
2000001841,Malarial Parasite Species.,,gstt_iclinicalmanager,,N,1319101001,2025-04-16,2099-12-31,
2000000052,Creatinine,,gstt_iclinicalmanager,,N,1000001383290001,2025-04-16,2099-12-31,
2000000138,Actual Weight (kg),,gstt_iclinicalmanager,,N,9000001032290001,2025-04-16,2099-12-31,
2000001843,Mobile image intensifier Upper Limb Rt - Th,,gstt_iclinicalmanager,,N,4000002648101001,2025-04-16,2099-12-31,
2000001844,Peanut rAra h 1 (recombinant) Allergen,,gstt_iclinicalmanager,,N,4000003358101001,2025-04-16,2099-12-31,
2000001846,QBC,,gstt_iclinicalmanager,,N,1000001368101001,2025-04-16,2099-12-31,
2000001845,Hip (Right) Swab,,gstt_iclinicalmanager,,N,1000001124101001,2025-04-16,2099-12-31,
2000001847,Sputum - MC & S,,gstt_iclinicalmanager,,N,6000001020101001,2025-04-16,2099-12-31,
2000001849,Sesame allergen,,gstt_iclinicalmanager,,N,3000002245101001,2025-04-16,2099-12-31,
2000001848,Anti-C3d,,gstt_iclinicalmanager,,N,8000004161101001,2025-04-16,2099-12-31,
2000001850,Biotinidase,,gstt_iclinicalmanager,,N,1000001336101001,2025-04-16,2099-12-31,
2000000228,Wrist both - X-Ray,,gstt_iclinicalmanager,,N,7000001039101001,2025-04-16,2099-12-31,
2000001852,Serum IgG,,gstt_iclinicalmanager,,N,5000001097101001,2025-04-16,2099-12-31,
2000001851,CSF Appearance,,gstt_iclinicalmanager,,N,2000001153101001,2025-04-16,2099-12-31,
2000001853,Kidney Transport Fluid MC&S,,gstt_iclinicalmanager,,N,4000001057101001,2025-04-16,2099-12-31,
2000001855,Parathyroid scan - N Med,,gstt_iclinicalmanager,,N,6000001070101001,2025-04-16,2099-12-31,
2000001854,Mixed Moulds Allergen,,gstt_iclinicalmanager,,N,9000002245101001,2025-04-16,2099-12-31,
2000001856,HIV Virtual Phenotype,,gstt_iclinicalmanager,,N,4000001612101001,2025-04-16,2099-12-31,
2000001857,Mobile image intensifier Hip Lt - Th,,gstt_iclinicalmanager,,N,4000002647101001,2025-04-16,2099-12-31,
2000001858,Very Long Chain Fatty Acid C24:C22,,gstt_iclinicalmanager,,N,6000001409101001,2025-04-16,2099-12-31,
2000001859,Very Long Chain Fatty Acid C26:C22,,gstt_iclinicalmanager,,N,7000001409101001,2025-04-16,2099-12-31,
2000001860,Hand Lt - US,,gstt_iclinicalmanager,,N,6000003617101001,2025-04-16,2099-12-31,
2000001862,Urate Level Urine,,gstt_iclinicalmanager,,N,9000001003101001,2025-04-16,2099-12-31,
2000001861,Mixed Grasses allergen,,gstt_iclinicalmanager,,N,4000002241101001,2025-04-16,2099-12-31,
2000001863,Mobile image intensifier Thoracic Spine - Th,,gstt_iclinicalmanager,,N,1000002648101001,2025-04-16,2099-12-31,
2000001865,Legionella pneumophila Ab EIA,,gstt_iclinicalmanager,,N,1062101001,2025-04-16,2099-12-31,
2000001864,CD20/CD5 Antibody,,gstt_iclinicalmanager,,N,2000001871101001,2025-04-16,2099-12-31,
2000001866,Enterovirus Specific IgM,,gstt_iclinicalmanager,,N,8000001143101001,2025-04-16,2099-12-31,
2000001868,Chlamydia Group Ab CFT,,gstt_iclinicalmanager,,N,1000001177101001,2025-04-16,2099-12-31,
2000001867,Ankle Rt - MRI,,gstt_iclinicalmanager,,N,6000001688101001,2025-04-16,2099-12-31,
2000001869,Joint Aspirate,,gstt_iclinicalmanager,,N,3000001056101001,2025-04-16,2099-12-31,
2000001870,Ankle Lt - MRI,,gstt_iclinicalmanager,,N,7000001688101001,2025-04-16,2099-12-31,
2000001871,Hip (Left) Swab,,gstt_iclinicalmanager,,N,1124101001,2025-04-16,2099-12-31,
2000001872,C. burnetii phase 2 CFT,,gstt_iclinicalmanager,,N,7000001181101001,2025-04-16,2099-12-31,
2000001874,IgG Index,,gstt_iclinicalmanager,,N,1100101001,2025-04-16,2099-12-31,
2000000066,Serum Albumin,,gstt_iclinicalmanager,,N,2000001097101001,2025-04-16,2099-12-31,
2000001873,CSF Albumin,,gstt_iclinicalmanager,,N,1153101001,2025-04-16,2099-12-31,
2000001875,CSF IgG,,gstt_iclinicalmanager,,N,8000001153101001,2025-04-16,2099-12-31,
2000001876,Free Foetal DNA Interpretation,,gstt_iclinicalmanager,,N,7000004154101001,2025-04-16,2099-12-31,
2000001878,Triglycerides Level Fluid,,gstt_iclinicalmanager,,N,5000001005101001,2025-04-16,2099-12-31,
2000001877,Kidney - CT,,gstt_iclinicalmanager,,N,2000001057101001,2025-04-16,2099-12-31,
2000001879,Stone Analysis (Calculi Analysis),,gstt_iclinicalmanager,,N,2000003641101001,2025-04-16,2099-12-31,
2000001880,Fetal RHD Genotype Screen,,gstt_iclinicalmanager,,N,6000004154101001,2025-04-16,2099-12-31,
2000001881,HLA B27,,gstt_iclinicalmanager,,N,9000001102101001,2025-04-16,2099-12-31,
2000001882,Carotids - CT,,gstt_iclinicalmanager,,N,2000002057101001,2025-04-16,2099-12-31,
2000001883,Hepatitis B eAb Interpretation,,gstt_iclinicalmanager,,N,8000001122101001,2025-04-16,2099-12-31,
2000001884,Lentil Allergen,,gstt_iclinicalmanager,,N,4000002272101001,2025-04-16,2099-12-31,
2000000079,Glucose Level 60 min,,gstt_iclinicalmanager,,N,1115101001,2025-04-16,2099-12-31,
2000001885,Tree Pollen Mix 10 Allergen,,gstt_iclinicalmanager,,N,3324101001,2025-04-16,2099-12-31,
2000001886,BETA 1-3 Glucan Assay,,gstt_iclinicalmanager,,N,1000004015101001,2025-04-16,2099-12-31,
2000001887,RA Particle Agg. Titre,,gstt_iclinicalmanager,,N,6000001334101001,2025-04-16,2099-12-31,
2000001888,Foot Lt - US,,gstt_iclinicalmanager,,N,9000003614101001,2025-04-16,2099-12-31,
2000001889,MRGA,,gstt_iclinicalmanager,,N,1000002775101001,2025-04-16,2099-12-31,
2000001890,Transrectal - US,,gstt_iclinicalmanager,,N,8000001015101001,2025-04-16,2099-12-31,
2000001891,Peanut rAra h 3 (recombinant) Allergen,,gstt_iclinicalmanager,,N,7000003311101001,2025-04-16,2099-12-31,
2000001893,Lysine Level Urine,,gstt_iclinicalmanager,,N,5000001052101001,2025-04-16,2099-12-31,
2000001892,Endobronchial U/S (EBUS) FNA for AFB's,,gstt_iclinicalmanager,,N,2000002762101001,2025-04-16,2099-12-31,
2000001894,Ornithine Level Urine,,gstt_iclinicalmanager,,N,7000001042101001,2025-04-16,2099-12-31,
2000001895,Arginine Level Urine,,gstt_iclinicalmanager,,N,5000001205101001,2025-04-16,2099-12-31,
2000001896,Corneal Scrapings,,gstt_iclinicalmanager,,N,3000001160101001,2025-04-16,2099-12-31,
2000001897,NM Brain FDG PET CT,,gstt_iclinicalmanager,,N,1000002952101001,2025-04-16,2099-12-31,
2000001899,Virus Isolation,,gstt_iclinicalmanager,,N,1000001035101001,2025-04-16,2099-12-31,
2000001898,Vancomycin Assay (post dose),,gstt_iclinicalmanager,,N,3000001032101001,2025-04-16,2099-12-31,
2000001900,Abdominal Stent Graft,,gstt_iclinicalmanager,,N,1189101001,2025-04-16,2099-12-31,
2000001901,Doppler Carotid - US (state side),,gstt_iclinicalmanager,,N,1157101001,2025-04-16,2099-12-31,
2000001902,Surgical Pathology 1st Addendum (Renal),,gstt_iclinicalmanager,,N,7000001355101001,2025-04-16,2099-12-31,
2000001903,UA Lower Limb Deep Veins,,gstt_iclinicalmanager,,N,1000001008101001,2025-04-16,2099-12-31,
2000001904,Kidney Both - US (Urology use only),,gstt_iclinicalmanager,,N,2000004106101001,2025-04-16,2099-12-31,
2000001905,Endobronchial Ultrasound (EBUS),,gstt_iclinicalmanager,,N,1000004092101001,2025-04-16,2099-12-31,
2000000229,Hickman line insertion - X-ray,,gstt_iclinicalmanager,,N,2000001292101001,2025-04-16,2099-12-31,
2000001906,Serum Galactomannan Assay,,gstt_iclinicalmanager,,N,2000003987101001,2025-04-16,2099-12-31,
2000001907,Ovomucoid Allergen,,gstt_iclinicalmanager,,N,3000003344101001,2025-04-16,2099-12-31,
2000001210,Striated Muscle Antibody.,,gstt_iclinicalmanager,,N,9000001022101001,2025-04-16,2099-12-31,
2000001212,Interleukin 5 (ELLA),,gstt_iclinicalmanager,,N,2000004312101001,2025-04-16,2099-12-31,
2000001213,Interleukin 13 (ELLA),,gstt_iclinicalmanager,,N,1000004312101001,2025-04-16,2099-12-31,
2000001908,Hepatitis B eAb Interpretation (pregnant,,gstt_iclinicalmanager,,N,9000001122101001,2025-04-16,2099-12-31,
2000001909,Foot Rt - US,,gstt_iclinicalmanager,,N,3615101001,2025-04-16,2099-12-31,
2000001910,Oxalate Creatinine Ratio,,gstt_iclinicalmanager,,N,1000001816101001,2025-04-16,2099-12-31,
2000001911,Doppler Vein - US (state site),,gstt_iclinicalmanager,,N,4000001157101001,2025-04-16,2099-12-31,
2000001913,ENA Ribosomal -P Ab,,gstt_iclinicalmanager,,N,2000001651101001,2025-04-16,2099-12-31,
2000001912,Anti-MPO Ab (FIDIS),,gstt_iclinicalmanager,,N,3000003386101001,2025-04-16,2099-12-31,
2000001914,Anti-PR3 Ab (FIDIS),,gstt_iclinicalmanager,,N,6000003386101001,2025-04-16,2099-12-31,
2000001204,Anti-GBM Ab (FIDIS),,gstt_iclinicalmanager,,N,7000003386101001,2025-04-16,2099-12-31,
2000001916,Unprocessed Virology Sample,,gstt_iclinicalmanager,,N,1000001286101001,2025-04-16,2099-12-31,
2000001915,Micturating Cysto Urethrogram,,gstt_iclinicalmanager,,N,2000001070101001,2025-04-16,2099-12-31,
2000001917,NCGPSMA,,gstt_iclinicalmanager,,N,1000003861101001,2025-04-16,2099-12-31,
2000001918,Head Swab,,gstt_iclinicalmanager,,N,3000001121101001,2025-04-16,2099-12-31,
2000001919,Pinenut allergen,,gstt_iclinicalmanager,,N,6000002245101001,2025-04-16,2099-12-31,
2000000115,B/P - Systolic,,gstt_iclinicalmanager,,N,6000001007290001,2025-04-16,2099-12-31,
2000000124,B/P - Diastolic,,gstt_iclinicalmanager,,N,5000001007290001,2025-04-16,2099-12-31,
2000001920,POCT Granulocytes.,,gstt_iclinicalmanager,,N,3000004343101001,2025-04-16,2099-12-31,
2000000037,POCT MCV.,,gstt_iclinicalmanager,,N,7000004343101001,2025-04-16,2099-12-31,
2000000047,POCT Lymphocytes.,,gstt_iclinicalmanager,,N,6000004343101001,2025-04-16,2099-12-31,
2000000018,POCT PLT.,,gstt_iclinicalmanager,,N,9000004343101001,2025-04-16,2099-12-31,
2000000040,POCT RDW.,,gstt_iclinicalmanager,,N,1000004344101001,2025-04-16,2099-12-31,
2000000023,POCT HB.,,gstt_iclinicalmanager,,N,5000004343101001,2025-04-16,2099-12-31,
2000000050,POCT Monocytes.,,gstt_iclinicalmanager,,N,8000004343101001,2025-04-16,2099-12-31,
2000001922,Sleep Clinic - Paediatric Inpatient O2/ CO2 Study,,gstt_iclinicalmanager,,N,3000003530101001,2025-04-16,2099-12-31,
2000001921,POCT HCT..,,gstt_iclinicalmanager,,N,4000004343101001,2025-04-16,2099-12-31,
2000000005,POCT WBC.,,gstt_iclinicalmanager,,N,2000004344101001,2025-04-16,2099-12-31,
2000000009,POCT RBC.,,gstt_iclinicalmanager,,N,4344101001,2025-04-16,2099-12-31,
2000001923,Angiogram Lower Limb Left - CT,,gstt_iclinicalmanager,,N,2000003534101001,2025-04-16,2099-12-31,
2000001924,CSF Cytospin (Haematology),,gstt_iclinicalmanager,,N,4000001153101001,2025-04-16,2099-12-31,
2000001925,Calcitonin Level,,gstt_iclinicalmanager,,N,6000001182101001,2025-04-16,2099-12-31,
2000001926,Flexible Bronchoscopy,,gstt_iclinicalmanager,,N,2000003005101001,2025-04-16,2099-12-31,
2000001927,Unprocessed  Group &  Antibody Screen,,gstt_iclinicalmanager,,N,1000002943101001,2025-04-16,2099-12-31,
2000001928,Fetal Echocardiogram,,gstt_iclinicalmanager,,N,1000004023101001,2025-04-16,2099-12-31,
2000001929,SEHCAT - N Med,,gstt_iclinicalmanager,,N,1096101001,2025-04-16,2099-12-31,
2000001930,Transferrin Glycoforms,,gstt_iclinicalmanager,,N,5000001637101001,2025-04-16,2099-12-31,
2000001931,Hip Both - CT,,gstt_iclinicalmanager,,N,2729101001,2025-04-16,2099-12-31,
2000001933,Mitochondrial Antibody Type,,gstt_iclinicalmanager,,N,2000001522101001,2025-04-16,2099-12-31,
2000001932,CD14 Antibody,,gstt_iclinicalmanager,,N,8000001172101001,2025-04-16,2099-12-31,
2000000230,Lateral Thoracic & Lumbar spine - X-Ray,,gstt_iclinicalmanager,,N,1000001632101001,2025-04-16,2099-12-31,
2000001934,.CSF Xanthochromia,,gstt_iclinicalmanager,,N,2000001020101001,2025-04-16,2099-12-31,
2000001935,Cortisol,,gstt_iclinicalmanager,,N,2000001383290001,2025-04-16,2099-12-31,
2000000093,POCT C Reactive Protein.,,gstt_iclinicalmanager,,N,2000004343101001,2025-04-16,2099-12-31,
2000001937,Sodium Level Fluid,,gstt_iclinicalmanager,,N,2000001019101001,2025-04-16,2099-12-31,
2000001936,Cardiopulmonary Exercise Test,,gstt_iclinicalmanager,,N,1000002321101001,2025-04-16,2099-12-31,
2000001938,Toxoplasma Antibodies,,gstt_iclinicalmanager,,N,1000001004101001,2025-04-16,2099-12-31,
2000000231,Soft tissues - X-Ray,,gstt_iclinicalmanager,,N,6000001019101001,2025-04-16,2099-12-31,
2000001939,UA Guidance During Foam Sclerotherapy,,gstt_iclinicalmanager,,N,2000002220101001,2025-04-16,2099-12-31,
2000000232,Sinuses - X-Ray,,gstt_iclinicalmanager,,N,6000001016101001,2025-04-16,2099-12-31,
2000001940,Buttock (Left) Swab,,gstt_iclinicalmanager,,N,2000001181101001,2025-04-16,2099-12-31,
2000001942,UA Upper Limb Arterial,,gstt_iclinicalmanager,,N,3000001009101001,2025-04-16,2099-12-31,
2000001941,AFB Investigation Bronchoalveolar Lavage,,gstt_iclinicalmanager,,N,2000001399101001,2025-04-16,2099-12-31,
2000001943,Axilla Left - US,,gstt_iclinicalmanager,,N,1000004093101001,2025-04-16,2099-12-31,
2000001214,Interleukin 17,,gstt_iclinicalmanager,,N,1000004207101001,2025-04-16,2099-12-31,
2000001215,Interleukin 10,,gstt_iclinicalmanager,,N,2000004206101001,2025-04-16,2099-12-31,
2000001945,Nephrostomy Urine.,,gstt_iclinicalmanager,,N,5000003216101001,2025-04-16,2099-12-31,
2000001944,Interleukin 2 Receptor Alpha/CD25,,gstt_iclinicalmanager,,N,1000004206101001,2025-04-16,2099-12-31,
2000001946,Interferon Gamma,,gstt_iclinicalmanager,,N,4000004206101001,2025-04-16,2099-12-31,
2000001947,Hand (Left) Swab,,gstt_iclinicalmanager,,N,8000001119101001,2025-04-16,2099-12-31,
2000001948,St John's Dermatology Skin Swab,,gstt_iclinicalmanager,,N,2000001021101001,2025-04-16,2099-12-31,
2000001949,Lamotrigine Level,,gstt_iclinicalmanager,,N,5000001060101001,2025-04-16,2099-12-31,
2000001950,Adamts 13  Activity,,gstt_iclinicalmanager,,N,1000003471101001,2025-04-16,2099-12-31,
2000001951,Meningococcal PCR,,gstt_iclinicalmanager,,N,6000001068101001,2025-04-16,2099-12-31,
2000001952,Rubella IgM.,,gstt_iclinicalmanager,,N,4000001010101001,2025-04-16,2099-12-31,
2000001953,Adrenals - MRI,,gstt_iclinicalmanager,,N,7000001192101001,2025-04-16,2099-12-31,
2000001954,Brachial plexus - MRI,,gstt_iclinicalmanager,,N,5000001213101001,2025-04-16,2099-12-31,
2000001955,Gentamicin Assay,,gstt_iclinicalmanager,,N,5000001142101001,2025-04-16,2099-12-31,
2000001956,Abdominal Aorta - CT,,gstt_iclinicalmanager,,N,5000002057101001,2025-04-16,2099-12-31,
2000001958,Schistosomal Serology,,gstt_iclinicalmanager,,N,6000001095101001,2025-04-16,2099-12-31,
2000001957,Creatinine Level 24H PD Fluid,,gstt_iclinicalmanager,,N,1161101001,2025-04-16,2099-12-31,
2000001959,Urea Level 24H PD Fluid,,gstt_iclinicalmanager,,N,1000001005101001,2025-04-16,2099-12-31,
2000001960,Echo Test - Cardiac OPD.,,gstt_iclinicalmanager,,N,1000002534101001,2025-04-16,2099-12-31,
2000001961,Viral Rash/Illness,,gstt_iclinicalmanager,,N,2000002533101001,2025-04-16,2099-12-31,
2000001962,PTA No Angio.,,gstt_iclinicalmanager,,N,3000001088101001,2025-04-16,2099-12-31,
2000001963,Gastric Parietal Cell Ab Titre,,gstt_iclinicalmanager,,N,5000001309101001,2025-04-16,2099-12-31,
2000001964,Insulin Antibodies,,gstt_iclinicalmanager,,N,5000003355101001,2025-04-16,2099-12-31,
2000001965,Amylase Excretion Urine,,gstt_iclinicalmanager,,N,3000001197101001,2025-04-16,2099-12-31,
2000001967,Haemochromatosis Mutations (HFE),,gstt_iclinicalmanager,,N,3000001439101001,2025-04-16,2099-12-31,
2000001966,CD10 Antibody..,,gstt_iclinicalmanager,,N,8000001745101001,2025-04-16,2099-12-31,
2000001968,Angiography for TAVI Planning - CT,,gstt_iclinicalmanager,,N,1000003689101001,2025-04-16,2099-12-31,
2000001969,Angiogram Lower Limb Right - CT,,gstt_iclinicalmanager,,N,3000003534101001,2025-04-16,2099-12-31,
2000001174,Factor X,,gstt_iclinicalmanager,,N,8000001140101001,2025-04-16,2099-12-31,
2000001970,Malaria Parasite Antigen,,gstt_iclinicalmanager,,N,7000001885101001,2025-04-16,2099-12-31,
2000001971,UA Upper Limb Venous,,gstt_iclinicalmanager,,N,7000001690101001,2025-04-16,2099-12-31,
2000001972,%Parasitaemia,,gstt_iclinicalmanager,,N,9000001885101001,2025-04-16,2099-12-31,
2000000233,Finger - X-Ray,,gstt_iclinicalmanager,,N,3000001136101001,2025-04-16,2099-12-31,
2000000583,ANCA Immunofluorescence,,gstt_iclinicalmanager,,N,1000001449101001,2025-04-16,2099-12-31,
2000001974,Malaria Parasite Confirmation,,gstt_iclinicalmanager,,N,1000001886101001,2025-04-16,2099-12-31,
2000001973,CD2 Antibody..,,gstt_iclinicalmanager,,N,2000001752101001,2025-04-16,2099-12-31,
2000001975,Thiamine Level,,gstt_iclinicalmanager,,N,9000001009101001,2025-04-16,2099-12-31,
2000001976,CD19 Lymphocytes,,gstt_iclinicalmanager,,N,4000001173101001,2025-04-16,2099-12-31,
2000001977,CD20 Count,,gstt_iclinicalmanager,,N,1000003846101001,2025-04-16,2099-12-31,
2000001978,Coconut Allergen,,gstt_iclinicalmanager,,N,4000002245101001,2025-04-16,2099-12-31,
2000001979,Axilla (Right) Swab,,gstt_iclinicalmanager,,N,8000001207101001,2025-04-16,2099-12-31,
2000001980,Mixed Tree Pollens allergen,,gstt_iclinicalmanager,,N,6000002244101001,2025-04-16,2099-12-31,
2000001195,Gliadin Ab IgG,,gstt_iclinicalmanager,,N,1112101001,2025-04-16,2099-12-31,
2000001196,Gliadin Ab IgA,,gstt_iclinicalmanager,,N,9000001111101001,2025-04-16,2099-12-31,
2000001981,Neuronal Nuclear Abs (Ri and Hu),,gstt_iclinicalmanager,,N,3000003392101001,2025-04-16,2099-12-31,
2000001982,Blue Mussel Allergen,,gstt_iclinicalmanager,,N,3000002272101001,2025-04-16,2099-12-31,
2000001983,Haemophilia Genetics Results,,gstt_iclinicalmanager,,N,2000003840101001,2025-04-16,2099-12-31,
2000001984,UA TransCranial Doppler.,,gstt_iclinicalmanager,,N,5000003748101001,2025-04-16,2099-12-31,
2000001985,Soft tissue (other) - MRI,,gstt_iclinicalmanager,,N,5000001019101001,2025-04-16,2099-12-31,
2000001986,Alternaria (Recomb) Allergen,,gstt_iclinicalmanager,,N,1000003375101001,2025-04-16,2099-12-31,
2000000390,INR (Manual),,gstt_iclinicalmanager,,N,7000001059101001,2025-04-16,2099-12-31,
2000001988,Periapicals > 10 films - Dental,,gstt_iclinicalmanager,,N,5000002811101001,2025-04-16,2099-12-31,
2000001987,Axilla Right - US,,gstt_iclinicalmanager,,N,2000004093101001,2025-04-16,2099-12-31,
2000001989,Cryptococcal Antigen Blood (Serum),,gstt_iclinicalmanager,,N,2000003270101001,2025-04-16,2099-12-31,
2000001991,Pristanate Level,,gstt_iclinicalmanager,,N,1000002716101001,2025-04-16,2099-12-31,
2000001990,Amylase Level Urine,,gstt_iclinicalmanager,,N,7000001197101001,2025-04-16,2099-12-31,
2000001992,C1 Esterase Inhibitor.,,gstt_iclinicalmanager,,N,8000001183101001,2025-04-16,2099-12-31,
2000001994,Urine CTX.,,gstt_iclinicalmanager,,N,1000001585101001,2025-04-16,2099-12-31,
2000001993,Specific IgE.,,gstt_iclinicalmanager,,N,1000002294101001,2025-04-16,2099-12-31,
2000001995,Peritoneal Swab,,gstt_iclinicalmanager,,N,7000001073101001,2025-04-16,2099-12-31,
2000001996,Hand and wrist Both - US,,gstt_iclinicalmanager,,N,8000003619101001,2025-04-16,2099-12-31,
2000001997,Routine Anti-Xa,,gstt_iclinicalmanager,,N,1000001412101001,2025-04-16,2099-12-31,
2000001998,Femur Both - MRI,,gstt_iclinicalmanager,,N,8000002743101001,2025-04-16,2099-12-31,
2000002000,Dihydro Testosterone Level,,gstt_iclinicalmanager,,N,9000001155101001,2025-04-16,2099-12-31,
2000001999,Chickpea Allergen,,gstt_iclinicalmanager,,N,2000002248101001,2025-04-16,2099-12-31,
2000002001,Sample for Molecular Investigations,,gstt_iclinicalmanager,,N,9000001093101001,2025-04-16,2099-12-31,
2000002002,Oesophageal Dilatation,,gstt_iclinicalmanager,,N,4000001041101001,2025-04-16,2099-12-31,
2000002003,Sleep Clinic - Paediatric Actigraphy Study,,gstt_iclinicalmanager,,N,1000003530101001,2025-04-16,2099-12-31,
2000002004,Oligoclonal bands - CSF,,gstt_iclinicalmanager,,N,1000001339101001,2025-04-16,2099-12-31,
2000002005,Comment 1,,gstt_iclinicalmanager,,N,9000001167101001,2025-04-16,2099-12-31,
2000002006,Specific IgE,,gstt_iclinicalmanager,,N,9000001019101001,2025-04-16,2099-12-31,
2000002007,Tunnelled Line Insertion,,gstt_iclinicalmanager,,N,2000001007101001,2025-04-16,2099-12-31,
2000002009,Complement Classical Pathway,,gstt_iclinicalmanager,,N,1000001169101001,2025-04-16,2099-12-31,
2000002008,Buttock (Right) Swab,,gstt_iclinicalmanager,,N,3000001181101001,2025-04-16,2099-12-31,
2000002010,Methotrexate Level,,gstt_iclinicalmanager,,N,8000001069101001,2025-04-16,2099-12-31,
2000002011,Gastric Parietal Cell Ab Paed,,gstt_iclinicalmanager,,N,2000003369101001,2025-04-16,2099-12-31,
2000002012,Liver Kidney Microsome Ab Paed,,gstt_iclinicalmanager,,N,9000003322101001,2025-04-16,2099-12-31,
2000002013,Surgical Pathology 2nd Addendum Report,,gstt_iclinicalmanager,,N,2000001356101001,2025-04-16,2099-12-31,
2000001181,Mitochondrial Antibodies Paed,,gstt_iclinicalmanager,,N,4000003329101001,2025-04-16,2099-12-31,
2000001200,Smooth Muscle Antibodies Paed,,gstt_iclinicalmanager,,N,8000003315101001,2025-04-16,2099-12-31,
2000002014,Clean Catch Urine,,gstt_iclinicalmanager,,N,5000001166101001,2025-04-16,2099-12-31,
2000002016,Wound Specimen,,gstt_iclinicalmanager,,N,9000001249101001,2025-04-16,2099-12-31,
2000002015,Left wrist - CT,,gstt_iclinicalmanager,,N,8000001480101001,2025-04-16,2099-12-31,
2000002017,Potassium Level Fluid,,gstt_iclinicalmanager,,N,4000001079101001,2025-04-16,2099-12-31,
2000002018,Mercaptopurine,,gstt_iclinicalmanager,,N,1000001282290001,2025-04-16,2099-12-31,
2000002019,TSVT 50:50 mix,,gstt_iclinicalmanager,,N,3000001412101001,2025-04-16,2099-12-31,
2000002020,Ecarin Time 50:50 mix,,gstt_iclinicalmanager,,N,2000001415101001,2025-04-16,2099-12-31,
2000002021,Sore,,gstt_iclinicalmanager,,N,1000001135290001,2025-04-16,2099-12-31,
2000002022,Tomosynthesis Left Breast,,gstt_iclinicalmanager,,N,4000003487101001,2025-04-16,2099-12-31,
2000002023,Registrar Blood Film Comments,,gstt_iclinicalmanager,,N,2000001318101001,2025-04-16,2099-12-31,
2000002025,Dry,,gstt_iclinicalmanager,,N,8000001134290001,2025-04-16,2099-12-31,
2000002024,CD19 Antibody..,,gstt_iclinicalmanager,,N,3000002576101001,2025-04-16,2099-12-31,
2000002026,Ascitic Fluid for AFB,,gstt_iclinicalmanager,,N,1207101001,2025-04-16,2099-12-31,
2000002027,Gastrin Level,,gstt_iclinicalmanager,,N,3000001141101001,2025-04-16,2099-12-31,
2000002028,Lower leg Both - MRI,,gstt_iclinicalmanager,,N,3000002743101001,2025-04-16,2099-12-31,
2000002029,Apixaban (Eliquis),,gstt_iclinicalmanager,,N,3000003649101001,2025-04-16,2099-12-31,
2000002030,UA Aortic Aneurysm,,gstt_iclinicalmanager,,N,6000001007101001,2025-04-16,2099-12-31,
2000002031,Hand Rt - MRI,,gstt_iclinicalmanager,,N,9000002742101001,2025-04-16,2099-12-31,
2000002032,UA Upper Limb Arterial.,,gstt_iclinicalmanager,,N,9000003749101001,2025-04-16,2099-12-31,
2000002033,Brain DAT - N Med,,gstt_iclinicalmanager,,N,3000001652101001,2025-04-16,2099-12-31,
2000002035,RPR (replaces VDRL),,gstt_iclinicalmanager,,N,1000001093101001,2025-04-16,2099-12-31,
2000002034,Helicobacter pylori IgG Abs,,gstt_iclinicalmanager,,N,1122101001,2025-04-16,2099-12-31,
2000002036,Loopogram,,gstt_iclinicalmanager,,N,5000001064101001,2025-04-16,2099-12-31,
2000002037,Guided nerve root injection cervical - CT,,gstt_iclinicalmanager,,N,6000002726101001,2025-04-16,2099-12-31,
2000002038,RIG Insertion,,gstt_iclinicalmanager,,N,1000002195101001,2025-04-16,2099-12-31,
2000000234,IVU in A&E - X-ray,,gstt_iclinicalmanager,,N,1000001517101001,2025-04-16,2099-12-31,
2000002039,Very Long Chain Fatty Acid C22,,gstt_iclinicalmanager,,N,1000002958101001,2025-04-16,2099-12-31,
2000002040,Very Long Chain Fatty Acid C24,,gstt_iclinicalmanager,,N,2000002958101001,2025-04-16,2099-12-31,
2000002041,CD3 Antibody..,,gstt_iclinicalmanager,,N,9000001752101001,2025-04-16,2099-12-31,
2000002042,Tooting NBTS Referral Work,,gstt_iclinicalmanager,,N,3000001244101001,2025-04-16,2099-12-31,
2000002043,Unprocessed VB12,,gstt_iclinicalmanager,,N,1000001273101001,2025-04-16,2099-12-31,
2000001192,Reticulin Type 1 Antibody,,gstt_iclinicalmanager,,N,5000001091101001,2025-04-16,2099-12-31,
2000002045,ZPDELAY,,gstt_iclinicalmanager,,N,1000003021101001,2025-04-16,2099-12-31,
2000002044,M2 Blot,,gstt_iclinicalmanager,,N,8000003329101001,2025-04-16,2099-12-31,
2000002046,Anti-SLA Blot,,gstt_iclinicalmanager,,N,9000003335101001,2025-04-16,2099-12-31,
2000002048,Anti-LKM Blot,,gstt_iclinicalmanager,,N,2000003323101001,2025-04-16,2099-12-31,
2000002047,Anti-LC1 Blot,,gstt_iclinicalmanager,,N,3000003316101001,2025-04-16,2099-12-31,
2000002049,Mixed Grasses Allergen,,gstt_iclinicalmanager,,N,4000002241101001,2025-04-16,2099-12-31,
2000002051,Mobile image intensifier Upper Limb Lt - Th,,gstt_iclinicalmanager,,N,3000002648101001,2025-04-16,2099-12-31,
2000001175,Factor V,,gstt_iclinicalmanager,,N,3000001130101001,2025-04-16,2099-12-31,
2000002050,Guided biopsy Liver - US,,gstt_iclinicalmanager,,N,4000002873101001,2025-04-16,2099-12-31,
2000002052,Fetal medicine - MRI (specify area),,gstt_iclinicalmanager,,N,6000001554101001,2025-04-16,2099-12-31,
2000002054,Sinuses - MRI,,gstt_iclinicalmanager,,N,5000001016101001,2025-04-16,2099-12-31,
2000002053,Pacing Wire MC & S,,gstt_iclinicalmanager,,N,2000001046101001,2025-04-16,2099-12-31,
2000002055,Tomosynthesis Right Breast,,gstt_iclinicalmanager,,N,5000003487101001,2025-04-16,2099-12-31,
2000002056,CT - Add 1 area + contrast,,gstt_iclinicalmanager,,N,4000001151101001,2025-04-16,2099-12-31,
2000002057,Lower limb Both - MRI,,gstt_iclinicalmanager,,N,7000002752101001,2025-04-16,2099-12-31,
2000002058,UA Guidance during EVLT,,gstt_iclinicalmanager,,N,1000001864101001,2025-04-16,2099-12-31,
2000002059,Albumin Excretion Urine,,gstt_iclinicalmanager,,N,9000001193101001,2025-04-16,2099-12-31,
2000002060,Thigh (Right) Swab,,gstt_iclinicalmanager,,N,1000001010101001,2025-04-16,2099-12-31,
2000001205,Anti-GBM Ab (FIDIS),,gstt_iclinicalmanager,,N,1000002978101001,2025-04-16,2099-12-31,
2000002061,Anti-MPO Ab (FIDIS),,gstt_iclinicalmanager,,N,3000002978101001,2025-04-16,2099-12-31,
2000002062,Anti-PR3 Ab (FIDIS),,gstt_iclinicalmanager,,N,2000002978101001,2025-04-16,2099-12-31,
2000002064,Urethrogram,,gstt_iclinicalmanager,,N,3000001006101001,2025-04-16,2099-12-31,
2000002063,Clado. Herbarum Allergen,,gstt_iclinicalmanager,,N,2250101001,2025-04-16,2099-12-31,
2000002065,NMDA Receptor Antibodies,,gstt_iclinicalmanager,,N,3342101001,2025-04-16,2099-12-31,
2000001216,Interleukin 6,,gstt_iclinicalmanager,,N,2000004205101001,2025-04-16,2099-12-31,
2000001217,Interleukin 8,,gstt_iclinicalmanager,,N,3000004205101001,2025-04-16,2099-12-31,
2000001176,Tissue Necrosis Factor Alpha,,gstt_iclinicalmanager,,N,4000004205101001,2025-04-16,2099-12-31,
2000001218,Interleukin 1b,,gstt_iclinicalmanager,,N,1000004205101001,2025-04-16,2099-12-31,
2000002067,Unprocessed Serum Folate,,gstt_iclinicalmanager,,N,2000001273101001,2025-04-16,2099-12-31,
2000002066,Glandular Fever screen comment,,gstt_iclinicalmanager,,N,1000002612101001,2025-04-16,2099-12-31,
2000002068,Red cell mass - N Med,,gstt_iclinicalmanager,,N,1087101001,2025-04-16,2099-12-31,
2000002069,Carboxyhaemoglobin,,gstt_iclinicalmanager,,N,7000001184101001,2025-04-16,2099-12-31,
2000002070,Crab Allergen,,gstt_iclinicalmanager,,N,5000002248101001,2025-04-16,2099-12-31,
2000002071,Iliac PTA,,gstt_iclinicalmanager,,N,5000001100101001,2025-04-16,2099-12-31,
2000002072,Citrate Level Urine,,gstt_iclinicalmanager,,N,1000001367101001,2025-04-16,2099-12-31,
2000002073,Soya allergen,,gstt_iclinicalmanager,,N,5000002246101001,2025-04-16,2099-12-31,
2000002074,Unprocessed ESR,,gstt_iclinicalmanager,,N,7000001273101001,2025-04-16,2099-12-31,
2000002075,Right wrist - CT,,gstt_iclinicalmanager,,N,1000001481101001,2025-04-16,2099-12-31,
2000002076,CMV Early Antigen (DEAFF),,gstt_iclinicalmanager,,N,1000001167101001,2025-04-16,2099-12-31,
2000002077,Kidney - MRI,,gstt_iclinicalmanager,,N,3000001057101001,2025-04-16,2099-12-31,
2000002078,Seminal Fluid (Infection),,gstt_iclinicalmanager,,N,5000001390101001,2025-04-16,2099-12-31,
2000000235,Operative Specimen - X-Ray,,gstt_iclinicalmanager,,N,1042101001,2025-04-16,2099-12-31,
2000002079,MRSA Screen - Other Specimen,,gstt_iclinicalmanager,,N,7000001054101001,2025-04-16,2099-12-31,
2000002080,Urine Collection Period.,,gstt_iclinicalmanager,,N,8000001030101001,2025-04-16,2099-12-31,
2000000130,Heart Rate (bpm),,gstt_iclinicalmanager,,N,1000001330290001,2025-04-16,2099-12-31,
2000002081,Aggregometry Screen for HIT,,gstt_iclinicalmanager,,N,2000001193101001,2025-04-16,2099-12-31,
2000002082,B-Hydroxybutyrate,,gstt_iclinicalmanager,,N,1000001855101001,2025-04-16,2099-12-31,
2000002083,Cardiac calcium score - CT,,gstt_iclinicalmanager,,N,3000002613101001,2025-04-16,2099-12-31,
2000000131,Heart Rate,,gstt_iclinicalmanager,,N,7000001330290001,2025-04-16,2099-12-31,
2000002084,Cat dander allergen,,gstt_iclinicalmanager,,N,5000002241101001,2025-04-16,2099-12-31,
2000002085,Thyroid Cytoplasm Antibody,,gstt_iclinicalmanager,,N,1000001436101001,2025-04-16,2099-12-31,
2000000236,Transit Study abdomen - X-Ray,,gstt_iclinicalmanager,,N,3000001015101001,2025-04-16,2099-12-31,
2000002086,USD - Thyroid US,,gstt_iclinicalmanager,,N,2000001926101001,2025-04-16,2099-12-31,
2000002087,Naso-gastric Tube Insertion,,gstt_iclinicalmanager,,N,6000001048101001,2025-04-16,2099-12-31,
2000002089,UA Renal Assessment,,gstt_iclinicalmanager,,N,1009101001,2025-04-16,2099-12-31,
2000002088,Induced Sputum for AFB's,,gstt_iclinicalmanager,,N,1000002762101001,2025-04-16,2099-12-31,
2000002090,Face - CT,,gstt_iclinicalmanager,,N,2000001665101001,2025-04-16,2099-12-31,
2000002092,Originating Lab Number...,,gstt_iclinicalmanager,,N,1000002488101001,2025-04-16,2099-12-31,
2000002091,NDEXMBC,,gstt_iclinicalmanager,,N,1000002230101001,2025-04-16,2099-12-31,
2000002093,Embolisation (site to be specified),,gstt_iclinicalmanager,,N,7000001145101001,2025-04-16,2099-12-31,
2000002094,Birch (recombinant)  rBet v 1 Allergen,,gstt_iclinicalmanager,,N,3315101001,2025-04-16,2099-12-31,
2000002095,IAM - CT,,gstt_iclinicalmanager,,N,8000001102101001,2025-04-16,2099-12-31,
2000002096,Free Cortisol Level Urine,,gstt_iclinicalmanager,,N,7000001138101001,2025-04-16,2099-12-31,
2000002098,Urine Other (Microbiology),,gstt_iclinicalmanager,,N,4000001030101001,2025-04-16,2099-12-31,
2000002097,Radium 223 therapy - N Med,,gstt_iclinicalmanager,,N,1000003285101001,2025-04-16,2099-12-31,
2000002099,Prednisolone Level,,gstt_iclinicalmanager,,N,1000001080101001,2025-04-16,2099-12-31,
2000002100,Delayed imaging - N Med,,gstt_iclinicalmanager,,N,3000001638101001,2025-04-16,2099-12-31,
2000000237,Portacath insertion - X-ray,,gstt_iclinicalmanager,,N,3000001292101001,2025-04-16,2099-12-31,
2000002101,Peritoneal Fluid,,gstt_iclinicalmanager,,N,6000001073101001,2025-04-16,2099-12-31,
2000002102,Vitamin E Level.,,gstt_iclinicalmanager,,N,2000002329101001,2025-04-16,2099-12-31,
2000002103,Blood Spot Homocysteine,,gstt_iclinicalmanager,,N,2000003157101001,2025-04-16,2099-12-31,
2000002104,Blood Spot Methionine,,gstt_iclinicalmanager,,N,1000003157101001,2025-04-16,2099-12-31,
2000002105,Upper standard Occlusal - Dental,,gstt_iclinicalmanager,,N,5000002075101001,2025-04-16,2099-12-31,
2000002107,Unprocessed HBA1,,gstt_iclinicalmanager,,N,8000001278101001,2025-04-16,2099-12-31,
2000002106,Kiwi Fruit Allergen,,gstt_iclinicalmanager,,N,4000002246101001,2025-04-16,2099-12-31,
2000002108,Pelvic Floor - US,,gstt_iclinicalmanager,,N,1000002546101001,2025-04-16,2099-12-31,
2000002109,Thigh (Left) Swab,,gstt_iclinicalmanager,,N,1010101001,2025-04-16,2099-12-31,
2000002111,Acute CM Panel Conclusion..,,gstt_iclinicalmanager,,N,4000001754101001,2025-04-16,2099-12-31,
2000002110,AFB Investigations Non-directed BAL,,gstt_iclinicalmanager,,N,3000001399101001,2025-04-16,2099-12-31,
2000000041,RDW.,,gstt_iclinicalmanager,,N,2000001564101001,2025-04-16,2099-12-31,
2000002112,MOH,,gstt_iclinicalmanager,,N,1000003791101001,2025-04-16,2099-12-31,
2000002114,UA Upper Limb Venous.,,gstt_iclinicalmanager,,N,3750101001,2025-04-16,2099-12-31,
2000002113,Glucagon Level,,gstt_iclinicalmanager,,N,1113101001,2025-04-16,2099-12-31,
2000002115,Pancreatic Polypeptide Level,,gstt_iclinicalmanager,,N,2000001047101001,2025-04-16,2099-12-31,
2000002116,Serotype-specific pneumococcal Abs,,gstt_iclinicalmanager,,N,3000003223101001,2025-04-16,2099-12-31,
2000002117,Vasoactive Intestinal Peptide Level,,gstt_iclinicalmanager,,N,4000001033101001,2025-04-16,2099-12-31,
2000002118,Somatostatin Level,,gstt_iclinicalmanager,,N,8000001019101001,2025-04-16,2099-12-31,
2000002119,HIV-1  antibodies,,gstt_iclinicalmanager,,N,1000003231101001,2025-04-16,2099-12-31,
2000002120,Magnification Lt Mammogram,,gstt_iclinicalmanager,,N,9000001065101001,2025-04-16,2099-12-31,
2000000238,Post Mortem - X-ray,,gstt_iclinicalmanager,,N,1039101001,2025-04-16,2099-12-31,
2000002121,Temporo-mandibular Jt Both - MRI,,gstt_iclinicalmanager,,N,2000002813101001,2025-04-16,2099-12-31,
2000002122,Sample Type - IRPL,,gstt_iclinicalmanager,,N,1000003815101001,2025-04-16,2099-12-31,
2000002124,Peak Flow Rate,,gstt_iclinicalmanager,,N,5000001286290001,2025-04-16,2099-12-31,
2000002123,Oxalate Excretion Urine,,gstt_iclinicalmanager,,N,5000001045101001,2025-04-16,2099-12-31,
2000002125,C1QA Antibody,,gstt_iclinicalmanager,,N,1000001184101001,2025-04-16,2099-12-31,
2000002126,Cord D Group,,gstt_iclinicalmanager,,N,1000004152101001,2025-04-16,2099-12-31,
2000002127,POCT Respiratory Syncytial Virus RNA,,gstt_iclinicalmanager,,N,4000004245101001,2025-04-16,2099-12-31,
2000002129,Growth Hormone (old units),,gstt_iclinicalmanager,,N,2000001703101001,2025-04-16,2099-12-31,
2000002128,Glutamic Acid Dehydrogenase Antibodies.,,gstt_iclinicalmanager,,N,1000001592101001,2025-04-16,2099-12-31,
2000002130,Kidney Rt - US,,gstt_iclinicalmanager,,N,9000002754101001,2025-04-16,2099-12-31,
2000002132,POCT Influenza B RNA.,,gstt_iclinicalmanager,,N,3000004299101001,2025-04-16,2099-12-31,
2000002131,POCT Influenza A RNA.,,gstt_iclinicalmanager,,N,2000004299101001,2025-04-16,2099-12-31,
2000002133,Hypoxanthine Urine,,gstt_iclinicalmanager,,N,7000001767101001,2025-04-16,2099-12-31,
2000002135,Urate (HPLC) Urine,,gstt_iclinicalmanager,,N,9000001770101001,2025-04-16,2099-12-31,
2000002134,Arterial stent Iliac Lt,,gstt_iclinicalmanager,,N,1000002859101001,2025-04-16,2099-12-31,
2000001144,Acylcarnitine Level,,gstt_iclinicalmanager,,N,1000001806101001,2025-04-16,2099-12-31,
2000002136,Xanthine Urine,,gstt_iclinicalmanager,,N,3000001771101001,2025-04-16,2099-12-31,
2000002137,Bacterial Molecular PCR,,gstt_iclinicalmanager,,N,2000003972101001,2025-04-16,2099-12-31,
2000002138,Brazil Nut (Recomb) Allergen,,gstt_iclinicalmanager,,N,3326101001,2025-04-16,2099-12-31,
2000002139,Urate/Creatinine ratio Urine,,gstt_iclinicalmanager,,N,1771101001,2025-04-16,2099-12-31,
2000002140,Ureteric Stent insertion - Left,,gstt_iclinicalmanager,,N,9000001005101001,2025-04-16,2099-12-31,
2000002141,Comment,,gstt_iclinicalmanager,,N,6000001765101001,2025-04-16,2099-12-31,
2000002142,Pnuem Cap Polysac IgG Ab Total,,gstt_iclinicalmanager,,N,8000003368101001,2025-04-16,2099-12-31,
2000002143,Anti Pnuem Cap Polysac IgG2 Ab,,gstt_iclinicalmanager,,N,6000003361101001,2025-04-16,2099-12-31,
2000002145,Whole Body - MRI,,gstt_iclinicalmanager,,N,2000003124101001,2025-04-16,2099-12-31,
2000002144,BAL Galactomannan,,gstt_iclinicalmanager,,N,1000003987101001,2025-04-16,2099-12-31,
2000002146,US Other Hospital,,gstt_iclinicalmanager,,N,1000002760101001,2025-04-16,2099-12-31,
2000002148,Radiotherapy Planning - MRI,,gstt_iclinicalmanager,,N,3000002337101001,2025-04-16,2099-12-31,
2000002147,APTT 100 Percent Check END,,gstt_iclinicalmanager,,N,8000001204101001,2025-04-16,2099-12-31,
2000002149,MRSA Nose Axilla Groin,,gstt_iclinicalmanager,,N,1000001890101001,2025-04-16,2099-12-31,
2000002151,Free Cortisol Excretion Urine,,gstt_iclinicalmanager,,N,2000001544101001,2025-04-16,2099-12-31,
2000002150,Antimicrobial Assay (Other),,gstt_iclinicalmanager,,N,2000001372101001,2025-04-16,2099-12-31,
2000002152,Guided injection foot Lt - US,,gstt_iclinicalmanager,,N,5000002626101001,2025-04-16,2099-12-31,
2000002153,Aorta whole - MRA,,gstt_iclinicalmanager,,N,1000002742101001,2025-04-16,2099-12-31,
2000002154,Lobster Allergen,,gstt_iclinicalmanager,,N,2000002280101001,2025-04-16,2099-12-31,
2000002155,Chlamydophila pneumoniae DNA,,gstt_iclinicalmanager,,N,6000003815101001,2025-04-16,2099-12-31,
2000002156,Legionella pneumophila DNA,,gstt_iclinicalmanager,,N,3000003815101001,2025-04-16,2099-12-31,
2000002157,Pneumocystis jiroveci DNA,,gstt_iclinicalmanager,,N,8000003815101001,2025-04-16,2099-12-31,
2000002158,Parathyroid Hormone Level,,gstt_iclinicalmanager,,N,5000001070101001,2025-04-16,2099-12-31,
2000002159,Legionella longbeachae DNA,,gstt_iclinicalmanager,,N,4000003815101001,2025-04-16,2099-12-31,
2000002160,UA Ankle-Brachial Pressure.,,gstt_iclinicalmanager,,N,1000003748101001,2025-04-16,2099-12-31,
2000002161,Sentinel node melanoma - N Med,,gstt_iclinicalmanager,,N,2000002555101001,2025-04-16,2099-12-31,
2000000653,Respiration Rate,,gstt_iclinicalmanager,,N,5000001330290001,2025-04-16,2099-12-31,
2000002162,MUGA - N Med,,gstt_iclinicalmanager,,N,5000001055101001,2025-04-16,2099-12-31,
2000002164,Water soluble meal,,gstt_iclinicalmanager,,N,2000001038101001,2025-04-16,2099-12-31,
2000002163,Hepatitis C RNA PCR,,gstt_iclinicalmanager,,N,3000001122101001,2025-04-16,2099-12-31,
2000002165,Kidney Lt - US,,gstt_iclinicalmanager,,N,8000002754101001,2025-04-16,2099-12-31,
2000000654,Respiration Rate,,gstt_iclinicalmanager,,N,1000001331290001,2025-04-16,2099-12-31,
2000002166,Arterial stent Iliac Rt,,gstt_iclinicalmanager,,N,3000002859101001,2025-04-16,2099-12-31,
2000002167,Dog Dander allergen,,gstt_iclinicalmanager,,N,8000002241101001,2025-04-16,2099-12-31,
2000002168,Mediastinum - MRI,,gstt_iclinicalmanager,,N,3000001068101001,2025-04-16,2099-12-31,
2000002170,Pneumococcal Abs,,gstt_iclinicalmanager,,N,1078101001,2025-04-16,2099-12-31,
2000002169,Elbow Rt - MRI,,gstt_iclinicalmanager,,N,2000001688101001,2025-04-16,2099-12-31,
2000002171,Magnification Rt Mammogram,,gstt_iclinicalmanager,,N,1066101001,2025-04-16,2099-12-31,
2000002172,Aquaporin 4 Ab,,gstt_iclinicalmanager,,N,1000002350101001,2025-04-16,2099-12-31,
2000002173,HLA-DR Antibody..,,gstt_iclinicalmanager,,N,1755101001,2025-04-16,2099-12-31,
2000002174,Potassium Excretion Urine,,gstt_iclinicalmanager,,N,2000001079101001,2025-04-16,2099-12-31,
2000002175,C1 Esterase Inhibitor Level,,gstt_iclinicalmanager,,N,2000001329101001,2025-04-16,2099-12-31,
2000002176,Venogram - CT,,gstt_iclinicalmanager,,N,2736101001,2025-04-16,2099-12-31,
2000000125,B/P - Diastolic,,gstt_iclinicalmanager,,N,2000001330290001,2025-04-16,2099-12-31,
2000000116,B/P - Systolic,,gstt_iclinicalmanager,,N,3000001330290001,2025-04-16,2099-12-31,
2000002177,Mammogram Lt + Compression,,gstt_iclinicalmanager,,N,5000001066101001,2025-04-16,2099-12-31,
2000002178,CD34 Antibody..,,gstt_iclinicalmanager,,N,1000001753101001,2025-04-16,2099-12-31,
2000002180,Toxoplasma IgM.,,gstt_iclinicalmanager,,N,6000001014101001,2025-04-16,2099-12-31,
2000002179,CD10 Antibody.,,gstt_iclinicalmanager,,N,7000001745101001,2025-04-16,2099-12-31,
2000001177,Factor XIII,,gstt_iclinicalmanager,,N,1140101001,2025-04-16,2099-12-31,
2000000391,INR (Manual) Warfarin,,gstt_iclinicalmanager,,N,8000001059101001,2025-04-16,2099-12-31,
2000002181,MIDI Research Study - MRI,,gstt_iclinicalmanager,,N,1000004101101001,2025-04-16,2099-12-31,
2000000498,Actual Height (cm),,gstt_iclinicalmanager,,N,1000001021290001,2025-04-16,2099-12-31,
2000000392,Prothrombin Time  INR,,gstt_iclinicalmanager,,N,1000001314101001,2025-04-16,2099-12-31,
2000002182,UA Intima-media Thickness,,gstt_iclinicalmanager,,N,1000002594101001,2025-04-16,2099-12-31,
2000002183,CD33 Antibody..,,gstt_iclinicalmanager,,N,1753101001,2025-04-16,2099-12-31,
2000002185,Vitamin A Level.,,gstt_iclinicalmanager,,N,1000002329101001,2025-04-16,2099-12-31,
2000002184,Faeces for Culture & C.diff Toxin A,,gstt_iclinicalmanager,,N,3000001263101001,2025-04-16,2099-12-31,
2000002186,CD64 Antibody..,,gstt_iclinicalmanager,,N,8000001753101001,2025-04-16,2099-12-31,
2000002188,Sentinel (Throat),,gstt_iclinicalmanager,,N,6000001251101001,2025-04-16,2099-12-31,
2000002187,Androstenedione Level.,,gstt_iclinicalmanager,,N,1000004298101001,2025-04-16,2099-12-31,
2000000239,Knee wt. Bearing Rt - X-Ray,,gstt_iclinicalmanager,,N,1689101001,2025-04-16,2099-12-31,
2000002189,Magnesium Level Urine,,gstt_iclinicalmanager,,N,1000001053101001,2025-04-16,2099-12-31,
2000002190,FNA for AFB,,gstt_iclinicalmanager,,N,3000001741101001,2025-04-16,2099-12-31,
2000000407,APTT..,,gstt_iclinicalmanager,,N,2000001314101001,2025-04-16,2099-12-31,
2000002191,Shrimp allergen,,gstt_iclinicalmanager,,N,7000002245101001,2025-04-16,2099-12-31,
2000002192,Timothy Grass Allergen,,gstt_iclinicalmanager,,N,9000002249101001,2025-04-16,2099-12-31,
2000002193,Albumin:Creatinine Ratio Level Urine,,gstt_iclinicalmanager,,N,5000001194101001,2025-04-16,2099-12-31,
2000000240,Knee wt. Bearing Lt - X-Ray,,gstt_iclinicalmanager,,N,1000001689101001,2025-04-16,2099-12-31,
2000002195,Sentinel (Nose),,gstt_iclinicalmanager,,N,4000001251101001,2025-04-16,2099-12-31,
2000002194,Drainage - CT,,gstt_iclinicalmanager,,N,1158101001,2025-04-16,2099-12-31,
2000002196,Oesophageal Stent Insertion,,gstt_iclinicalmanager,,N,5000001041101001,2025-04-16,2099-12-31,
2000002197,Guided injection foot Rt - US,,gstt_iclinicalmanager,,N,3000002626101001,2025-04-16,2099-12-31,
2000002198,CD2 Antibody.,,gstt_iclinicalmanager,,N,1000001745101001,2025-04-16,2099-12-31,
2000002199,Porphyrins (total) Level Urine,,gstt_iclinicalmanager,,N,7000001078101001,2025-04-16,2099-12-31,
2000002200,TPMT Genotyping,,gstt_iclinicalmanager,,N,1000003654101001,2025-04-16,2099-12-31,
2000002202,TMJs open & closed - Dental,,gstt_iclinicalmanager,,N,1000002075101001,2025-04-16,2099-12-31,
2000002201,CD13 Antibody..,,gstt_iclinicalmanager,,N,3000001751101001,2025-04-16,2099-12-31,
2000002203,Foot Both - US,,gstt_iclinicalmanager,,N,8000003614101001,2025-04-16,2099-12-31,
2000002204,CMV Qualitative PCR.,,gstt_iclinicalmanager,,N,1000004034101001,2025-04-16,2099-12-31,
2000002205,Open Reduction Internal Fixation -Th,,gstt_iclinicalmanager,,N,8000001041101001,2025-04-16,2099-12-31,
2000002206,UA Vein Map.,,gstt_iclinicalmanager,,N,1000003751101001,2025-04-16,2099-12-31,
2000002208,CMV Qualitative PCR sample type,,gstt_iclinicalmanager,,N,3000004034101001,2025-04-16,2099-12-31,
2000000419,Fibrinogen Level (Cardiac Risk),,gstt_iclinicalmanager,,N,1136101001,2025-04-16,2099-12-31,
2000002207,Aspartate Level,,gstt_iclinicalmanager,,N,2000001207101001,2025-04-16,2099-12-31,
2000002209,Tubogram,,gstt_iclinicalmanager,,N,1000001007101001,2025-04-16,2099-12-31,
2000002210,Gastric emptying single - N Med,,gstt_iclinicalmanager,,N,5000001112101001,2025-04-16,2099-12-31,
2000002211,Urate Excretion Urine,,gstt_iclinicalmanager,,N,6000001003101001,2025-04-16,2099-12-31,
2000002212,CD117 Antibody..,,gstt_iclinicalmanager,,N,2000002576101001,2025-04-16,2099-12-31,
2000002214,Resistance Screen,,gstt_iclinicalmanager,,N,1000001091101001,2025-04-16,2099-12-31,
2000002213,Nephrostomy Rt,,gstt_iclinicalmanager,,N,4000001043101001,2025-04-16,2099-12-31,
2000002215,Glycine Level CSF,,gstt_iclinicalmanager,,N,9000001117101001,2025-04-16,2099-12-31,
2000001178,Factor II,,gstt_iclinicalmanager,,N,3000001126101001,2025-04-16,2099-12-31,
2000002217,Vitamin D2 Level.,,gstt_iclinicalmanager,,N,1000003143101001,2025-04-16,2099-12-31,
2000002216,Hand Lt - MRI,,gstt_iclinicalmanager,,N,8000002742101001,2025-04-16,2099-12-31,
2000002218,Whole spine - MRI,,gstt_iclinicalmanager,,N,2000001039101001,2025-04-16,2099-12-31,
2000002220,Vancomycin Assay,,gstt_iclinicalmanager,,N,5000001032101001,2025-04-16,2099-12-31,
2000002219,5HIAA:Creatinine Ratio Urine,,gstt_iclinicalmanager,,N,6000001185101001,2025-04-16,2099-12-31,
2000002221,C1QA Antibody,,gstt_iclinicalmanager,,N,8000003391101001,2025-04-16,2099-12-31,
2000002222,FNA MC & S,,gstt_iclinicalmanager,,N,5000001137101001,2025-04-16,2099-12-31,
2000002223,Spine - US,,gstt_iclinicalmanager,,N,3000001020101001,2025-04-16,2099-12-31,
2000002224,EPO,,gstt_iclinicalmanager,,N,9000001010290001,2025-04-16,2099-12-31,
2000002226,Venogram leg Lt,,gstt_iclinicalmanager,,N,1034101001,2025-04-16,2099-12-31,
2000002225,Pulse (51- 100),,gstt_iclinicalmanager,,N,1027290001,2025-04-16,2099-12-31,
2000002227,Elbow Lt - MRI,,gstt_iclinicalmanager,,N,3000001688101001,2025-04-16,2099-12-31,
2000002228,CD20 Antibody..,,gstt_iclinicalmanager,,N,4000002576101001,2025-04-16,2099-12-31,
2000002229,Direct Antiglobulin Test (Blood Bank),,gstt_iclinicalmanager,,N,2000001156101001,2025-04-16,2099-12-31,
2000002230,ATP:ADP Ratio,,gstt_iclinicalmanager,,N,1000001211101001,2025-04-16,2099-12-31,
2000002231,Prostatic Specific Antigen Level,,gstt_iclinicalmanager,,N,2000001082101001,2025-04-16,2099-12-31,
2000002232,ZINJ,,gstt_iclinicalmanager,,N,1000002774101001,2025-04-16,2099-12-31,
2000002233,Specimen Type,,gstt_iclinicalmanager,,N,1020101001,2025-04-16,2099-12-31,
2000002234,Ureteric Stent insertion - Right,,gstt_iclinicalmanager,,N,1006101001,2025-04-16,2099-12-31,
2000000241,Chest lateral - X-Ray,,gstt_iclinicalmanager,,N,6000001175101001,2025-04-16,2099-12-31,
2000002236,Mammogram Rt + Compression,,gstt_iclinicalmanager,,N,7000001066101001,2025-04-16,2099-12-31,
2000002235,Lutetium 177 somatostatin analogue scan - N Med,,gstt_iclinicalmanager,,N,1000002941101001,2025-04-16,2099-12-31,
2000002237,Vitamin B6,,gstt_iclinicalmanager,,N,2000002558101001,2025-04-16,2099-12-31,
2000002238,8697,,gstt_iclinicalmanager,,N,4000001270101001,2025-04-16,2099-12-31,
2000002239,CSF PCR 2,,gstt_iclinicalmanager,,N,1000001151101001,2025-04-16,2099-12-31,
2000002240,Renal Angiogram - MRI,,gstt_iclinicalmanager,,N,1088101001,2025-04-16,2099-12-31,
2000002242,Inhibin B Level,,gstt_iclinicalmanager,,N,6000001059101001,2025-04-16,2099-12-31,
2000002241,FEV1 %,,gstt_iclinicalmanager,,N,6000001287290001,2025-04-16,2099-12-31,
2000002243,Salivary Duct Dilatation,,gstt_iclinicalmanager,,N,5000001018101001,2025-04-16,2099-12-31,
2000002244,ADP,,gstt_iclinicalmanager,,N,5000001192101001,2025-04-16,2099-12-31,
2000002245,COAL Urine,,gstt_iclinicalmanager,,N,4000003936101001,2025-04-16,2099-12-31,
2000002246,Hand Both - US,,gstt_iclinicalmanager,,N,5000003617101001,2025-04-16,2099-12-31,
2000002247,Localisation Breast Lt - US guided,,gstt_iclinicalmanager,,N,1000002434101001,2025-04-16,2099-12-31,
2000002249,Urine Cystine (Molar),,gstt_iclinicalmanager,,N,3000003936101001,2025-04-16,2099-12-31,
2000002248,ATP,,gstt_iclinicalmanager,,N,1211101001,2025-04-16,2099-12-31,
2000002250,Right ankle - CT,,gstt_iclinicalmanager,,N,3000001480101001,2025-04-16,2099-12-31,
2000002252,Renal Both - MRA,,gstt_iclinicalmanager,,N,3000002742101001,2025-04-16,2099-12-31,
2000002251,N98,,gstt_iclinicalmanager,,N,1000001512101001,2025-04-16,2099-12-31,
2000002253,Nephrostomy Lt,,gstt_iclinicalmanager,,N,3000001043101001,2025-04-16,2099-12-31,
2000002254,NCGENWM,,gstt_iclinicalmanager,,N,1000004122101001,2025-04-16,2099-12-31,
2000002256,UA Vein Map,,gstt_iclinicalmanager,,N,5000001008101001,2025-04-16,2099-12-31,
2000002255,Tuberculosis Investigations - Other,,gstt_iclinicalmanager,,N,1007101001,2025-04-16,2099-12-31,
2000002257,Pancreatic Islet Cell Ab,,gstt_iclinicalmanager,,N,4000001399101001,2025-04-16,2099-12-31,
2000002258,Citrate Excretion Urine,,gstt_iclinicalmanager,,N,5000001336101001,2025-04-16,2099-12-31,
2000002259,St John's Trichogram Report,,gstt_iclinicalmanager,,N,9000002374101001,2025-04-16,2099-12-31,
2000002260,Dry,,gstt_iclinicalmanager,,N,6000001135290001,2025-04-16,2099-12-31,
2000002261,Phosphate Excretion Urine,,gstt_iclinicalmanager,,N,9000001075101001,2025-04-16,2099-12-31,
2000002262,Sore,,gstt_iclinicalmanager,,N,9000001135290001,2025-04-16,2099-12-31,
2000002263,Chronic CM Panel Conclusion.,,gstt_iclinicalmanager,,N,9000001748101001,2025-04-16,2099-12-31,
2000002264,Localisation Breast Rt - US guided,,gstt_iclinicalmanager,,N,2000002434101001,2025-04-16,2099-12-31,
2000002265,Adrenal Cortex Antibody,,gstt_iclinicalmanager,,N,3000001405101001,2025-04-16,2099-12-31,
2000002266,Sentinel node breast/melanoma - N Med,,gstt_iclinicalmanager,,N,6000001096101001,2025-04-16,2099-12-31,
2000002267,EBV PCR,,gstt_iclinicalmanager,,N,3000001145101001,2025-04-16,2099-12-31,
2000000242,Sacro-iliac joints - X-Ray,,gstt_iclinicalmanager,,N,1018101001,2025-04-16,2099-12-31,
2000002269,Reducing Substances Urine,,gstt_iclinicalmanager,,N,1000001087101001,2025-04-16,2099-12-31,
2000002268,Extended RBC Phenotype,,gstt_iclinicalmanager,,N,1000001309101001,2025-04-16,2099-12-31,
2000002270,Chest Interstitial Lung Disease - CT,,gstt_iclinicalmanager,,N,2000002365101001,2025-04-16,2099-12-31,
2000002271,Conjunctival Swab,,gstt_iclinicalmanager,,N,6000001169101001,2025-04-16,2099-12-31,
2000002272,INR 100 Percent Check,,gstt_iclinicalmanager,,N,9000001059101001,2025-04-16,2099-12-31,
2000002273,Lung V/Q using Krypton gas & MAA - N M,,gstt_iclinicalmanager,,N,8000001065101001,2025-04-16,2099-12-31,
2000002275,Sleep Clinic - Paediatric Oximetry (Home) Study,,gstt_iclinicalmanager,,N,2000004103101001,2025-04-16,2099-12-31,
2000002274,H influenzae type b Abs,,gstt_iclinicalmanager,,N,1000003223101001,2025-04-16,2099-12-31,
2000002276,Sleep Clinic - Adult Polysomnography with MSLT,,gstt_iclinicalmanager,,N,5000002544101001,2025-04-16,2099-12-31,
2000002277,Creatinine Level Urine.,,gstt_iclinicalmanager,,N,5000001804101001,2025-04-16,2099-12-31,
2000002278,Urea Level Urine.,,gstt_iclinicalmanager,,N,3000001804101001,2025-04-16,2099-12-31,
2000002279,Anti-PLA2R Antibodies,,gstt_iclinicalmanager,,N,3000003329101001,2025-04-16,2099-12-31,
2000002280,Lutetium 177 Dotate Therapy - N Med,,gstt_iclinicalmanager,,N,1000002931101001,2025-04-16,2099-12-31,
2000002281,USD - Craniofacial soft tissues US,,gstt_iclinicalmanager,,N,4000002745101001,2025-04-16,2099-12-31,
2000000097,Urea,,gstt_iclinicalmanager,,N,1000001434290001,2025-04-16,2099-12-31,
2000002282,Urine Volume.,,gstt_iclinicalmanager,,N,1000001804101001,2025-04-16,2099-12-31,
2000002283,Dynamic renal MAG3 + reflux - N Med,,gstt_iclinicalmanager,,N,5000001149101001,2025-04-16,2099-12-31,
2000002284,Creatinine Excretion Urine.,,gstt_iclinicalmanager,,N,6000001804101001,2025-04-16,2099-12-31,
2000002285,Urea Excretion Urine.,,gstt_iclinicalmanager,,N,4000001804101001,2025-04-16,2099-12-31,
2000002286,Lead Level,,gstt_iclinicalmanager,,N,3000001061101001,2025-04-16,2099-12-31,
2000002287,Faeces for Culture & C.diff Toxin,,gstt_iclinicalmanager,,N,3000001263101001,2025-04-16,2099-12-31,
2000002288,Hepatic iron load - MRI,,gstt_iclinicalmanager,,N,2000003076101001,2025-04-16,2099-12-31,
2000002289,CD7 Antibody..,,gstt_iclinicalmanager,,N,9000001753101001,2025-04-16,2099-12-31,
2000002290,FVIII One Stage (Clotting) Assay,,gstt_iclinicalmanager,,N,1000002490101001,2025-04-16,2099-12-31,
2000000463,Troponin,,gstt_iclinicalmanager,,N,1383290001,2025-04-16,2099-12-31,
2000002292,NDEXMBC,,gstt_iclinicalmanager,,N,1000002414101001,2025-04-16,2099-12-31,
2000002291,Hepatitis B DNA,,gstt_iclinicalmanager,,N,3000001105101001,2025-04-16,2099-12-31,
2000001182,Mitochondrial Antibody,,gstt_iclinicalmanager,,N,2000001053101001,2025-04-16,2099-12-31,
2000002293,MRSA Screen Admission- Nose Axilla Groin,,gstt_iclinicalmanager,,N,1000001875101001,2025-04-16,2099-12-31,
2000002295,Testosterone:DHT ratio,,gstt_iclinicalmanager,,N,1000002841101001,2025-04-16,2099-12-31,
2000002294,Sleep Clinic - Adult Extended(Montage)PSG,,gstt_iclinicalmanager,,N,9000002544101001,2025-04-16,2099-12-31,
2000002296,Aminolaevulinic Acid Level Urine,,gstt_iclinicalmanager,,N,6000001196101001,2025-04-16,2099-12-31,
2000002297,Renal Pathology Rapid Biopsy Report,,gstt_iclinicalmanager,,N,1000002327101001,2025-04-16,2099-12-31,
2000002298,5 OH Indole Acetic Acid Level Urine,,gstt_iclinicalmanager,,N,4000001190101001,2025-04-16,2099-12-31,
2000002299,Oblique laterals (Paeds) - Dental,,gstt_iclinicalmanager,,N,3000002077101001,2025-04-16,2099-12-31,
2000002300,Porphobilinogen Level Urine,,gstt_iclinicalmanager,,N,4000001078101001,2025-04-16,2099-12-31,
2000002301,1 25 Dihydroxy Vitamin D,,gstt_iclinicalmanager,,N,4000001676101001,2025-04-16,2099-12-31,
2000002302,Head and Neck Request Larynx & Thyroid,,gstt_iclinicalmanager,,N,3000003712101001,2025-04-16,2099-12-31,
2000002303,Wound Swab (Site Not Stated),,gstt_iclinicalmanager,,N,4000001270101001,2025-04-16,2099-12-31,
2000002304,Lower limb with contrast Both - CT,,gstt_iclinicalmanager,,N,7000002730101001,2025-04-16,2099-12-31,
2000002305,Mumps Virus IgG,,gstt_iclinicalmanager,,N,9000001055101001,2025-04-16,2099-12-31,
2000000972,Antithrombin III,,gstt_iclinicalmanager,,N,1184101001,2025-04-16,2099-12-31,
2000002306,Cardiac Gated Complex Congenital CT (Paed Cardiology use),,gstt_iclinicalmanager,,N,1000004107101001,2025-04-16,2099-12-31,
2000002307,CD19/CD5 Antibodies,,gstt_iclinicalmanager,,N,5000001173101001,2025-04-16,2099-12-31,
2000002308,Neuronal Nuclear Ab1 (Hu),,gstt_iclinicalmanager,,N,5000001799101001,2025-04-16,2099-12-31,
2000002309,Neuronal Nuclear Ab2 (Ri),,gstt_iclinicalmanager,,N,1000001800101001,2025-04-16,2099-12-31,
2000002310,Lymphoedema - N Med,,gstt_iclinicalmanager,,N,3000001052101001,2025-04-16,2099-12-31,
2000002312,Wasp Allergen,,gstt_iclinicalmanager,,N,3000002244101001,2025-04-16,2099-12-31,
2000000243,X-Ray in Theatre,,gstt_iclinicalmanager,,N,1000001650101001,2025-04-16,2099-12-31,
2000002311,Anti-Adalimumab Antibody Level.,,gstt_iclinicalmanager,,N,1000004184101001,2025-04-16,2099-12-31,
2000002313,Albumin Excretion Rate Urine,,gstt_iclinicalmanager,,N,8000001193101001,2025-04-16,2099-12-31,
2000000117,B/P - Systolic,,gstt_iclinicalmanager,,N,9000001330290001,2025-04-16,2099-12-31,
2000002314,Oat Allergen,,gstt_iclinicalmanager,,N,2246101001,2025-04-16,2099-12-31,
2000002316,Pleural Pus/Empyema,,gstt_iclinicalmanager,,N,7000001077101001,2025-04-16,2099-12-31,
2000002315,Avian Precipitins,,gstt_iclinicalmanager,,N,6000001207101001,2025-04-16,2099-12-31,
2000000126,B/P - Diastolic,,gstt_iclinicalmanager,,N,8000001330290001,2025-04-16,2099-12-31,
2000002317,Interpretation of Gastric Antibodies,,gstt_iclinicalmanager,,N,1000002351101001,2025-04-16,2099-12-31,
2000002318,Left ankle - CT,,gstt_iclinicalmanager,,N,1480101001,2025-04-16,2099-12-31,
2000002319,Vitamin C Level.,,gstt_iclinicalmanager,,N,1000003268101001,2025-04-16,2099-12-31,
2000002320,.Save for Oncology,,gstt_iclinicalmanager,,N,2000002336101001,2025-04-16,2099-12-31,
2000002322,Pea Allergen,,gstt_iclinicalmanager,,N,8000002246101001,2025-04-16,2099-12-31,
2000002321,HLA and Disease Association.,,gstt_iclinicalmanager,,N,7000004156101001,2025-04-16,2099-12-31,
2000002323,Vacuolated Lymphocytes,,gstt_iclinicalmanager,,N,1000001331101001,2025-04-16,2099-12-31,
2000002324,WBC Count Fluid,,gstt_iclinicalmanager,,N,5000001050101001,2025-04-16,2099-12-31,
2000002326,Oral Swab MC & S,,gstt_iclinicalmanager,,N,6000004075101001,2025-04-16,2099-12-31,
2000002325,Liver biopsy (Radiology),,gstt_iclinicalmanager,,N,1049101001,2025-04-16,2099-12-31,
2000002327,CD4 Antibody..,,gstt_iclinicalmanager,,N,3000001753101001,2025-04-16,2099-12-31,
2000002329,Paediatric Cannulation - N Med,,gstt_iclinicalmanager,,N,1000003201101001,2025-04-16,2099-12-31,
2000002328,CD8 Antibody..,,gstt_iclinicalmanager,,N,2000001754101001,2025-04-16,2099-12-31,
2000002330,Urodynamic Study,,gstt_iclinicalmanager,,N,7000001040101001,2025-04-16,2099-12-31,
2000002331,.MRSA Critical Care Admission - other site/specimen,,gstt_iclinicalmanager,,N,9000002589101001,2025-04-16,2099-12-31,
2000002332,HLA B27.,,gstt_iclinicalmanager,,N,9000004156101001,2025-04-16,2099-12-31,
2000002333,Thrombectomy,,gstt_iclinicalmanager,,N,2000002872101001,2025-04-16,2099-12-31,
2000002334,Femoral Line Insertion,,gstt_iclinicalmanager,,N,6000001134101001,2025-04-16,2099-12-31,
2000002335,Guided drainage Chest - US,,gstt_iclinicalmanager,,N,2000002766101001,2025-04-16,2099-12-31,
2000002336,Metadrenaline:Creatinine Urine,,gstt_iclinicalmanager,,N,1000003189101001,2025-04-16,2099-12-31,
2000002338,Normetadrenaline:Creatinine Urine,,gstt_iclinicalmanager,,N,1000003190101001,2025-04-16,2099-12-31,
2000002337,Methoxytyramine:Creatinine Urine,,gstt_iclinicalmanager,,N,2000003190101001,2025-04-16,2099-12-31,
2000002339,Shoulder Rt - CT,,gstt_iclinicalmanager,,N,5000001690101001,2025-04-16,2099-12-31,
2000002340,Pus - AFB investigations,,gstt_iclinicalmanager,,N,2000001084101001,2025-04-16,2099-12-31,
2000000420,Derived Fibrinogen  Screen,,gstt_iclinicalmanager,,N,3000001314101001,2025-04-16,2099-12-31,
2000002341,Sample Sent To:,,gstt_iclinicalmanager,,N,2000002903101001,2025-04-16,2099-12-31,
2000002342,Shoulder both - US,,gstt_iclinicalmanager,,N,4000002754101001,2025-04-16,2099-12-31,
2000002343,Unprocessed  Group  &  Antibody Screen,,gstt_iclinicalmanager,,N,2000002943101001,2025-04-16,2099-12-31,
2000002345,TSpot,,gstt_iclinicalmanager,,N,2000002898101001,2025-04-16,2099-12-31,
2000002344,Gel Electrophoresis Conclusion,,gstt_iclinicalmanager,,N,1000001658101001,2025-04-16,2099-12-31,
2000002346,Tibial PTA,,gstt_iclinicalmanager,,N,9000001012101001,2025-04-16,2099-12-31,
2000002347,FEES,,gstt_iclinicalmanager,,N,2000002717101001,2025-04-16,2099-12-31,
2000002348,ISAC,,gstt_iclinicalmanager,,N,7000003315101001,2025-04-16,2099-12-31,
2000002349,Bronchial Washings MC & S,,gstt_iclinicalmanager,,N,3000001215101001,2025-04-16,2099-12-31,
2000002351,Kiwi Fruit allergen,,gstt_iclinicalmanager,,N,4000002246101001,2025-04-16,2099-12-31,
2000002350,.Antibody Titre (Transplants),,gstt_iclinicalmanager,,N,1000003187101001,2025-04-16,2099-12-31,
2000002352,Bone Density Met Bone Clinic - N Med,,gstt_iclinicalmanager,,N,4000002421101001,2025-04-16,2099-12-31,
2000002354,Modified APCR,,gstt_iclinicalmanager,,N,6000001053101001,2025-04-16,2099-12-31,
2000002353,CD5 Antibody.,,gstt_iclinicalmanager,,N,9000001747101001,2025-04-16,2099-12-31,
2000002355,ETT Secretions or Tube Tip MC & S,,gstt_iclinicalmanager,,N,9000001129101001,2025-04-16,2099-12-31,
2000002357,Thyroid cancer therapy - N Med,,gstt_iclinicalmanager,,N,3000001013101001,2025-04-16,2099-12-31,
2000002356,Bethesda (Anti Factor VIII),,gstt_iclinicalmanager,,N,9000001209101001,2025-04-16,2099-12-31,
2000002358,APTT ratio check,,gstt_iclinicalmanager,,N,7000003165101001,2025-04-16,2099-12-31,
2000002360,Unprocessed Immunology Sample,,gstt_iclinicalmanager,,N,4000001278101001,2025-04-16,2099-12-31,
2000002359,Scrotum Swab,,gstt_iclinicalmanager,,N,8000001095101001,2025-04-16,2099-12-31,
2000002361,Silver Birch allergen,,gstt_iclinicalmanager,,N,2000002247101001,2025-04-16,2099-12-31,
2000002363,Dynamic renal MAG3 scan - N Med,,gstt_iclinicalmanager,,N,6000001149101001,2025-04-16,2099-12-31,
2000002362,Brucella Serology.,,gstt_iclinicalmanager,,N,2000001294101001,2025-04-16,2099-12-31,
2000002364,CD45 Antibody..,,gstt_iclinicalmanager,,N,4000001753101001,2025-04-16,2099-12-31,
2000002365,Steroid Profile Urine,,gstt_iclinicalmanager,,N,5000001022101001,2025-04-16,2099-12-31,
2000002367,Molecular Test for MTB.,,gstt_iclinicalmanager,,N,1000003942101001,2025-04-16,2099-12-31,
2000002366,Bee Venom Allergen,,gstt_iclinicalmanager,,N,7000002244101001,2025-04-16,2099-12-31,
2000002368,Pneumococcal Antigen Test,,gstt_iclinicalmanager,,N,1000001411101001,2025-04-16,2099-12-31,
2000002370,Sleep Clinic - Paediatric Polysomnography,,gstt_iclinicalmanager,,N,6000003530101001,2025-04-16,2099-12-31,
2000002369,Mobile image intensifier Pelvis - Th,,gstt_iclinicalmanager,,N,9000002647101001,2025-04-16,2099-12-31,
2000002371,Ethanol Level,,gstt_iclinicalmanager,,N,6000001129101001,2025-04-16,2099-12-31,
2000002372,Nerve Block - CT,,gstt_iclinicalmanager,,N,6000001043101001,2025-04-16,2099-12-31,
2000000244,Chest PA & Lat - X-Ray,,gstt_iclinicalmanager,,N,8000001175101001,2025-04-16,2099-12-31,
2000000080,Glucose Level 30 min,,gstt_iclinicalmanager,,N,6000001114101001,2025-04-16,2099-12-31,
2000002374,Shoulder Lt - CT,,gstt_iclinicalmanager,,N,6000001690101001,2025-04-16,2099-12-31,
2000002373,Myelin Oligodend Glycoprot Ab,,gstt_iclinicalmanager,,N,4000003389101001,2025-04-16,2099-12-31,
2000000582,ANCA Titre,,gstt_iclinicalmanager,,N,7000001333101001,2025-04-16,2099-12-31,
2000002375,Orbits - CT,,gstt_iclinicalmanager,,N,3000001042101001,2025-04-16,2099-12-31,
2000002376,Buprenorphine.,,gstt_iclinicalmanager,,N,2000002238101001,2025-04-16,2099-12-31,
2000002377,Knee - MRI (specify),,gstt_iclinicalmanager,,N,7000001057101001,2025-04-16,2099-12-31,
2000002378,Thyroid scan using 131 Iodine - N Med,,gstt_iclinicalmanager,,N,2000001012101001,2025-04-16,2099-12-31,
2000002379,Cannabis,,gstt_iclinicalmanager,,N,7000002238101001,2025-04-16,2099-12-31,
2000002380,6 Monoacetyl Morphine,,gstt_iclinicalmanager,,N,3000002238101001,2025-04-16,2099-12-31,
2000002381,Barbiturates,,gstt_iclinicalmanager,,N,5000002238101001,2025-04-16,2099-12-31,
2000002382,Opiates,,gstt_iclinicalmanager,,N,3000002239101001,2025-04-16,2099-12-31,
2000002384,Oyster Allergen,,gstt_iclinicalmanager,,N,5000002272101001,2025-04-16,2099-12-31,
2000002383,EDDP (Methadone metabolite),,gstt_iclinicalmanager,,N,9000002238101001,2025-04-16,2099-12-31,
2000002385,Benzoylecgonine - Cocaine metab,,gstt_iclinicalmanager,,N,8000002238101001,2025-04-16,2099-12-31,
2000002387,Benzodiazepines,,gstt_iclinicalmanager,,N,6000002238101001,2025-04-16,2099-12-31,
2000000081,Glucose Level 90 min,,gstt_iclinicalmanager,,N,1000001115101001,2025-04-16,2099-12-31,
2000002386,AFB Investigations Other Swab,,gstt_iclinicalmanager,,N,1193101001,2025-04-16,2099-12-31,
2000002388,Amphetamines,,gstt_iclinicalmanager,,N,2000002239101001,2025-04-16,2099-12-31,
2000002389,CD3 Antibody.,,gstt_iclinicalmanager,,N,3000001747101001,2025-04-16,2099-12-31,
2000002391,Thoracic spine - CT,,gstt_iclinicalmanager,,N,8000001028101001,2025-04-16,2099-12-31,
2000002390,Nephrostomy Urine,,gstt_iclinicalmanager,,N,3000001250101001,2025-04-16,2099-12-31,
2000002392,Meningococcal Serology,,gstt_iclinicalmanager,,N,7000001068101001,2025-04-16,2099-12-31,
2000002394,Urine for CMV virus detection,,gstt_iclinicalmanager,,N,1000002486101001,2025-04-16,2099-12-31,
2000002393,JAK2 Mutation,,gstt_iclinicalmanager,,N,1000001817101001,2025-04-16,2099-12-31,
2000001154,Factor VIII (Post),,gstt_iclinicalmanager,,N,7000001132101001,2025-04-16,2099-12-31,
2000002395,CD79b Antibody.,,gstt_iclinicalmanager,,N,5000001748101001,2025-04-16,2099-12-31,
2000002396,FMC7 Antibody.,,gstt_iclinicalmanager,,N,3000001749101001,2025-04-16,2099-12-31,
2000002397,Urea Level 0 min PD Fluid,,gstt_iclinicalmanager,,N,8000001004101001,2025-04-16,2099-12-31,
2000002398,CD23 Antibody.,,gstt_iclinicalmanager,,N,1000001747101001,2025-04-16,2099-12-31,
2000002399,High risk HPV mRNA-TMA,,gstt_iclinicalmanager,,N,2000003109101001,2025-04-16,2099-12-31,
2000002400,Neurotensin Level,,gstt_iclinicalmanager,,N,5000001049101001,2025-04-16,2099-12-31,
2000002401,CD19/CD5 Antibodies.,,gstt_iclinicalmanager,,N,6000001746101001,2025-04-16,2099-12-31,
2000002402,Sample Type.,,gstt_iclinicalmanager,,N,1000003109101001,2025-04-16,2099-12-31,
2000000499,Height,,gstt_iclinicalmanager,,N,1000001021290001,2025-04-16,2099-12-31,
2000002403,Anti-Xa (UF Heparin),,gstt_iclinicalmanager,,N,1000001733101001,2025-04-16,2099-12-31,
2000002404,CD4 Antibody.,,gstt_iclinicalmanager,,N,7000001747101001,2025-04-16,2099-12-31,
2000002405,Paediatric Transoesophageal Echocardiogram,,gstt_iclinicalmanager,,N,4000004023101001,2025-04-16,2099-12-31,
2000002406,CD8 Antibody.,,gstt_iclinicalmanager,,N,6000001748101001,2025-04-16,2099-12-31,
2000002407,Heel ulcer (Left) Swab,,gstt_iclinicalmanager,,N,7000001121101001,2025-04-16,2099-12-31,
2000002408,Limitation of Use,,gstt_iclinicalmanager,,N,1000002313101001,2025-04-16,2099-12-31,
2000002409,Fistulogram,,gstt_iclinicalmanager,,N,7000001136101001,2025-04-16,2099-12-31,
2000002410,Orthopaedic pinning Lower Limb Rt - Th,,gstt_iclinicalmanager,,N,8000002648101001,2025-04-16,2099-12-31,
2000000245,Chest & Abdomen Neonate - Mobile - X-ray,,gstt_iclinicalmanager,,N,1000001447101001,2025-04-16,2099-12-31,
2000002411,Salmon allergen,,gstt_iclinicalmanager,,N,2000002249101001,2025-04-16,2099-12-31,
2000002412,Paed Cardiac Catheter & Angiogram,,gstt_iclinicalmanager,,N,4000001046101001,2025-04-16,2099-12-31,
2000000246,Sacrum - X-Ray,,gstt_iclinicalmanager,,N,1000001018101001,2025-04-16,2099-12-31,
2000002413,Comment 3:,,gstt_iclinicalmanager,,N,8000003173101001,2025-04-16,2099-12-31,
2000002414,Methotrexate polyG 2,,gstt_iclinicalmanager,,N,4000003173101001,2025-04-16,2099-12-31,
2000002415,Methotrexate polyG 4,,gstt_iclinicalmanager,,N,6000003173101001,2025-04-16,2099-12-31,
2000002417,Methotrexate polyG 5,,gstt_iclinicalmanager,,N,7000003173101001,2025-04-16,2099-12-31,
2000002416,Methotrexate,,gstt_iclinicalmanager,,N,2000003173101001,2025-04-16,2099-12-31,
2000002418,Methotrexate polyG 3,,gstt_iclinicalmanager,,N,5000003173101001,2025-04-16,2099-12-31,
2000002420,ENA PCNA.,,gstt_iclinicalmanager,,N,9000001145101001,2025-04-16,2099-12-31,
2000002419,Adenovirus Load Copies/ml Whole Blood,,gstt_iclinicalmanager,,N,5000002428101001,2025-04-16,2099-12-31,
2000002421,Adenovirus DNA,,gstt_iclinicalmanager,,N,4000002428101001,2025-04-16,2099-12-31,
2000002422,Log Copy Number......,,gstt_iclinicalmanager,,N,7000002428101001,2025-04-16,2099-12-31,
2000002423,IA DSA Abdominal Aorta,,gstt_iclinicalmanager,,N,8000002756101001,2025-04-16,2099-12-31,
2000000247,Post Nasal Space - X-Ray,,gstt_iclinicalmanager,,N,9000001078101001,2025-04-16,2099-12-31,
2000002424,Urine other/Unspecified (Microbiology),,gstt_iclinicalmanager,,N,6000001249101001,2025-04-16,2099-12-31,
2000002425,Plasma Cells,,gstt_iclinicalmanager,,N,7000001076101001,2025-04-16,2099-12-31,
2000002426,Grip Strength 1,,gstt_iclinicalmanager,,N,4000001146290001,2025-04-16,2099-12-31,
2000000412,APTT (Seconds),,gstt_iclinicalmanager,,N,2000003199101001,2025-04-16,2099-12-31,
2000002427,Lung Biopsy (Microbiology),,gstt_iclinicalmanager,,N,4000001250101001,2025-04-16,2099-12-31,
2000002428,Myocardial Perf 1D St/Re Adenosine - NM,,gstt_iclinicalmanager,,N,2000001691101001,2025-04-16,2099-12-31,
2000002429,Venogram bilateral,,gstt_iclinicalmanager,,N,9000001033101001,2025-04-16,2099-12-31,
2000002430,Mobile image intensifier Thorax - Th,,gstt_iclinicalmanager,,N,2000002648101001,2025-04-16,2099-12-31,
2000002431,Thumb Swab,,gstt_iclinicalmanager,,N,9000001010101001,2025-04-16,2099-12-31,
2000000248,Drain insertion - X-ray,,gstt_iclinicalmanager,,N,5000001292101001,2025-04-16,2099-12-31,
2000002432,Grip Strength 1,,gstt_iclinicalmanager,,N,3000001146290001,2025-04-16,2099-12-31,
2000002433,HIV Theraputic Drug Monitoring,,gstt_iclinicalmanager,,N,5000001103101001,2025-04-16,2099-12-31,
2000002434,Ovalbumin Allergen,,gstt_iclinicalmanager,,N,6000003337101001,2025-04-16,2099-12-31,
2000002435,Salivary Stone Removal,,gstt_iclinicalmanager,,N,7000001093101001,2025-04-16,2099-12-31,
2000002436,Tuna allergen,,gstt_iclinicalmanager,,N,1000002249101001,2025-04-16,2099-12-31,
2000002438,St John's Dermatology Swab Other,,gstt_iclinicalmanager,,N,3000001021101001,2025-04-16,2099-12-31,
2000002437,MRSA Screen Other Specimen,,gstt_iclinicalmanager,,N,7000001054101001,2025-04-16,2099-12-31,
2000002439,"Vitamin K 2,3 Epoxide",,gstt_iclinicalmanager,,N,6000001035101001,2025-04-16,2099-12-31,
2000002440,Doppler Renal Both - US,,gstt_iclinicalmanager,,N,6000002753101001,2025-04-16,2099-12-31,
2000002441,Pseudouridine Urine,,gstt_iclinicalmanager,,N,2000001770101001,2025-04-16,2099-12-31,
2000002442,Uracil Urine,,gstt_iclinicalmanager,,N,7000001770101001,2025-04-16,2099-12-31,
2000002444,Urea Level Overnight PD Fluid,,gstt_iclinicalmanager,,N,3000001005101001,2025-04-16,2099-12-31,
2000002443,Grip Strength 1,,gstt_iclinicalmanager,,N,6000001146290001,2025-04-16,2099-12-31,
2000002445,Hepatitis C Viral Load,,gstt_iclinicalmanager,,N,4000001122101001,2025-04-16,2099-12-31,
2000002446,Last Creatinine,,gstt_iclinicalmanager,,N,4000001388290001,2025-04-16,2099-12-31,
2000002447,Vitamin K1 (Non-fasting),,gstt_iclinicalmanager,,N,1000001897101001,2025-04-16,2099-12-31,
2000002448,Cytogenetics Investigation Blood,,gstt_iclinicalmanager,,N,2000002268101001,2025-04-16,2099-12-31,
2000002449,APRI,,gstt_iclinicalmanager,,N,3000001912101001,2025-04-16,2099-12-31,
2000000139,Weight (kg),,gstt_iclinicalmanager,,N,1401290001,2025-04-16,2099-12-31,
2000002451,PEG Insertion,,gstt_iclinicalmanager,,N,2316101001,2025-04-16,2099-12-31,
2000002450,Bartonella (Rochalimaea) Abs,,gstt_iclinicalmanager,,N,3000001209101001,2025-04-16,2099-12-31,
2000002452,Wrist Lt - US,,gstt_iclinicalmanager,,N,3000003619101001,2025-04-16,2099-12-31,
2000002453,Creatinine Level Overnight PD Fluid,,gstt_iclinicalmanager,,N,2000001161101001,2025-04-16,2099-12-31,
2000002454,Sm Kappa Antibody.,,gstt_iclinicalmanager,,N,7000001749101001,2025-04-16,2099-12-31,
2000002455,Creatinine Level 240 min PD Fluid,,gstt_iclinicalmanager,,N,9000001160101001,2025-04-16,2099-12-31,
2000002457,Urea Level 240 min PD Fluid,,gstt_iclinicalmanager,,N,1005101001,2025-04-16,2099-12-31,
2000002456,Creatinine Level 0 min PD Fluid,,gstt_iclinicalmanager,,N,7000001160101001,2025-04-16,2099-12-31,
2000002458,Glucose Level 240 min PD Fluid,,gstt_iclinicalmanager,,N,5000001114101001,2025-04-16,2099-12-31,
2000002459,Glucose Level 0 min PD Fluid,,gstt_iclinicalmanager,,N,5000001113101001,2025-04-16,2099-12-31,
2000002460,LSCS Swab,,gstt_iclinicalmanager,,N,8000001064101001,2025-04-16,2099-12-31,
2000002461,Creatinine Level 120 min PD Fluid,,gstt_iclinicalmanager,,N,8000001160101001,2025-04-16,2099-12-31,
2000002462,Sm Lambda Antibody.,,gstt_iclinicalmanager,,N,8000001749101001,2025-04-16,2099-12-31,
2000002463,Urea Level 120 min PD Fluid,,gstt_iclinicalmanager,,N,9000001004101001,2025-04-16,2099-12-31,
2000002464,Anti-CASPR2,,gstt_iclinicalmanager,,N,1000003361101001,2025-04-16,2099-12-31,
2000002465,Anti-LGi1 Abs,,gstt_iclinicalmanager,,N,3368101001,2025-04-16,2099-12-31,
2000002466,Glucose Level 120 min PD Fluid,,gstt_iclinicalmanager,,N,8000001113101001,2025-04-16,2099-12-31,
2000002467,Grip Strength 1,,gstt_iclinicalmanager,,N,5000001146290001,2025-04-16,2099-12-31,
2000002469,Rivaroxaban (Xarelto),,gstt_iclinicalmanager,,N,6000003410101001,2025-04-16,2099-12-31,
2000002468,Abdomen - US (Urology use only),,gstt_iclinicalmanager,,N,1000004106101001,2025-04-16,2099-12-31,
2000002470,Orthopaedic pinning Lower Limb Lt - Th,,gstt_iclinicalmanager,,N,7000002648101001,2025-04-16,2099-12-31,
2000002471,History,,gstt_iclinicalmanager,,N,4000003425101001,2025-04-16,2099-12-31,
2000002472,USD - Parotid Gland Lt US,,gstt_iclinicalmanager,,N,1924101001,2025-04-16,2099-12-31,
2000002473,Muscle Kinase Antibody.,,gstt_iclinicalmanager,,N,5000002264101001,2025-04-16,2099-12-31,
2000002475,Neuron Specific Enolase NSE,,gstt_iclinicalmanager,,N,1000003941101001,2025-04-16,2099-12-31,
2000002474,Banana Allergen,,gstt_iclinicalmanager,,N,7000002249101001,2025-04-16,2099-12-31,
2000002476,Prothrombin time (INR) check,,gstt_iclinicalmanager,,N,9000003165101001,2025-04-16,2099-12-31,
2000002478,Cytoplasmic CM Panel Conclusion..,,gstt_iclinicalmanager,,N,5000001754101001,2025-04-16,2099-12-31,
2000002477,ATP release Collagen 5ug/mL,,gstt_iclinicalmanager,,N,8000003224101001,2025-04-16,2099-12-31,
2000002479,Casein,,gstt_iclinicalmanager,,N,3000003394101001,2025-04-16,2099-12-31,
2000002480,Sleep Clinic - Paediatric Attended Respiratory Study,,gstt_iclinicalmanager,,N,3000002545101001,2025-04-16,2099-12-31,
2000000500,Height (cm),,gstt_iclinicalmanager,,N,9000001400290001,2025-04-16,2099-12-31,
2000002481,Wrist Rt - US,,gstt_iclinicalmanager,,N,4000003619101001,2025-04-16,2099-12-31,
2000002482,Lower limb - CT,,gstt_iclinicalmanager,,N,6000001064101001,2025-04-16,2099-12-31,
2000002483,Final Interpretation,,gstt_iclinicalmanager,,N,2000003426101001,2025-04-16,2099-12-31,
2000002484,Venogram cerebral - CT,,gstt_iclinicalmanager,,N,9000002735101001,2025-04-16,2099-12-31,
2000000249,Acromio-clavicular jt Right - X-Ray,,gstt_iclinicalmanager,,N,8000001190101001,2025-04-16,2099-12-31,
2000002485,Hysterosalpingogram,,gstt_iclinicalmanager,,N,6000001101101001,2025-04-16,2099-12-31,
2000002486,Urine Investigation (Chemical Pathology),,gstt_iclinicalmanager,,N,1000001346101001,2025-04-16,2099-12-31,
2000002487,Foetus Body - MRI,,gstt_iclinicalmanager,,N,3000004087101001,2025-04-16,2099-12-31,
2000002488,VWF Multimer Phast Analysis,,gstt_iclinicalmanager,,N,5000001037101001,2025-04-16,2099-12-31,
2000002489,DPT Teeth only - Dental,,gstt_iclinicalmanager,,N,2060101001,2025-04-16,2099-12-31,
2000002490,Congenital Syphilis Serology,,gstt_iclinicalmanager,,N,2000001410101001,2025-04-16,2099-12-31,
2000002492,PEG Immune Complexes,,gstt_iclinicalmanager,,N,1000001403101001,2025-04-16,2099-12-31,
2000002491,Haemochromatosis Mutations (HFE).,,gstt_iclinicalmanager,,N,6000004156101001,2025-04-16,2099-12-31,
2000002493,Unprocessed   Group & Antibody Screen,,gstt_iclinicalmanager,,N,1000002363101001,2025-04-16,2099-12-31,
2000002495,USOH,,gstt_iclinicalmanager,,N,1000001919101001,2025-04-16,2099-12-31,
2000000250,Knee skyline view Lt - X-Ray,,gstt_iclinicalmanager,,N,3000001689101001,2025-04-16,2099-12-31,
2000002494,Chimerism Comment,,gstt_iclinicalmanager,,N,6000002357101001,2025-04-16,2099-12-31,
2000002496,Chlamydophila psittaci DNA,,gstt_iclinicalmanager,,N,7000003815101001,2025-04-16,2099-12-31,
2000002497,ENT Other,,gstt_iclinicalmanager,,N,8000001044101001,2025-04-16,2099-12-31,
2000002498,Parvovirus DNA.,,gstt_iclinicalmanager,,N,4000003507101001,2025-04-16,2099-12-31,
2000002499,Extracorporeal lithotripsy renal left,,gstt_iclinicalmanager,,N,6000003246101001,2025-04-16,2099-12-31,
2000002500,Pancreas with contrast - CT,,gstt_iclinicalmanager,,N,3000002733101001,2025-04-16,2099-12-31,
2000002501,Parvovirus Sample Type,,gstt_iclinicalmanager,,N,2000003507101001,2025-04-16,2099-12-31,
2000002502,ENA PL-4,,gstt_iclinicalmanager,,N,1146101001,2025-04-16,2099-12-31,
2000002503,ANA Pattern,,gstt_iclinicalmanager,,N,1198101001,2025-04-16,2099-12-31,
2000002504,ANA Titre IgM,,gstt_iclinicalmanager,,N,2000001198101001,2025-04-16,2099-12-31,
2000002505,ANA Titre IgG,,gstt_iclinicalmanager,,N,1000001198101001,2025-04-16,2099-12-31,
2000002506,TdT Antibody..,,gstt_iclinicalmanager,,N,7000001755101001,2025-04-16,2099-12-31,
2000002507,Tendon - US,,gstt_iclinicalmanager,,N,9000001026101001,2025-04-16,2099-12-31,
2000002508,Growth Hormone Level 0 min,,gstt_iclinicalmanager,,N,7000001115101001,2025-04-16,2099-12-31,
2000002509,CSF IgG/Protein %,,gstt_iclinicalmanager,,N,9000001153101001,2025-04-16,2099-12-31,
2000002510,Radiotherapy planning scan pelvis - MRI,,gstt_iclinicalmanager,,N,5000002743101001,2025-04-16,2099-12-31,
2000002511,Centromere Antibodies.,,gstt_iclinicalmanager,,N,2000001176101001,2025-04-16,2099-12-31,
2000002512,BK viral load copies/ml urine,,gstt_iclinicalmanager,,N,5000001798101001,2025-04-16,2099-12-31,
2000002513,Log copy number....,,gstt_iclinicalmanager,,N,6000001798101001,2025-04-16,2099-12-31,
2000002514,BK virus DNA.,,gstt_iclinicalmanager,,N,3000001798101001,2025-04-16,2099-12-31,
2000002515,Cortisol Level 120 min,,gstt_iclinicalmanager,,N,8000001161101001,2025-04-16,2099-12-31,
2000002516,Rubella IgG IU/ml,,gstt_iclinicalmanager,,N,3000001010101001,2025-04-16,2099-12-31,
2000002517,Chlamydia Test (EIA).,,gstt_iclinicalmanager,,N,3000001177101001,2025-04-16,2099-12-31,
2000002519,Laparotomy Swab,,gstt_iclinicalmanager,,N,6000001060101001,2025-04-16,2099-12-31,
2000002518,Drug Screen,,gstt_iclinicalmanager,,N,3000001158101001,2025-04-16,2099-12-31,
2000001207,Myeloperoxidase Antibody..,,gstt_iclinicalmanager,,N,1000001755101001,2025-04-16,2099-12-31,
2000002520,CMPL exon 10,,gstt_iclinicalmanager,,N,3000003111101001,2025-04-16,2099-12-31,
2000002521,Growth Hormone Level 30 min,,gstt_iclinicalmanager,,N,6000001116101001,2025-04-16,2099-12-31,
2000002523,HIV-2 Viral Load,,gstt_iclinicalmanager,,N,1000002227101001,2025-04-16,2099-12-31,
2000002522,Feather mix allergen,,gstt_iclinicalmanager,,N,8000002247101001,2025-04-16,2099-12-31,
2000002524,Sensitive PSA,,gstt_iclinicalmanager,,N,4000001310101001,2025-04-16,2099-12-31,
2000002525,Growth Hormone Level 60 min,,gstt_iclinicalmanager,,N,1117101001,2025-04-16,2099-12-31,
2000002526,Leg Swab,,gstt_iclinicalmanager,,N,1000001261101001,2025-04-16,2099-12-31,
2000002527,MRSA Other Site Swab,,gstt_iclinicalmanager,,N,1000001895101001,2025-04-16,2099-12-31,
2000002529,MRSA Screen - (Emergency  Admission),,gstt_iclinicalmanager,,N,4000002345101001,2025-04-16,2099-12-31,
2000000251,Knee right multiple views - X-Ray,,gstt_iclinicalmanager,,N,3000001058101001,2025-04-16,2099-12-31,
2000002528,FMC7 Antibody,,gstt_iclinicalmanager,,N,3000001137101001,2025-04-16,2099-12-31,
2000002530,Prostate screen - US,,gstt_iclinicalmanager,,N,1000001082101001,2025-04-16,2099-12-31,
2000002532,Methaemoglobin,,gstt_iclinicalmanager,,N,4000001069101001,2025-04-16,2099-12-31,
2000002531,Growth Hormone Level 90 min,,gstt_iclinicalmanager,,N,1000001117101001,2025-04-16,2099-12-31,
2000002533,Mould Mix 4 Allergen,,gstt_iclinicalmanager,,N,3000003309101001,2025-04-16,2099-12-31,
2000002534,Nephrostogram Lt,,gstt_iclinicalmanager,,N,3000002904101001,2025-04-16,2099-12-31,
2000002535,Sentinel (Hickman),,gstt_iclinicalmanager,,N,3000001251101001,2025-04-16,2099-12-31,
2000000098,Pre-Dialysis Urea,,gstt_iclinicalmanager,,N,1000001660101001,2025-04-16,2099-12-31,
2000000252,Knee left multiple views - X-Ray,,gstt_iclinicalmanager,,N,1000001058101001,2025-04-16,2099-12-31,
2000002536,Prothrombin time (Seconds),,gstt_iclinicalmanager,,N,1000003199101001,2025-04-16,2099-12-31,
2000002537,Sialogram - Parotid Lt,,gstt_iclinicalmanager,,N,8000001098101001,2025-04-16,2099-12-31,
2000002538,Angiography - MRI (specify),,gstt_iclinicalmanager,,N,6000001198101001,2025-04-16,2099-12-31,
2000002539,Fibrinogen Antigen,,gstt_iclinicalmanager,,N,9000001135101001,2025-04-16,2099-12-31,
2000002540,Pericardial Fluid,,gstt_iclinicalmanager,,N,1073101001,2025-04-16,2099-12-31,
2000002541,Serum IgE level,,gstt_iclinicalmanager,,N,4000001097101001,2025-04-16,2099-12-31,
2000002543,Coil - MC & S,,gstt_iclinicalmanager,,N,4000001167101001,2025-04-16,2099-12-31,
2000002542,Clean Catch Urine.,,gstt_iclinicalmanager,,N,2000003216101001,2025-04-16,2099-12-31,
2000002544,T41,,gstt_iclinicalmanager,,N,2000003731101001,2025-04-16,2099-12-31,
2000002545,Chronic CM Panel Conclusion..,,gstt_iclinicalmanager,,N,3000001754101001,2025-04-16,2099-12-31,
2000002546,Left foot - CT,,gstt_iclinicalmanager,,N,1000001480101001,2025-04-16,2099-12-31,
2000002547,CALR Mutations,,gstt_iclinicalmanager,,N,1000003445101001,2025-04-16,2099-12-31,
2000002549,Nephrostogram Rt,,gstt_iclinicalmanager,,N,2000002904101001,2025-04-16,2099-12-31,
2000002548,CD79a Antibody..,,gstt_iclinicalmanager,,N,1754101001,2025-04-16,2099-12-31,
2000002550,Cytoplasmic CD22 Antibody..,,gstt_iclinicalmanager,,N,6000001754101001,2025-04-16,2099-12-31,
2000002552,Cytoplasmic CD3 Antibody..,,gstt_iclinicalmanager,,N,7000001754101001,2025-04-16,2099-12-31,
2000002551,Anti-Xa Activity ( Fragmin ),,gstt_iclinicalmanager,,N,7000001202101001,2025-04-16,2099-12-31,
2000000099,Systemic Urea,,gstt_iclinicalmanager,,N,4000001660101001,2025-04-16,2099-12-31,
2000002553,Guided injection hip Rt - US,,gstt_iclinicalmanager,,N,3000002756101001,2025-04-16,2099-12-31,
2000000100,Arterial Urea,,gstt_iclinicalmanager,,N,2000001660101001,2025-04-16,2099-12-31,
2000002554,Guided marker insertion breast Lt - US,,gstt_iclinicalmanager,,N,8000002722101001,2025-04-16,2099-12-31,
2000002555,Amikacin Assay (pre dose),,gstt_iclinicalmanager,,N,6000001195101001,2025-04-16,2099-12-31,
2000000101,Venous Urea,,gstt_iclinicalmanager,,N,3000001660101001,2025-04-16,2099-12-31,
2000002556,Comment 2,,gstt_iclinicalmanager,,N,1168101001,2025-04-16,2099-12-31,
2000002557,Growth Hormone Level 120 min,,gstt_iclinicalmanager,,N,9000001115101001,2025-04-16,2099-12-31,
2000002558,NM F18 choline PET CT,,gstt_iclinicalmanager,,N,9000002302101001,2025-04-16,2099-12-31,
2000000465,Pancreatic Amylase Level,,gstt_iclinicalmanager,,N,9000001046101001,2025-04-16,2099-12-31,
2000000466,Total Amylase Level,,gstt_iclinicalmanager,,N,1014101001,2025-04-16,2099-12-31,
2000002560,Right foot - CT,,gstt_iclinicalmanager,,N,4000001480101001,2025-04-16,2099-12-31,
2000002559,Referral Organism,,gstt_iclinicalmanager,,N,9000001250101001,2025-04-16,2099-12-31,
2000002561,Lipase Level,,gstt_iclinicalmanager,,N,3000001063101001,2025-04-16,2099-12-31,
2000002562,Testicular embolisation Left,,gstt_iclinicalmanager,,N,7000001027101001,2025-04-16,2099-12-31,
2000002563,UA Renal Assessment.,,gstt_iclinicalmanager,,N,2000003749101001,2025-04-16,2099-12-31,
2000002564,Toxoplasma Ref Lab Results,,gstt_iclinicalmanager,,N,7000001014101001,2025-04-16,2099-12-31,
2000002566,Venogram Lt arm,,gstt_iclinicalmanager,,N,2000001034101001,2025-04-16,2099-12-31,
2000002565,Anti-Xa Activity (Clexane),,gstt_iclinicalmanager,,N,8000001202101001,2025-04-16,2099-12-31,
2000000102,30 Sec Post-Dialysis Urea,,gstt_iclinicalmanager,,N,5000001660101001,2025-04-16,2099-12-31,
2000000253,Sclerotherapy - X-Ray,,gstt_iclinicalmanager,,N,5000001554101001,2025-04-16,2099-12-31,
2000002567,Chromosomal Investigation,,gstt_iclinicalmanager,,N,9000001165101001,2025-04-16,2099-12-31,
2000002568,CSF Protein,,gstt_iclinicalmanager,,N,2000001374101001,2025-04-16,2099-12-31,
2000000103,15 min Post-Dialysis Urea,,gstt_iclinicalmanager,,N,6000001660101001,2025-04-16,2099-12-31,
2000002569,ENA PM-1,,gstt_iclinicalmanager,,N,2000001889101001,2025-04-16,2099-12-31,
2000002570,Guided marker insertion breast Rt - US,,gstt_iclinicalmanager,,N,9000002722101001,2025-04-16,2099-12-31,
2000002571,Percentage Parasitaemia.,,gstt_iclinicalmanager,,N,2000001368101001,2025-04-16,2099-12-31,
2000002572,Sialogram - Parotid Rt,,gstt_iclinicalmanager,,N,9000001098101001,2025-04-16,2099-12-31,
2000002573,HSV-1 DNA,,gstt_iclinicalmanager,,N,1000003204101001,2025-04-16,2099-12-31,
2000002574,HSV-2 DNA,,gstt_iclinicalmanager,,N,2000003204101001,2025-04-16,2099-12-31,
2000002575,T. pallidum DNA,,gstt_iclinicalmanager,,N,4000003204101001,2025-04-16,2099-12-31,
2000002577,Pancreatic Amylase Ratio,,gstt_iclinicalmanager,,N,1047101001,2025-04-16,2099-12-31,
2000002576,Amylase Level Saliva,,gstt_iclinicalmanager,,N,6000001197101001,2025-04-16,2099-12-31,
2000002578,Osteocalcin Level,,gstt_iclinicalmanager,,N,6000001044101001,2025-04-16,2099-12-31,
2000000254,Orbits - X-Ray,,gstt_iclinicalmanager,,N,4000001042101001,2025-04-16,2099-12-31,
2000002580,Sample Type for HSV & T.pallidum PCR,,gstt_iclinicalmanager,,N,3000003204101001,2025-04-16,2099-12-31,
2000000255,Acromio-clavicular jt Left - X-Ray,,gstt_iclinicalmanager,,N,7000001190101001,2025-04-16,2099-12-31,
2000002579,Fibro-scanning Referral Form,,gstt_iclinicalmanager,,N,1000002314101001,2025-04-16,2099-12-31,
2000002581,Congenital Cardiac CT,,gstt_iclinicalmanager,,N,1000003586101001,2025-04-16,2099-12-31,
2000002582,Ganglioside GD 1a Abs IgG,,gstt_iclinicalmanager,,N,9000003329101001,2025-04-16,2099-12-31,
2000002583,Ganglioside GM2 Abs IgM,,gstt_iclinicalmanager,,N,1000003362101001,2025-04-16,2099-12-31,
2000002584,Ganglioside GQ 1b Abs IgG,,gstt_iclinicalmanager,,N,2000003349101001,2025-04-16,2099-12-31,
2000002585,Ganglioside GD 1a Abs IgM,,gstt_iclinicalmanager,,N,7000003308101001,2025-04-16,2099-12-31,
2000002586,Ganglioside GM1 Abs IgG,,gstt_iclinicalmanager,,N,6000003308101001,2025-04-16,2099-12-31,
2000002587,Ganglioside GM1 Abs IgM,,gstt_iclinicalmanager,,N,3356101001,2025-04-16,2099-12-31,
2000002588,Ganglioside GM2 Abs IgG,,gstt_iclinicalmanager,,N,4000003316101001,2025-04-16,2099-12-31,
2000002589,Ganglioside GD 1b Abs IgM,,gstt_iclinicalmanager,,N,5000003316101001,2025-04-16,2099-12-31,
2000002590,Ganglioside GQ 1b Abs IgM,,gstt_iclinicalmanager,,N,3330101001,2025-04-16,2099-12-31,
2000002591,Ganglioside GD 1b Abs IgG,,gstt_iclinicalmanager,,N,3336101001,2025-04-16,2099-12-31,
2000001155,Factor VIII (emicizumab-insensitive),,gstt_iclinicalmanager,,N,4000004179101001,2025-04-16,2099-12-31,
2000002592,Hazel  Corylus Avellana Allergen,,gstt_iclinicalmanager,,N,4000003321101001,2025-04-16,2099-12-31,
2000002593,pH Urine,,gstt_iclinicalmanager,,N,1000001074101001,2025-04-16,2099-12-31,
2000002594,Flexible Bronchoscopy,,gstt_iclinicalmanager,,N,1000004095101001,2025-04-16,2099-12-31,
2000002595,MRSA Discharge - Other Site Swab,,gstt_iclinicalmanager,,N,6000001875101001,2025-04-16,2099-12-31,
2000002596,Ganglioside GM3 Abs IgG,,gstt_iclinicalmanager,,N,3000003323101001,2025-04-16,2099-12-31,
2000002597,Hepatitis C Antigen Interpretation,,gstt_iclinicalmanager,,N,3000003881101001,2025-04-16,2099-12-31,
2000002598,Ganglioside GT 1b Abs IgM,,gstt_iclinicalmanager,,N,4000003323101001,2025-04-16,2099-12-31,
2000002599,Ganglioside GM3 Abs IgM,,gstt_iclinicalmanager,,N,3000003369101001,2025-04-16,2099-12-31,
2000002601,Hepatitis C Antigen.,,gstt_iclinicalmanager,,N,2000003881101001,2025-04-16,2099-12-31,
2000001193,Reticulin Ab IgG,,gstt_iclinicalmanager,,N,4000001091101001,2025-04-16,2099-12-31,
2000002600,Ganglioside GT 1b Abs IgG,,gstt_iclinicalmanager,,N,7000003342101001,2025-04-16,2099-12-31,
2000001194,Reticulin Ab IgA,,gstt_iclinicalmanager,,N,3000001091101001,2025-04-16,2099-12-31,
2000002602,.Uterine Embolisation,,gstt_iclinicalmanager,,N,5000001031101001,2025-04-16,2099-12-31,
2000002603,EBV load IU/mL log value,,gstt_iclinicalmanager,,N,3000003133101001,2025-04-16,2099-12-31,
2000002604,EBV load IU/mL whole blood,,gstt_iclinicalmanager,,N,2000003133101001,2025-04-16,2099-12-31,
2000002605,Lupin Seed Allergen,,gstt_iclinicalmanager,,N,1000002272101001,2025-04-16,2099-12-31,
2000002607,CD7 Antibody.,,gstt_iclinicalmanager,,N,3000001748101001,2025-04-16,2099-12-31,
2000002606,Amikacin Assay (random),,gstt_iclinicalmanager,,N,7000001195101001,2025-04-16,2099-12-31,
2000002608,Lysosomal Enzyme Screen - Neurodegenerative disorder (14 Enzymes including Chitotriosidase),,gstt_iclinicalmanager,,N,3000003293101001,2025-04-16,2099-12-31,
2000002610,Cobalt Level,,gstt_iclinicalmanager,,N,2000003118101001,2025-04-16,2099-12-31,
2000002609,CD56 Antibody..,,gstt_iclinicalmanager,,N,7000002576101001,2025-04-16,2099-12-31,
2000002611,Stem Cells - Cells,,gstt_iclinicalmanager,,N,7000001021101001,2025-04-16,2099-12-31,
2000002612,Fluid Aden Deaminase Pleural,,gstt_iclinicalmanager,,N,3000001765101001,2025-04-16,2099-12-31,
2000002613,Rh/K Phenotype Comment,,gstt_iclinicalmanager,,N,1000004161101001,2025-04-16,2099-12-31,
2000002614,Chromium Level,,gstt_iclinicalmanager,,N,1000003118101001,2025-04-16,2099-12-31,
2000002615,Latex Allergen,,gstt_iclinicalmanager,,N,1000002245101001,2025-04-16,2099-12-31,
2000000082,Glucose Level 45 min,,gstt_iclinicalmanager,,N,9000001114101001,2025-04-16,2099-12-31,
2000002616,Guided biopsy salivary gland - US,,gstt_iclinicalmanager,,N,2000003579101001,2025-04-16,2099-12-31,
2000002617,Silver Birch Allergen,,gstt_iclinicalmanager,,N,2000002247101001,2025-04-16,2099-12-31,
2000002618,Chemical  Pathology  Urine Investigation,,gstt_iclinicalmanager,,N,3000001336101001,2025-04-16,2099-12-31,
2000002619,Measles Virus IgM,,gstt_iclinicalmanager,,N,1000001068101001,2025-04-16,2099-12-31,
2000002620,Tomosynthesis Both Breasts,,gstt_iclinicalmanager,,N,1000003487101001,2025-04-16,2099-12-31,
2000000083,Glucose Level 15 min,,gstt_iclinicalmanager,,N,9000001113101001,2025-04-16,2099-12-31,
2000002621,"B Cell Clonality, Misc Specimen",,gstt_iclinicalmanager,,N,5000001784101001,2025-04-16,2099-12-31,
2000002623,Liver triple phase - CT,,gstt_iclinicalmanager,,N,6000002730101001,2025-04-16,2099-12-31,
2000002622,Alkaline Phosphatase Isoenzymes,,gstt_iclinicalmanager,,N,1000001195101001,2025-04-16,2099-12-31,
2000002624,Amphiphysin,,gstt_iclinicalmanager,,N,4000003322101001,2025-04-16,2099-12-31,
2000002626,Whole spine - CT,,gstt_iclinicalmanager,,N,5000002736101001,2025-04-16,2099-12-31,
2000002625,Left knee - CT,,gstt_iclinicalmanager,,N,9000001479101001,2025-04-16,2099-12-31,
2000002627,Pressure Sore Swab,,gstt_iclinicalmanager,,N,6000001080101001,2025-04-16,2099-12-31,
2000002628,Tissue - Other,,gstt_iclinicalmanager,,N,2000001013101001,2025-04-16,2099-12-31,
2000002630,Normetadrenaline 24hr Urine,,gstt_iclinicalmanager,,N,3000003191101001,2025-04-16,2099-12-31,
2000002629,Metadrenaline 24hr Urine,,gstt_iclinicalmanager,,N,1000003191101001,2025-04-16,2099-12-31,
2000002631,M70,,gstt_iclinicalmanager,,N,1000001344101001,2025-04-16,2099-12-31,
2000002633,CD15 Antibody..,,gstt_iclinicalmanager,,N,5000001751101001,2025-04-16,2099-12-31,
2000002632,3-Methoxytyramine 24hr Urine,,gstt_iclinicalmanager,,N,5000003191101001,2025-04-16,2099-12-31,
2000002634,CSF Angiotensin Converting Enzyme Level,,gstt_iclinicalmanager,,N,1000001153101001,2025-04-16,2099-12-31,
2000002636,Timothy grass allergen,,gstt_iclinicalmanager,,N,9000002249101001,2025-04-16,2099-12-31,
2000002635,CD25 Antibody,,gstt_iclinicalmanager,,N,1000001174101001,2025-04-16,2099-12-31,
2000002637,Flecainide Level,,gstt_iclinicalmanager,,N,1137101001,2025-04-16,2099-12-31,
2000002638,Adrenal Both - CT,,gstt_iclinicalmanager,,N,7000002724101001,2025-04-16,2099-12-31,
2000002639,Malassezia Spp Allergen,,gstt_iclinicalmanager,,N,5000003373101001,2025-04-16,2099-12-31,
2000002640,Chloride Level Sweat,,gstt_iclinicalmanager,,N,9000001177101001,2025-04-16,2099-12-31,
2000002641,Elbow (Left) Swab,,gstt_iclinicalmanager,,N,1147101001,2025-04-16,2099-12-31,
2000002642,Guided injection hip Lt - US,,gstt_iclinicalmanager,,N,2000002756101001,2025-04-16,2099-12-31,
2000002643,Unprocessed  Virology  Sample,,gstt_iclinicalmanager,,N,1000001278101001,2025-04-16,2099-12-31,
2000002644,24hr Paed Blood Pressure Monitoring,,gstt_iclinicalmanager,,N,1000003280101001,2025-04-16,2099-12-31,
2000002645,"Whole Saliva Candida Count, MC & S",,gstt_iclinicalmanager,,N,2000004075101001,2025-04-16,2099-12-31,
2000002646,No. of Informative Loci - (Myeloid),,gstt_iclinicalmanager,,N,6000002359101001,2025-04-16,2099-12-31,
2000002647,% Donor Chimerism (CD3 Cellls),,gstt_iclinicalmanager,,N,3000002359101001,2025-04-16,2099-12-31,
2000002648,% Donor Chimerism (Myeloid cellls),,gstt_iclinicalmanager,,N,7000002359101001,2025-04-16,2099-12-31,
2000002649,HyCoSy,,gstt_iclinicalmanager,,N,4000001101101001,2025-04-16,2099-12-31,
2000002650,No. of Informative Loci  (CD3 cells),,gstt_iclinicalmanager,,N,5000002359101001,2025-04-16,2099-12-31,
2000002651,Standard Deviation (CD3),,gstt_iclinicalmanager,,N,2000002357101001,2025-04-16,2099-12-31,
2000002652,Standard Deviation (Myeloid),,gstt_iclinicalmanager,,N,3000002357101001,2025-04-16,2099-12-31,
2000002653,Emicizumab Level,,gstt_iclinicalmanager,,N,2000004120101001,2025-04-16,2099-12-31,
2000002654,Mumps virus IgM,,gstt_iclinicalmanager,,N,1056101001,2025-04-16,2099-12-31,
2000002655,Doppler Penis - US,,gstt_iclinicalmanager,,N,1000002886101001,2025-04-16,2099-12-31,
2000002657,UA OPD,,gstt_iclinicalmanager,,N,4000001008101001,2025-04-16,2099-12-31,
2000002656,HLA-B*5701 Status.,,gstt_iclinicalmanager,,N,1000004157101001,2025-04-16,2099-12-31,
2000002658,Thymine Urine,,gstt_iclinicalmanager,,N,5000001770101001,2025-04-16,2099-12-31,
2000002659,Succinyl Adenosine Urine,,gstt_iclinicalmanager,,N,3000001770101001,2025-04-16,2099-12-31,
2000000256,Sternum - X-Ray,,gstt_iclinicalmanager,,N,4000001022101001,2025-04-16,2099-12-31,
2000002660,Request Information,,gstt_iclinicalmanager,,N,8000001090101001,2025-04-16,2099-12-31,
2000000257,Nerve Block - X-Ray,,gstt_iclinicalmanager,,N,7000001043101001,2025-04-16,2099-12-31,
2000002662,Unprocessed  ESR,,gstt_iclinicalmanager,,N,8000001273101001,2025-04-16,2099-12-31,
2000002661,Sialogram fluoroscopy - Parotid Lt - Dental,,gstt_iclinicalmanager,,N,3000002755101001,2025-04-16,2099-12-31,
2000002663,.MRSA Pre Admission - other site/specimen,,gstt_iclinicalmanager,,N,3000002589101001,2025-04-16,2099-12-31,
2000002664,Venogram Rt arm,,gstt_iclinicalmanager,,N,3000001034101001,2025-04-16,2099-12-31,
2000000421,Clauss Fibrinogen (Manual),,gstt_iclinicalmanager,,N,2000001166101001,2025-04-16,2099-12-31,
2000002665,White cell scan Indium - N Med,,gstt_iclinicalmanager,,N,7000001038101001,2025-04-16,2099-12-31,
2000000258,Knee skyline view Rt - X-Ray,,gstt_iclinicalmanager,,N,2000001689101001,2025-04-16,2099-12-31,
2000002666,Amylase  Level Urine,,gstt_iclinicalmanager,,N,7000001197101001,2025-04-16,2099-12-31,
2000002667,Penicillium Chrysogenum Allergen,,gstt_iclinicalmanager,,N,6000003346101001,2025-04-16,2099-12-31,
2000002668,Thyroid post Iodine therapy - N Med,,gstt_iclinicalmanager,,N,8000001011101001,2025-04-16,2099-12-31,
2000002669,Sweat Volume,,gstt_iclinicalmanager,,N,1025101001,2025-04-16,2099-12-31,
2000002671,Fenestrated Aortic Stent,,gstt_iclinicalmanager,,N,5000002536101001,2025-04-16,2099-12-31,
2000002670,Chickpea allergen,,gstt_iclinicalmanager,,N,2000002248101001,2025-04-16,2099-12-31,
2000002672,Heel ulcer (Right) Swab,,gstt_iclinicalmanager,,N,8000001121101001,2025-04-16,2099-12-31,
2000002674,Gastric Biopsy for H.pylori Culture & Sensitivity,,gstt_iclinicalmanager,,N,5000004044101001,2025-04-16,2099-12-31,
2000002673,CT+CON,,gstt_iclinicalmanager,,N,1000002787101001,2025-04-16,2099-12-31,
2000002675,Right knee - CT,,gstt_iclinicalmanager,,N,2000001480101001,2025-04-16,2099-12-31,
2000002676,Crab allergen,,gstt_iclinicalmanager,,N,5000002248101001,2025-04-16,2099-12-31,
2000002678,Neuronal Nuclear Ab1 (Hu),,gstt_iclinicalmanager,,N,2000003392101001,2025-04-16,2099-12-31,
2000002677,Neuronal Ab Ri Immunoblot,,gstt_iclinicalmanager,,N,1000003349101001,2025-04-16,2099-12-31,
2000002679,CV2/CRMP Antibodies,,gstt_iclinicalmanager,,N,6000003342101001,2025-04-16,2099-12-31,
2000002680,Neuronal AB Yo Immunolblot,,gstt_iclinicalmanager,,N,3362101001,2025-04-16,2099-12-31,
2000002681,Urea Excretion Urine,,gstt_iclinicalmanager,,N,6000001004101001,2025-04-16,2099-12-31,
2000002682,PNMA2/Ta Antibodies,,gstt_iclinicalmanager,,N,9000003355101001,2025-04-16,2099-12-31,
2000002684,Voltage Gated Ca Chnl Ab.,,gstt_iclinicalmanager,,N,4000002264101001,2025-04-16,2099-12-31,
2000002683,..Bethesda(Anti Factor IX),,gstt_iclinicalmanager,,N,8000001209101001,2025-04-16,2099-12-31,
2000002685,Nephrostomies Bilateral,,gstt_iclinicalmanager,,N,2000001043101001,2025-04-16,2099-12-31,
2000002686,Aortic Valve Tissue,,gstt_iclinicalmanager,,N,8000001203101001,2025-04-16,2099-12-31,
2000002687,Nephrostomy tube change,,gstt_iclinicalmanager,,N,5000001043101001,2025-04-16,2099-12-31,
2000002688,FSH Level 0 min,,gstt_iclinicalmanager,,N,4000001139101001,2025-04-16,2099-12-31,
2000002689,CD5 Antibody..,,gstt_iclinicalmanager,,N,5000001753101001,2025-04-16,2099-12-31,
2000002690,Luteinising Hormone Level 0 min,,gstt_iclinicalmanager,,N,3000001051101001,2025-04-16,2099-12-31,
2000002691,Liver with Hepatobiliary Contrast - MRI,,gstt_iclinicalmanager,,N,1000003536101001,2025-04-16,2099-12-31,
2000002692,Extracorporeal lithotripsy renal right,,gstt_iclinicalmanager,,N,7000003246101001,2025-04-16,2099-12-31,
2000002693,Leptospira Serology,,gstt_iclinicalmanager,,N,3000001062101001,2025-04-16,2099-12-31,
2000002694,CD25 Antibody.,,gstt_iclinicalmanager,,N,2000001747101001,2025-04-16,2099-12-31,
2000002696,JAK2 exon 12,,gstt_iclinicalmanager,,N,2000003111101001,2025-04-16,2099-12-31,
2000002695,Hep B surface Ag.,,gstt_iclinicalmanager,,N,7000001103101001,2025-04-16,2099-12-31,
2000002697,UA DVT,,gstt_iclinicalmanager,,N,1000001008101001,2025-04-16,2099-12-31,
2000002698,Thoracic Stent Graft,,gstt_iclinicalmanager,,N,1000001029101001,2025-04-16,2099-12-31,
2000002699,Left elbow - CT,,gstt_iclinicalmanager,,N,9000001480101001,2025-04-16,2099-12-31,
2000002700,Tomato Allergen,,gstt_iclinicalmanager,,N,8000002245101001,2025-04-16,2099-12-31,
2000002701,Rickettsia Serology,,gstt_iclinicalmanager,,N,1092101001,2025-04-16,2099-12-31,
2000000259,Portacath removal - X-ray,,gstt_iclinicalmanager,,N,1000002830101001,2025-04-16,2099-12-31,
2000000510,Urate (HPLC),,gstt_iclinicalmanager,,N,9000001764101001,2025-04-16,2099-12-31,
2000002702,Comment:,,gstt_iclinicalmanager,,N,7000001763101001,2025-04-16,2099-12-31,
2000002704,Head and Neck Request Major Resection,,gstt_iclinicalmanager,,N,4000003712101001,2025-04-16,2099-12-31,
2000001188,Endomysial Antibody,,gstt_iclinicalmanager,,N,3000001143101001,2025-04-16,2099-12-31,
2000002703,Angioplasty Tibial Left,,gstt_iclinicalmanager,,N,4000003540101001,2025-04-16,2099-12-31,
2000002705,Sentinel (Stool),,gstt_iclinicalmanager,,N,5000001251101001,2025-04-16,2099-12-31,
2000002707,Pilonidal Abscess Swab,,gstt_iclinicalmanager,,N,3000001075101001,2025-04-16,2099-12-31,
2000002706,Intra-Operative PTH sample 1,,gstt_iclinicalmanager,,N,2000002459101001,2025-04-16,2099-12-31,
2000002708,Warfarin Plasma Concentration,,gstt_iclinicalmanager,,N,8000001037101001,2025-04-16,2099-12-31,
2000002709,Denguevirus Abs,,gstt_iclinicalmanager,,N,9000001154101001,2025-04-16,2099-12-31,
2000000443,POCT DCA Vantage HbA1c,,gstt_iclinicalmanager,,N,1000004251101001,2025-04-16,2099-12-31,
2000002711,Peach rPru p 1 (recombinant) Allergen,,gstt_iclinicalmanager,,N,7000003338101001,2025-04-16,2099-12-31,
2000001068,Aspergill.Fumigatus allergen,,gstt_iclinicalmanager,,N,7000002241101001,2025-04-16,2099-12-31,
2000002710,LSL Chlamydia  Screen,,gstt_iclinicalmanager,,N,4000001631101001,2025-04-16,2099-12-31,
2000002712,Intra-Operative PTH sample 2,,gstt_iclinicalmanager,,N,4000002459101001,2025-04-16,2099-12-31,
2000002714,Pancreas - CT,,gstt_iclinicalmanager,,N,7000001046101001,2025-04-16,2099-12-31,
2000002713,5-methyltetrahydrofolate (Plasma),,gstt_iclinicalmanager,,N,1000002424101001,2025-04-16,2099-12-31,
2000001183,Mitochondrial Antibodies Titre,,gstt_iclinicalmanager,,N,5000003315101001,2025-04-16,2099-12-31,
2000002715,BAL for 16S PCR (SRF patients only),,gstt_iclinicalmanager,,N,1000003646101001,2025-04-16,2099-12-31,
2000000732,Treponemal IgM (EIA),,gstt_iclinicalmanager,,N,8000001025101001,2025-04-16,2099-12-31,
2000002716,Intra-Operative PTH sample 3,,gstt_iclinicalmanager,,N,5000002459101001,2025-04-16,2099-12-31,
2000000562,Prolactin Level 0 min,,gstt_iclinicalmanager,,N,1000001081101001,2025-04-16,2099-12-31,
2000002718,C.burnetii serology,,gstt_iclinicalmanager,,N,3000002227101001,2025-04-16,2099-12-31,
2000002717,Breast Left - US 2nd Look,,gstt_iclinicalmanager,,N,4000003067101001,2025-04-16,2099-12-31,
2000002719,NCGPSMAD,,gstt_iclinicalmanager,,N,1000004294101001,2025-04-16,2099-12-31,
2000002720,MRSA Screen - (Critical Care) other site/specimen,,gstt_iclinicalmanager,,N,9000002345101001,2025-04-16,2099-12-31,
2000002721,Thyroid Cytoplasm Antibody,,gstt_iclinicalmanager,,N,4000001013101001,2025-04-16,2099-12-31,
2000002722,Bladder - MRI,,gstt_iclinicalmanager,,N,6000001180101001,2025-04-16,2099-12-31,
2000002723,MRSA Screen Discharge- Nose Axilla Groin,,gstt_iclinicalmanager,,N,5000001875101001,2025-04-16,2099-12-31,
2000002724,Peritoneal Dialysis Fluid,,gstt_iclinicalmanager,,N,5000001073101001,2025-04-16,2099-12-31,
2000002725,XDPA,,gstt_iclinicalmanager,,N,1000002799101001,2025-04-16,2099-12-31,
2000002726,Complement C4,,gstt_iclinicalmanager,,N,7000001168101001,2025-04-16,2099-12-31,
2000000084,Glucose Level 180 min,,gstt_iclinicalmanager,,N,2000001114101001,2025-04-16,2099-12-31,
2000002728,Double Balloon Endoscopy,,gstt_iclinicalmanager,,N,4000002315101001,2025-04-16,2099-12-31,
2000002727,Complement C3,,gstt_iclinicalmanager,,N,1169101001,2025-04-16,2099-12-31,
2000002729,UA Ankle-Brachial Pressure,,gstt_iclinicalmanager,,N,1691101001,2025-04-16,2099-12-31,
2000002730,Barley Allergen,,gstt_iclinicalmanager,,N,2000002418101001,2025-04-16,2099-12-31,
2000002731,VA Mammotomy Lt stereotactic guided,,gstt_iclinicalmanager,,N,1000002281101001,2025-04-16,2099-12-31,
2000002732,Enoxaparin Sodium (Clexane),,gstt_iclinicalmanager,,N,5000003410101001,2025-04-16,2099-12-31,
2000002733,Amino Acids CSF,,gstt_iclinicalmanager,,N,3000003051101001,2025-04-16,2099-12-31,
2000002734,Threonine level CSF,,gstt_iclinicalmanager,,N,2000003051101001,2025-04-16,2099-12-31,
2000002735,Serine Level CSF,,gstt_iclinicalmanager,,N,1000003051101001,2025-04-16,2099-12-31,
2000002737,Squid Allergen,,gstt_iclinicalmanager,,N,1000003351101001,2025-04-16,2099-12-31,
2000002736,Elbow (Right) Swab,,gstt_iclinicalmanager,,N,1000001147101001,2025-04-16,2099-12-31,
2000000260,Femurs both - X-Ray,,gstt_iclinicalmanager,,N,3000001135101001,2025-04-16,2099-12-31,
2000002738,FMC7 Antibody..,,gstt_iclinicalmanager,,N,8000001754101001,2025-04-16,2099-12-31,
2000002739,CD79b Antibody..,,gstt_iclinicalmanager,,N,1000001754101001,2025-04-16,2099-12-31,
2000002741,Intra-Operative PTH sample 4,,gstt_iclinicalmanager,,N,2000002462101001,2025-04-16,2099-12-31,
2000002740,Chloride Level Urine,,gstt_iclinicalmanager,,N,1178101001,2025-04-16,2099-12-31,
2000002742,Pin Site Swab,,gstt_iclinicalmanager,,N,4000001075101001,2025-04-16,2099-12-31,
2000002743,CD23 Antibody..,,gstt_iclinicalmanager,,N,7000001752101001,2025-04-16,2099-12-31,
2000002744,Eye Swab,,gstt_iclinicalmanager,,N,6000001263101001,2025-04-16,2099-12-31,
2000002745,Oral Rinse Candida Count,,gstt_iclinicalmanager,,N,3000004075101001,2025-04-16,2099-12-31,
2000000261,Permacath insertion - X-ray,,gstt_iclinicalmanager,,N,1000001315101001,2025-04-16,2099-12-31,
2000000262,Thumb Both - X-Ray,,gstt_iclinicalmanager,,N,2000002740101001,2025-04-16,2099-12-31,
2000002746,Loopogram gastrointestinal tract,,gstt_iclinicalmanager,,N,1000002893101001,2025-04-16,2099-12-31,
2000002748,CSF Tetrahydrobiopterin,,gstt_iclinicalmanager,,N,8000003398101001,2025-04-16,2099-12-31,
2000002747,CSF Neopterin,,gstt_iclinicalmanager,,N,6000003398101001,2025-04-16,2099-12-31,
2000002749,CSF Dihydrobiopterin,,gstt_iclinicalmanager,,N,4000003398101001,2025-04-16,2099-12-31,
2000002750,Antibody Specificity 3,,gstt_iclinicalmanager,,N,6000001199101001,2025-04-16,2099-12-31,
2000000085,Glucose Level 150 min,,gstt_iclinicalmanager,,N,1000001114101001,2025-04-16,2099-12-31,
2000002752,Fungal Serology,,gstt_iclinicalmanager,,N,1000001141101001,2025-04-16,2099-12-31,
2000002751,Cone Beam CT Temporal bones,,gstt_iclinicalmanager,,N,4000002744101001,2025-04-16,2099-12-31,
2000002753,Head & Neck Histopath - Larynx & Thyroid,,gstt_iclinicalmanager,,N,1000001821101001,2025-04-16,2099-12-31,
2000002754,Breast Right - US 2nd Look.,,gstt_iclinicalmanager,,N,5000003067101001,2025-04-16,2099-12-31,
2000002756,Sputum - AFB investigations,,gstt_iclinicalmanager,,N,5000001020101001,2025-04-16,2099-12-31,
2000002755,Bread meal,,gstt_iclinicalmanager,,N,1214101001,2025-04-16,2099-12-31,
2000002757,Methyl Histamine Level Urine,,gstt_iclinicalmanager,,N,9000001069101001,2025-04-16,2099-12-31,
2000002758,CD19/CD5 Antibodies..,,gstt_iclinicalmanager,,N,1000001752101001,2025-04-16,2099-12-31,
2000002759,Gastric Parietal Cell Ab.,,gstt_iclinicalmanager,,N,7000001112101001,2025-04-16,2099-12-31,
2000002760,Bartholins Abscess Swab,,gstt_iclinicalmanager,,N,2000001209101001,2025-04-16,2099-12-31,
2000002761,Metabolic Condition,,gstt_iclinicalmanager,,N,1000004177101001,2025-04-16,2099-12-31,
2000002762,Sialogram fluoroscopy - Parotid Rt - Dental,,gstt_iclinicalmanager,,N,4000002755101001,2025-04-16,2099-12-31,
2000002763,Tongue Swab,,gstt_iclinicalmanager,,N,2000001289101001,2025-04-16,2099-12-31,
2000002765,Apolipoprotein E Phenotype Level,,gstt_iclinicalmanager,,N,3000001204101001,2025-04-16,2099-12-31,
2000002764,Albumin Screen Urine,,gstt_iclinicalmanager,,N,4000001194101001,2025-04-16,2099-12-31,
2000002766,Resistance Screen Swab,,gstt_iclinicalmanager,,N,1000001091101001,2025-04-16,2099-12-31,
2000002768,MIBG scan - N Med,,gstt_iclinicalmanager,,N,1070101001,2025-04-16,2099-12-31,
2000002767,Angioplasty Tibial Right,,gstt_iclinicalmanager,,N,5000003540101001,2025-04-16,2099-12-31,
2000002769,Transfusion Reaction Conclusion,,gstt_iclinicalmanager,,N,2000001437101001,2025-04-16,2099-12-31,
2000000263,Elbows both - X-Ray,,gstt_iclinicalmanager,,N,4000001147101001,2025-04-16,2099-12-31,
2000002770,Glycophorin A Antibody..,,gstt_iclinicalmanager,,N,9000001754101001,2025-04-16,2099-12-31,
2000002771,Insert pacer (permanent),,gstt_iclinicalmanager,,N,8000001106101001,2025-04-16,2099-12-31,
2000002772,Trigeminal Nerve - MRI,,gstt_iclinicalmanager,,N,1000004181101001,2025-04-16,2099-12-31,
2000002773,Salivary glands Submandibular - US,,gstt_iclinicalmanager,,N,6000003579101001,2025-04-16,2099-12-31,
2000002774,Spectroscopy - MRI,,gstt_iclinicalmanager,,N,2000002337101001,2025-04-16,2099-12-31,
2000002775,Wrist registration - N Med,,gstt_iclinicalmanager,,N,9000001039101001,2025-04-16,2099-12-31,
2000002776,Prostate Arteries - CT,,gstt_iclinicalmanager,,N,1000003474101001,2025-04-16,2099-12-31,
2000002778,CSF Homovanillic acid,,gstt_iclinicalmanager,,N,5000003398101001,2025-04-16,2099-12-31,
2000002777,CSF 5-Hydroxyindoleacetic acid,,gstt_iclinicalmanager,,N,1000003398101001,2025-04-16,2099-12-31,
2000002779,Bethesda (for patients on Emicizumab),,gstt_iclinicalmanager,,N,1000004119101001,2025-04-16,2099-12-31,
2000002780,Herpes simplex CFT,,gstt_iclinicalmanager,,N,4000001123101001,2025-04-16,2099-12-31,
2000002781,VA Mammotomy Rt stereotactic guided,,gstt_iclinicalmanager,,N,2000002279101001,2025-04-16,2099-12-31,
2000002782,CD45 Antibody.,,gstt_iclinicalmanager,,N,8000001747101001,2025-04-16,2099-12-31,
2000002783,Aorta - US,,gstt_iclinicalmanager,,N,6000001203101001,2025-04-16,2099-12-31,
2000002784,Growth Hormone Level 45 min,,gstt_iclinicalmanager,,N,9000001116101001,2025-04-16,2099-12-31,
2000002785,NCCFNW,,gstt_iclinicalmanager,,N,1000003242101001,2025-04-16,2099-12-31,
2000002786,Adenovirus DNA..,,gstt_iclinicalmanager,,N,4000002969101001,2025-04-16,2099-12-31,
2000002787,IA DSA Renal,,gstt_iclinicalmanager,,N,2000001102101001,2025-04-16,2099-12-31,
2000001219,Interleukin 15,,gstt_iclinicalmanager,,N,3000004207101001,2025-04-16,2099-12-31,
2000002788,Myeloma CM Panel Conclusion..,,gstt_iclinicalmanager,,N,2000002528101001,2025-04-16,2099-12-31,
2000002789,Colony Stimulating Factor 2 GM-CSF,,gstt_iclinicalmanager,,N,6000004207101001,2025-04-16,2099-12-31,
2000002791,Vascular Endothelial Growth Factor,,gstt_iclinicalmanager,,N,5000004207101001,2025-04-16,2099-12-31,
2000002790,Monocyte Chemotactic Protein 1,,gstt_iclinicalmanager,,N,4000004207101001,2025-04-16,2099-12-31,
2000002792,Microbiology Culture Result,,gstt_iclinicalmanager,,N,1000001437101001,2025-04-16,2099-12-31,
2000002794,Growth Hormone Level 15 min,,gstt_iclinicalmanager,,N,1116101001,2025-04-16,2099-12-31,
2000002793,Blood Group Interim Report,,gstt_iclinicalmanager,,N,2000002561101001,2025-04-16,2099-12-31,
2000002795,Heel (left) Swab,,gstt_iclinicalmanager,,N,5000001121101001,2025-04-16,2099-12-31,
2000002796,Egg Yolk Allergen,,gstt_iclinicalmanager,,N,3000002249101001,2025-04-16,2099-12-31,
2000002797,Sm Lambda Antibody..,,gstt_iclinicalmanager,,N,3000001755101001,2025-04-16,2099-12-31,
2000002798,MRSA Admission - Other Site Swab,,gstt_iclinicalmanager,,N,3000001875101001,2025-04-16,2099-12-31,
2000000264,Thrombin Injection - X-ray,,gstt_iclinicalmanager,,N,3000001524101001,2025-04-16,2099-12-31,
2000002799,UA Monitoring,,gstt_iclinicalmanager,,N,6000001008101001,2025-04-16,2099-12-31,
2000002801,Sm Kappa Antibody..,,gstt_iclinicalmanager,,N,2000001755101001,2025-04-16,2099-12-31,
2000002800,Filaria Serology,,gstt_iclinicalmanager,,N,1000001136101001,2025-04-16,2099-12-31,
2000002802,Sialogram - Sub mandibular Lt,,gstt_iclinicalmanager,,N,1099101001,2025-04-16,2099-12-31,
2000002803,CSF 5-Methyltetrahydrofolate,,gstt_iclinicalmanager,,N,2000003398101001,2025-04-16,2099-12-31,
2000002804,Uterine Artery Embolisation Request,,gstt_iclinicalmanager,,N,5000001031101001,2025-04-16,2099-12-31,
2000000265,Cervical spine multiple views - X-Ray,,gstt_iclinicalmanager,,N,6000001176101001,2025-04-16,2099-12-31,
2000002805,Sialogram - Sub mandibular Rt,,gstt_iclinicalmanager,,N,1000001099101001,2025-04-16,2099-12-31,
2000002806,C3 Nephritic Factor.,,gstt_iclinicalmanager,,N,1000001362101001,2025-04-16,2099-12-31,
2000002807,Chlamydophila psittaci/abortus,,gstt_iclinicalmanager,,N,7000003815101001,2025-04-16,2099-12-31,
2000002808,CSF Pyridoxal Phosphate,,gstt_iclinicalmanager,,N,7000003398101001,2025-04-16,2099-12-31,
2000002809,Localisation Lt Mammogram,,gstt_iclinicalmanager,,N,1000001064101001,2025-04-16,2099-12-31,
2000002810,Sleep Clinic - Paediatric Polysomnography with Multiple Sleep Latency Test,,gstt_iclinicalmanager,,N,7000003530101001,2025-04-16,2099-12-31,
2000002811,Left oblique lateral - Dental,,gstt_iclinicalmanager,,N,1000002077101001,2025-04-16,2099-12-31,
2000002813,Pernasal Swab - ENT,,gstt_iclinicalmanager,,N,9000001073101001,2025-04-16,2099-12-31,
2000002812,Peach rPru p 4 (recombinant) Allergen,,gstt_iclinicalmanager,,N,3352101001,2025-04-16,2099-12-31,
2000002814,CD61 Antibody..,,gstt_iclinicalmanager,,N,7000001753101001,2025-04-16,2099-12-31,
2000002815,CSF PCR (Ref Lab),,gstt_iclinicalmanager,,N,9000001150101001,2025-04-16,2099-12-31,
2000002816,T46,,gstt_iclinicalmanager,,N,4000003730101001,2025-04-16,2099-12-31,
2000002817,USD - Guided FNA US,,gstt_iclinicalmanager,,N,4000002059101001,2025-04-16,2099-12-31,
2000002818,Myoglobin Urine,,gstt_iclinicalmanager,,N,3000001048101001,2025-04-16,2099-12-31,
2000002819,Percutaneous Cholangiogram,,gstt_iclinicalmanager,,N,7000001072101001,2025-04-16,2099-12-31,
2000002820,Sialogram Parotid Lt - Dental,,gstt_iclinicalmanager,,N,8000001098101001,2025-04-16,2099-12-31,
2000002821,Guided injection ankle Rt - US,,gstt_iclinicalmanager,,N,2000002626101001,2025-04-16,2099-12-31,
2000002822,Cortisol Level 45 min,,gstt_iclinicalmanager,,N,7000001162101001,2025-04-16,2099-12-31,
2000002823,Sleep Clinic - Paediatric Home Actigraphy,,gstt_iclinicalmanager,,N,1000002387101001,2025-04-16,2099-12-31,
2000000266,Lumbar spine oblique views - X-Ray,,gstt_iclinicalmanager,,N,3000001065101001,2025-04-16,2099-12-31,
2000002824,Pea allergen,,gstt_iclinicalmanager,,N,8000002246101001,2025-04-16,2099-12-31,
2000002825,Cortisol Level 15 min,,gstt_iclinicalmanager,,N,9000001161101001,2025-04-16,2099-12-31,
2000002826,Apple Allergen,,gstt_iclinicalmanager,,N,2000002246101001,2025-04-16,2099-12-31,
2000002827,Toxoplasma gondii DNA,,gstt_iclinicalmanager,,N,9000003507101001,2025-04-16,2099-12-31,
2000002828,JC Virus DNA,,gstt_iclinicalmanager,,N,8000003507101001,2025-04-16,2099-12-31,
2000002829,Sample Type..,,gstt_iclinicalmanager,,N,6000003507101001,2025-04-16,2099-12-31,
2000002830,Vac Lymphoctyes Electron Microscopy,,gstt_iclinicalmanager,,N,1000002607101001,2025-04-16,2099-12-31,
2000002831,Fondaparinux Sodium (Arixtra),,gstt_iclinicalmanager,,N,7000003410101001,2025-04-16,2099-12-31,
2000002832,Sinuses with contrast - CT,,gstt_iclinicalmanager,,N,5000002734101001,2025-04-16,2099-12-31,
2000002833,Sleep Clinic - Paediatric Home Oximetry,,gstt_iclinicalmanager,,N,4000002387101001,2025-04-16,2099-12-31,
2000002834,Infection Serology (acute or storage),,gstt_iclinicalmanager,,N,7000001108101001,2025-04-16,2099-12-31,
2000002835,Cortisol Level 90 min,,gstt_iclinicalmanager,,N,9000001162101001,2025-04-16,2099-12-31,
2000002836,UA Neck Veins.,,gstt_iclinicalmanager,,N,4000003748101001,2025-04-16,2099-12-31,
2000002837,Complement Alternate Pathway,,gstt_iclinicalmanager,,N,5000001168101001,2025-04-16,2099-12-31,
2000002838,Faecal Reducing Substances,,gstt_iclinicalmanager,,N,2000001133101001,2025-04-16,2099-12-31,
2000002839,PTC drainage/Biliary drainage,,gstt_iclinicalmanager,,N,7000001088101001,2025-04-16,2099-12-31,
2000000267,Biopsy (specify site) - X-ray,,gstt_iclinicalmanager,,N,2000001180101001,2025-04-16,2099-12-31,
2000002840,USD - Parotid Gland Rt US,,gstt_iclinicalmanager,,N,1000001924101001,2025-04-16,2099-12-31,
2000002841,Glucose Level Urine,,gstt_iclinicalmanager,,N,4000001115101001,2025-04-16,2099-12-31,
2000002842,Guided injection ankle Lt - US,,gstt_iclinicalmanager,,N,1000002626101001,2025-04-16,2099-12-31,
2000002843,SPECT Study - N Med,,gstt_iclinicalmanager,,N,1000001020101001,2025-04-16,2099-12-31,
2000002844,Bone Marrow Aspirate,,gstt_iclinicalmanager,,N,5000001179101001,2025-04-16,2099-12-31,
2000002846,Right elbow - CT,,gstt_iclinicalmanager,,N,2000001481101001,2025-04-16,2099-12-31,
2000002845,Localisation Rt Mammogram,,gstt_iclinicalmanager,,N,2000001064101001,2025-04-16,2099-12-31,
2000002847,Guided core biopsy axilla left - US,,gstt_iclinicalmanager,,N,6000004093101001,2025-04-16,2099-12-31,
2000002848,ENA Antibodies,,gstt_iclinicalmanager,,N,8000001145101001,2025-04-16,2099-12-31,
2000002849,Gastrostomy Tube Change,,gstt_iclinicalmanager,,N,5000001141101001,2025-04-16,2099-12-31,
2000002850,Bone delayed imaging - N Med,,gstt_iclinicalmanager,,N,1000001712101001,2025-04-16,2099-12-31,
2000001148,Factor IX (10 Minutes post),,gstt_iclinicalmanager,,N,3000001377101001,2025-04-16,2099-12-31,
2000002851,Cortisol Level 180 min,,gstt_iclinicalmanager,,N,2000001162101001,2025-04-16,2099-12-31,
2000002852,Uterine Embolisation,,gstt_iclinicalmanager,,N,5000001031101001,2025-04-16,2099-12-31,
2000002853,Mixed Foods Allergen,,gstt_iclinicalmanager,,N,7000002246101001,2025-04-16,2099-12-31,
2000002855,Sialogram fluoroscopy - Sub mandibular  Lt - Dental,,gstt_iclinicalmanager,,N,6000002755101001,2025-04-16,2099-12-31,
2000002854,Radio frequency ablation (cardiac),,gstt_iclinicalmanager,,N,7000001085101001,2025-04-16,2099-12-31,
2000002856,pH Level Fluid,,gstt_iclinicalmanager,,N,1074101001,2025-04-16,2099-12-31,
2000002858,Edoxaban.,,gstt_iclinicalmanager,,N,2000004133101001,2025-04-16,2099-12-31,
2000002857,Cryptococcal Antigen CSF,,gstt_iclinicalmanager,,N,4000003270101001,2025-04-16,2099-12-31,
2000002859,White cell scan Technetium - N Med,,gstt_iclinicalmanager,,N,8000001038101001,2025-04-16,2099-12-31,
2000002861,Strawberry Allergen,,gstt_iclinicalmanager,,N,6000002246101001,2025-04-16,2099-12-31,
2000002860,Mesenteric Angiogram,,gstt_iclinicalmanager,,N,2000001664101001,2025-04-16,2099-12-31,
2000002862,Gastrojejunostomy,,gstt_iclinicalmanager,,N,3000002794101001,2025-04-16,2099-12-31,
2000002863,Orthopaedic pinning Upper Limb Lt - Th,,gstt_iclinicalmanager,,N,9000002648101001,2025-04-16,2099-12-31,
2000002864,Penicillin V allergen,,gstt_iclinicalmanager,,N,5000002247101001,2025-04-16,2099-12-31,
2000002865,Venogram leg Rt,,gstt_iclinicalmanager,,N,1000001034101001,2025-04-16,2099-12-31,
2000002867,Latex allergen,,gstt_iclinicalmanager,,N,1000002245101001,2025-04-16,2099-12-31,
2000002866,Growth Hormone Level- 30 min,,gstt_iclinicalmanager,,N,7000001116101001,2025-04-16,2099-12-31,
2000002868,Cortisol Level - 30 min,,gstt_iclinicalmanager,,N,5000001161101001,2025-04-16,2099-12-31,
2000002869,NCPR333H,,gstt_iclinicalmanager,,N,1000003479101001,2025-04-16,2099-12-31,
2000002870,Avocado Allergen,,gstt_iclinicalmanager,,N,1000002418101001,2025-04-16,2099-12-31,
2000002871,"Nut mix (peanut, hazelnut, brazil nut, almond, coconut) Allergen",,gstt_iclinicalmanager,,N,6000003358101001,2025-04-16,2099-12-31,
2000002872,St John's Histo 2nd Addendum Report,,gstt_iclinicalmanager,,N,1000001669101001,2025-04-16,2099-12-31,
2000002874,Penicillin G allergen,,gstt_iclinicalmanager,,N,4000002247101001,2025-04-16,2099-12-31,
2000002873,Joint Aspirate Swab,,gstt_iclinicalmanager,,N,3000001056101001,2025-04-16,2099-12-31,
2000000086,Glucose Level- 30 min,,gstt_iclinicalmanager,,N,7000001114101001,2025-04-16,2099-12-31,
2000002875,Mould Mix 2 Allergen,,gstt_iclinicalmanager,,N,7000003373101001,2025-04-16,2099-12-31,
2000002877,Mustard Allergen,,gstt_iclinicalmanager,,N,3000003326101001,2025-04-16,2099-12-31,
2000002876,Ankle Lt - US,,gstt_iclinicalmanager,,N,2000003614101001,2025-04-16,2099-12-31,
2000002878,Sialogram Parotid Rt - Dental,,gstt_iclinicalmanager,,N,9000001098101001,2025-04-16,2099-12-31,
2000002880,Fluoroscopic Guided Lumbar Puncture,,gstt_iclinicalmanager,,N,1065101001,2025-04-16,2099-12-31,
2000002879,CSF Comment,,gstt_iclinicalmanager,,N,3000003398101001,2025-04-16,2099-12-31,
2000002881,Sialogram fluoroscopy - Sub mandibular Rt - Dental,,gstt_iclinicalmanager,,N,5000002755101001,2025-04-16,2099-12-31,
2000002883,Retrograde Bilat - Th,,gstt_iclinicalmanager,,N,8000001812101001,2025-04-16,2099-12-31,
2000002882,Nephrostogram Follow on,,gstt_iclinicalmanager,,N,1000001043101001,2025-04-16,2099-12-31,
2000002884,Manual Packed Cell Volume,,gstt_iclinicalmanager,,N,1000001067101001,2025-04-16,2099-12-31,
2000002885,Ankle Rt - US,,gstt_iclinicalmanager,,N,3000003614101001,2025-04-16,2099-12-31,
2000002886,Face with contrast - MRI,,gstt_iclinicalmanager,,N,1000004009101001,2025-04-16,2099-12-31,
2000001156,Factor VIII (4 Hour post),,gstt_iclinicalmanager,,N,8000001380101001,2025-04-16,2099-12-31,
2000002887,Breast implants - MRI,,gstt_iclinicalmanager,,N,1000003001101001,2025-04-16,2099-12-31,
2000002888,Candida Albicans IgG Allergen,,gstt_iclinicalmanager,,N,3000003391101001,2025-04-16,2099-12-31,
2000002890,Unprocessed   ESR,,gstt_iclinicalmanager,,N,1274101001,2025-04-16,2099-12-31,
2000002889,IA DSA (specify site),,gstt_iclinicalmanager,,N,1000001664101001,2025-04-16,2099-12-31,
2000000973,Antithrombin Antigen,,gstt_iclinicalmanager,,N,1000002411101001,2025-04-16,2099-12-31,
2000002891,Gastrojejunostomy Catheter Replacement,,gstt_iclinicalmanager,,N,1000002785101001,2025-04-16,2099-12-31,
2000002893,Rye Allergen,,gstt_iclinicalmanager,,N,1000002247101001,2025-04-16,2099-12-31,
2000002892,Right hand - CT,,gstt_iclinicalmanager,,N,1481101001,2025-04-16,2099-12-31,
2000002894,Localisation - US,,gstt_iclinicalmanager,,N,1064101001,2025-04-16,2099-12-31,
2000002896,Anti-Infliximab Antibody Level.,,gstt_iclinicalmanager,,N,5000004184101001,2025-04-16,2099-12-31,
2000002895,16S PCR Analysis,,gstt_iclinicalmanager,,N,1000003679101001,2025-04-16,2099-12-31,
2000002897,Guided core biopsy axilla right - US,,gstt_iclinicalmanager,,N,7000004093101001,2025-04-16,2099-12-31,
2000002898,Thoracic Aorta - CT,,gstt_iclinicalmanager,,N,4000002057101001,2025-04-16,2099-12-31,
2000002899,Upper limb Lt - US,,gstt_iclinicalmanager,,N,3619101001,2025-04-16,2099-12-31,
2000002900,Sialogram Sub mandibular Lt - Dental,,gstt_iclinicalmanager,,N,1099101001,2025-04-16,2099-12-31,
2000000268,Scapula right - X-Ray,,gstt_iclinicalmanager,,N,5000001095101001,2025-04-16,2099-12-31,
2000002901,Insulin Autoantibody Level,,gstt_iclinicalmanager,,N,1000001107101001,2025-04-16,2099-12-31,
2000002902,"Glycosaminoglycans and Oligosaccharides (mucopolysaccharidosis, mucolipidosis)",,gstt_iclinicalmanager,,N,2000003292101001,2025-04-16,2099-12-31,
2000002903,Unprocessed Chlamydia/GC Screen,,gstt_iclinicalmanager,,N,2000002826101001,2025-04-16,2099-12-31,
2000002904,Small bowel meal,,gstt_iclinicalmanager,,N,6000001017101001,2025-04-16,2099-12-31,
2000002906,Tioguanine,,gstt_iclinicalmanager,,N,2000001282290001,2025-04-16,2099-12-31,
2000002905,TSH Level 0 min,,gstt_iclinicalmanager,,N,7000001006101001,2025-04-16,2099-12-31,
2000002907,Mercury Level,,gstt_iclinicalmanager,,N,8000001068101001,2025-04-16,2099-12-31,
2000002909,Sunflower Seed Allergen,,gstt_iclinicalmanager,,N,3313101001,2025-04-16,2099-12-31,
2000002908,Salivary glands Parotid - US,,gstt_iclinicalmanager,,N,5000003579101001,2025-04-16,2099-12-31,
2000002910,Gastrostomy Tube Insertion,,gstt_iclinicalmanager,,N,6000001141101001,2025-04-16,2099-12-31,
2000002911,Atypical Mononuclear Cells,,gstt_iclinicalmanager,,N,2000001211101001,2025-04-16,2099-12-31,
2000002912,Right oblique lateral - Dental,,gstt_iclinicalmanager,,N,2000002077101001,2025-04-16,2099-12-31,
2000001157,Factor VIII (30 Minutes post),,gstt_iclinicalmanager,,N,1000001380101001,2025-04-16,2099-12-31,
2000002913,Capsule Endoscopy..,,gstt_iclinicalmanager,,N,2000002315101001,2025-04-16,2099-12-31,
2000002914,UA N-V Assessment,,gstt_iclinicalmanager,,N,8000001008101001,2025-04-16,2099-12-31,
2000000782,ENA SSB (La),,gstt_iclinicalmanager,,N,8000001146101001,2025-04-16,2099-12-31,
2000002916,Guided biopsy Chest - CT,,gstt_iclinicalmanager,,N,9000002725101001,2025-04-16,2099-12-31,
2000002915,Coconut allergen,,gstt_iclinicalmanager,,N,4000002245101001,2025-04-16,2099-12-31,
2000002917,Collagen 1ug/ml,,gstt_iclinicalmanager,,N,5000001678101001,2025-04-16,2099-12-31,
2000002918,Heel (Right) Swab,,gstt_iclinicalmanager,,N,6000001121101001,2025-04-16,2099-12-31,
2000002919,Vitamin B2,,gstt_iclinicalmanager,,N,1000003205101001,2025-04-16,2099-12-31,
2000002920,Prostate Arterial Embolisation,,gstt_iclinicalmanager,,N,1000003177101001,2025-04-16,2099-12-31,
2000002921,Sialogram Sub mandibular Rt - Dental,,gstt_iclinicalmanager,,N,1000001099101001,2025-04-16,2099-12-31,
2000002922,Growth Hormone Level 180 min,,gstt_iclinicalmanager,,N,3000001116101001,2025-04-16,2099-12-31,
2000002923,ADP 10 uM,,gstt_iclinicalmanager,,N,4000001678101001,2025-04-16,2099-12-31,
2000002924,HLA-DR Antibody.,,gstt_iclinicalmanager,,N,5000001749101001,2025-04-16,2099-12-31,
2000002925,Urogram - MRI,,gstt_iclinicalmanager,,N,2000002744101001,2025-04-16,2099-12-31,
2000002926,ADAMTS-13-Inhibitor,,gstt_iclinicalmanager,,N,1000003578101001,2025-04-16,2099-12-31,
2000002927,Collagen 5 ug/ml,,gstt_iclinicalmanager,,N,3000001679101001,2025-04-16,2099-12-31,
2000002928,Pineapple Allergen,,gstt_iclinicalmanager,,N,4000002248101001,2025-04-16,2099-12-31,
2000002929,Hepatitis B eAg Interpretation,,gstt_iclinicalmanager,,N,1123101001,2025-04-16,2099-12-31,
2000000269,Screening - X-Ray,,gstt_iclinicalmanager,,N,7000001095101001,2025-04-16,2099-12-31,
2000002930,.Fibrosis 4 Score,,gstt_iclinicalmanager,,N,4000004312101001,2025-04-16,2099-12-31,
2000002931,Arachidonate 0.5mg/ml,,gstt_iclinicalmanager,,N,4000001679101001,2025-04-16,2099-12-31,
2000002932,"Birch (profilin,rec) rBet v 2 Allergen",,gstt_iclinicalmanager,,N,5000003322101001,2025-04-16,2099-12-31,
2000002933,Specimen,,gstt_iclinicalmanager,,N,2000001907101001,2025-04-16,2099-12-31,
2000002934,Manganese Level,,gstt_iclinicalmanager,,N,1067101001,2025-04-16,2099-12-31,
2000002936,Spectrophotometry CSF,,gstt_iclinicalmanager,,N,2000001020101001,2025-04-16,2099-12-31,
2000002935,Sleep Clinic - Paediatric Polysomnography,,gstt_iclinicalmanager,,N,5000002545101001,2025-04-16,2099-12-31,
2000002937,Right hip - CT,,gstt_iclinicalmanager,,N,6000001480101001,2025-04-16,2099-12-31,
2000002938,Bee Phospholipase A2 Allergen,,gstt_iclinicalmanager,,N,3366101001,2025-04-16,2099-12-31,
2000002939,Growth Hormone Level 150 min,,gstt_iclinicalmanager,,N,2000001116101001,2025-04-16,2099-12-31,
2000002940,Grass Pollen Mix 6 Allergen,,gstt_iclinicalmanager,,N,7000003362101001,2025-04-16,2099-12-31,
2000000270,Scapula left - X-Ray,,gstt_iclinicalmanager,,N,4000001095101001,2025-04-16,2099-12-31,
2000002941,Guided nerve root injection lumbar - CT,,gstt_iclinicalmanager,,N,6000001043101001,2025-04-16,2099-12-31,
2000002943,Complement C5 - C9,,gstt_iclinicalmanager,,N,9000001168101001,2025-04-16,2099-12-31,
2000002942,Cardiac Muscle Antibody,,gstt_iclinicalmanager,,N,4000003302101001,2025-04-16,2099-12-31,
2000002944,Extended RBC Phenotype.,,gstt_iclinicalmanager,,N,1000004154101001,2025-04-16,2099-12-31,
2000002945,MRSA Screen - (Critical Care) other site,,gstt_iclinicalmanager,,N,9000002345101001,2025-04-16,2099-12-31,
2000002946,Urethral Swab,,gstt_iclinicalmanager,,N,1000001006101001,2025-04-16,2099-12-31,
2000000271,Tibia & fibula Both - X-Ray,,gstt_iclinicalmanager,,N,6000002738101001,2025-04-16,2099-12-31,
2000002947,CD56 Antibody.,,gstt_iclinicalmanager,,N,1748101001,2025-04-16,2099-12-31,
2000002948,Oxalate Level,,gstt_iclinicalmanager,,N,6000001045101001,2025-04-16,2099-12-31,
2000002949,Renal Stone (Urine).,,gstt_iclinicalmanager,,N,7000003216101001,2025-04-16,2099-12-31,
2000002950,Urine for Culture and Schistosoma,,gstt_iclinicalmanager,,N,8000003216101001,2025-04-16,2099-12-31,
2000002951,Core breast biopsy Lt - US,,gstt_iclinicalmanager,,N,9000001688101001,2025-04-16,2099-12-31,
2000002953,Nephrostogram Both,,gstt_iclinicalmanager,,N,4000002751101001,2025-04-16,2099-12-31,
2000002952,Epinepherine 20 uM,,gstt_iclinicalmanager,,N,8000001678101001,2025-04-16,2099-12-31,
2000002954,ADP 2.0 uM,,gstt_iclinicalmanager,,N,6000001678101001,2025-04-16,2099-12-31,
2000002956,MAC (cm),,gstt_iclinicalmanager,,N,1022290001,2025-04-16,2099-12-31,
2000002955,Elastography of Liver - US,,gstt_iclinicalmanager,,N,2000004099101001,2025-04-16,2099-12-31,
2000002957,CT Atten Correct & diagnostic study - N Med,,gstt_iclinicalmanager,,N,1000002753101001,2025-04-16,2099-12-31,
2000002958,CD25 Antibody..,,gstt_iclinicalmanager,,N,8000001752101001,2025-04-16,2099-12-31,
2000002959,Doppler Artery - US (state site),,gstt_iclinicalmanager,,N,9000001156101001,2025-04-16,2099-12-31,
2000002960,Catheter removal,,gstt_iclinicalmanager,,N,1000001172101001,2025-04-16,2099-12-31,
2000002961,ILGF1 Level 0 min,,gstt_iclinicalmanager,,N,4000001100101001,2025-04-16,2099-12-31,
2000002962,Mitral Valve Tissue,,gstt_iclinicalmanager,,N,4000001053101001,2025-04-16,2099-12-31,
2000002963,Paed ASD Closure,,gstt_iclinicalmanager,,N,1000002094101001,2025-04-16,2099-12-31,
2000002964,Doppler Kidney - US (state side),,gstt_iclinicalmanager,,N,1000001157101001,2025-04-16,2099-12-31,
2000002965,Ear Swab,,gstt_iclinicalmanager,,N,5000001263101001,2025-04-16,2099-12-31,
2000002966,Salts,,gstt_iclinicalmanager,,N,2000001039290001,2025-04-16,2099-12-31,
2000002967,DAT Comment,,gstt_iclinicalmanager,,N,3000004153101001,2025-04-16,2099-12-31,
2000002969,Guided drainage abdomen - CT,,gstt_iclinicalmanager,,N,3000002724101001,2025-04-16,2099-12-31,
2000001069,Aspergillus Flavus Allergen,,gstt_iclinicalmanager,,N,1000003313101001,2025-04-16,2099-12-31,
2000002968,C1q Concentration,,gstt_iclinicalmanager,,N,8000003314101001,2025-04-16,2099-12-31,
2000002970,Antibody Specificity - Antibody 1,,gstt_iclinicalmanager,,N,6000004151101001,2025-04-16,2099-12-31,
2000002971,Acute CM Panel Conclusion.,,gstt_iclinicalmanager,,N,1749101001,2025-04-16,2099-12-31,
2000002972,Elastography - MRI,,gstt_iclinicalmanager,,N,3000004183101001,2025-04-16,2099-12-31,
2000002973,CD34 Antibody.,,gstt_iclinicalmanager,,N,5000001747101001,2025-04-16,2099-12-31,
2000002975,Previous Antibody Titre - Antibody 1,,gstt_iclinicalmanager,,N,1000004160101001,2025-04-16,2099-12-31,
2000002974,Current Antibody Titre - Antibody 1,,gstt_iclinicalmanager,,N,8000004152101001,2025-04-16,2099-12-31,
2000002976,Vancomycin Level,,gstt_iclinicalmanager,,N,3000002084101001,2025-04-16,2099-12-31,
2000002977,Peach Allergen,,gstt_iclinicalmanager,,N,3000003352101001,2025-04-16,2099-12-31,
2000002978,Pine Allergen,,gstt_iclinicalmanager,,N,3374101001,2025-04-16,2099-12-31,
2000002979,Orbit with contrast Both - CT,,gstt_iclinicalmanager,,N,1000002733101001,2025-04-16,2099-12-31,
2000002980,Gastric emptying dual - N Med,,gstt_iclinicalmanager,,N,4000001112101001,2025-04-16,2099-12-31,
2000002982,Paediatric pH+ Impedance Test,,gstt_iclinicalmanager,,N,1000003640101001,2025-04-16,2099-12-31,
2000002981,CESM Both Breasts,,gstt_iclinicalmanager,,N,6000003487101001,2025-04-16,2099-12-31,
2000002983,..Bethesda (Anti Factor VIII),,gstt_iclinicalmanager,,N,9000001209101001,2025-04-16,2099-12-31,
2000002984,CD117 Antibody.,,gstt_iclinicalmanager,,N,1746101001,2025-04-16,2099-12-31,
2000002985,Face with contrast - CT,,gstt_iclinicalmanager,,N,4000002727101001,2025-04-16,2099-12-31,
2000002986,Renal PTA,,gstt_iclinicalmanager,,N,1090101001,2025-04-16,2099-12-31,
2000002987,Achilles Tendon Lt - US,,gstt_iclinicalmanager,,N,2754101001,2025-04-16,2099-12-31,
2000002988,Rheumatology US Request,,gstt_iclinicalmanager,,N,2000003625101001,2025-04-16,2099-12-31,
2000002989,Total protein S Antigen,,gstt_iclinicalmanager,,N,2000003168101001,2025-04-16,2099-12-31,
2000002990,Guided joint inj - US,,gstt_iclinicalmanager,,N,2000001900101001,2025-04-16,2099-12-31,
2000002991,Knee Rt - US,,gstt_iclinicalmanager,,N,3000003618101001,2025-04-16,2099-12-31,
2000001147,Factor IX (Pre),,gstt_iclinicalmanager,,N,4000001128101001,2025-04-16,2099-12-31,
2000002992,Enteroscopy,,gstt_iclinicalmanager,,N,7000002315101001,2025-04-16,2099-12-31,
2000002993,CD64 Antibody.,,gstt_iclinicalmanager,,N,2000001748101001,2025-04-16,2099-12-31,
2000002995,Tunnelled central venous line exchange,,gstt_iclinicalmanager,,N,9000002751101001,2025-04-16,2099-12-31,
2000002994,Congenital/perinatal Infection Serology,,gstt_iclinicalmanager,,N,4000001169101001,2025-04-16,2099-12-31,
2000002996,Free T4 0 min,,gstt_iclinicalmanager,,N,8000001804101001,2025-04-16,2099-12-31,
2000002998,Small Bowel - US,,gstt_iclinicalmanager,,N,2000003666101001,2025-04-16,2099-12-31,
2000002997,CD33 Antibody.,,gstt_iclinicalmanager,,N,4000001747101001,2025-04-16,2099-12-31,
2000002999,Amoxilloyl allergen,,gstt_iclinicalmanager,,N,6000002247101001,2025-04-16,2099-12-31,
2000003001,UA Duplex Lower Limb,,gstt_iclinicalmanager,,N,1008101001,2025-04-16,2099-12-31,
2000003000,Phenotype,,gstt_iclinicalmanager,,N,1000001309101001,2025-04-16,2099-12-31,
2000003002,Influenza Antigen Test,,gstt_iclinicalmanager,,N,4000001839101001,2025-04-16,2099-12-31,
2000003003,Chemical  Pathology  Investigation.,,gstt_iclinicalmanager,,N,1000001324101001,2025-04-16,2099-12-31,
2000003004,Parvovirus DNA,,gstt_iclinicalmanager,,N,7000001070101001,2025-04-16,2099-12-31,
2000003005,Amikacin Assay,,gstt_iclinicalmanager,,N,7000001195101001,2025-04-16,2099-12-31,
2000003007,ENA PM-1,,gstt_iclinicalmanager,,N,2000001146101001,2025-04-16,2099-12-31,
2000003006,Cortisol Level 300 min,,gstt_iclinicalmanager,,N,6000001162101001,2025-04-16,2099-12-31,
2000003008,CSF HIV-1 RNA copies/ml,,gstt_iclinicalmanager,,N,1000002995101001,2025-04-16,2099-12-31,
2000003009,CSF Log copy number,,gstt_iclinicalmanager,,N,2000002995101001,2025-04-16,2099-12-31,
2000001201,Smooth Muscle Antibody,,gstt_iclinicalmanager,,N,8000001018101001,2025-04-16,2099-12-31,
2000003010,"Oral Rinse Candida Count, MC & S",,gstt_iclinicalmanager,,N,4000004075101001,2025-04-16,2099-12-31,
2000003011,Ristocetin 1.25g/l,,gstt_iclinicalmanager,,N,1000001735101001,2025-04-16,2099-12-31,
2000003012,Pelvis with contrast - CT,,gstt_iclinicalmanager,,N,5000002733101001,2025-04-16,2099-12-31,
2000003013,Pulmonary Artery Angioplasty,,gstt_iclinicalmanager,,N,1089101001,2025-04-16,2099-12-31,
2000003014,Molecular Test for MTB,,gstt_iclinicalmanager,,N,1000002985101001,2025-04-16,2099-12-31,
2000003016,CD13 Antibody.,,gstt_iclinicalmanager,,N,1000001746101001,2025-04-16,2099-12-31,
2000003015,Achilles Tendon Rt - US,,gstt_iclinicalmanager,,N,1000002754101001,2025-04-16,2099-12-31,
2000003017,Amikacin Assay (post dose),,gstt_iclinicalmanager,,N,5000001195101001,2025-04-16,2099-12-31,
2000003019,Guided FNA & Core breast biopsy Lt - US,,gstt_iclinicalmanager,,N,1000002722101001,2025-04-16,2099-12-31,
2000003018,Faeces for C. difficile Cytotoxin,,gstt_iclinicalmanager,,N,8000001133101001,2025-04-16,2099-12-31,
2000003020,CK-MB Mass,,gstt_iclinicalmanager,,N,4000001883101001,2025-04-16,2099-12-31,
2000003021,Upper limb Rt - US,,gstt_iclinicalmanager,,N,1000003619101001,2025-04-16,2099-12-31,
2000003022,Core breast biopsy Rt - US,,gstt_iclinicalmanager,,N,8000001688101001,2025-04-16,2099-12-31,
2000003023,NMOH,,gstt_iclinicalmanager,,N,1000002107101001,2025-04-16,2099-12-31,
2000003024,Vitamin K1 (Fasting),,gstt_iclinicalmanager,,N,2000001898101001,2025-04-16,2099-12-31,
2000003026,Forearm Rt - MRI,,gstt_iclinicalmanager,,N,3000002649101001,2025-04-16,2099-12-31,
2000003025,Cholesterol Level Fluid,,gstt_iclinicalmanager,,N,5000001165101001,2025-04-16,2099-12-31,
2000003027,Sample Sent to:,,gstt_iclinicalmanager,,N,3000001094101001,2025-04-16,2099-12-31,
2000003029,Antigenic FII ELISA Assay,,gstt_iclinicalmanager,,N,2000001402101001,2025-04-16,2099-12-31,
2000003028,17 alpha OHP Level 0 min,,gstt_iclinicalmanager,,N,6000001191101001,2025-04-16,2099-12-31,
2000003030,Left hip - CT,,gstt_iclinicalmanager,,N,5000001480101001,2025-04-16,2099-12-31,
2000003032,Upper arm Rt - MRI,,gstt_iclinicalmanager,,N,1000002744101001,2025-04-16,2099-12-31,
2000003031,Scallop Allergen,,gstt_iclinicalmanager,,N,4000003311101001,2025-04-16,2099-12-31,
2000003033,Mixed moulds allergen,,gstt_iclinicalmanager,,N,9000002245101001,2025-04-16,2099-12-31,
2000003034,Strontium Level,,gstt_iclinicalmanager,,N,1000001908101001,2025-04-16,2099-12-31,
2000003035,Wasp allergen,,gstt_iclinicalmanager,,N,3000002244101001,2025-04-16,2099-12-31,
2000003036,17 alpha OHP Level 30 min,,gstt_iclinicalmanager,,N,7000001191101001,2025-04-16,2099-12-31,
2000003037,17 alpha OHP Level 60 min,,gstt_iclinicalmanager,,N,8000001191101001,2025-04-16,2099-12-31,
2000000272,Leg length measurement Lt - X-Ray,,gstt_iclinicalmanager,,N,3000002738101001,2025-04-16,2099-12-31,
2000003039,Triglyceride Level Chylomicron,,gstt_iclinicalmanager,,N,4000001004101001,2025-04-16,2099-12-31,
2000003038,Cholesterol Level Chylomicron,,gstt_iclinicalmanager,,N,4000001165101001,2025-04-16,2099-12-31,
2000003040,Guided drainage Chest - CT,,gstt_iclinicalmanager,,N,1000002726101001,2025-04-16,2099-12-31,
2000003041,VLDL Cholesterol Level,,gstt_iclinicalmanager,,N,1000001036101001,2025-04-16,2099-12-31,
2000003042,VLDL Triglyceride Level,,gstt_iclinicalmanager,,N,2000001036101001,2025-04-16,2099-12-31,
2000003043,Orthopaedic pinning Upper Limb Rt - Th,,gstt_iclinicalmanager,,N,2649101001,2025-04-16,2099-12-31,
2000003044,Hep C IgG Abs.,,gstt_iclinicalmanager,,N,2000001122101001,2025-04-16,2099-12-31,
2000003045,MUA -Th,,gstt_iclinicalmanager,,N,2000001055101001,2025-04-16,2099-12-31,
2000003046,Mid Stream Urine.,,gstt_iclinicalmanager,,N,4000003216101001,2025-04-16,2099-12-31,
2000000781,ENA SSA (Ro),,gstt_iclinicalmanager,,N,7000001146101001,2025-04-16,2099-12-31,
2000003047,Guided biopsy lung - CT,,gstt_iclinicalmanager,,N,3000002731101001,2025-04-16,2099-12-31,
2000003049,Trimethylamine:Creatinine Level Urine,,gstt_iclinicalmanager,,N,7000001005101001,2025-04-16,2099-12-31,
2000003048,Bee Venom allergen,,gstt_iclinicalmanager,,N,7000002244101001,2025-04-16,2099-12-31,
2000003050,VWF Activity (Post),,gstt_iclinicalmanager,,N,9000001036101001,2025-04-16,2099-12-31,
2000003052,Free T3 0 min,,gstt_iclinicalmanager,,N,7000001804101001,2025-04-16,2099-12-31,
2000001158,Factor VIII (1 Hour post),,gstt_iclinicalmanager,,N,9000001378101001,2025-04-16,2099-12-31,
2000003051,Dynamic muscle - US,,gstt_iclinicalmanager,,N,7000001148101001,2025-04-16,2099-12-31,
2000003053,Sulphite Dipstick Urine,,gstt_iclinicalmanager,,N,4000001770101001,2025-04-16,2099-12-31,
2000003054,Immunofluorescence Addendum,,gstt_iclinicalmanager,,N,5000001668101001,2025-04-16,2099-12-31,
2000001159,Factor VIII (24 Hour post),,gstt_iclinicalmanager,,N,8000001379101001,2025-04-16,2099-12-31,
2000003055,Poppy Seed Allergen,,gstt_iclinicalmanager,,N,1000003371101001,2025-04-16,2099-12-31,
2000003056,K wire insertion - Th,,gstt_iclinicalmanager,,N,6000001056101001,2025-04-16,2099-12-31,
2000003058,ERCP & Sphincterotomy,,gstt_iclinicalmanager,,N,7000001144101001,2025-04-16,2099-12-31,
2000003057,.Red Cell Availability,,gstt_iclinicalmanager,,N,2000002937101001,2025-04-16,2099-12-31,
2000003059,Guided FNA & Core breast biopsy Rt - US,,gstt_iclinicalmanager,,N,3000002722101001,2025-04-16,2099-12-31,
2000003061,Beta-lactoglobulin,,gstt_iclinicalmanager,,N,1000003389101001,2025-04-16,2099-12-31,
2000003060,Aggregation Amplitude Collagen 5ug/mL,,gstt_iclinicalmanager,,N,6000003224101001,2025-04-16,2099-12-31,
2000003062,Chicken Allergen,,gstt_iclinicalmanager,,N,5000002245101001,2025-04-16,2099-12-31,
2000003063,Myelocytes.,,gstt_iclinicalmanager,,N,2000001849101001,2025-04-16,2099-12-31,
2000003064,FNA - Lymph Node for AFB,,gstt_iclinicalmanager,,N,4000001137101001,2025-04-16,2099-12-31,
2000003065,Soy (Recomb) Allergen,,gstt_iclinicalmanager,,N,3000003319101001,2025-04-16,2099-12-31,
2000003066,Myocardial Perf. Stress only Dobutamine,,gstt_iclinicalmanager,,N,7000001691101001,2025-04-16,2099-12-31,
2000000273,Lateral Thoraco-lumbar spine - X-Ray,,gstt_iclinicalmanager,,N,1000001632101001,2025-04-16,2099-12-31,
2000003068,Total Nucleotides,,gstt_iclinicalmanager,,N,4000001014101001,2025-04-16,2099-12-31,
2000003067,Pernasal Swab for Pertussis,,gstt_iclinicalmanager,,N,9000001073101001,2025-04-16,2099-12-31,
2000003069,VWF Activity (Pre),,gstt_iclinicalmanager,,N,1037101001,2025-04-16,2099-12-31,
2000003070,Oesophageal pH Test,,gstt_iclinicalmanager,,N,1000002519101001,2025-04-16,2099-12-31,
2000003071,Orange Allergen,,gstt_iclinicalmanager,,N,1000002246101001,2025-04-16,2099-12-31,
2000003072,Penis - MRI,,gstt_iclinicalmanager,,N,2000003453101001,2025-04-16,2099-12-31,
2000003073,Bone marrow study - N Med,,gstt_iclinicalmanager,,N,6000001179101001,2025-04-16,2099-12-31,
2000003075,Cytoplasmic Marker Panel Conclusion.,,gstt_iclinicalmanager,,N,8000001748101001,2025-04-16,2099-12-31,
2000003074,Cortisol Level 360 min,,gstt_iclinicalmanager,,N,1000001782101001,2025-04-16,2099-12-31,
2000003076,HPRT (rbc),,gstt_iclinicalmanager,,N,1764101001,2025-04-16,2099-12-31,
2000003077,APRT (rbc),,gstt_iclinicalmanager,,N,4000001763101001,2025-04-16,2099-12-31,
2000003078,Viral Illness - Contact,,gstt_iclinicalmanager,,N,1000002533101001,2025-04-16,2099-12-31,
2000003079,Upper arm Lt - MRI,,gstt_iclinicalmanager,,N,2744101001,2025-04-16,2099-12-31,
2000003081,"Nut mix (pecan, cashew, pistachio, walnut) Allergen",,gstt_iclinicalmanager,,N,4000003365101001,2025-04-16,2099-12-31,
2000003080,Gluten Allergen,,gstt_iclinicalmanager,,N,2000003352101001,2025-04-16,2099-12-31,
2000003082,Stem Cells - plasma,,gstt_iclinicalmanager,,N,8000001021101001,2025-04-16,2099-12-31,
2000003084,Beef Allergen,,gstt_iclinicalmanager,,N,7000002248101001,2025-04-16,2099-12-31,
2000003083,11 Deoxycortisol Level,,gstt_iclinicalmanager,,N,5000001191101001,2025-04-16,2099-12-31,
2000003085,Cortisol 420 min,,gstt_iclinicalmanager,,N,1000001642101001,2025-04-16,2099-12-31,
2000003087,Metamyelocytes.,,gstt_iclinicalmanager,,N,3000001849101001,2025-04-16,2099-12-31,
2000003086,Knee Lt - US,,gstt_iclinicalmanager,,N,2000003618101001,2025-04-16,2099-12-31,
2000003088,"Fish mix (cod, herring, mackerel, plaice) Allergen",,gstt_iclinicalmanager,,N,2000003309101001,2025-04-16,2099-12-31,
2000003090,PEG Immune Complexes,,gstt_iclinicalmanager,,N,5000001071101001,2025-04-16,2099-12-31,
2000003089,Mitochondrial Antibody Type,,gstt_iclinicalmanager,,N,3000001053101001,2025-04-16,2099-12-31,
2000003091,Bilirubin Level Fluid,,gstt_iclinicalmanager,,N,3000001212101001,2025-04-16,2099-12-31,
2000003093,Serum Save: Milk Bank Donor,,gstt_iclinicalmanager,,N,1000001705101001,2025-04-16,2099-12-31,
2000003092,Ganglioside Ab (Blot),,gstt_iclinicalmanager,,N,1000001799101001,2025-04-16,2099-12-31,
2000003094,"Stem Cells - DMSO, Plasma and Cells",,gstt_iclinicalmanager,,N,9000001021101001,2025-04-16,2099-12-31,
2000003095,Echinococcus Serology,,gstt_iclinicalmanager,,N,9000001142101001,2025-04-16,2099-12-31,
2000003096,Unprocessed  Glucose,,gstt_iclinicalmanager,,N,1000001279101001,2025-04-16,2099-12-31,
2000003097,T Cell Clonality - Misc,,gstt_iclinicalmanager,,N,2000002121101001,2025-04-16,2099-12-31,
2000003098,Aorta abdominal - MRA,,gstt_iclinicalmanager,,N,6000002752101001,2025-04-16,2099-12-31,
2000003099,Bronchial Stent,,gstt_iclinicalmanager,,N,1000001215101001,2025-04-16,2099-12-31,
2000003100,MRSA Screen Outpatient,,gstt_iclinicalmanager,,N,2000001883101001,2025-04-16,2099-12-31,
2000000274,Knee skyline view - X-Ray,,gstt_iclinicalmanager,,N,4000001058101001,2025-04-16,2099-12-31,
2000003101,rVes v1 Phospholipase A1 Allergen,,gstt_iclinicalmanager,,N,1000003308101001,2025-04-16,2099-12-31,
2000003103,Vitreous PCR,,gstt_iclinicalmanager,,N,9000001035101001,2025-04-16,2099-12-31,
2000003102,TdT Antibody.,,gstt_iclinicalmanager,,N,2000001750101001,2025-04-16,2099-12-31,
2000003104,Peripheral Angiogram - MRI,,gstt_iclinicalmanager,,N,4000001073101001,2025-04-16,2099-12-31,
2000003105,Date Result Received,,gstt_iclinicalmanager,,N,4000001154101001,2025-04-16,2099-12-31,
2000003106,Date Sent,,gstt_iclinicalmanager,,N,5000001154101001,2025-04-16,2099-12-31,
2000003107,Tooting Reference Number,,gstt_iclinicalmanager,,N,9000001013101001,2025-04-16,2099-12-31,
2000003108,ANCA Referral,,gstt_iclinicalmanager,,N,3000001198101001,2025-04-16,2099-12-31,
2000003109,Anti-MPO ELISA,,gstt_iclinicalmanager,,N,1000001202101001,2025-04-16,2099-12-31,
2000003110,Anti-PR3 ELISA,,gstt_iclinicalmanager,,N,3000001202101001,2025-04-16,2099-12-31,
2000003112,Referred Test Result,,gstt_iclinicalmanager,,N,2000001087101001,2025-04-16,2099-12-31,
2000003111,Guided biopsy bone - CT,,gstt_iclinicalmanager,,N,1000002725101001,2025-04-16,2099-12-31,
2000003113,HIV-1 Predicted Tropism,,gstt_iclinicalmanager,,N,1000002987101001,2025-04-16,2099-12-31,
2000003114,Amoebic Serology,,gstt_iclinicalmanager,,N,2000001918101001,2025-04-16,2099-12-31,
2000003115,UA Neck Veins,,gstt_iclinicalmanager,,N,8000001690101001,2025-04-16,2099-12-31,
2000001208,Myeloperoxidase Antibody.,,gstt_iclinicalmanager,,N,6000001749101001,2025-04-16,2099-12-31,
2000003116,Alpha- lactalbumin Allergen,,gstt_iclinicalmanager,,N,6000003345101001,2025-04-16,2099-12-31,
2000003117,Chemical Pathology Investigation.,,gstt_iclinicalmanager,,N,1000001317101001,2025-04-16,2099-12-31,
2000003118,Chub mackerel allergen,,gstt_iclinicalmanager,,N,5000002418101001,2025-04-16,2099-12-31,
2000003119,HTLV1 Antibodies,,gstt_iclinicalmanager,,N,8000001100101001,2025-04-16,2099-12-31,
2000003120,Octreotate Scan - N Med,,gstt_iclinicalmanager,,N,1000003022101001,2025-04-16,2099-12-31,
2000003121,Thigh Rt - US,,gstt_iclinicalmanager,,N,8000003618101001,2025-04-16,2099-12-31,
2000003122,Glycine Antibodies,,gstt_iclinicalmanager,,N,1000003329101001,2025-04-16,2099-12-31,
2000003123,Scoliosis Correction - Th,,gstt_iclinicalmanager,,N,2000001812101001,2025-04-16,2099-12-31,
2000003124,Acanthamoeba PCR,,gstt_iclinicalmanager,,N,1000003900101001,2025-04-16,2099-12-31,
2000003125,Left hand - CT,,gstt_iclinicalmanager,,N,7000001480101001,2025-04-16,2099-12-31,
2000003126,Adrenal with contrast Both - CT,,gstt_iclinicalmanager,,N,8000002724101001,2025-04-16,2099-12-31,
2000000275,Hip AP & lat - X-Ray,,gstt_iclinicalmanager,,N,2000001124101001,2025-04-16,2099-12-31,
2000000276,Patella Rt - X-Ray,,gstt_iclinicalmanager,,N,9000002738101001,2025-04-16,2099-12-31,
2000003127,Thyroid pre Iodine therapy - N Med,,gstt_iclinicalmanager,,N,9000001011101001,2025-04-16,2099-12-31,
2000003129,IV DSA Abdominal Aorta & Distals,,gstt_iclinicalmanager,,N,1000001110101001,2025-04-16,2099-12-31,
2000003128,Haemoglobinopathy Status Code,,gstt_iclinicalmanager,,N,5000002763101001,2025-04-16,2099-12-31,
2000003130,USD - Neck left US,,gstt_iclinicalmanager,,N,5000001925101001,2025-04-16,2099-12-31,
2000003132,IVC Filter Removal,,gstt_iclinicalmanager,,N,1000001111101001,2025-04-16,2099-12-31,
2000003131,Cytoplasmic CD3 Antibody.,,gstt_iclinicalmanager,,N,2000001749101001,2025-04-16,2099-12-31,
2000003133,Sample Type Pneumocystis jirovecii,,gstt_iclinicalmanager,,N,1000004256101001,2025-04-16,2099-12-31,
2000003134,Fungal Molecular Test,,gstt_iclinicalmanager,,N,1000003972101001,2025-04-16,2099-12-31,
2000003135,Red Cell Folate,,gstt_iclinicalmanager,,N,9000001086101001,2025-04-16,2099-12-31,
2000003136,CD79a Antibody.,,gstt_iclinicalmanager,,N,4000001748101001,2025-04-16,2099-12-31,
2000003138,Trypanosoma Cruzi Serology,,gstt_iclinicalmanager,,N,2000001917101001,2025-04-16,2099-12-31,
2000003137,Cytoplasmic CD22 Antibody.,,gstt_iclinicalmanager,,N,1000001749101001,2025-04-16,2099-12-31,
2000003139,Collagen 20 ug/ml,,gstt_iclinicalmanager,,N,7000001678101001,2025-04-16,2099-12-31,
2000000032,Corrected PCV,,gstt_iclinicalmanager,,N,6000001309101001,2025-04-16,2099-12-31,
2000003141,Lesion IF Screen,,gstt_iclinicalmanager,,N,4000001062101001,2025-04-16,2099-12-31,
2000003140,CSF Treponemal Serology,,gstt_iclinicalmanager,,N,3000001151101001,2025-04-16,2099-12-31,
2000003142,US - Guidance During Foam Sclerotherapy,,gstt_iclinicalmanager,,N,2000002220101001,2025-04-16,2099-12-31,
2000003143,Epinepherine 2 uM,,gstt_iclinicalmanager,,N,9000001678101001,2025-04-16,2099-12-31,
2000003144,Urine for Schistosoma.,,gstt_iclinicalmanager,,N,9000003216101001,2025-04-16,2099-12-31,
2000003145,Labial Swab,,gstt_iclinicalmanager,,N,1059101001,2025-04-16,2099-12-31,
2000003147,High resolution chest with contrast - CT,,gstt_iclinicalmanager,,N,1000002784101001,2025-04-16,2099-12-31,
2000003146,ADP 5.0 uM,,gstt_iclinicalmanager,,N,2000001679101001,2025-04-16,2099-12-31,
2000003148,Forearm Lt - MRI,,gstt_iclinicalmanager,,N,2000002649101001,2025-04-16,2099-12-31,
2000003149,Alt. alternata allergen,,gstt_iclinicalmanager,,N,1000002250101001,2025-04-16,2099-12-31,
2000003150,Guided skin marking breast Lt - US,,gstt_iclinicalmanager,,N,3000002723101001,2025-04-16,2099-12-31,
2000003151,Salivary gland - MRI,,gstt_iclinicalmanager,,N,6000001018101001,2025-04-16,2099-12-31,
2000000277,Lumbar Puncture - X-Ray,,gstt_iclinicalmanager,,N,1065101001,2025-04-16,2099-12-31,
2000003152,Guided injection wrist Rt - US,,gstt_iclinicalmanager,,N,4000003617101001,2025-04-16,2099-12-31,
2000003153,Gastrostomy to gastrojejunostomy conv,,gstt_iclinicalmanager,,N,7000002794101001,2025-04-16,2099-12-31,
2000003154,Osteotomy - Th,,gstt_iclinicalmanager,,N,7000001044101001,2025-04-16,2099-12-31,
2000003155,Periapicals > 7 films - Dental,,gstt_iclinicalmanager,,N,3000002073101001,2025-04-16,2099-12-31,
2000003156,ADP 1.0 uM,,gstt_iclinicalmanager,,N,2000001678101001,2025-04-16,2099-12-31,
2000003157,Leishmania Serology,,gstt_iclinicalmanager,,N,2000001062101001,2025-04-16,2099-12-31,
2000003158,Dynamic Hip Screw -Th,,gstt_iclinicalmanager,,N,5000001148101001,2025-04-16,2099-12-31,
2000003159,CSF (Other) for MC&S,,gstt_iclinicalmanager,,N,9000001152101001,2025-04-16,2099-12-31,
2000003160,"Stem Cells - plasma, DMSO and cells",,gstt_iclinicalmanager,,N,9000001021101001,2025-04-16,2099-12-31,
2000003161,MRSA Admission 2 Set - Other Site Swab,,gstt_iclinicalmanager,,N,9000001875101001,2025-04-16,2099-12-31,
2000003162,Report only - Radiology,,gstt_iclinicalmanager,,N,1000001284101001,2025-04-16,2099-12-31,
2000003163,Foot/ankle - MRI,,gstt_iclinicalmanager,,N,6000001138101001,2025-04-16,2099-12-31,
2000003165,VWF Antigen (Post),,gstt_iclinicalmanager,,N,2000001037101001,2025-04-16,2099-12-31,
2000003164,Faecal Alpha 1 Antitrypsin Level,,gstt_iclinicalmanager,,N,1000001140101001,2025-04-16,2099-12-31,
2000003166,Standard Deviation,,gstt_iclinicalmanager,,N,1000002359101001,2025-04-16,2099-12-31,
2000003167,Foot Swab,,gstt_iclinicalmanager,,N,3000001252101001,2025-04-16,2099-12-31,
2000003168,"Galactose-alpha-1,3-Galactose",,gstt_iclinicalmanager,,N,1000004039101001,2025-04-16,2099-12-31,
2000003169,No. of Informative Loci,,gstt_iclinicalmanager,,N,4000002359101001,2025-04-16,2099-12-31,
2000003170,% Donor Chimerism,,gstt_iclinicalmanager,,N,5000002357101001,2025-04-16,2099-12-31,
2000003171,Apple allergen,,gstt_iclinicalmanager,,N,2000002246101001,2025-04-16,2099-12-31,
2000003172,Stem Cells - Plasma,,gstt_iclinicalmanager,,N,8000001021101001,2025-04-16,2099-12-31,
2000003173,UA Aortic Aneurysm.,,gstt_iclinicalmanager,,N,7000003748101001,2025-04-16,2099-12-31,
2000000278,Patella Lt - X-Ray,,gstt_iclinicalmanager,,N,8000002738101001,2025-04-16,2099-12-31,
2000003174,VWF Collagen Binding Assay (Pre),,gstt_iclinicalmanager,,N,1000001393101001,2025-04-16,2099-12-31,
2000003175,FGF23,,gstt_iclinicalmanager,,N,1000004108101001,2025-04-16,2099-12-31,
2000003176,CTVOL,,gstt_iclinicalmanager,,N,1000003734101001,2025-04-16,2099-12-31,
2000003178,Sputum for MRSA,,gstt_iclinicalmanager,,N,7000001020101001,2025-04-16,2099-12-31,
2000003177,Hand and wrist Rt - US,,gstt_iclinicalmanager,,N,3620101001,2025-04-16,2099-12-31,
2000003179,Guided biopsy abdomen - CT,,gstt_iclinicalmanager,,N,2000002724101001,2025-04-16,2099-12-31,
2000003181,Norclazipine,,gstt_iclinicalmanager,,N,4000002334101001,2025-04-16,2099-12-31,
2000003180,Liver with contrast - CT,,gstt_iclinicalmanager,,N,5000002730101001,2025-04-16,2099-12-31,
2000003182,Lymph Node for AFB,,gstt_iclinicalmanager,,N,1000001280101001,2025-04-16,2099-12-31,
2000003184,VWF Antigen (Pre),,gstt_iclinicalmanager,,N,3000001037101001,2025-04-16,2099-12-31,
2000003183,USD - Submandibular Gland Lt US,,gstt_iclinicalmanager,,N,1000001925101001,2025-04-16,2099-12-31,
2000003185,Linogram,,gstt_iclinicalmanager,,N,1000003019101001,2025-04-16,2099-12-31,
2000003186,Cortisol 540 min,,gstt_iclinicalmanager,,N,1000001647101001,2025-04-16,2099-12-31,
2000003187,Guided skin marking breast Rt - US,,gstt_iclinicalmanager,,N,2000002723101001,2025-04-16,2099-12-31,
2000003188,C Reactive Protein Level Low Level Test,,gstt_iclinicalmanager,,N,5000001181101001,2025-04-16,2099-12-31,
2000003189,Guided ablation - CT,,gstt_iclinicalmanager,,N,5000002724101001,2025-04-16,2099-12-31,
2000003190,IVC stent insertion,,gstt_iclinicalmanager,,N,2000001111101001,2025-04-16,2099-12-31,
2000003191,Orthopaedic pinning Hip Rt - Th,,gstt_iclinicalmanager,,N,6000002648101001,2025-04-16,2099-12-31,
2000003192,Sternum - MRI,,gstt_iclinicalmanager,,N,7000002743101001,2025-04-16,2099-12-31,
2000003193,UA Post Op Duplex,,gstt_iclinicalmanager,,N,7000001008101001,2025-04-16,2099-12-31,
2000001070,Aspergillus Niger Allergen,,gstt_iclinicalmanager,,N,6000003373101001,2025-04-16,2099-12-31,
2000003194,ACTH Level 120 min,,gstt_iclinicalmanager,,N,2000001782101001,2025-04-16,2099-12-31,
2000003195,Ankle Both - CT,,gstt_iclinicalmanager,,N,9000002724101001,2025-04-16,2099-12-31,
2000003197,Thyroid ablation therapy - N Med,,gstt_iclinicalmanager,,N,7000001011101001,2025-04-16,2099-12-31,
2000003196,Guided injection hand Rt - US,,gstt_iclinicalmanager,,N,5000003616101001,2025-04-16,2099-12-31,
2000003198,Retrograde Rt - Th,,gstt_iclinicalmanager,,N,7000001812101001,2025-04-16,2099-12-31,
2000003199,"Pilchard, Sardine allergen",,gstt_iclinicalmanager,,N,4000002418101001,2025-04-16,2099-12-31,
2000003200,Cone Beam Mandible Left,,gstt_iclinicalmanager,,N,7000002292101001,2025-04-16,2099-12-31,
2000003201,MRI Other Hospital - Report only,,gstt_iclinicalmanager,,N,4000003208101001,2025-04-16,2099-12-31,
2000003202,Diphtheria Serology,,gstt_iclinicalmanager,,N,1000001156101001,2025-04-16,2099-12-31,
2000003204,VWF:FVIII Bind Assay - VWD 2N(Normandy),,gstt_iclinicalmanager,,N,6000001037101001,2025-04-16,2099-12-31,
2000003203,Urogram - CT,,gstt_iclinicalmanager,,N,3000002252101001,2025-04-16,2099-12-31,
2000003205,Gentamycin Level,,gstt_iclinicalmanager,,N,2000002084101001,2025-04-16,2099-12-31,
2000003207,ETT Secretions for MC & S,,gstt_iclinicalmanager,,N,9000001129101001,2025-04-16,2099-12-31,
2000003206,Adult Focus Echocardiography,,gstt_iclinicalmanager,,N,4000004395101001,2025-04-16,2099-12-31,
2000003208,Clozapine Level,,gstt_iclinicalmanager,,N,3000002334101001,2025-04-16,2099-12-31,
2000003209,Acid Agar Gel Electrophoresis,,gstt_iclinicalmanager,,N,3000001309101001,2025-04-16,2099-12-31,
2000003210,Retrograde Lt - Th,,gstt_iclinicalmanager,,N,5000001812101001,2025-04-16,2099-12-31,
2000003211,Settle Plate,,gstt_iclinicalmanager,,N,9000001097101001,2025-04-16,2099-12-31,
2000003213,Date taken:,,gstt_iclinicalmanager,,N,1000001310101001,2025-04-16,2099-12-31,
2000003212,CD15 Antibody.,,gstt_iclinicalmanager,,N,3000001746101001,2025-04-16,2099-12-31,
2000003214,CD19 Antibody..,,gstt_iclinicalmanager,,N,7000001751101001,2025-04-16,2099-12-31,
2000003216,Octreotide scan - N Med,,gstt_iclinicalmanager,,N,2000001041101001,2025-04-16,2099-12-31,
2000003215,Groin Swab,,gstt_iclinicalmanager,,N,3000002466101001,2025-04-16,2099-12-31,
2000000026,POCT Haemoglobin,,gstt_iclinicalmanager,,N,6000004347101001,2025-04-16,2099-12-31,
2000003217,POCT Haematocrit,,gstt_iclinicalmanager,,N,7000004347101001,2025-04-16,2099-12-31,
2000003218,Biliary Stent Insertion,,gstt_iclinicalmanager,,N,9000001211101001,2025-04-16,2099-12-31,
2000003219,Hip Lt - US,,gstt_iclinicalmanager,,N,9000003617101001,2025-04-16,2099-12-31,
2000003220,Hip Rt - US,,gstt_iclinicalmanager,,N,3618101001,2025-04-16,2099-12-31,
2000003221,Horse Dander allergen,,gstt_iclinicalmanager,,N,7000002247101001,2025-04-16,2099-12-31,
2000003222,IAORAP,,gstt_iclinicalmanager,,N,1000002850101001,2025-04-16,2099-12-31,
2000003223,Head spectroscopy - MRI,,gstt_iclinicalmanager,,N,6000002743101001,2025-04-16,2099-12-31,
2000003224,Mother's Case Number.,,gstt_iclinicalmanager,,N,2000001054101001,2025-04-16,2099-12-31,
2000003225,Obstetric US Request.,,gstt_iclinicalmanager,,N,1000002998101001,2025-04-16,2099-12-31,
2000000279,Vascath insertion - X-ray,,gstt_iclinicalmanager,,N,4000001292101001,2025-04-16,2099-12-31,
2000003226,Sample:,,gstt_iclinicalmanager,,N,2000001310101001,2025-04-16,2099-12-31,
2000003227,Upper arm Both - MRI,,gstt_iclinicalmanager,,N,9000002743101001,2025-04-16,2099-12-31,
2000003228,Crossmatched units,,gstt_iclinicalmanager,,N,7000001158101001,2025-04-16,2099-12-31,
2000003229,Noradrenalin Level,,gstt_iclinicalmanager,,N,1051101001,2025-04-16,2099-12-31,
2000003230,Guided drainage pelvis - CT,,gstt_iclinicalmanager,,N,6000002733101001,2025-04-16,2099-12-31,
2000003232,Syphilis IgM (EIA),,gstt_iclinicalmanager,,N,8000001025101001,2025-04-16,2099-12-31,
2000003231,Lymphocyte Function,,gstt_iclinicalmanager,,N,9000003391101001,2025-04-16,2099-12-31,
2000003233,HLA A/B/C/DR/DQ Typing (CI & CII),,gstt_iclinicalmanager,,N,2000001441101001,2025-04-16,2099-12-31,
2000003234,Adrenaline Level,,gstt_iclinicalmanager,,N,2000001192101001,2025-04-16,2099-12-31,
2000003235,UA Special,,gstt_iclinicalmanager,,N,1000001009101001,2025-04-16,2099-12-31,
2000003236,Tropomyosin Allergen,,gstt_iclinicalmanager,,N,2000003372101001,2025-04-16,2099-12-31,
2000003238,Hand Swab,,gstt_iclinicalmanager,,N,9000001251101001,2025-04-16,2099-12-31,
2000003237,Cone Beam CT Sinuses,,gstt_iclinicalmanager,,N,7000002744101001,2025-04-16,2099-12-31,
2000001160,Factor VIII (2 Hour post),,gstt_iclinicalmanager,,N,6000001379101001,2025-04-16,2099-12-31,
2000003239,H&I Form 3E Referral Result 1,,gstt_iclinicalmanager,,N,3000004156101001,2025-04-16,2099-12-31,
2000003240,Gastrostomy,,gstt_iclinicalmanager,,N,1000002330101001,2025-04-16,2099-12-31,
2000003241,Maize Allergen,,gstt_iclinicalmanager,,N,4000002249101001,2025-04-16,2099-12-31,
2000003242,Urinary BHCG,,gstt_iclinicalmanager,,N,2000001245101001,2025-04-16,2099-12-31,
2000003243,Haddock allergen,,gstt_iclinicalmanager,,N,3000002419101001,2025-04-16,2099-12-31,
2000003244,Sleep Clinic - Paediatric Home Actigraphy- EXPIRED,,gstt_iclinicalmanager,,N,1000002387101001,2025-04-16,2099-12-31,
2000003245,Paed PDA Closure,,gstt_iclinicalmanager,,N,8000002759101001,2025-04-16,2099-12-31,
2000003246,Creatinine Clearance,,gstt_iclinicalmanager,,N,8000001158101001,2025-04-16,2099-12-31,
2000003248,MRI under GA,,gstt_iclinicalmanager,,N,2000001646101001,2025-04-16,2099-12-31,
2000003247,Foot Both - CT,,gstt_iclinicalmanager,,N,5000002728101001,2025-04-16,2099-12-31,
2000000140,Weight (Kg),,gstt_iclinicalmanager,,N,9000001032290001,2025-04-16,2099-12-31,
2000003249,Tomato allergen,,gstt_iclinicalmanager,,N,8000002245101001,2025-04-16,2099-12-31,
2000003250,Banana allergen,,gstt_iclinicalmanager,,N,7000002249101001,2025-04-16,2099-12-31,
2000003251,Biliary obstruction/drainage - N Med,,gstt_iclinicalmanager,,N,7000001211101001,2025-04-16,2099-12-31,
2000003252,USD - Submandibular Gland Rt US,,gstt_iclinicalmanager,,N,2000001925101001,2025-04-16,2099-12-31,
2000003253,IA DSA Arch Aorta,,gstt_iclinicalmanager,,N,8000001101101001,2025-04-16,2099-12-31,
2000003254,Thigh Lt - US,,gstt_iclinicalmanager,,N,7000003618101001,2025-04-16,2099-12-31,
2000003255,FSH Level 60 min,,gstt_iclinicalmanager,,N,6000001139101001,2025-04-16,2099-12-31,
2000003256,Hydroxychloroquine Level,,gstt_iclinicalmanager,,N,1000004203101001,2025-04-16,2099-12-31,
2000003257,Axilla Swab,,gstt_iclinicalmanager,,N,2000001253101001,2025-04-16,2099-12-31,
2000003258,Neutrophil CD59%,,gstt_iclinicalmanager,,N,7000001049101001,2025-04-16,2099-12-31,
2000003259,Wrist Both - US,,gstt_iclinicalmanager,,N,2000003619101001,2025-04-16,2099-12-31,
2000003261,Platelet Glycoproteins,,gstt_iclinicalmanager,,N,1000001533101001,2025-04-16,2099-12-31,
2000001161,Factor VIII (6 Hour post),,gstt_iclinicalmanager,,N,4000001381101001,2025-04-16,2099-12-31,
2000003260,Guided nerve root injection sacral - CT,,gstt_iclinicalmanager,,N,8000002734101001,2025-04-16,2099-12-31,
2000003262,USD - Craniofacial soft tissues US - Dental use only,,gstt_iclinicalmanager,,N,2000004134101001,2025-04-16,2099-12-31,
2000003263,Copper Level Urine,,gstt_iclinicalmanager,,N,1170101001,2025-04-16,2099-12-31,
2000003264,FSH Level 30 min,,gstt_iclinicalmanager,,N,5000001139101001,2025-04-16,2099-12-31,
2000003265,Luteinising Hormone Level 60 min,,gstt_iclinicalmanager,,N,5000001051101001,2025-04-16,2099-12-31,
2000001071,Aspergillus Terreus Allergen,,gstt_iclinicalmanager,,N,7000003320101001,2025-04-16,2099-12-31,
2000003266,HIV Comment,,gstt_iclinicalmanager,,N,1104101001,2025-04-16,2099-12-31,
2000003267,Fetal Cardiac - MRI,,gstt_iclinicalmanager,,N,2000004297101001,2025-04-16,2099-12-31,
2000000280,Lateral foot Lt - X-Ray,,gstt_iclinicalmanager,,N,9000001689101001,2025-04-16,2099-12-31,
2000000087,Glucose Level 240 min,,gstt_iclinicalmanager,,N,4000001114101001,2025-04-16,2099-12-31,
2000003269,VA Mammotomy Lt U/S guided,,gstt_iclinicalmanager,,N,2000002281101001,2025-04-16,2099-12-31,
2000003268,Upper limb Both - US,,gstt_iclinicalmanager,,N,9000003618101001,2025-04-16,2099-12-31,
2000001162,Factor VIII (8 Hour post),,gstt_iclinicalmanager,,N,5000001381101001,2025-04-16,2099-12-31,
2000003270,Luteinising Hormone Level 30 min,,gstt_iclinicalmanager,,N,4000001051101001,2025-04-16,2099-12-31,
2000003272,Vena Cava Filter,,gstt_iclinicalmanager,,N,8000001033101001,2025-04-16,2099-12-31,
2000003271,E. coli 0157 Serology,,gstt_iclinicalmanager,,N,2000001150101001,2025-04-16,2099-12-31,
2000003273,Angioplasty Aorta,,gstt_iclinicalmanager,,N,1000002850101001,2025-04-16,2099-12-31,
2000003275,Ribosomal Antibody,,gstt_iclinicalmanager,,N,1000001390101001,2025-04-16,2099-12-31,
2000003274,Achilles Tendon Both - US,,gstt_iclinicalmanager,,N,2000002754101001,2025-04-16,2099-12-31,
2000003276,IV Cavogram,,gstt_iclinicalmanager,,N,8000001109101001,2025-04-16,2099-12-31,
2000003277,Axillary Abscess Swab,,gstt_iclinicalmanager,,N,1000001400101001,2025-04-16,2099-12-31,
2000003278,CT Other Hospital - Report only,,gstt_iclinicalmanager,,N,2000003208101001,2025-04-16,2099-12-31,
2000003279,Scan chest wall - US,,gstt_iclinicalmanager,,N,4000003618101001,2025-04-16,2099-12-31,
2000003280,Elbow Lt - US,,gstt_iclinicalmanager,,N,6000003614101001,2025-04-16,2099-12-31,
2000003282,Penicillin V Allergen,,gstt_iclinicalmanager,,N,5000002247101001,2025-04-16,2099-12-31,
2000003281,Haem JAK2 Mutation,,gstt_iclinicalmanager,,N,1000001817101001,2025-04-16,2099-12-31,
2000003284,Whitebean Allergen,,gstt_iclinicalmanager,,N,2248101001,2025-04-16,2099-12-31,
2000003283,VA Mammotomy Rt U/S guided,,gstt_iclinicalmanager,,N,3000002281101001,2025-04-16,2099-12-31,
2000003285,Neuron Specific Enolase NSE (Abbott),,gstt_iclinicalmanager,,N,2000004360101001,2025-04-16,2099-12-31,
2000003286,D Dimer,,gstt_iclinicalmanager,,N,1000001319101001,2025-04-16,2099-12-31,
2000003287,Sample Type 2,,gstt_iclinicalmanager,,N,5000001094101001,2025-04-16,2099-12-31,
2000003288,Pelvis - paediatric - US,,gstt_iclinicalmanager,,N,5000001118101001,2025-04-16,2099-12-31,
2000003289,Lung permeability - N Med,,gstt_iclinicalmanager,,N,7000001065101001,2025-04-16,2099-12-31,
2000003290,Guided injection wrist Lt - US,,gstt_iclinicalmanager,,N,3000003617101001,2025-04-16,2099-12-31,
2000003291,Parasite Investigations,,gstt_iclinicalmanager,,N,1000001429101001,2025-04-16,2099-12-31,
2000003292,Clam Ruditapes Spp Allergen.,,gstt_iclinicalmanager,,N,2000003357101001,2025-04-16,2099-12-31,
2000003294,Neutrophil CD16%,,gstt_iclinicalmanager,,N,6000001049101001,2025-04-16,2099-12-31,
2000003293,Chlorhexidine Allergen,,gstt_iclinicalmanager,,N,1000003350101001,2025-04-16,2099-12-31,
2000003295,ADP 50 uM,,gstt_iclinicalmanager,,N,1000001679101001,2025-04-16,2099-12-31,
2000003297,Elbow Rt - US,,gstt_iclinicalmanager,,N,7000003614101001,2025-04-16,2099-12-31,
2000003296,Dermatology Mycology Biopsy,,gstt_iclinicalmanager,,N,1000002373101001,2025-04-16,2099-12-31,
2000000444,POCT Afinion- HbA1c,,gstt_iclinicalmanager,,N,1000004247101001,2025-04-16,2099-12-31,
2000003298,Horse Dander Allergen,,gstt_iclinicalmanager,,N,7000002247101001,2025-04-16,2099-12-31,
2000003299,Guided injection hand Lt - US,,gstt_iclinicalmanager,,N,4000003616101001,2025-04-16,2099-12-31,
2000003300,ADP 100 uM,,gstt_iclinicalmanager,,N,3000001678101001,2025-04-16,2099-12-31,
2000003301,ENA PL-7,,gstt_iclinicalmanager,,N,1000001146101001,2025-04-16,2099-12-31,
2000003302,Amiodarone Level,,gstt_iclinicalmanager,,N,7000001196101001,2025-04-16,2099-12-31,
2000003304,Mandible PA - Dental,,gstt_iclinicalmanager,,N,2061101001,2025-04-16,2099-12-31,
2000003303,Hepatitis B eAg Interp (pregnant),,gstt_iclinicalmanager,,N,1000001123101001,2025-04-16,2099-12-31,
2000003305,Crayfish Allergen,,gstt_iclinicalmanager,,N,3000003338101001,2025-04-16,2099-12-31,
2000003306,Tracheostomy Swab,,gstt_iclinicalmanager,,N,2000001015101001,2025-04-16,2099-12-31,
2000003307,UA Venous Assessment,,gstt_iclinicalmanager,,N,4000001009101001,2025-04-16,2099-12-31,
2000003308,Desethylamiodarone Level,,gstt_iclinicalmanager,,N,2000001155101001,2025-04-16,2099-12-31,
2000003309,T47,,gstt_iclinicalmanager,,N,6000003729101001,2025-04-16,2099-12-31,
2000003310,Unprocessed  Folate,,gstt_iclinicalmanager,,N,3000001276101001,2025-04-16,2099-12-31,
2000003311,N84,,gstt_iclinicalmanager,,N,1000001569101001,2025-04-16,2099-12-31,
2000003312,Chest - CT (Paed Respiratory use),,gstt_iclinicalmanager,,N,9000004106101001,2025-04-16,2099-12-31,
2000003313,Octopus Allergen,,gstt_iclinicalmanager,,N,7000003332101001,2025-04-16,2099-12-31,
2000003314,SCS insertion - Th,,gstt_iclinicalmanager,,N,9000001095101001,2025-04-16,2099-12-31,
2000003316,Penicillin G Allergen,,gstt_iclinicalmanager,,N,4000002247101001,2025-04-16,2099-12-31,
2000003315,Antibodies to Basal Ganglia,,gstt_iclinicalmanager,,N,2000002352101001,2025-04-16,2099-12-31,
2000001198,DNA Binding Antibody IU,,gstt_iclinicalmanager,,N,5000001156101001,2025-04-16,2099-12-31,
2000003317,Ankle Both - US,,gstt_iclinicalmanager,,N,1000003614101001,2025-04-16,2099-12-31,
2000003318,DNA Antibody % Binding,,gstt_iclinicalmanager,,N,4000001156101001,2025-04-16,2099-12-31,
2000003319,Factor VIII Half Life,,gstt_iclinicalmanager,,N,8000001430101001,2025-04-16,2099-12-31,
2000003320,Cod rGad c 1 (recomb) Allergen,,gstt_iclinicalmanager,,N,1000003326101001,2025-04-16,2099-12-31,
2000003322,Linseed Allergen,,gstt_iclinicalmanager,,N,8000003351101001,2025-04-16,2099-12-31,
2000003321,CRI,,gstt_iclinicalmanager,,N,1000003600101001,2025-04-16,2099-12-31,
2000001163,Factor VIII (28 Hour post),,gstt_iclinicalmanager,,N,9000001379101001,2025-04-16,2099-12-31,
2000003323,USD - Neck right US,,gstt_iclinicalmanager,,N,4000001925101001,2025-04-16,2099-12-31,
2000000281,Venous sampling - X-Ray,,gstt_iclinicalmanager,,N,4000001034101001,2025-04-16,2099-12-31,
2000003324,Immunoblot for Myelin Protein,,gstt_iclinicalmanager,,N,3000001233101001,2025-04-16,2099-12-31,
2000000088,Glucose Level 300 min,,gstt_iclinicalmanager,,N,8000001114101001,2025-04-16,2099-12-31,
2000003326,Lumbar decompression - Th,,gstt_iclinicalmanager,,N,9000001064101001,2025-04-16,2099-12-31,
2000003325,Antigenic FX ELISA Assay,,gstt_iclinicalmanager,,N,2000001515101001,2025-04-16,2099-12-31,
2000003327,Pertussis Serology,,gstt_iclinicalmanager,,N,8000001212101001,2025-04-16,2099-12-31,
2000003329,Celery Allergen,,gstt_iclinicalmanager,,N,4000003372101001,2025-04-16,2099-12-31,
2000003328,Calf Rt - US,,gstt_iclinicalmanager,,N,7000003619101001,2025-04-16,2099-12-31,
2000003330,General Information,,gstt_iclinicalmanager,,N,2000001142101001,2025-04-16,2099-12-31,
2000003331,TAU Transferrin,,gstt_iclinicalmanager,,N,4000001637101001,2025-04-16,2099-12-31,
2000003332,Unprocessed SCell/Thalassaemia screen,,gstt_iclinicalmanager,,N,3000001275101001,2025-04-16,2099-12-31,
2000003333,Urine - Other (Microbiology),,gstt_iclinicalmanager,,N,4000001030101001,2025-04-16,2099-12-31,
2000000282,Calcaneus Both - X-Ray,,gstt_iclinicalmanager,,N,8000002736101001,2025-04-16,2099-12-31,
2000003334,Chest with contrast - CT (Paed Respiratory use),,gstt_iclinicalmanager,,N,4107101001,2025-04-16,2099-12-31,
2000003335,Knee Both - CT,,gstt_iclinicalmanager,,N,7000002729101001,2025-04-16,2099-12-31,
2000003336,Neutrophil CD66B%,,gstt_iclinicalmanager,,N,8000001049101001,2025-04-16,2099-12-31,
2000003337,Head & Neck Histopath - Major Resection.,,gstt_iclinicalmanager,,N,1000003279101001,2025-04-16,2099-12-31,
2000003339,Shoulder - MRI,,gstt_iclinicalmanager,,N,2000001098101001,2025-04-16,2099-12-31,
2000003338,RF Ablation,,gstt_iclinicalmanager,,N,7000001091101001,2025-04-16,2099-12-31,
2000003340,Routine Innohep Anti-Xa END,,gstt_iclinicalmanager,,N,4000001092101001,2025-04-16,2099-12-31,
2000003341,Cone Beam Mandible Right,,gstt_iclinicalmanager,,N,8000002292101001,2025-04-16,2099-12-31,
2000003342,Surgical Pathology 2nd Addendum (Renal),,gstt_iclinicalmanager,,N,1000001356101001,2025-04-16,2099-12-31,
2000003343,Neck & thorax & abdo & pelvis & cont - CT,,gstt_iclinicalmanager,,N,2000002732101001,2025-04-16,2099-12-31,
2000003344,CR image,,gstt_iclinicalmanager,,N,2000001164101001,2025-04-16,2099-12-31,
2000003345,Ketones Urine,,gstt_iclinicalmanager,,N,1000001391101001,2025-04-16,2099-12-31,
2000003346,Hand and wrist Lt - US,,gstt_iclinicalmanager,,N,9000003619101001,2025-04-16,2099-12-31,
2000003347,MRSA Screen - Outpatient,,gstt_iclinicalmanager,,N,2000001883101001,2025-04-16,2099-12-31,
2000000283,Shoulder axial view right - X-Ray,,gstt_iclinicalmanager,,N,4000001873101001,2025-04-16,2099-12-31,
2000003348,Vitamin K,,gstt_iclinicalmanager,,N,6000001035101001,2025-04-16,2099-12-31,
2000003349,Coproporphyrin III Level Urine,,gstt_iclinicalmanager,,N,9000001159101001,2025-04-16,2099-12-31,
2000003350,Angiogram subclavian Both - CT,,gstt_iclinicalmanager,,N,2725101001,2025-04-16,2099-12-31,
2000003351,Enema - CT (Iodine Allergy),,gstt_iclinicalmanager,,N,1000003783101001,2025-04-16,2099-12-31,
2000003352,APTT 100 Percent Check,,gstt_iclinicalmanager,,N,8000001204101001,2025-04-16,2099-12-31,
2000003353,NCGENHD,,gstt_iclinicalmanager,,N,1000003023101001,2025-04-16,2099-12-31,
2000003354,Alpha-Galactosidase - Fabry Disease (Male Patients),,gstt_iclinicalmanager,,N,1000003297101001,2025-04-16,2099-12-31,
2000003355,Breast Swab.,,gstt_iclinicalmanager,,N,4000001280101001,2025-04-16,2099-12-31,
2000000284,Flexion & extension views - X-Ray,,gstt_iclinicalmanager,,N,1000001137101001,2025-04-16,2099-12-31,
2000000285,Lateral foot Rt - X-Ray,,gstt_iclinicalmanager,,N,8000001689101001,2025-04-16,2099-12-31,
2000003356,Histoplasma Serology,,gstt_iclinicalmanager,,N,2000001126101001,2025-04-16,2099-12-31,
2000003357,MRSA Screen - Swab(s),,gstt_iclinicalmanager,,N,8000001054101001,2025-04-16,2099-12-31,
2000003359,CMV PCR on EDTA Blood,,gstt_iclinicalmanager,,N,1000001757101001,2025-04-16,2099-12-31,
2000000286,Orbit foreign body demonstration Both - X-Ray,,gstt_iclinicalmanager,,N,2000002737101001,2025-04-16,2099-12-31,
2000003358,"Alpha-Glucosidase (Pompe disease, Acid Maltase Deficiency)",,gstt_iclinicalmanager,,N,2000003288101001,2025-04-16,2099-12-31,
2000003360,Renal Biopsy (Radiology),,gstt_iclinicalmanager,,N,2000001088101001,2025-04-16,2099-12-31,
2000003362,Rice Allergen,,gstt_iclinicalmanager,,N,6000002249101001,2025-04-16,2099-12-31,
2000003361,Pumpkin Seed Allergen,,gstt_iclinicalmanager,,N,2000003318101001,2025-04-16,2099-12-31,
2000003363,Unprocessed Group & Antibody Screen..,,gstt_iclinicalmanager,,N,3000002451101001,2025-04-16,2099-12-31,
2000003364,CEA Fluid,,gstt_iclinicalmanager,,N,1000002062101001,2025-04-16,2099-12-31,
2000003365,Complement C2,,gstt_iclinicalmanager,,N,5000001367101001,2025-04-16,2099-12-31,
2000003366,Z18,,gstt_iclinicalmanager,,N,1000003738101001,2025-04-16,2099-12-31,
2000000287,Shoulder axial view left - X-Ray,,gstt_iclinicalmanager,,N,5000001873101001,2025-04-16,2099-12-31,
2000003367,Unprocessed Group & Antibody  Screen,,gstt_iclinicalmanager,,N,2000001397101001,2025-04-16,2099-12-31,
2000003368,Amylase  Level Fluid,,gstt_iclinicalmanager,,N,5000001197101001,2025-04-16,2099-12-31,
2000003369,Aorta thoracic - MRA,,gstt_iclinicalmanager,,N,4000002741101001,2025-04-16,2099-12-31,
2000003370,Z55,,gstt_iclinicalmanager,,N,1000003086101001,2025-04-16,2099-12-31,
2000003371,Galactose-1-phosphate uridyltransferase,,gstt_iclinicalmanager,,N,7000003291101001,2025-04-16,2099-12-31,
2000001164,Factor VIII (32 Hour post),,gstt_iclinicalmanager,,N,6000001430101001,2025-04-16,2099-12-31,
2000003372,Neck & Chest with contrast - CT,,gstt_iclinicalmanager,,N,5000002732101001,2025-04-16,2099-12-31,
2000003373,Chromosomal Investigation (Haematology),,gstt_iclinicalmanager,,N,9000001165101001,2025-04-16,2099-12-31,
2000003375,Surgical Pathology 3rd Addendum Report,,gstt_iclinicalmanager,,N,4000001356101001,2025-04-16,2099-12-31,
2000003374,Superior venocavogram,,gstt_iclinicalmanager,,N,1000001024101001,2025-04-16,2099-12-31,
2000003376,Resistance Screen (Microbiology),,gstt_iclinicalmanager,,N,1000001091101001,2025-04-16,2099-12-31,
2000003378,UEREC,,gstt_iclinicalmanager,,N,1000002990101001,2025-04-16,2099-12-31,
2000003377,Calf Lt - US,,gstt_iclinicalmanager,,N,6000003619101001,2025-04-16,2099-12-31,
2000003379,MRI claustrophobia,,gstt_iclinicalmanager,,N,1000001341101001,2025-04-16,2099-12-31,
2000003380,Supra-pubic Urine Aspiration,,gstt_iclinicalmanager,,N,2000001024101001,2025-04-16,2099-12-31,
2000000288,Leg length measurement Rt - X-Ray,,gstt_iclinicalmanager,,N,4000002738101001,2025-04-16,2099-12-31,
2000000053,POCT Creatinine..,,gstt_iclinicalmanager,,N,2000004347101001,2025-04-16,2099-12-31,
2000003382,Fluid for Filtration,,gstt_iclinicalmanager,,N,2000001252101001,2025-04-16,2099-12-31,
2000000289,Knee wt. Bearing - X-Ray,,gstt_iclinicalmanager,,N,6000001058101001,2025-04-16,2099-12-31,
2000003381,DPT TMJs - Dental,,gstt_iclinicalmanager,,N,4000002060101001,2025-04-16,2099-12-31,
2000003383,Faeces - Sellotape Strip,,gstt_iclinicalmanager,,N,7000001133101001,2025-04-16,2099-12-31,
2000003385,Phenytoin Level Saliva,,gstt_iclinicalmanager,,N,1075101001,2025-04-16,2099-12-31,
2000003384,Duodenal Stent Insertion,,gstt_iclinicalmanager,,N,1000001710101001,2025-04-16,2099-12-31,
2000003386,COVID-19 KNOWN infection PCR Throat,,gstt_iclinicalmanager,,N,2000004192101001,2025-04-16,2099-12-31,
2000003387,Chromosomal Investigation Bone Marrow,,gstt_iclinicalmanager,,N,9000001165101001,2025-04-16,2099-12-31,
2000003388,Grape Allergen,,gstt_iclinicalmanager,,N,5000003357101001,2025-04-16,2099-12-31,
2000003389,Orthopaedic pinning Hip Both - Th,,gstt_iclinicalmanager,,N,4000002753101001,2025-04-16,2099-12-31,
2000003391,UA Upper Limb Assessment,,gstt_iclinicalmanager,,N,3000001009101001,2025-04-16,2099-12-31,
2000003390,UA Monitoring.,,gstt_iclinicalmanager,,N,3000003748101001,2025-04-16,2099-12-31,
2000003392,Testicular embolisation Bilateral,,gstt_iclinicalmanager,,N,6000001027101001,2025-04-16,2099-12-31,
2000003393,Contrast Enhanced Liver - US,,gstt_iclinicalmanager,,N,1000003011101001,2025-04-16,2099-12-31,
2000003394,Skin biopsy - Fibroblasts culture and storage in cell bank (Tissue Culture),,gstt_iclinicalmanager,,N,7000003294101001,2025-04-16,2099-12-31,
2000003395,Angiogram Upper Limb Right - CT,,gstt_iclinicalmanager,,N,5000003534101001,2025-04-16,2099-12-31,
2000003397,CD79b Antibody,,gstt_iclinicalmanager,,N,5000001171101001,2025-04-16,2099-12-31,
2000003396,Boxchange Pacemaker,,gstt_iclinicalmanager,,N,3000001213101001,2025-04-16,2099-12-31,
2000000290,Hips frog leg - X-Ray,,gstt_iclinicalmanager,,N,8000001124101001,2025-04-16,2099-12-31,
2000003398,Angiogram Upper Limb Left - CT,,gstt_iclinicalmanager,,N,4000003534101001,2025-04-16,2099-12-31,
2000003399,Clado. herbarum allergen,,gstt_iclinicalmanager,,N,2250101001,2025-04-16,2099-12-31,
2000003400,Dermatophagoides Farinae Allergen,,gstt_iclinicalmanager,,N,7000002418101001,2025-04-16,2099-12-31,
2000003401,Unprocessed  VB12,,gstt_iclinicalmanager,,N,9000001275101001,2025-04-16,2099-12-31,
2000003402,Bone Density PROBONO Study - N Med,,gstt_iclinicalmanager,,N,1000002458101001,2025-04-16,2099-12-31,
2000003403,Liver - CT,,gstt_iclinicalmanager,,N,3000002730101001,2025-04-16,2099-12-31,
2000003404,Sialogram parotid fluoroscopy Lt - Dental,,gstt_iclinicalmanager,,N,3000002755101001,2025-04-16,2099-12-31,
2000003405,Neuro-Immunological Test,,gstt_iclinicalmanager,,N,8000001043101001,2025-04-16,2099-12-31,
2000003406,Renal Embolisation,,gstt_iclinicalmanager,,N,7000001089101001,2025-04-16,2099-12-31,
2000003407,Urate Level Fluid,,gstt_iclinicalmanager,,N,8000001003101001,2025-04-16,2099-12-31,
2000003408,Unprocessed Folate,,gstt_iclinicalmanager,,N,2000001276101001,2025-04-16,2099-12-31,
2000003409,Aorta - MRI,,gstt_iclinicalmanager,,N,5000001203101001,2025-04-16,2099-12-31,
2000003410,Anti-PF4,,gstt_iclinicalmanager,,N,1000004283101001,2025-04-16,2099-12-31,
2000003411,Mango Allergen,,gstt_iclinicalmanager,,N,3339101001,2025-04-16,2099-12-31,
2000003412,Surgical Pathology Final Report,,gstt_iclinicalmanager,,N,3000001024101001,2025-04-16,2099-12-31,
2000003413,Cholinesterase Level,,gstt_iclinicalmanager,,N,7000001165101001,2025-04-16,2099-12-31,
2000003414,Unprocessed Thiopurine Methyltransferase,,gstt_iclinicalmanager,,N,6000001317101001,2025-04-16,2099-12-31,
2000003415,Synovial Fluid WBC Count,,gstt_iclinicalmanager,,N,5000001050101001,2025-04-16,2099-12-31,
2000003417,Urine Sulphocysteine.,,gstt_iclinicalmanager,,N,6000003217101001,2025-04-16,2099-12-31,
2000003416,Comment: Urine Sulphocysteine,,gstt_iclinicalmanager,,N,7000003217101001,2025-04-16,2099-12-31,
2000003418,Mushroom Champignon Allergen,,gstt_iclinicalmanager,,N,3371101001,2025-04-16,2099-12-31,
2000001150,Factor XI (Pre),,gstt_iclinicalmanager,,N,1000001570101001,2025-04-16,2099-12-31,
2000003419,Amoxilloyl  Allergen,,gstt_iclinicalmanager,,N,6000002247101001,2025-04-16,2099-12-31,
2000003420,Oxipurinol Urine,,gstt_iclinicalmanager,,N,1770101001,2025-04-16,2099-12-31,
2000003421,Allopurinol Urine,,gstt_iclinicalmanager,,N,7000001766101001,2025-04-16,2099-12-31,
2000003423,Oxipurinol Riboside Urine,,gstt_iclinicalmanager,,N,9000001769101001,2025-04-16,2099-12-31,
2000003422,Allopurinol Riboside Urine,,gstt_iclinicalmanager,,N,6000001766101001,2025-04-16,2099-12-31,
2000003424,Faeces for Salmonella Screen,,gstt_iclinicalmanager,,N,1000001396101001,2025-04-16,2099-12-31,
2000003425,Hypoxanthine Excretion Urine,,gstt_iclinicalmanager,,N,6000001767101001,2025-04-16,2099-12-31,
2000003426,Urate (HPLC) excretion Urine,,gstt_iclinicalmanager,,N,8000001770101001,2025-04-16,2099-12-31,
2000003427,CRC RAS Mutations,,gstt_iclinicalmanager,,N,1000003460101001,2025-04-16,2099-12-31,
2000003429,Xanthine Excretion Urine,,gstt_iclinicalmanager,,N,2000001771101001,2025-04-16,2099-12-31,
2000003428,Uric Acid Fractional Excretion,,gstt_iclinicalmanager,,N,1000001771101001,2025-04-16,2099-12-31,
2000000064,POCT eGFR.,,gstt_iclinicalmanager,,N,4000004347101001,2025-04-16,2099-12-31,
2000003430,Anti Haem Influenza IgG Ab,,gstt_iclinicalmanager,,N,9000003374101001,2025-04-16,2099-12-31,
2000003431,MBL (Sheff),,gstt_iclinicalmanager,,N,4000003348101001,2025-04-16,2099-12-31,
2000003432,Hypoxanthine level,,gstt_iclinicalmanager,,N,6000002374101001,2025-04-16,2099-12-31,
2000003433,Succinyladenosine Level,,gstt_iclinicalmanager,,N,5000002374101001,2025-04-16,2099-12-31,
2000003434,Thymidine Level,,gstt_iclinicalmanager,,N,3000002374101001,2025-04-16,2099-12-31,
2000003435,Cone Beam Maxilla,,gstt_iclinicalmanager,,N,1000002291101001,2025-04-16,2099-12-31,
2000003436,Chilipepper Allergen,,gstt_iclinicalmanager,,N,3000003351101001,2025-04-16,2099-12-31,
2000000291,Thoracic inlet - X-Ray,,gstt_iclinicalmanager,,N,7000001028101001,2025-04-16,2099-12-31,
2000003437,Deoxyuridine Level,,gstt_iclinicalmanager,,N,4000002374101001,2025-04-16,2099-12-31,
2000003438,Routine Innohep Anti-Xa,,gstt_iclinicalmanager,,N,4000001092101001,2025-04-16,2099-12-31,
2000003440,Xanthine Level,,gstt_iclinicalmanager,,N,7000002374101001,2025-04-16,2099-12-31,
2000003439,Coronary angiogram,,gstt_iclinicalmanager,,N,4000001160101001,2025-04-16,2099-12-31,
2000003441,Z14,,gstt_iclinicalmanager,,N,1000003724101001,2025-04-16,2099-12-31,
2000000292,Stereo Biopsy Mammo Lt - X-Ray,,gstt_iclinicalmanager,,N,1000001687101001,2025-04-16,2099-12-31,
2000003442,Interventional Radiology Referral - Adult,,gstt_iclinicalmanager,,N,1000004024101001,2025-04-16,2099-12-31,
2000003443,Meckels - N Med,,gstt_iclinicalmanager,,N,2000001068101001,2025-04-16,2099-12-31,
2000003445,Uric Acid Clearance,,gstt_iclinicalmanager,,N,2000001766101001,2025-04-16,2099-12-31,
2000003444,MRI Injection,,gstt_iclinicalmanager,,N,2000004087101001,2025-04-16,2099-12-31,
2000003446,TMJs open & closed Planmeca - Dental,,gstt_iclinicalmanager,,N,1000002075101001,2025-04-16,2099-12-31,
2000003447,C-Peptide Level 0 min,,gstt_iclinicalmanager,,N,2000001163101001,2025-04-16,2099-12-31,
2000003448,MRSA Screen - Urine,,gstt_iclinicalmanager,,N,9000001054101001,2025-04-16,2099-12-31,
2000003449,Alt. Alternata Allergen,,gstt_iclinicalmanager,,N,1000002250101001,2025-04-16,2099-12-31,
2000000563,Prolactin Level 30 min,,gstt_iclinicalmanager,,N,2000001081101001,2025-04-16,2099-12-31,
2000003450,EP study (electrophysiological study),,gstt_iclinicalmanager,,N,4000001144101001,2025-04-16,2099-12-31,
2000000564,Prolactin Level 60 min,,gstt_iclinicalmanager,,N,4000001081101001,2025-04-16,2099-12-31,
2000003452,Insulin Level 0 min,,gstt_iclinicalmanager,,N,3000001107101001,2025-04-16,2099-12-31,
2000003451,ENA PCNA,,gstt_iclinicalmanager,,N,1000003386101001,2025-04-16,2099-12-31,
2000001165,Factor VIII (48 Hour post),,gstt_iclinicalmanager,,N,9000001380101001,2025-04-16,2099-12-31,
2000003453,Non-Gynae Cytology 2nd Addendum Report.,,gstt_iclinicalmanager,,N,1356101001,2025-04-16,2099-12-31,
2000003454,Potato Allergen,,gstt_iclinicalmanager,,N,2249101001,2025-04-16,2099-12-31,
2000003455,HSV Type Specific Abs,,gstt_iclinicalmanager,,N,7000001100101001,2025-04-16,2099-12-31,
2000003456,Pork Allergen,,gstt_iclinicalmanager,,N,6000002248101001,2025-04-16,2099-12-31,
2000003457,Intra-Operative PTH sample 5,,gstt_iclinicalmanager,,N,4000002462101001,2025-04-16,2099-12-31,
2000003458,ENA PL-4.,,gstt_iclinicalmanager,,N,2000002951101001,2025-04-16,2099-12-31,
2000003459,ENA PL-7,,gstt_iclinicalmanager,,N,2000003391101001,2025-04-16,2099-12-31,
2000003460,FISH Analysis,,gstt_iclinicalmanager,,N,2000002509101001,2025-04-16,2099-12-31,
2000003461,Dynamic renal MAG3+lasix+reflux - N Med,,gstt_iclinicalmanager,,N,8000001149101001,2025-04-16,2099-12-31,
2000003462,Sleep Clinic - Paediatric Polysomnography with MSLT,,gstt_iclinicalmanager,,N,7000002545101001,2025-04-16,2099-12-31,
2000003463,Craniofacial soft tissues US,,gstt_iclinicalmanager,,N,4000002745101001,2025-04-16,2099-12-31,
2000003464,Kleihauer Comment,,gstt_iclinicalmanager,,N,8000004157101001,2025-04-16,2099-12-31,
2000003465,Pouchoscopy,,gstt_iclinicalmanager,,N,1000002465101001,2025-04-16,2099-12-31,
2000003466,Sinogram (specify site),,gstt_iclinicalmanager,,N,3000001016101001,2025-04-16,2099-12-31,
2000003467,Aubergine Eggplant Allergen,,gstt_iclinicalmanager,,N,7000003310101001,2025-04-16,2099-12-31,
2000003468,Lower 90 Occlusal - Dental,,gstt_iclinicalmanager,,N,1000002076101001,2025-04-16,2099-12-31,
2000003469,Unprocessed Immunology  Sample,,gstt_iclinicalmanager,,N,5000001278101001,2025-04-16,2099-12-31,
2000003470,Respiratory Function Adult Request - Nurses,,gstt_iclinicalmanager,,N,1000002322101001,2025-04-16,2099-12-31,
2000003471,Aortic Valvuloplasty,,gstt_iclinicalmanager,,N,9000001203101001,2025-04-16,2099-12-31,
2000003472,Facet joint injection lumbar - CT,,gstt_iclinicalmanager,,N,9000002730101001,2025-04-16,2099-12-31,
2000003473,s  Phenotype,,gstt_iclinicalmanager,,N,4000004161101001,2025-04-16,2099-12-31,
2000003475,Toxocara Serology,,gstt_iclinicalmanager,,N,1004101001,2025-04-16,2099-12-31,
2000003474,MS Head + Gadolinium - MRI Research,,gstt_iclinicalmanager,,N,1055101001,2025-04-16,2099-12-31,
2000003476,IA DSA Renal Transplant,,gstt_iclinicalmanager,,N,3000001102101001,2025-04-16,2099-12-31,
2000000581,ANCA Pattern,,gstt_iclinicalmanager,,N,6000001201101001,2025-04-16,2099-12-31,
2000003477,M Phenotype,,gstt_iclinicalmanager,,N,4000004158101001,2025-04-16,2099-12-31,
2000003478,Pyloric Stent insertion,,gstt_iclinicalmanager,,N,6000001084101001,2025-04-16,2099-12-31,
2000003479,Fy(a) Phenotype,,gstt_iclinicalmanager,,N,8000004154101001,2025-04-16,2099-12-31,
2000003480,Operative Cholangiogram -Th,,gstt_iclinicalmanager,,N,9000001041101001,2025-04-16,2099-12-31,
2000003481,Vertebroplasty,,gstt_iclinicalmanager,,N,1000001485101001,2025-04-16,2099-12-31,
2000003482,Fy(b) Phenotype,,gstt_iclinicalmanager,,N,9000004154101001,2025-04-16,2099-12-31,
2000003483,Orthopaedic pinning Lower Limb Both - Th,,gstt_iclinicalmanager,,N,5000002753101001,2025-04-16,2099-12-31,
2000000293,Renal Pressure - X-Ray,,gstt_iclinicalmanager,,N,9000001089101001,2025-04-16,2099-12-31,
2000000294,Stereo Biopsy Mammo Rt - X-Ray,,gstt_iclinicalmanager,,N,4000001687101001,2025-04-16,2099-12-31,
2000003484,N Phenotype,,gstt_iclinicalmanager,,N,5000004158101001,2025-04-16,2099-12-31,
2000003485,Oxalate Level Random Urine,,gstt_iclinicalmanager,,N,7000001045101001,2025-04-16,2099-12-31,
2000003486,Pseudouridine Excretion Urine,,gstt_iclinicalmanager,,N,1000001770101001,2025-04-16,2099-12-31,
2000003488,Rabbit Epithelium allergen,,gstt_iclinicalmanager,,N,6000002418101001,2025-04-16,2099-12-31,
2000003487,Oat allergen,,gstt_iclinicalmanager,,N,2246101001,2025-04-16,2099-12-31,
2000003489,Whitebean allergen,,gstt_iclinicalmanager,,N,2248101001,2025-04-16,2099-12-31,
2000003491,Nerve Antibody,,gstt_iclinicalmanager,,N,4000001233101001,2025-04-16,2099-12-31,
2000003490,ENA Jo-1,,gstt_iclinicalmanager,,N,1143101001,2025-04-16,2099-12-31,
2000003492,Unprocessed SCell/Thalassaemia   screen,,gstt_iclinicalmanager,,N,5000001275101001,2025-04-16,2099-12-31,
2000003494,Uracil Excretion Urine,,gstt_iclinicalmanager,,N,6000001770101001,2025-04-16,2099-12-31,
2000003493,FOH,,gstt_iclinicalmanager,,N,1000002210101001,2025-04-16,2099-12-31,
2000003495,CPDACL,,gstt_iclinicalmanager,,N,1000002088101001,2025-04-16,2099-12-31,
2000003496,Bicarbonate Level Fluid,,gstt_iclinicalmanager,,N,2000001210101001,2025-04-16,2099-12-31,
2000003497,S Phenotype,,gstt_iclinicalmanager,,N,5000004161101001,2025-04-16,2099-12-31,
2000003498,ELISA for GM1 Antibodies,,gstt_iclinicalmanager,,N,2000001227101001,2025-04-16,2099-12-31,
2000003499,NCPRP360,,gstt_iclinicalmanager,,N,1000003992101001,2025-04-16,2099-12-31,
2000003501,Mobile image intensifier Angiogram - Th,,gstt_iclinicalmanager,,N,2000002647101001,2025-04-16,2099-12-31,
2000003500,Mandible - CT,,gstt_iclinicalmanager,,N,4000002731101001,2025-04-16,2099-12-31,
2000003502,Guided injection foot Both - US,,gstt_iclinicalmanager,,N,1000003616101001,2025-04-16,2099-12-31,
2000003503,Herpes simplex PCR (GU),,gstt_iclinicalmanager,,N,5000001123101001,2025-04-16,2099-12-31,
2000003504,Sardine (Pilchard) Sardina Allergen,,gstt_iclinicalmanager,,N,5000003325101001,2025-04-16,2099-12-31,
2000003505,Hypertension,,gstt_iclinicalmanager,,N,1000001161290001,2025-04-16,2099-12-31,
2000003507,MRSA Screen Admission- Other Site Swab,,gstt_iclinicalmanager,,N,3000001875101001,2025-04-16,2099-12-31,
2000003506,Creatinine 125-249 mol/l,,gstt_iclinicalmanager,,N,4000001161290001,2025-04-16,2099-12-31,
2000003508,Creatinine 250-499 mol/l,,gstt_iclinicalmanager,,N,5000001161290001,2025-04-16,2099-12-31,
2000003509,ECG Gated Thoracic Aorta - CT,,gstt_iclinicalmanager,,N,1000004135101001,2025-04-16,2099-12-31,
2000003510,PA Cephalogram - Dental,,gstt_iclinicalmanager,,N,6000002060101001,2025-04-16,2099-12-31,
2000003511,Tree Pollen Mix 2 Allergen,,gstt_iclinicalmanager,,N,6000003330101001,2025-04-16,2099-12-31,
2000003513,Guided injection knee Rt - US,,gstt_iclinicalmanager,,N,9000003616101001,2025-04-16,2099-12-31,
2000003512,CD16 Antibody.,,gstt_iclinicalmanager,,N,4000001746101001,2025-04-16,2099-12-31,
2000003514,Magnesium Excretion Urine,,gstt_iclinicalmanager,,N,1000002400101001,2025-04-16,2099-12-31,
2000000460,Troponin T.,,gstt_iclinicalmanager,,N,1000001326101001,2025-04-16,2099-12-31,
2000003515,"B Cell Clonality, Blood",,gstt_iclinicalmanager,,N,4000001783101001,2025-04-16,2099-12-31,
2000003517,Immunological VDRL,,gstt_iclinicalmanager,,N,4000001106101001,2025-04-16,2099-12-31,
2000003516,COVID-19 KNOWN infection PCR Sputum,,gstt_iclinicalmanager,,N,4000004194101001,2025-04-16,2099-12-31,
2000003518,NM Brain F18 FDG C11 Methionine PET CT,,gstt_iclinicalmanager,,N,7000002952101001,2025-04-16,2099-12-31,
2000003520,Unprocessed Albumin Creatinine Urine,,gstt_iclinicalmanager,,N,2000003455101001,2025-04-16,2099-12-31,
2000003519,Chicken allergen,,gstt_iclinicalmanager,,N,5000002245101001,2025-04-16,2099-12-31,
2000001146,Factor IX (Post),,gstt_iclinicalmanager,,N,3000001128101001,2025-04-16,2099-12-31,
2000003521,Purine Mutation Analysis,,gstt_iclinicalmanager,,N,1000002231101001,2025-04-16,2099-12-31,
2000003522,Cholinesterase Evaluation,,gstt_iclinicalmanager,,N,6000001165101001,2025-04-16,2099-12-31,
2000003523,OPA,,gstt_iclinicalmanager,,N,7000001307290001,2025-04-16,2099-12-31,
2000003524,Grass Pollen Mix 4 Allergen,,gstt_iclinicalmanager,,N,3000003356101001,2025-04-16,2099-12-31,
2000003525,qHBsAg for IFN-treated HBV patients,,gstt_iclinicalmanager,,N,1000003249101001,2025-04-16,2099-12-31,
2000003527,Unprocessed Cyclosporin,,gstt_iclinicalmanager,,N,9000001278101001,2025-04-16,2099-12-31,
2000003526,Other Genital Swabs,,gstt_iclinicalmanager,,N,2000001045101001,2025-04-16,2099-12-31,
2000003528,US - Upper Limb Venous,,gstt_iclinicalmanager,,N,7000001690101001,2025-04-16,2099-12-31,
2000003529,Fluoride Number,,gstt_iclinicalmanager,,N,2000001137101001,2025-04-16,2099-12-31,
2000003530,MRADGAD,,gstt_iclinicalmanager,,N,1000003723101001,2025-04-16,2099-12-31,
2000003531,Dibucaine Number,,gstt_iclinicalmanager,,N,9000001144101001,2025-04-16,2099-12-31,
2000003533,Z64,,gstt_iclinicalmanager,,N,1000001700101001,2025-04-16,2099-12-31,
2000003532,Ro 02-0683 Number,,gstt_iclinicalmanager,,N,1000001092101001,2025-04-16,2099-12-31,
2000000295,Standing spine - X-Ray,,gstt_iclinicalmanager,,N,5000001021101001,2025-04-16,2099-12-31,
2000003534,NCPRP333,,gstt_iclinicalmanager,,N,1000003544101001,2025-04-16,2099-12-31,
2000003535,Weed Pollen Mix Allergen,,gstt_iclinicalmanager,,N,1000002487101001,2025-04-16,2099-12-31,
2000000296,Sterno-clavicular jt Both - X-Ray,,gstt_iclinicalmanager,,N,2000002741101001,2025-04-16,2099-12-31,
2000000297,Lateral Skull - X-Ray,,gstt_iclinicalmanager,,N,1000001061101001,2025-04-16,2099-12-31,
2000003536,Heptacarboxylate Porphyrin Level Urine,,gstt_iclinicalmanager,,N,2000001123101001,2025-04-16,2099-12-31,
2000001076,Platelet Function Screen : Coll/EPI,,gstt_iclinicalmanager,,N,9000001079101001,2025-04-16,2099-12-31,
2000003538,T31,,gstt_iclinicalmanager,,N,3000003726101001,2025-04-16,2099-12-31,
2000003537,IV DSA Carotid,,gstt_iclinicalmanager,,N,5000001110101001,2025-04-16,2099-12-31,
2000003539,Cherry Allergen,,gstt_iclinicalmanager,,N,2000003371101001,2025-04-16,2099-12-31,
2000001077,Platelet Function Screen : Coll/ADP,,gstt_iclinicalmanager,,N,8000001079101001,2025-04-16,2099-12-31,
2000003540,Doppler Renal Tx arterial - US(specify),,gstt_iclinicalmanager,,N,2000001287101001,2025-04-16,2099-12-31,
2000003541,CD20 Antibody..,,gstt_iclinicalmanager,,N,5000001752101001,2025-04-16,2099-12-31,
2000003542,Propanol Number,,gstt_iclinicalmanager,,N,9000001081101001,2025-04-16,2099-12-31,
2000003543,Chlamydia Comment,,gstt_iclinicalmanager,,N,9000001176101001,2025-04-16,2099-12-31,
2000003545,Urinary Haemosiderin,,gstt_iclinicalmanager,,N,2000001030101001,2025-04-16,2099-12-31,
2000003544,Everolimus Level,,gstt_iclinicalmanager,,N,1000003447101001,2025-04-16,2099-12-31,
2000003546,Sialogram parotid fluoroscopy Rt - Dental,,gstt_iclinicalmanager,,N,4000002755101001,2025-04-16,2099-12-31,
2000003548,Myocardial Perf. Stress Treadmill  - NM,,gstt_iclinicalmanager,,N,5000001691101001,2025-04-16,2099-12-31,
2000003547,Enterography - CT,,gstt_iclinicalmanager,,N,3000002727101001,2025-04-16,2099-12-31,
2000003549,Pear Allergen,,gstt_iclinicalmanager,,N,7000003345101001,2025-04-16,2099-12-31,
2000003551,Sputum for AFB investigations and PCR,,gstt_iclinicalmanager,,N,5000001406101001,2025-04-16,2099-12-31,
2000003550,Hepatitis B Genotypic Resistance,,gstt_iclinicalmanager,,N,1000002996101001,2025-04-16,2099-12-31,
2000003552,Cold Agglutinins,,gstt_iclinicalmanager,,N,5000001167101001,2025-04-16,2099-12-31,
2000003554,Human Herpes virus serology,,gstt_iclinicalmanager,,N,9000001100101001,2025-04-16,2099-12-31,
2000003553,History,,gstt_iclinicalmanager,,N,1000002974101001,2025-04-16,2099-12-31,
2000003555,Nuchal Translucency Request Form,,gstt_iclinicalmanager,,N,2000001622101001,2025-04-16,2099-12-31,
2000003557,VWF Activity (10 Minutes Post),,gstt_iclinicalmanager,,N,1000001422101001,2025-04-16,2099-12-31,
2000003556,Biopterin,,gstt_iclinicalmanager,,N,3000001180101001,2025-04-16,2099-12-31,
2000003558,Orange allergen,,gstt_iclinicalmanager,,N,1000002246101001,2025-04-16,2099-12-31,
2000003560,Pityrosporum Orbiculare Allergen,,gstt_iclinicalmanager,,N,2000003340101001,2025-04-16,2099-12-31,
2000003559,Loss of Pulse,,gstt_iclinicalmanager,,N,2000001160290001,2025-04-16,2099-12-31,
2000003561,Radiotherapy Planning Scan Neck - MRI,,gstt_iclinicalmanager,,N,1000004268101001,2025-04-16,2099-12-31,
2000003562,Larynx - MRI,,gstt_iclinicalmanager,,N,7000001060101001,2025-04-16,2099-12-31,
2000003563,SVC Stent Insertion,,gstt_iclinicalmanager,,N,6000001024101001,2025-04-16,2099-12-31,
2000003564,Strawberry allergen,,gstt_iclinicalmanager,,N,6000002246101001,2025-04-16,2099-12-31,
2000003565,Creatinine Equal to or Greater Than 500 mol/l,,gstt_iclinicalmanager,,N,6000001161290001,2025-04-16,2099-12-31,
2000003566,Sleep Clinic - Adult Polysomnography with MWT,,gstt_iclinicalmanager,,N,6000002544101001,2025-04-16,2099-12-31,
2000003567,NCCHB,,gstt_iclinicalmanager,,N,1000004058101001,2025-04-16,2099-12-31,
2000003568,C-Peptide Level 300 min,,gstt_iclinicalmanager,,N,8000001163101001,2025-04-16,2099-12-31,
2000003569,NCFPSMA,,gstt_iclinicalmanager,,N,1000004385101001,2025-04-16,2099-12-31,
2000003570,Prostate Brachytherapy - CT,,gstt_iclinicalmanager,,N,2000001577101001,2025-04-16,2099-12-31,
2000003572,Interleukin-6 Antibodies Level,,gstt_iclinicalmanager,,N,1000002584101001,2025-04-16,2099-12-31,
2000003571,Facet joint injection cervical - CT,,gstt_iclinicalmanager,,N,7000002726101001,2025-04-16,2099-12-31,
2000000298,Ribs - X-Ray,,gstt_iclinicalmanager,,N,9000001091101001,2025-04-16,2099-12-31,
2000003573,Cortisol 75 min,,gstt_iclinicalmanager,,N,8000001606101001,2025-04-16,2099-12-31,
2000000299,Radius & ulna Both - X-Ray,,gstt_iclinicalmanager,,N,1000002737101001,2025-04-16,2099-12-31,
2000000118,Systolic BP,,gstt_iclinicalmanager,,N,3000001211290001,2025-04-16,2099-12-31,
2000003574,CT1ACON,,gstt_iclinicalmanager,,N,1000002832101001,2025-04-16,2099-12-31,
2000003575,Growth Hormone 75 min,,gstt_iclinicalmanager,,N,5000001608101001,2025-04-16,2099-12-31,
2000003576,Insulin Level 300 min,,gstt_iclinicalmanager,,N,8000001107101001,2025-04-16,2099-12-31,
2000000127,Diastolic BP,,gstt_iclinicalmanager,,N,4000001211290001,2025-04-16,2099-12-31,
2000003577,St John's Swab (Unlisted),,gstt_iclinicalmanager,,N,1000001856101001,2025-04-16,2099-12-31,
2000000300,Stereo Biopsy Mammogram - X-Ray,,gstt_iclinicalmanager,,N,1022101001,2025-04-16,2099-12-31,
2000003578,Thrombin Anti Thrombin (TAT),,gstt_iclinicalmanager,,N,6000001029101001,2025-04-16,2099-12-31,
2000003579,Bone localised - N Med,,gstt_iclinicalmanager,,N,2000003997101001,2025-04-16,2099-12-31,
2000003580,CD2 Antibody,,gstt_iclinicalmanager,,N,7000001173101001,2025-04-16,2099-12-31,
2000003581,Fibro-scanning Referral Form (Dermatology),,gstt_iclinicalmanager,,N,1000002900101001,2025-04-16,2099-12-31,
2000000089,Glucose 75 min,,gstt_iclinicalmanager,,N,6000001607101001,2025-04-16,2099-12-31,
2000003582,Guided core biopsy breast research Rt - US,,gstt_iclinicalmanager,,N,2000003068101001,2025-04-16,2099-12-31,
2000003583,Melon Allergen,,gstt_iclinicalmanager,,N,6000003319101001,2025-04-16,2099-12-31,
2000003584,IgD Concentration,,gstt_iclinicalmanager,,N,9000003341101001,2025-04-16,2099-12-31,
2000003585,Yeast Allergen,,gstt_iclinicalmanager,,N,3000002247101001,2025-04-16,2099-12-31,
2000003586,Garlic Allergen,,gstt_iclinicalmanager,,N,5000003345101001,2025-04-16,2099-12-31,
2000003587,COVID-19 KNOWN infection PCR BAL,,gstt_iclinicalmanager,,N,3000004194101001,2025-04-16,2099-12-31,
2000000301,Transit Study Colon Adult - X-Ray,,gstt_iclinicalmanager,,N,4000001690101001,2025-04-16,2099-12-31,
2000003588,Sodium 0 hr,,gstt_iclinicalmanager,,N,4000001793101001,2025-04-16,2099-12-31,
2000003589,Cortisol Level 150 min,,gstt_iclinicalmanager,,N,1000001162101001,2025-04-16,2099-12-31,
2000003591,Salivary Gland Duct,,gstt_iclinicalmanager,,N,7000001018101001,2025-04-16,2099-12-31,
2000003590,Research - MRI (specify),,gstt_iclinicalmanager,,N,9000001090101001,2025-04-16,2099-12-31,
2000003592,UA US guidance during EVLT,,gstt_iclinicalmanager,,N,1000001864101001,2025-04-16,2099-12-31,
2000003593,FLOLBM,,gstt_iclinicalmanager,,N,1000003730101001,2025-04-16,2099-12-31,
2000003594,Osmolality 0 hr,,gstt_iclinicalmanager,,N,1794101001,2025-04-16,2099-12-31,
2000003595,HIV p24 antigen,,gstt_iclinicalmanager,,N,5000001641101001,2025-04-16,2099-12-31,
2000003596,Final Interpretation,,gstt_iclinicalmanager,,N,7000002975101001,2025-04-16,2099-12-31,
2000003597,Lemon Allergen,,gstt_iclinicalmanager,,N,1000002248101001,2025-04-16,2099-12-31,
2000003598,Carrot Allergen,,gstt_iclinicalmanager,,N,1000003332101001,2025-04-16,2099-12-31,
2000003599,IV DSA Pulmonary,,gstt_iclinicalmanager,,N,8000001110101001,2025-04-16,2099-12-31,
2000003600,Molecular Diagnosis (AT),,gstt_iclinicalmanager,,N,1000001540101001,2025-04-16,2099-12-31,
2000003601,Osmolality 4 hrs,,gstt_iclinicalmanager,,N,1000001794101001,2025-04-16,2099-12-31,
2000003602,.Bone Marrow for AFB,,gstt_iclinicalmanager,,N,1000001450101001,2025-04-16,2099-12-31,
2000000302,Forefoot Both - X-Ray,,gstt_iclinicalmanager,,N,3000002741101001,2025-04-16,2099-12-31,
2000003604,Rape Seed Allergen,,gstt_iclinicalmanager,,N,8000003371101001,2025-04-16,2099-12-31,
2000003603,Histone Antibody,,gstt_iclinicalmanager,,N,1000001126101001,2025-04-16,2099-12-31,
2000003605,IA DSA Upper Limb,,gstt_iclinicalmanager,,N,5000001102101001,2025-04-16,2099-12-31,
2000003607,Osmolality Urine 2 hrs,,gstt_iclinicalmanager,,N,3000001792101001,2025-04-16,2099-12-31,
2000003606,Forearm Lt - CT,,gstt_iclinicalmanager,,N,5000002727101001,2025-04-16,2099-12-31,
2000003608,Influenza A CFT,,gstt_iclinicalmanager,,N,8000001108101001,2025-04-16,2099-12-31,
2000003609,Sodium 4 hrs,,gstt_iclinicalmanager,,N,5000001793101001,2025-04-16,2099-12-31,
2000003610,Urine Dipstick Protein,,gstt_iclinicalmanager,,N,6000001211290001,2025-04-16,2099-12-31,
2000003611,Guided core biopsy breast research Lt - US,,gstt_iclinicalmanager,,N,9000003067101001,2025-04-16,2099-12-31,
2000003613,Z09,,gstt_iclinicalmanager,,N,3000003729101001,2025-04-16,2099-12-31,
2000003612,Discectomy - Th,,gstt_iclinicalmanager,,N,3000001812101001,2025-04-16,2099-12-31,
2000003614,Cardiac Muscle Antibody,,gstt_iclinicalmanager,,N,6000001164101001,2025-04-16,2099-12-31,
2000003615,Thoracic & Abd Aorta - CT,,gstt_iclinicalmanager,,N,3000002057101001,2025-04-16,2099-12-31,
2000003617,Paed SVC Stent Insertion,,gstt_iclinicalmanager,,N,4000002759101001,2025-04-16,2099-12-31,
2000003616,Cone Beam Mandible & Maxilla,,gstt_iclinicalmanager,,N,2000002290101001,2025-04-16,2099-12-31,
2000003618,Haemoglobulin,,gstt_iclinicalmanager,,N,8000001191290001,2025-04-16,2099-12-31,
2000003620,Pumpkin Allergen,,gstt_iclinicalmanager,,N,5000003310101001,2025-04-16,2099-12-31,
2000003619,Pulmonary Vascular Resistance,,gstt_iclinicalmanager,,N,2000001089101001,2025-04-16,2099-12-31,
2000003621,IAM with contrast - CT,,gstt_iclinicalmanager,,N,3000002729101001,2025-04-16,2099-12-31,
2000003623,Cone Beam Upper Midline (13-23),,gstt_iclinicalmanager,,N,9000002292101001,2025-04-16,2099-12-31,
2000003622,CD117 Antibody..,,gstt_iclinicalmanager,,N,2000001751101001,2025-04-16,2099-12-31,
2000003624,Guided injection knee Lt - US,,gstt_iclinicalmanager,,N,8000003616101001,2025-04-16,2099-12-31,
2000003626,Knee Both - US,,gstt_iclinicalmanager,,N,1000003620101001,2025-04-16,2099-12-31,
2000003625,Glycophorin A Antibody.,,gstt_iclinicalmanager,,N,4000001749101001,2025-04-16,2099-12-31,
2000003627,Bone biopsy (Radiology),,gstt_iclinicalmanager,,N,3000001179101001,2025-04-16,2099-12-31,
2000003628,Osmolality Urine 3 hrs,,gstt_iclinicalmanager,,N,4000001792101001,2025-04-16,2099-12-31,
2000003630,Sodium Level Sweat,,gstt_iclinicalmanager,,N,3000001019101001,2025-04-16,2099-12-31,
2000003629,Glycine Level Urine,,gstt_iclinicalmanager,,N,1118101001,2025-04-16,2099-12-31,
2000003631,IA DSA Carotid,,gstt_iclinicalmanager,,N,1102101001,2025-04-16,2099-12-31,
2000003633,Thyroid thpy post MIBG - N Med,,gstt_iclinicalmanager,,N,2000001296101001,2025-04-16,2099-12-31,
2000003632,HLA antibody ID,,gstt_iclinicalmanager,,N,3000001440101001,2025-04-16,2099-12-31,
2000003634,VWF Activity (4 Hours Post),,gstt_iclinicalmanager,,N,1423101001,2025-04-16,2099-12-31,
2000003635,Mould Mix 7 (Specific IgG) Allergen,,gstt_iclinicalmanager,,N,4000003336101001,2025-04-16,2099-12-31,
2000003636,Osmolality Level Fluid,,gstt_iclinicalmanager,,N,9000001042101001,2025-04-16,2099-12-31,
2000003637,Dynamic salivary gland study - N Med,,gstt_iclinicalmanager,,N,1000001150101001,2025-04-16,2099-12-31,
2000003638,Osmolality Urine 4 hrs,,gstt_iclinicalmanager,,N,5000001792101001,2025-04-16,2099-12-31,
2000003639,Plasminogen Activity,,gstt_iclinicalmanager,,N,9000001076101001,2025-04-16,2099-12-31,
2000003640,RA Particle Agg. Titre,,gstt_iclinicalmanager,,N,4000001085101001,2025-04-16,2099-12-31,
2000003641,Gelatine (bovine) Allergen,,gstt_iclinicalmanager,,N,2000002487101001,2025-04-16,2099-12-31,
2000003642,Urine for Schistosoma and Culture,,gstt_iclinicalmanager,,N,4000001394101001,2025-04-16,2099-12-31,
2000003643,Ultrasonic Angiology Report,,gstt_iclinicalmanager,,N,1000004397101001,2025-04-16,2099-12-31,
2000003644,C-Peptide Level 90 min,,gstt_iclinicalmanager,,N,1000001164101001,2025-04-16,2099-12-31,
2000003646,Vascular Stent (specify site),,gstt_iclinicalmanager,,N,3000001033101001,2025-04-16,2099-12-31,
2000003645,GQ1B Ganglioside Antibody,,gstt_iclinicalmanager,,N,8000001229101001,2025-04-16,2099-12-31,
2000003647,Osmolality Urine 0 hr,,gstt_iclinicalmanager,,N,1000001792101001,2025-04-16,2099-12-31,
2000003648,C-Peptide Level 120 min,,gstt_iclinicalmanager,,N,3000001163101001,2025-04-16,2099-12-31,
2000003649,Osmolality Urine 1 hr,,gstt_iclinicalmanager,,N,2000001792101001,2025-04-16,2099-12-31,
2000003650,Common Wasp (Recomb) Allergen,,gstt_iclinicalmanager,,N,3373101001,2025-04-16,2099-12-31,
2000003651,Total Blood Loss,,gstt_iclinicalmanager,,N,5000001373290001,2025-04-16,2099-12-31,
2000003652,Aspiration - CT,,gstt_iclinicalmanager,,N,4000001210101001,2025-04-16,2099-12-31,
2000003654,Influenza B CFT,,gstt_iclinicalmanager,,N,9000001108101001,2025-04-16,2099-12-31,
2000003653,C-Peptide Level 60 min,,gstt_iclinicalmanager,,N,1164101001,2025-04-16,2099-12-31,
2000003655,Insulin Level 90 min,,gstt_iclinicalmanager,,N,1000001108101001,2025-04-16,2099-12-31,
2000003656,EBV Qualitative PCR sample type,,gstt_iclinicalmanager,,N,5000004034101001,2025-04-16,2099-12-31,
2000003657,Herniogram,,gstt_iclinicalmanager,,N,3000001123101001,2025-04-16,2099-12-31,
2000001189,Endomysial Ab IgA,,gstt_iclinicalmanager,,N,1000001143101001,2025-04-16,2099-12-31,
2000003658,Insulin 150 min,,gstt_iclinicalmanager,,N,7000001608101001,2025-04-16,2099-12-31,
2000003659,Yersinia Serology,,gstt_iclinicalmanager,,N,3000001040101001,2025-04-16,2099-12-31,
2000003660,C-Peptide 150 min,,gstt_iclinicalmanager,,N,8000001608101001,2025-04-16,2099-12-31,
2000003661,EBV Qualitative PCR.,,gstt_iclinicalmanager,,N,6000004034101001,2025-04-16,2099-12-31,
2000003662,Insulin Level 120 min,,gstt_iclinicalmanager,,N,4000001107101001,2025-04-16,2099-12-31,
2000003663,C-Peptide Level 180 min,,gstt_iclinicalmanager,,N,5000001163101001,2025-04-16,2099-12-31,
2000000303,Chest X-Ray (Research),,gstt_iclinicalmanager,,N,1000001176101001,2025-04-16,2099-12-31,
2000001190,Endomysial Ab IgG,,gstt_iclinicalmanager,,N,2000001143101001,2025-04-16,2099-12-31,
2000001211,Striated Muscle Antibody,,gstt_iclinicalmanager,,N,3387101001,2025-04-16,2099-12-31,
2000003664,Osmolality 6 hrs,,gstt_iclinicalmanager,,N,2000001794101001,2025-04-16,2099-12-31,
2000003665,Renal transplant - MRA,,gstt_iclinicalmanager,,N,4000002742101001,2025-04-16,2099-12-31,
2000003666,Paprika Sweet Pepper Allergen,,gstt_iclinicalmanager,,N,2000003344101001,2025-04-16,2099-12-31,
2000003668,"Spice mix (caraway, mace, cardamom, clove) Allergen",,gstt_iclinicalmanager,,N,2000003356101001,2025-04-16,2099-12-31,
2000003667,Insulin Level 60 min,,gstt_iclinicalmanager,,N,1108101001,2025-04-16,2099-12-31,
2000003669,Malarial Parasites,,gstt_iclinicalmanager,,N,3000001066101001,2025-04-16,2099-12-31,
2000003671,Parvovirus Sample Details,,gstt_iclinicalmanager,,N,3000003507101001,2025-04-16,2099-12-31,
2000003670,Insulin Level 180 min,,gstt_iclinicalmanager,,N,6000001107101001,2025-04-16,2099-12-31,
2000003672,Pulmonary Hypertension,,gstt_iclinicalmanager,,N,5000001164290001,2025-04-16,2099-12-31,
2000003673,Porcine Bethesda,,gstt_iclinicalmanager,,N,2000001078101001,2025-04-16,2099-12-31,
2000003674,St John's Dermatology Nose Swab,,gstt_iclinicalmanager,,N,1000001297101001,2025-04-16,2099-12-31,
2000003675,NLABEL,,gstt_iclinicalmanager,,N,1000002179101001,2025-04-16,2099-12-31,
2000003676,C-Peptide Level 30 min,,gstt_iclinicalmanager,,N,7000001163101001,2025-04-16,2099-12-31,
2000003677,Glioblastoma Research Study MRI,,gstt_iclinicalmanager,,N,4000004087101001,2025-04-16,2099-12-31,
2000003678,Sodium 6 hrs,,gstt_iclinicalmanager,,N,6000001793101001,2025-04-16,2099-12-31,
2000003679,C-Peptide Level 45 min,,gstt_iclinicalmanager,,N,9000001163101001,2025-04-16,2099-12-31,
2000003680,Pulmonary Valvuloplasty,,gstt_iclinicalmanager,,N,1000001089101001,2025-04-16,2099-12-31,
2000003681,HLA-DR Antibody,,gstt_iclinicalmanager,,N,3000001099101001,2025-04-16,2099-12-31,
2000003683,Z01,,gstt_iclinicalmanager,,N,3000003730101001,2025-04-16,2099-12-31,
2000003682,Growth Hormone 105 min,,gstt_iclinicalmanager,,N,8000001607101001,2025-04-16,2099-12-31,
2000003684,IV DSA Aorto-trifurcation,,gstt_iclinicalmanager,,N,2000001110101001,2025-04-16,2099-12-31,
2000003685,Lysosomal Enzyme Screen - Hepato(Spleno)megaly (13 Enzymes including Chitotriosidase),,gstt_iclinicalmanager,,N,2000003293101001,2025-04-16,2099-12-31,
2000000304,Patella Both - X-Ray,,gstt_iclinicalmanager,,N,7000002738101001,2025-04-16,2099-12-31,
2000001166,Factor VIII (20 Minutes post),,gstt_iclinicalmanager,,N,7000001379101001,2025-04-16,2099-12-31,
2000003686,C-Peptide Level 15 min,,gstt_iclinicalmanager,,N,4000001163101001,2025-04-16,2099-12-31,
2000003687,Cortisol 105 min,,gstt_iclinicalmanager,,N,6000001608101001,2025-04-16,2099-12-31,
2000003688,Insulin Level 30 min,,gstt_iclinicalmanager,,N,7000001107101001,2025-04-16,2099-12-31,
2000000090,Glucose 105 min,,gstt_iclinicalmanager,,N,2000001607101001,2025-04-16,2099-12-31,
2000003690,Osmolality Urine 6 hrs,,gstt_iclinicalmanager,,N,7000001792101001,2025-04-16,2099-12-31,
2000003689,C-Peptide Level 240 min,,gstt_iclinicalmanager,,N,6000001163101001,2025-04-16,2099-12-31,
2000003691,Amyloid Scan - N Med,,gstt_iclinicalmanager,,N,1000004129101001,2025-04-16,2099-12-31,
2000003693,Transfusion Reaction Investigation Conclusion,,gstt_iclinicalmanager,,N,7000004161101001,2025-04-16,2099-12-31,
2000003692,Heparin Calcium (UF Heparin),,gstt_iclinicalmanager,,N,3000003410101001,2025-04-16,2099-12-31,
2000001167,Factor VIII (5 Minutes post),,gstt_iclinicalmanager,,N,9000001430101001,2025-04-16,2099-12-31,
2000003694,XR Other Hospital - Report only,,gstt_iclinicalmanager,,N,6000003208101001,2025-04-16,2099-12-31,
2000003695,Insulin Level 15 min,,gstt_iclinicalmanager,,N,5000001107101001,2025-04-16,2099-12-31,
2000003696,Insulin Level 45 min,,gstt_iclinicalmanager,,N,9000001107101001,2025-04-16,2099-12-31,
2000003697,HLA Class II Disease Associated,,gstt_iclinicalmanager,,N,1000001439101001,2025-04-16,2099-12-31,
2000003698,Paed. Pulmonary stent,,gstt_iclinicalmanager,,N,6000001046101001,2025-04-16,2099-12-31,
2000003699,Pyruvate Kinase,,gstt_iclinicalmanager,,N,8000001084101001,2025-04-16,2099-12-31,
2000003700,P50,,gstt_iclinicalmanager,,N,1046101001,2025-04-16,2099-12-31,
2000003701,P50 Conclusion,,gstt_iclinicalmanager,,N,1000001046101001,2025-04-16,2099-12-31,
2000003702,lnsulin Level 240 min,,gstt_iclinicalmanager,,N,9000001063101001,2025-04-16,2099-12-31,
2000003703,Gynae Trans abdo - US,,gstt_iclinicalmanager,,N,7000001118101001,2025-04-16,2099-12-31,
2000003705,Surgical Pathology Final Report (Renal),,gstt_iclinicalmanager,,N,1000001265101001,2025-04-16,2099-12-31,
2000003704,IBIS II Dexa Research,,gstt_iclinicalmanager,,N,2000001695101001,2025-04-16,2099-12-31,
2000003706,PTC + Stent Insertion,,gstt_iclinicalmanager,,N,6000001088101001,2025-04-16,2099-12-31,
2000003707,KIT Mutations,,gstt_iclinicalmanager,,N,4000003248101001,2025-04-16,2099-12-31,
2000003708,Osmolality Urine 5 hrs,,gstt_iclinicalmanager,,N,6000001792101001,2025-04-16,2099-12-31,
2000003709,VWF Activity (30 Minutes Post),,gstt_iclinicalmanager,,N,8000001422101001,2025-04-16,2099-12-31,
2000003710,PDGFRA  Mutations,,gstt_iclinicalmanager,,N,3000003248101001,2025-04-16,2099-12-31,
2000003711,ENA Referred,,gstt_iclinicalmanager,,N,2000003305101001,2025-04-16,2099-12-31,
2000003712,Tree Pollen Mix 4 Allergen,,gstt_iclinicalmanager,,N,3000003343101001,2025-04-16,2099-12-31,
2000003713,Reptilase Time (Manual),,gstt_iclinicalmanager,,N,7000001090101001,2025-04-16,2099-12-31,
2000003714,Cardiac iron load Adult - MRI,,gstt_iclinicalmanager,,N,1000003076101001,2025-04-16,2099-12-31,
2000003715,Hep B Core Ab.,,gstt_iclinicalmanager,,N,1000001105101001,2025-04-16,2099-12-31,
2000003716,IA DSA Abdominal Aorta,,gstt_iclinicalmanager,,N,7000001101101001,2025-04-16,2099-12-31,
2000003717,PTH Related Peptide Level,,gstt_iclinicalmanager,,N,9000001088101001,2025-04-16,2099-12-31,
2000003719,Ovary Steroid Cells,,gstt_iclinicalmanager,,N,3000001045101001,2025-04-16,2099-12-31,
2000003718,Beef allergen,,gstt_iclinicalmanager,,N,7000002248101001,2025-04-16,2099-12-31,
2000003720,Bowel Dilatation,,gstt_iclinicalmanager,,N,1000001213101001,2025-04-16,2099-12-31,
2000003722,Testis Steroid Cells,,gstt_iclinicalmanager,,N,1028101001,2025-04-16,2099-12-31,
2000003721,Barley allergen,,gstt_iclinicalmanager,,N,2000002418101001,2025-04-16,2099-12-31,
2000003723,Haem Prothrombin 20210 Molecular Diag,,gstt_iclinicalmanager,,N,3000001734101001,2025-04-16,2099-12-31,
2000003725,Transjugular Liver Biopsy,,gstt_iclinicalmanager,,N,1000003235101001,2025-04-16,2099-12-31,
2000003724,Forearm Rt - CT,,gstt_iclinicalmanager,,N,8000002727101001,2025-04-16,2099-12-31,
2000003726,Haem Factor V Leiden Molecular Diagnosis,,gstt_iclinicalmanager,,N,1000001734101001,2025-04-16,2099-12-31,
2000003727,Drain Removal,,gstt_iclinicalmanager,,N,8000001157101001,2025-04-16,2099-12-31,
2000003728,Haem MTHFR Molecular Diagnosis,,gstt_iclinicalmanager,,N,2000001734101001,2025-04-16,2099-12-31,
2000003729,NCPF18C,,gstt_iclinicalmanager,,N,1000003785101001,2025-04-16,2099-12-31,
2000003730,Wrist - MRI,,gstt_iclinicalmanager,,N,6000001039101001,2025-04-16,2099-12-31,
2000003732,Pineapple allergen,,gstt_iclinicalmanager,,N,4000002248101001,2025-04-16,2099-12-31,
2000003731,.Molecular Interim Report (HB),,gstt_iclinicalmanager,,N,1000001910101001,2025-04-16,2099-12-31,
2000003733,Bethesda (Anti Factor IX),,gstt_iclinicalmanager,,N,8000001209101001,2025-04-16,2099-12-31,
2000003735,Mammogram  lateral view left,,gstt_iclinicalmanager,,N,1000002720101001,2025-04-16,2099-12-31,
2000003734,Guided biopsy liver - CT,,gstt_iclinicalmanager,,N,4000002730101001,2025-04-16,2099-12-31,
2000003736,CD34 Antibody,,gstt_iclinicalmanager,,N,2000001170101001,2025-04-16,2099-12-31,
2000003737,T. tube cholangiogram,,gstt_iclinicalmanager,,N,9000001025101001,2025-04-16,2099-12-31,
2000003739,Z05,,gstt_iclinicalmanager,,N,1000003720101001,2025-04-16,2099-12-31,
2000003738,Antigenic FVII ELISA Assay,,gstt_iclinicalmanager,,N,2000001201101001,2025-04-16,2099-12-31,
2000003740,Thorax - MRI,,gstt_iclinicalmanager,,N,1000004246101001,2025-04-16,2099-12-31,
2000003741,Clotting Factors,,gstt_iclinicalmanager,,N,1000001413290001,2025-04-16,2099-12-31,
2000003742,Haddock Allergen,,gstt_iclinicalmanager,,N,3000002419101001,2025-04-16,2099-12-31,
2000003743,Buckwheat Allergen,,gstt_iclinicalmanager,,N,3000003310101001,2025-04-16,2099-12-31,
2000000305,Operative Specimen - Breast - X-Ray,,gstt_iclinicalmanager,,N,1042101001,2025-04-16,2099-12-31,
2000003744,CD61 Antibody.,,gstt_iclinicalmanager,,N,1000001748101001,2025-04-16,2099-12-31,
2000003745,Organic Acids Urine.,,gstt_iclinicalmanager,,N,4000001409101001,2025-04-16,2099-12-31,
2000000054,Creatinine,,gstt_iclinicalmanager,,N,7000001192290001,2025-04-16,2099-12-31,
2000003746,Prothrombin Fragment 1.2,,gstt_iclinicalmanager,,N,5000001083101001,2025-04-16,2099-12-31,
2000003747,Rabbit Allergen,,gstt_iclinicalmanager,,N,4000003310101001,2025-04-16,2099-12-31,
2000003748,Aortic Stent Insertion,,gstt_iclinicalmanager,,N,2000002759101001,2025-04-16,2099-12-31,
2000003750,Neuronal Antibodies,,gstt_iclinicalmanager,,N,5000001241101001,2025-04-16,2099-12-31,
2000003749,Heparin Sodium (UF Heparin). UFHSXA,,gstt_iclinicalmanager,,N,2000003299101001,2025-04-16,2099-12-31,
2000003751,CD117 Antibody,,gstt_iclinicalmanager,,N,6000001172101001,2025-04-16,2099-12-31,
2000003752,Sulphonylurea Level,,gstt_iclinicalmanager,,N,1000001823101001,2025-04-16,2099-12-31,
2000003754,Bronchial Embolisation,,gstt_iclinicalmanager,,N,1215101001,2025-04-16,2099-12-31,
2000003753,.C1 Esterase Inhibitor Level,,gstt_iclinicalmanager,,N,2000001329101001,2025-04-16,2099-12-31,
2000003755,Leg length - CT,,gstt_iclinicalmanager,,N,6000001061101001,2025-04-16,2099-12-31,
2000003756,CD33 Antibody,,gstt_iclinicalmanager,,N,1000001170101001,2025-04-16,2099-12-31,
2000003757,Treadmill stress - N Med,,gstt_iclinicalmanager,,N,9000001015101001,2025-04-16,2099-12-31,
2000003758,Guided marker insertion axilla right - US,,gstt_iclinicalmanager,,N,1000004094101001,2025-04-16,2099-12-31,
2000003760,Hepatitis E Abs,,gstt_iclinicalmanager,,N,5000001122101001,2025-04-16,2099-12-31,
2000003759,Guided marker insertion axilla left - US,,gstt_iclinicalmanager,,N,4094101001,2025-04-16,2099-12-31,
2000003761,Oxipurinol Blood,,gstt_iclinicalmanager,,N,5000001764101001,2025-04-16,2099-12-31,
2000003762,Campylobacter Jejuni Serology,,gstt_iclinicalmanager,,N,2000001612101001,2025-04-16,2099-12-31,
2000003763,Sleep Clinic - Paediatric Oximetry-EXPIRED,,gstt_iclinicalmanager,,N,4000002387101001,2025-04-16,2099-12-31,
2000003764,Acute CM Panel Conclusion,,gstt_iclinicalmanager,,N,4000001745101001,2025-04-16,2099-12-31,
2000003766,Swab Tonsil,,gstt_iclinicalmanager,,N,1000001598101001,2025-04-16,2099-12-31,
2000003765,Mammogram  lateral view right,,gstt_iclinicalmanager,,N,1000002721101001,2025-04-16,2099-12-31,
2000003767,ISEPT,,gstt_iclinicalmanager,,N,1000003721101001,2025-04-16,2099-12-31,
2000003768,Tibial nail plating - Th,,gstt_iclinicalmanager,,N,8000001012101001,2025-04-16,2099-12-31,
2000003770,vWF Antigen (10 Minutes),,gstt_iclinicalmanager,,N,2000001575101001,2025-04-16,2099-12-31,
2000003769,Acute Specimen Type,,gstt_iclinicalmanager,,N,1000001788101001,2025-04-16,2099-12-31,
2000003771,Neutrophil CD24%,,gstt_iclinicalmanager,,N,1000002408101001,2025-04-16,2099-12-31,
2000003773,Sodium 7 hrs,,gstt_iclinicalmanager,,N,7000001793101001,2025-04-16,2099-12-31,
2000003772,CD64 Antibody,,gstt_iclinicalmanager,,N,2000001171101001,2025-04-16,2099-12-31,
2000003774,Osmolality 7 hrs,,gstt_iclinicalmanager,,N,3000001794101001,2025-04-16,2099-12-31,
2000003776,Mammogram extended view Rt,,gstt_iclinicalmanager,,N,3000002721101001,2025-04-16,2099-12-31,
2000003775,Cardiac & hepatic iron load - MRI,,gstt_iclinicalmanager,,N,5000002742101001,2025-04-16,2099-12-31,
2000003777,Femoral nail -Th,,gstt_iclinicalmanager,,N,7000001134101001,2025-04-16,2099-12-31,
2000003779,W30,,gstt_iclinicalmanager,,N,1000001619101001,2025-04-16,2099-12-31,
2000003778,Cacao (Chocolate) Allergen,,gstt_iclinicalmanager,,N,2419101001,2025-04-16,2099-12-31,
2000003780,Pleural Biopsy/Tissue,,gstt_iclinicalmanager,,N,3000001077101001,2025-04-16,2099-12-31,
2000003781,Red Kidney Bean Allergen,,gstt_iclinicalmanager,,N,9000003331101001,2025-04-16,2099-12-31,
2000003783,Rye allergen,,gstt_iclinicalmanager,,N,1000002247101001,2025-04-16,2099-12-31,
2000003782,Pelvis-general - US,,gstt_iclinicalmanager,,N,3000001072101001,2025-04-16,2099-12-31,
2000003784,CSF IgG,,gstt_iclinicalmanager,,N,3000003322101001,2025-04-16,2099-12-31,
2000003786,Vitamin B6 (P),,gstt_iclinicalmanager,,N,3000002558101001,2025-04-16,2099-12-31,
2000003785,Osmolality Urine 7 hrs,,gstt_iclinicalmanager,,N,8000001792101001,2025-04-16,2099-12-31,
2000000306,Humerus Both - X-Ray,,gstt_iclinicalmanager,,N,7000002740101001,2025-04-16,2099-12-31,
2000003787,Sandfly fever virus IgG Abs,,gstt_iclinicalmanager,,N,6000001094101001,2025-04-16,2099-12-31,
2000003788,Serum Etanercept Level,,gstt_iclinicalmanager,,N,1000003125101001,2025-04-16,2099-12-31,
2000003789,Discogram - Th,,gstt_iclinicalmanager,,N,4000001812101001,2025-04-16,2099-12-31,
2000003790,Pyloric Dilatation,,gstt_iclinicalmanager,,N,5000001084101001,2025-04-16,2099-12-31,
2000003791,Terminal Urine for Schistosoma,,gstt_iclinicalmanager,,N,1027101001,2025-04-16,2099-12-31,
2000003792,Onion Allergen,,gstt_iclinicalmanager,,N,9000002418101001,2025-04-16,2099-12-31,
2000003794,Seafood Mix Allergen,,gstt_iclinicalmanager,,N,8000002249101001,2025-04-16,2099-12-31,
2000003793,Anti-Etanercept Antibody Level,,gstt_iclinicalmanager,,N,2000003125101001,2025-04-16,2099-12-31,
2000003795,Phosphate Level Fluid,,gstt_iclinicalmanager,,N,1000001076101001,2025-04-16,2099-12-31,
2000003797,WBC,,gstt_iclinicalmanager,,N,4000001108290001,2025-04-16,2099-12-31,
2000003796,Fingers Lt - CT,,gstt_iclinicalmanager,,N,2000002728101001,2025-04-16,2099-12-31,
2000003798,Bone Marrow for AFB,,gstt_iclinicalmanager,,N,1000001450101001,2025-04-16,2099-12-31,
2000003800,Red Cell Availability,,gstt_iclinicalmanager,,N,9000001158101001,2025-04-16,2099-12-31,
2000003799,Intra-Operative PTH sample 6,,gstt_iclinicalmanager,,N,6000002462101001,2025-04-16,2099-12-31,
2000000413,APTT  Heparin,,gstt_iclinicalmanager,,N,8000001317101001,2025-04-16,2099-12-31,
2000003801,Chlamydia Serology,,gstt_iclinicalmanager,,N,2000001177101001,2025-04-16,2099-12-31,
2000000307,Sacro-iliac joint injection - X-ray,,gstt_iclinicalmanager,,N,4000001554101001,2025-04-16,2099-12-31,
2000003803,Faecal Haemoglobin (Quantitative),,gstt_iclinicalmanager,,N,1000004098101001,2025-04-16,2099-12-31,
2000003802,Allergen Specific IgE,,gstt_iclinicalmanager,,N,7000001218101001,2025-04-16,2099-12-31,
2000003804,Lepirudin Level,,gstt_iclinicalmanager,,N,1000002982101001,2025-04-16,2099-12-31,
2000003806,Save Specimen,,gstt_iclinicalmanager,,N,1000001333101001,2025-04-16,2099-12-31,
2000003805,Orthopaedic pinning Hip Lt - Th,,gstt_iclinicalmanager,,N,5000002648101001,2025-04-16,2099-12-31,
2000003807,Bilirubin Level Urine,,gstt_iclinicalmanager,,N,4000001212101001,2025-04-16,2099-12-31,
2000003808,GFR Individual Kidney - N Med,,gstt_iclinicalmanager,,N,3000001363101001,2025-04-16,2099-12-31,
2000003809,Micropolyspora Faeni Allergen,,gstt_iclinicalmanager,,N,8000003365101001,2025-04-16,2099-12-31,
2000003810,Sentinel Swab,,gstt_iclinicalmanager,,N,7000001096101001,2025-04-16,2099-12-31,
2000003811,Direct Antiglobulin Test (Blood Bank).,,gstt_iclinicalmanager,,N,3000001367101001,2025-04-16,2099-12-31,
2000003813,Upper limb - CT,,gstt_iclinicalmanager,,N,4000001003101001,2025-04-16,2099-12-31,
2000003812,USD - Cheek Lt US,,gstt_iclinicalmanager,,N,8000001926101001,2025-04-16,2099-12-31,
2000003814,Alpha-Galactosidase - Fabry Disease (Female Patients),,gstt_iclinicalmanager,,N,6000003289101001,2025-04-16,2099-12-31,
2000003815,Hepatitis B Resistance Request,,gstt_iclinicalmanager,,N,1000003043101001,2025-04-16,2099-12-31,
2000003816,Colonic Stent Insertion (Fluoro Guided),,gstt_iclinicalmanager,,N,1000003667101001,2025-04-16,2099-12-31,
2000003817,Aspiration Breast FN - US,,gstt_iclinicalmanager,,N,1000001500101001,2025-04-16,2099-12-31,
2000003818,PTC Follow-on,,gstt_iclinicalmanager,,N,8000001088101001,2025-04-16,2099-12-31,
2000003819,Myocardial Perf 1D St/Re Dobutamine - NM,,gstt_iclinicalmanager,,N,3000001691101001,2025-04-16,2099-12-31,
2000003820,CD22 Antibody..,,gstt_iclinicalmanager,,N,6000001752101001,2025-04-16,2099-12-31,
2000000014,Platelets Count,,gstt_iclinicalmanager,,N,2000001192290001,2025-04-16,2099-12-31,
2000003822,Growth Hormone 1500H,,gstt_iclinicalmanager,,N,2000001608101001,2025-04-16,2099-12-31,
2000003821,Growth Hormone 1100H,,gstt_iclinicalmanager,,N,9000001607101001,2025-04-16,2099-12-31,
2000003823,Growth Hormone 1300H,,gstt_iclinicalmanager,,N,1608101001,2025-04-16,2099-12-31,
2000003824,Cone Beam Maxilla Right,,gstt_iclinicalmanager,,N,6000002292101001,2025-04-16,2099-12-31,
2000003825,Growth Hormone 1700H,,gstt_iclinicalmanager,,N,4000001608101001,2025-04-16,2099-12-31,
2000003826,Sialogram submandibular fluoroscopy Lt - Dental,,gstt_iclinicalmanager,,N,6000002755101001,2025-04-16,2099-12-31,
2000003827,Prothrombin 20210 Molecular Diagnosis,,gstt_iclinicalmanager,,N,3000001734101001,2025-04-16,2099-12-31,
2000003828,SSLAC,,gstt_iclinicalmanager,,N,1000003206101001,2025-04-16,2099-12-31,
2000003829,Homocysteine Level Urine,,gstt_iclinicalmanager,,N,6000001099101001,2025-04-16,2099-12-31,
2000003830,Factor V Leiden Molecular Diagnosis,,gstt_iclinicalmanager,,N,1000001734101001,2025-04-16,2099-12-31,
2000003831,Guided injection elbow Rt - US,,gstt_iclinicalmanager,,N,3616101001,2025-04-16,2099-12-31,
2000003832,Lymphocytes Count,,gstt_iclinicalmanager,,N,1000001192290001,2025-04-16,2099-12-31,
2000003834,Green Bean allergen,,gstt_iclinicalmanager,,N,8000002418101001,2025-04-16,2099-12-31,
2000003833,Chromosomal Investigation PCR,,gstt_iclinicalmanager,,N,2000001426101001,2025-04-16,2099-12-31,
2000003835,Oral Smear,,gstt_iclinicalmanager,,N,5000004075101001,2025-04-16,2099-12-31,
2000003836,Bordetella Serology,,gstt_iclinicalmanager,,N,8000001212101001,2025-04-16,2099-12-31,
2000003837,Fingers Rt - CT,,gstt_iclinicalmanager,,N,3000002728101001,2025-04-16,2099-12-31,
2000003838,Non-Gynae Cytology Final Report,,gstt_iclinicalmanager,,N,2000001265101001,2025-04-16,2099-12-31,
2000003839,RBC,,gstt_iclinicalmanager,,N,5000001108290001,2025-04-16,2099-12-31,
2000003840,T48,,gstt_iclinicalmanager,,N,5000003728101001,2025-04-16,2099-12-31,
2000003841,MRRESCH,,gstt_iclinicalmanager,,N,1000002783101001,2025-04-16,2099-12-31,
2000003842,Stress w Myoview & Pers/Dobu - N Med,,gstt_iclinicalmanager,,N,8000001022101001,2025-04-16,2099-12-31,
2000003844,Thorax with Contrast - MRI,,gstt_iclinicalmanager,,N,2000003532101001,2025-04-16,2099-12-31,
2000003843,Lacrimal study - N Med,,gstt_iclinicalmanager,,N,1000001059101001,2025-04-16,2099-12-31,
2000003845,Drain Fluid,,gstt_iclinicalmanager,,N,7000001157101001,2025-04-16,2099-12-31,
2000003847,Tree Pollen Mix 5 Allergen,,gstt_iclinicalmanager,,N,9000003349101001,2025-04-16,2099-12-31,
2000003846,Osmolality Urine 8 hrs,,gstt_iclinicalmanager,,N,9000001792101001,2025-04-16,2099-12-31,
2000003848,Cone Beam Maxilla Left,,gstt_iclinicalmanager,,N,5000002292101001,2025-04-16,2099-12-31,
2000003850,Sodium 8 hrs,,gstt_iclinicalmanager,,N,8000001793101001,2025-04-16,2099-12-31,
2000003849,Growth Hormone 0900H,,gstt_iclinicalmanager,,N,7000001607101001,2025-04-16,2099-12-31,
2000003851,END011,,gstt_iclinicalmanager,,N,1000004109101001,2025-04-16,2099-12-31,
2000003852,Thyroid thpy MIBG - N Med,,gstt_iclinicalmanager,,N,3000001296101001,2025-04-16,2099-12-31,
2000003853,USEPREG,,gstt_iclinicalmanager,,N,1000002493101001,2025-04-16,2099-12-31,
2000003854,CD16 Antibody..,,gstt_iclinicalmanager,,N,6000001751101001,2025-04-16,2099-12-31,
2000003856,MRSA Other Specimen,,gstt_iclinicalmanager,,N,2000001895101001,2025-04-16,2099-12-31,
2000003855,IGSJXG,,gstt_iclinicalmanager,,N,1000002785101001,2025-04-16,2099-12-31,
2000003857,Whey Allergen,,gstt_iclinicalmanager,,N,4000003357101001,2025-04-16,2099-12-31,
2000003859,NCTDIAG,,gstt_iclinicalmanager,,N,1000002384101001,2025-04-16,2099-12-31,
2000003858,Calcaneus Lt - CT,,gstt_iclinicalmanager,,N,6000002725101001,2025-04-16,2099-12-31,
2000003860,Blueberry Allergen,,gstt_iclinicalmanager,,N,3338101001,2025-04-16,2099-12-31,
2000003861,MRI - Defaecating Proctogram,,gstt_iclinicalmanager,,N,1000003612101001,2025-04-16,2099-12-31,
2000003862,Osmolality 8 hrs,,gstt_iclinicalmanager,,N,4000001794101001,2025-04-16,2099-12-31,
2000003863,Prekallikrein,,gstt_iclinicalmanager,,N,4000001080101001,2025-04-16,2099-12-31,
2000003865,Neck & Chest - CT,,gstt_iclinicalmanager,,N,4000002732101001,2025-04-16,2099-12-31,
2000000308,Subtalar jts right - X-Ray,,gstt_iclinicalmanager,,N,6000001023101001,2025-04-16,2099-12-31,
2000003864,7299,,gstt_iclinicalmanager,,N,3000001270101001,2025-04-16,2099-12-31,
2000003866,Cefaclor Allergen,,gstt_iclinicalmanager,,N,4000003343101001,2025-04-16,2099-12-31,
2000003868,Guided biopsy kidney Left - CT,,gstt_iclinicalmanager,,N,5000002729101001,2025-04-16,2099-12-31,
2000003867,Amoebic IFAT,,gstt_iclinicalmanager,,N,1000001197101001,2025-04-16,2099-12-31,
2000003869,Aortic PTA,,gstt_iclinicalmanager,,N,7000001203101001,2025-04-16,2099-12-31,
2000003871,Upper arm both - CT,,gstt_iclinicalmanager,,N,1000002751101001,2025-04-16,2099-12-31,
2000003870,Raspberry Allergen,,gstt_iclinicalmanager,,N,5000003338101001,2025-04-16,2099-12-31,
2000003872,"Feather mix (goose, chicken, duck ,parrot) Allergen",,gstt_iclinicalmanager,,N,3309101001,2025-04-16,2099-12-31,
2000003873,Guided biopsy kidney Right - CT,,gstt_iclinicalmanager,,N,6000002729101001,2025-04-16,2099-12-31,
2000003874,TRUS Biopsy - US,,gstt_iclinicalmanager,,N,6000002563101001,2025-04-16,2099-12-31,
2000003875,IGF1 0900H,,gstt_iclinicalmanager,,N,1609101001,2025-04-16,2099-12-31,
2000003877,Maize allergen,,gstt_iclinicalmanager,,N,4000002249101001,2025-04-16,2099-12-31,
2000003876,Hand Both - CT,,gstt_iclinicalmanager,,N,6000002728101001,2025-04-16,2099-12-31,
2000003878,VWF Activity (Pre).,,gstt_iclinicalmanager,,N,1000001402101001,2025-04-16,2099-12-31,
2000003879,Birch (recomb) rBet v 6 Allergen,,gstt_iclinicalmanager,,N,3000003361101001,2025-04-16,2099-12-31,
2000003880,"Carbemazepine 10,11, Epoxide Level",,gstt_iclinicalmanager,,N,5000001184101001,2025-04-16,2099-12-31,
2000003881,Suxamethonium Allergen,,gstt_iclinicalmanager,,N,3363101001,2025-04-16,2099-12-31,
2000003882,HVA:Creatinine Ratio Urine,,gstt_iclinicalmanager,,N,2000001101101001,2025-04-16,2099-12-31,
2000003883,Occipito Mental 0 - Dental,,gstt_iclinicalmanager,,N,8000002060101001,2025-04-16,2099-12-31,
2000003884,Dalteparin Sodium (Fragmin). DELSXA,,gstt_iclinicalmanager,,N,5000003299101001,2025-04-16,2099-12-31,
2000003885,IV DSA (specify site),,gstt_iclinicalmanager,,N,9000001109101001,2025-04-16,2099-12-31,
2000003886,MRSA Screen Discharge- Other Site Swab,,gstt_iclinicalmanager,,N,6000001875101001,2025-04-16,2099-12-31,
2000003887,DMSA delayed imaging - N Med,,gstt_iclinicalmanager,,N,1000001704101001,2025-04-16,2099-12-31,
2000003888,Bone Alkaline Phosphatase Isoenzyme,,gstt_iclinicalmanager,,N,2000001179101001,2025-04-16,2099-12-31,
2000003889,Plum Allergen,,gstt_iclinicalmanager,,N,4000003344101001,2025-04-16,2099-12-31,
2000003890,Core breast biopsy - US,,gstt_iclinicalmanager,,N,1000001496101001,2025-04-16,2099-12-31,
2000003892,Unprocessed Homocysteine,,gstt_iclinicalmanager,,N,1000001452101001,2025-04-16,2099-12-31,
2000003891,Methadone.,,gstt_iclinicalmanager,,N,2239101001,2025-04-16,2099-12-31,
2000003893,Penicillium Glabrum Allergen,,gstt_iclinicalmanager,,N,9000003320101001,2025-04-16,2099-12-31,
2000003895,MTHFR Molecular Diagnosis,,gstt_iclinicalmanager,,N,2000001734101001,2025-04-16,2099-12-31,
2000003894,Clavicle Rt - CT,,gstt_iclinicalmanager,,N,5000002726101001,2025-04-16,2099-12-31,
2000000309,Judet's view left hip - X-Ray,,gstt_iclinicalmanager,,N,4000001056101001,2025-04-16,2099-12-31,
2000003896,BCRABL Level Interpretation BM,,gstt_iclinicalmanager,,N,6000002130101001,2025-04-16,2099-12-31,
2000003897,USD - Cheek Rt US,,gstt_iclinicalmanager,,N,7000001926101001,2025-04-16,2099-12-31,
2000003899,vWF Antigen (30 Minutes),,gstt_iclinicalmanager,,N,1575101001,2025-04-16,2099-12-31,
2000003898,Gallium 67 - N Med,,gstt_iclinicalmanager,,N,3000001112101001,2025-04-16,2099-12-31,
2000003900,High Molecular Weight Kininogen,,gstt_iclinicalmanager,,N,6000001123101001,2025-04-16,2099-12-31,
2000003902,Current Titre B Cells,,gstt_iclinicalmanager,,N,1000004153101001,2025-04-16,2099-12-31,
2000003901,Cheddar type cheese allergen,,gstt_iclinicalmanager,,N,3000002246101001,2025-04-16,2099-12-31,
2000003903,Coproporphyrin I Level Urine,,gstt_iclinicalmanager,,N,8000001159101001,2025-04-16,2099-12-31,
2000003905,Current Titre A Cells,,gstt_iclinicalmanager,,N,4153101001,2025-04-16,2099-12-31,
2000003904,BCRABL/ ABL Ratio BM,,gstt_iclinicalmanager,,N,5000002130101001,2025-04-16,2099-12-31,
2000003906,Adult Stress Echocardiography TTE,,gstt_iclinicalmanager,,N,8000004393101001,2025-04-16,2099-12-31,
2000003907,CTPLUSCO1,,gstt_iclinicalmanager,,N,1000002768101001,2025-04-16,2099-12-31,
2000003908,Retinol Binding Protein,,gstt_iclinicalmanager,,N,1000003335101001,2025-04-16,2099-12-31,
2000003909,Cheese Mould Type Allergen,,gstt_iclinicalmanager,,N,3000003365101001,2025-04-16,2099-12-31,
2000000310,Skeletal Survey Chest Oblique Ribs - X-Ray,,gstt_iclinicalmanager,,N,2000003635101001,2025-04-16,2099-12-31,
2000003910,Osmotic Fragility Conclusion,,gstt_iclinicalmanager,,N,5000001044101001,2025-04-16,2099-12-31,
2000003912,T Cell Clonality,,gstt_iclinicalmanager,,N,1000002121101001,2025-04-16,2099-12-31,
2000000311,Scaphoid Both - X-Ray,,gstt_iclinicalmanager,,N,2000002739101001,2025-04-16,2099-12-31,
2000003911,Spine C T L S with contrast - CT,,gstt_iclinicalmanager,,N,6000002736101001,2025-04-16,2099-12-31,
2000003913,Liver/Kidney Micros,,gstt_iclinicalmanager,,N,8000001063101001,2025-04-16,2099-12-31,
2000003915,Uroporphyrin III Level Urine,,gstt_iclinicalmanager,,N,9000001040101001,2025-04-16,2099-12-31,
2000003914,.DAGT Postnatal Blood Bank,,gstt_iclinicalmanager,,N,2000001156101001,2025-04-16,2099-12-31,
2000003916,Alkaline Agar Gel Electrophoresis,,gstt_iclinicalmanager,,N,2000001309101001,2025-04-16,2099-12-31,
2000003918,Sacro-iliac joints - CT,,gstt_iclinicalmanager,,N,9000001017101001,2025-04-16,2099-12-31,
2000000312,Chest - Other views - X-Ray,,gstt_iclinicalmanager,,N,3000001175101001,2025-04-16,2099-12-31,
2000003917,Myeloma CM Panel Conclusion.,,gstt_iclinicalmanager,,N,4000002528101001,2025-04-16,2099-12-31,
2000003919,Growth Hormone Level 240 min,,gstt_iclinicalmanager,,N,5000001116101001,2025-04-16,2099-12-31,
2000003921,Mutton Allergen,,gstt_iclinicalmanager,,N,5000002249101001,2025-04-16,2099-12-31,
2000003920,Mammogram extended view Lt,,gstt_iclinicalmanager,,N,2000002721101001,2025-04-16,2099-12-31,
2000003922,X18,,gstt_iclinicalmanager,,N,1000003727101001,2025-04-16,2099-12-31,
2000003923,Birch rBet v 4 (recombinant) Allergen,,gstt_iclinicalmanager,,N,3000003335101001,2025-04-16,2099-12-31,
2000003924,Neuronal Nuclear Ab2 (Ri),,gstt_iclinicalmanager,,N,3000003392101001,2025-04-16,2099-12-31,
2000003925,Feather Mix (farm birds) Allergen,,gstt_iclinicalmanager,,N,6000003369101001,2025-04-16,2099-12-31,
2000003926,Bowel Stent Insertion,,gstt_iclinicalmanager,,N,2000001213101001,2025-04-16,2099-12-31,
2000003927,Permocathogram,,gstt_iclinicalmanager,,N,8000001073101001,2025-04-16,2099-12-31,
2000003928,Spinach Allergen,,gstt_iclinicalmanager,,N,1000003318101001,2025-04-16,2099-12-31,
2000003930,Osmotic Fragility 50% Cell Lysis,,gstt_iclinicalmanager,,N,4000001044101001,2025-04-16,2099-12-31,
2000003929,GFR Calculated,,gstt_iclinicalmanager,,N,8000001192290001,2025-04-16,2099-12-31,
2000000313,Abdomen - other views - X-Ray,,gstt_iclinicalmanager,,N,5000001188101001,2025-04-16,2099-12-31,
2000003931,Chestnut Castanea Sativa Allergen,,gstt_iclinicalmanager,,N,2000003321101001,2025-04-16,2099-12-31,
2000000314,Tempero-mandibular jt Left - X-Ray,,gstt_iclinicalmanager,,N,6000001026101001,2025-04-16,2099-12-31,
2000003932,Arthrogram Hip Left,,gstt_iclinicalmanager,,N,1000001206101001,2025-04-16,2099-12-31,
2000003934,Translocation 15:17MRD. BM,,gstt_iclinicalmanager,,N,2000002136101001,2025-04-16,2099-12-31,
2000003933,Myocardial Perf 1D St/Re Treadmill - NM,,gstt_iclinicalmanager,,N,1000001691101001,2025-04-16,2099-12-31,
2000003935,USD - Floor of Mouth US,,gstt_iclinicalmanager,,N,1927101001,2025-04-16,2099-12-31,
2000003936,Antihypertensive Screen Urine,,gstt_iclinicalmanager,,N,1000004301101001,2025-04-16,2099-12-31,
2000003937,Unprocessed FK506,,gstt_iclinicalmanager,,N,8000001309101001,2025-04-16,2099-12-31,
2000003938,vWF Antigen (4 Hours),,gstt_iclinicalmanager,,N,7000001574101001,2025-04-16,2099-12-31,
2000003940,Z02,,gstt_iclinicalmanager,,N,2000003730101001,2025-04-16,2099-12-31,
2000003939,Ginger Allergen,,gstt_iclinicalmanager,,N,6000003357101001,2025-04-16,2099-12-31,
2000000315,Bronchogram - X-Ray,,gstt_iclinicalmanager,,N,1000002749101001,2025-04-16,2099-12-31,
2000003941,Tracheal Stent insertion,,gstt_iclinicalmanager,,N,1015101001,2025-04-16,2099-12-31,
2000003943,IV DSA Subclavian,,gstt_iclinicalmanager,,N,1111101001,2025-04-16,2099-12-31,
2000003942,Crossmatch Comment,,gstt_iclinicalmanager,,N,9000001158101001,2025-04-16,2099-12-31,
2000003944,Sialogram submandibular fluoroscopy Rt - Dental,,gstt_iclinicalmanager,,N,5000002755101001,2025-04-16,2099-12-31,
2000003946,Uroporphyrin I Level Urine,,gstt_iclinicalmanager,,N,8000001040101001,2025-04-16,2099-12-31,
2000003945,Albumin;Creatinine Urine,,gstt_iclinicalmanager,,N,1000002402101001,2025-04-16,2099-12-31,
2000003947,Hep A IgM.,,gstt_iclinicalmanager,,N,1105101001,2025-04-16,2099-12-31,
2000003949,Radiotherapy Planning Scan - CT,,gstt_iclinicalmanager,,N,1000001085101001,2025-04-16,2099-12-31,
2000003948,Interpretation,,gstt_iclinicalmanager,,N,2000004157101001,2025-04-16,2099-12-31,
2000003950,Morphine Allergen,,gstt_iclinicalmanager,,N,6000003309101001,2025-04-16,2099-12-31,
2000003952,Honey Allergen,,gstt_iclinicalmanager,,N,6000003331101001,2025-04-16,2099-12-31,
2000003951,Dynamic renal DTPA + lasix - N Med,,gstt_iclinicalmanager,,N,9000001148101001,2025-04-16,2099-12-31,
2000003953,CPFOCL,,gstt_iclinicalmanager,,N,1000002090101001,2025-04-16,2099-12-31,
2000003954,IV DSA Fistulogram,,gstt_iclinicalmanager,,N,6000001110101001,2025-04-16,2099-12-31,
2000003955,Tempero-mandibular Jt Lt - MRI,,gstt_iclinicalmanager,,N,5000001688101001,2025-04-16,2099-12-31,
2000003956,"Birch rBet v 2, rBet v 4 (rec) Allergen",,gstt_iclinicalmanager,,N,1000003355101001,2025-04-16,2099-12-31,
2000003958,Sickle Interim Report,,gstt_iclinicalmanager,,N,1000001776101001,2025-04-16,2099-12-31,
2000003957,Guided injection elbow Lt - US,,gstt_iclinicalmanager,,N,9000003615101001,2025-04-16,2099-12-31,
2000003959,Doppler Renal Rt - US,,gstt_iclinicalmanager,,N,9000002753101001,2025-04-16,2099-12-31,
2000000445,HbA1c Level.,,gstt_iclinicalmanager,,N,1000004281101001,2025-04-16,2099-12-31,
2000003960,Plaice Allergen,,gstt_iclinicalmanager,,N,7000003337101001,2025-04-16,2099-12-31,
2000003961,Antibody Specificity 4,,gstt_iclinicalmanager,,N,7000001199101001,2025-04-16,2099-12-31,
2000003962,Guided aspiration abdomen - CT,,gstt_iclinicalmanager,,N,4000002724101001,2025-04-16,2099-12-31,
2000003963,Myocardial Perfusion Scan - NM,,gstt_iclinicalmanager,,N,8000001691101001,2025-04-16,2099-12-31,
2000003965,X76,,gstt_iclinicalmanager,,N,4000003736101001,2025-04-16,2099-12-31,
2000003964,Acetyl Chol. Rec. Ab,,gstt_iclinicalmanager,,N,3000001189101001,2025-04-16,2099-12-31,
2000003966,Protein C Antigen,,gstt_iclinicalmanager,,N,1000003208101001,2025-04-16,2099-12-31,
2000003967,Lipoprotein Electrophoresis,,gstt_iclinicalmanager,,N,4000001063101001,2025-04-16,2099-12-31,
2000003968,Pentavalent DMSA - N Med,,gstt_iclinicalmanager,,N,5000001072101001,2025-04-16,2099-12-31,
2000003969,Wound Specimen - Other (Not Swab),,gstt_iclinicalmanager,,N,5000001039101001,2025-04-16,2099-12-31,
2000003971,Supra-pubic Urine Aspirate.,,gstt_iclinicalmanager,,N,6000003216101001,2025-04-16,2099-12-31,
2000003970,NCPRP376,,gstt_iclinicalmanager,,N,1000004049101001,2025-04-16,2099-12-31,
2000003972,Calcaneus Rt - CT,,gstt_iclinicalmanager,,N,7000002725101001,2025-04-16,2099-12-31,
2000003974,Shoulder Both - CT,,gstt_iclinicalmanager,,N,2745101001,2025-04-16,2099-12-31,
2000003973,Cucumber Allergen,,gstt_iclinicalmanager,,N,6000003310101001,2025-04-16,2099-12-31,
2000003975,TSH Level 30 min,,gstt_iclinicalmanager,,N,8000001006101001,2025-04-16,2099-12-31,
2000003977,Purine Carrier Testing,,gstt_iclinicalmanager,,N,2000002231101001,2025-04-16,2099-12-31,
2000003976,CMV Viral Load Plasma Log IU/mL,,gstt_iclinicalmanager,,N,4000004035101001,2025-04-16,2099-12-31,
2000003978,Guided biopsy pelvis - CT,,gstt_iclinicalmanager,,N,4000002733101001,2025-04-16,2099-12-31,
2000003980,PTA subclavian,,gstt_iclinicalmanager,,N,5000001088101001,2025-04-16,2099-12-31,
2000003979,H&I Form 3D Referral Test 1 - Result,,gstt_iclinicalmanager,,N,1000004156101001,2025-04-16,2099-12-31,
2000003981,Tosseto Bleeding Score,,gstt_iclinicalmanager,,N,1000003426101001,2025-04-16,2099-12-31,
2000003983,Research Cerenkov L-Imaging - N Med,,gstt_iclinicalmanager,,N,1000003470101001,2025-04-16,2099-12-31,
2000003982,Adult TOE Echocardiography Study,,gstt_iclinicalmanager,,N,5000004393101001,2025-04-16,2099-12-31,
2000003984,CMV Viral Load Plasma IU/mL,,gstt_iclinicalmanager,,N,3000004035101001,2025-04-16,2099-12-31,
2000003986,Testicular embolisation Right,,gstt_iclinicalmanager,,N,8000001027101001,2025-04-16,2099-12-31,
2000003985,Guided fiducial marker insertion liver - CT,,gstt_iclinicalmanager,,N,1000003931101001,2025-04-16,2099-12-31,
2000003987,CMV Viral Load - Plasma.,,gstt_iclinicalmanager,,N,2000004035101001,2025-04-16,2099-12-31,
2000003989,Forefoot Rt - CT,,gstt_iclinicalmanager,,N,1000002728101001,2025-04-16,2099-12-31,
2000003988,CD13 Antibody,,gstt_iclinicalmanager,,N,7000001172101001,2025-04-16,2099-12-31,
2000000316,Temporo-mandibular jt Left - X-Ray,,gstt_iclinicalmanager,,N,6000001026101001,2025-04-16,2099-12-31,
2000003990,RNA Polymerase Ab (ELISA),,gstt_iclinicalmanager,,N,1000002375101001,2025-04-16,2099-12-31,
2000003991,Sickle Cell Trial - MRI,,gstt_iclinicalmanager,,N,1000001880101001,2025-04-16,2099-12-31,
2000003993,IA DSA Lumbar,,gstt_iclinicalmanager,,N,1000001102101001,2025-04-16,2099-12-31,
2000003992,Blood Screen in Urine (Chemical Path),,gstt_iclinicalmanager,,N,9000001178101001,2025-04-16,2099-12-31,
2000003994,Spine cervical with contrast - CT,,gstt_iclinicalmanager,,N,9000002726101001,2025-04-16,2099-12-31,
2000003995,NCTLOCAL,,gstt_iclinicalmanager,,N,1000002111101001,2025-04-16,2099-12-31,
2000001168,Factor VIII (50 Hour post),,gstt_iclinicalmanager,,N,2000001381101001,2025-04-16,2099-12-31,
2000000317,Judet's view right hip - X-Ray,,gstt_iclinicalmanager,,N,5000001056101001,2025-04-16,2099-12-31,
2000003996,Fluoroscopy-guided lithotripsy ureter left,,gstt_iclinicalmanager,,N,3000004327101001,2025-04-16,2099-12-31,
2000003997,Pork allergen,,gstt_iclinicalmanager,,N,6000002248101001,2025-04-16,2099-12-31,
2000003998,Alpha Subunit Level,,gstt_iclinicalmanager,,N,2000002473101001,2025-04-16,2099-12-31,
2000003999,Mosquito Allergen,,gstt_iclinicalmanager,,N,2000003346101001,2025-04-16,2099-12-31,
2000004001,Mobile image intensifier Skull - Th,,gstt_iclinicalmanager,,N,2648101001,2025-04-16,2099-12-31,
2000004000,Cone Beam TMJ Both,,gstt_iclinicalmanager,,N,3000002291101001,2025-04-16,2099-12-31,
2000000318,Temporo-mandibular jts - X-Ray,,gstt_iclinicalmanager,,N,8000001026101001,2025-04-16,2099-12-31,
2000004002,Argatroban Level,,gstt_iclinicalmanager,,N,1000004288101001,2025-04-16,2099-12-31,
2000004004,Hip & spine bone density scan (POF trial),,gstt_iclinicalmanager,,N,1000002483101001,2025-04-16,2099-12-31,
2000004003,EBV Viral Load - Plasma.,,gstt_iclinicalmanager,,N,4036101001,2025-04-16,2099-12-31,
2000004005,Mycoplasma pneumoniae PCR,,gstt_iclinicalmanager,,N,5000003815101001,2025-04-16,2099-12-31,
2000004007,EBV Viral Load Plasma Log IU/mL,,gstt_iclinicalmanager,,N,2000004036101001,2025-04-16,2099-12-31,
2000004006,EBV Viral Load Plasma IU/mL,,gstt_iclinicalmanager,,N,1000004036101001,2025-04-16,2099-12-31,
2000004008,Transketolase Level,,gstt_iclinicalmanager,,N,5000001015101001,2025-04-16,2099-12-31,
2000004009,Bordetella species PCR,,gstt_iclinicalmanager,,N,9000003815101001,2025-04-16,2099-12-31,
2000004010,Clavicle Lt - CT,,gstt_iclinicalmanager,,N,4000002726101001,2025-04-16,2099-12-31,
2000004011,NCPRP329,,gstt_iclinicalmanager,,N,1000003559101001,2025-04-16,2099-12-31,
2000004012,Complement C5,,gstt_iclinicalmanager,,N,1000003304101001,2025-04-16,2099-12-31,
2000004013,MRSA Admission 2 Set - Other Specimen,,gstt_iclinicalmanager,,N,1876101001,2025-04-16,2099-12-31,
2000004014,TSH Level 60 min,,gstt_iclinicalmanager,,N,9000001006101001,2025-04-16,2099-12-31,
2000004016,Reconstruction - CT,,gstt_iclinicalmanager,,N,7000001086101001,2025-04-16,2099-12-31,
2000004015,Quinoa Chenopodium Quinoa Allergen,,gstt_iclinicalmanager,,N,3000003358101001,2025-04-16,2099-12-31,
2000004017,UA Dx pseudoaneurysm no compression Lt,,gstt_iclinicalmanager,,N,8000003749101001,2025-04-16,2099-12-31,
2000004019,Potato allergen,,gstt_iclinicalmanager,,N,2249101001,2025-04-16,2099-12-31,
2000004018,Gated study using stress - N Med.end,,gstt_iclinicalmanager,,N,9000001141101001,2025-04-16,2099-12-31,
2000004020,Arthrogram Hip Right,,gstt_iclinicalmanager,,N,2000001206101001,2025-04-16,2099-12-31,
2000004021,Adult Echocardiography BSE Level,,gstt_iclinicalmanager,,N,9000004393101001,2025-04-16,2099-12-31,
2000004022,Avocado allergen,,gstt_iclinicalmanager,,N,1000002418101001,2025-04-16,2099-12-31,
2000004023,Burn Swab,,gstt_iclinicalmanager,,N,1000001181101001,2025-04-16,2099-12-31,
2000004025,Tree Pollen Mix 3 Allergen,,gstt_iclinicalmanager,,N,5000003336101001,2025-04-16,2099-12-31,
2000004024,Growth Hormone Level 300 min,,gstt_iclinicalmanager,,N,8000001116101001,2025-04-16,2099-12-31,
2000004026,Factor IX (30 Minutes post),,gstt_iclinicalmanager,,N,1000001378101001,2025-04-16,2099-12-31,
2000004028,Sleep Clinic - Paediatric Inpatient O2/ CO2 Study- EXPIRED,,gstt_iclinicalmanager,,N,3000003530101001,2025-04-16,2099-12-31,
2000004027,MRI under sedation,,gstt_iclinicalmanager,,N,1000001343101001,2025-04-16,2099-12-31,
2000004029,Guinea Pig Epithelium Allergen,,gstt_iclinicalmanager,,N,5000003350101001,2025-04-16,2099-12-31,
2000004030,Yeast allergen,,gstt_iclinicalmanager,,N,3000002247101001,2025-04-16,2099-12-31,
2000004031,Cytoplasmic Marker Panel Conclusion,,gstt_iclinicalmanager,,N,5000001745101001,2025-04-16,2099-12-31,
2000004032,MRSA Admission - Other Specimen,,gstt_iclinicalmanager,,N,4000001875101001,2025-04-16,2099-12-31,
2000004033,Cytoplasmic Specimen Type,,gstt_iclinicalmanager,,N,2000001788101001,2025-04-16,2099-12-31,
2000004035,ECMO Cannula Insertion,,gstt_iclinicalmanager,,N,1000003251101001,2025-04-16,2099-12-31,
2000004034,Biliary Dilatation,,gstt_iclinicalmanager,,N,6000001211101001,2025-04-16,2099-12-31,
2000004036,Anisakis Allergen,,gstt_iclinicalmanager,,N,9000003327101001,2025-04-16,2099-12-31,
2000004038,VWF Activity (2 Hours Post),,gstt_iclinicalmanager,,N,4000001422101001,2025-04-16,2099-12-31,
2000004037,Angioplasty Peroneal Left,,gstt_iclinicalmanager,,N,1000003540101001,2025-04-16,2099-12-31,
2000004039,Anti Skin Antibodies,,gstt_iclinicalmanager,,N,5000003348101001,2025-04-16,2099-12-31,
2000004040,Legionella pneumophila PCR,,gstt_iclinicalmanager,,N,3000003815101001,2025-04-16,2099-12-31,
2000004041,VWF Activity (6 Hours Post),,gstt_iclinicalmanager,,N,6000001423101001,2025-04-16,2099-12-31,
2000004042,T38,,gstt_iclinicalmanager,,N,1000003726101001,2025-04-16,2099-12-31,
2000004044,Legionella longbeachae PCR,,gstt_iclinicalmanager,,N,4000003815101001,2025-04-16,2099-12-31,
2000004043,Chlamydophila psittaci PCR,,gstt_iclinicalmanager,,N,7000003815101001,2025-04-16,2099-12-31,
2000004045,Ascitic Fluid,,gstt_iclinicalmanager,,N,9000001206101001,2025-04-16,2099-12-31,
2000004047,Pneumocystis jiroveci PCR,,gstt_iclinicalmanager,,N,8000003815101001,2025-04-16,2099-12-31,
2000004046,Chlamydophila pneumoniae PCR,,gstt_iclinicalmanager,,N,6000003815101001,2025-04-16,2099-12-31,
2000000319,Tempero-mandibular jt Right - X-Ray,,gstt_iclinicalmanager,,N,7000001026101001,2025-04-16,2099-12-31,
2000004048,MSPNWC,,gstt_iclinicalmanager,,N,1000003098101001,2025-04-16,2099-12-31,
2000004050,Danaparoid Sodium (Orgaran),,gstt_iclinicalmanager,,N,8000003410101001,2025-04-16,2099-12-31,
2000004049,Antigenic FXI ELISA Assay,,gstt_iclinicalmanager,,N,4000001201101001,2025-04-16,2099-12-31,
2000004051,Guided aspiration pelvis - CT,,gstt_iclinicalmanager,,N,7000002733101001,2025-04-16,2099-12-31,
2000004052,5554310,,gstt_iclinicalmanager,,N,5000001268101001,2025-04-16,2099-12-31,
2000004053,CASDCL,,gstt_iclinicalmanager,,N,1000002094101001,2025-04-16,2099-12-31,
2000004054,Galactose-1-phosphate,,gstt_iclinicalmanager,,N,1000003622101001,2025-04-16,2099-12-31,
2000004055,Intra-Operative PTH sample 7,,gstt_iclinicalmanager,,N,7000002462101001,2025-04-16,2099-12-31,
2000004057,POCT Fraction of Inspired Oxygen (FI02),,gstt_iclinicalmanager,,N,8000004250101001,2025-04-16,2099-12-31,
2000000108,POCT Ionised Calcium.,,gstt_iclinicalmanager,,N,9000004248101001,2025-04-16,2099-12-31,
2000004056,ADA (ascitic fluid),,gstt_iclinicalmanager,,N,1765101001,2025-04-16,2099-12-31,
2000004058,Watermelon Allergen,,gstt_iclinicalmanager,,N,7000003325101001,2025-04-16,2099-12-31,
2000004059,Deoxypyridinoline Crosslinks Urine,,gstt_iclinicalmanager,,N,1155101001,2025-04-16,2099-12-31,
2000004060,Forefoot Lt - CT,,gstt_iclinicalmanager,,N,2728101001,2025-04-16,2099-12-31,
2000004061,Coriander Allergen,,gstt_iclinicalmanager,,N,2000003311101001,2025-04-16,2099-12-31,
2000004063,TdT Antibody,,gstt_iclinicalmanager,,N,4000001026101001,2025-04-16,2099-12-31,
2000004062,Green Pepper (unripe seed) Allergen,,gstt_iclinicalmanager,,N,3000002418101001,2025-04-16,2099-12-31,
2000004064,Doppler Renal Lt - US,,gstt_iclinicalmanager,,N,7000002753101001,2025-04-16,2099-12-31,
2000004065,Anchovy Allergen,,gstt_iclinicalmanager,,N,3358101001,2025-04-16,2099-12-31,
2000004066,POCT Sample Type,,gstt_iclinicalmanager,,N,2000004255101001,2025-04-16,2099-12-31,
2000004067,Gastrostomy access recannulation,,gstt_iclinicalmanager,,N,6000002794101001,2025-04-16,2099-12-31,
2000000057,POCT Potassium.,,gstt_iclinicalmanager,,N,7000004248101001,2025-04-16,2099-12-31,
2000004068,Gastric Parietal Cell Ab FIDIS,,gstt_iclinicalmanager,,N,3349101001,2025-04-16,2099-12-31,
2000000146,POCT Chloride.,,gstt_iclinicalmanager,,N,8000004248101001,2025-04-16,2099-12-31,
2000001209,Myeloperoxidase Antibody,,gstt_iclinicalmanager,,N,1000001048101001,2025-04-16,2099-12-31,
2000004069,POCT Carboxyhaemogobin (COHb),,gstt_iclinicalmanager,,N,4000004249101001,2025-04-16,2099-12-31,
2000000091,POCT Glucose.,,gstt_iclinicalmanager,,N,4249101001,2025-04-16,2099-12-31,
2000004070,POCT Methaemoglobin (MetHb),,gstt_iclinicalmanager,,N,5000004249101001,2025-04-16,2099-12-31,
2000004071,Myoglobin Level,,gstt_iclinicalmanager,,N,2000002540101001,2025-04-16,2099-12-31,
2000004072,Ileoscopy,,gstt_iclinicalmanager,,N,1000004274101001,2025-04-16,2099-12-31,
2000004074,POCT Lactate.,,gstt_iclinicalmanager,,N,1000004249101001,2025-04-16,2099-12-31,
2000000320,Subtalar jts left - X-Ray,,gstt_iclinicalmanager,,N,5000001023101001,2025-04-16,2099-12-31,
2000004073,NDLYBONE,,gstt_iclinicalmanager,,N,1000002765101001,2025-04-16,2099-12-31,
2000004075,H&I Form 3A Referral Test 1 - Result,,gstt_iclinicalmanager,,N,2000004155101001,2025-04-16,2099-12-31,
2000000060,POCT Sodium.,,gstt_iclinicalmanager,,N,6000004248101001,2025-04-16,2099-12-31,
2000004076,POCT Deoxyhaemoglobin (HHb),,gstt_iclinicalmanager,,N,6000004249101001,2025-04-16,2099-12-31,
2000004078,POCT Oxyhaemoglobin (O2Hb),,gstt_iclinicalmanager,,N,3000004249101001,2025-04-16,2099-12-31,
2000004077,POCT Haemoglobin Oxygen Saturation (SO2),,gstt_iclinicalmanager,,N,7000004249101001,2025-04-16,2099-12-31,
2000004079,LC-1,,gstt_iclinicalmanager,,N,8000003355101001,2025-04-16,2099-12-31,
2000004080,M2,,gstt_iclinicalmanager,,N,1000003369101001,2025-04-16,2099-12-31,
2000004081,POCT Corrected PO2,,gstt_iclinicalmanager,,N,1000004255101001,2025-04-16,2099-12-31,
2000004082,Dynamic renal DTPA scan - N Med,,gstt_iclinicalmanager,,N,1000001149101001,2025-04-16,2099-12-31,
2000004083,POCT Corrected pH,,gstt_iclinicalmanager,,N,9000004254101001,2025-04-16,2099-12-31,
2000004084,POCT pCO2.,,gstt_iclinicalmanager,,N,4000004248101001,2025-04-16,2099-12-31,
2000004085,Urobilinogen Level,,gstt_iclinicalmanager,,N,4000001031101001,2025-04-16,2099-12-31,
2000004086,POCT Corrected PCO2,,gstt_iclinicalmanager,,N,4255101001,2025-04-16,2099-12-31,
2000004087,POCT pH.,,gstt_iclinicalmanager,,N,2000004248101001,2025-04-16,2099-12-31,
2000004088,Anti Tetanus Toxoid Ab IgG,,gstt_iclinicalmanager,,N,2000003361101001,2025-04-16,2099-12-31,
2000004089,LKM-1,,gstt_iclinicalmanager,,N,9000003361101001,2025-04-16,2099-12-31,
2000004090,Ribosomal,,gstt_iclinicalmanager,,N,5000003308101001,2025-04-16,2099-12-31,
2000004091,POCT pO2.,,gstt_iclinicalmanager,,N,5000004248101001,2025-04-16,2099-12-31,
2000004093,Promyelocytes.,,gstt_iclinicalmanager,,N,1000001848101001,2025-04-16,2099-12-31,
2000004092,Mugwort Artemisia Vulgaris Allergen,,gstt_iclinicalmanager,,N,8000003321101001,2025-04-16,2099-12-31,
2000004094,Rice allergen,,gstt_iclinicalmanager,,N,6000002249101001,2025-04-16,2099-12-31,
2000004095,M70,,gstt_iclinicalmanager,,N,5000001285101001,2025-04-16,2099-12-31,
2000004096,US - Vein Map,,gstt_iclinicalmanager,,N,5000001008101001,2025-04-16,2099-12-31,
2000004097,NCPRP419,,gstt_iclinicalmanager,,N,1000004319101001,2025-04-16,2099-12-31,
2000004098,Neck & thorax & abdomen & contrast - CT,,gstt_iclinicalmanager,,N,1000002732101001,2025-04-16,2099-12-31,
2000004099,Thermoactinomyces Vulgaris Allergen,,gstt_iclinicalmanager,,N,8000003372101001,2025-04-16,2099-12-31,
2000001151,Factor XI (Post),,gstt_iclinicalmanager,,N,4000001635101001,2025-04-16,2099-12-31,
2000004100,NCPRP347,,gstt_iclinicalmanager,,N,1000003891101001,2025-04-16,2099-12-31,
2000004101,CD28 Antibody..,,gstt_iclinicalmanager,,N,9000002528101001,2025-04-16,2099-12-31,
2000004102,VB3 (Post Massage Urine),,gstt_iclinicalmanager,,N,7000001033101001,2025-04-16,2099-12-31,
2000004103,Mutton allergen,,gstt_iclinicalmanager,,N,5000002249101001,2025-04-16,2099-12-31,
2000004104,Clauss  Figrinogen,,gstt_iclinicalmanager,,N,4000001309101001,2025-04-16,2099-12-31,
2000004105,Removal of screw - Th,,gstt_iclinicalmanager,,N,7000001087101001,2025-04-16,2099-12-31,
2000004106,CD27 Antibody..,,gstt_iclinicalmanager,,N,7000002528101001,2025-04-16,2099-12-31,
2000004107,Sleep Clinic - Adult Full Montage PSG&MSLT,,gstt_iclinicalmanager,,N,1000003148101001,2025-04-16,2099-12-31,
2000001169,Factor VIII (15 Minutes post),,gstt_iclinicalmanager,,N,2000001379101001,2025-04-16,2099-12-31,
2000004108,Broccoli Allergen,,gstt_iclinicalmanager,,N,1000003364101001,2025-04-16,2099-12-31,
2000004109,USD - Lips US,,gstt_iclinicalmanager,,N,3000001926101001,2025-04-16,2099-12-31,
2000000321,Abdomen - lateral decubitus - X-Ray,,gstt_iclinicalmanager,,N,3000001873101001,2025-04-16,2099-12-31,
2000004110,Prothrombin Time INR  Warfarin,,gstt_iclinicalmanager,,N,3000001319101001,2025-04-16,2099-12-31,
2000004112,Tilapia Oreochromis Spp. Allergen,,gstt_iclinicalmanager,,N,3000003345101001,2025-04-16,2099-12-31,
2000004111,CSF Protein,,gstt_iclinicalmanager,,N,2000001151101001,2025-04-16,2099-12-31,
2000004113,Sternum - CT,,gstt_iclinicalmanager,,N,9000002734101001,2025-04-16,2099-12-31,
2000004114,Chest Aspiration (Radiology),,gstt_iclinicalmanager,,N,4000001175101001,2025-04-16,2099-12-31,
2000004115,Mobile U/S,,gstt_iclinicalmanager,,N,5000001053101001,2025-04-16,2099-12-31,
2000004116,Sputum - Other,,gstt_iclinicalmanager,,N,8000001020101001,2025-04-16,2099-12-31,
2000004117,Previous Titre A Cells,,gstt_iclinicalmanager,,N,3000004160101001,2025-04-16,2099-12-31,
2000004119,Paed Pulm Vein Stent Insertion,,gstt_iclinicalmanager,,N,9000002759101001,2025-04-16,2099-12-31,
2000004118,IV DSA Renal,,gstt_iclinicalmanager,,N,9000001110101001,2025-04-16,2099-12-31,
2000004120,Previous Titre B Cells,,gstt_iclinicalmanager,,N,4000004160101001,2025-04-16,2099-12-31,
2000004121,HLA A/B/C/DR/DQ Typing (Class I & II),,gstt_iclinicalmanager,,N,2000001441101001,2025-04-16,2099-12-31,
2000004122,Osmolality Urine 9 hrs,,gstt_iclinicalmanager,,N,1793101001,2025-04-16,2099-12-31,
2000004123,Elbow Both - US,,gstt_iclinicalmanager,,N,5000003614101001,2025-04-16,2099-12-31,
2000004125,Factor IX (24 Hour post),,gstt_iclinicalmanager,,N,9000001377101001,2025-04-16,2099-12-31,
2000004124,CTX (C-terminal crosslinks),,gstt_iclinicalmanager,,N,8000001305101001,2025-04-16,2099-12-31,
2000004126,Calcium Level Fluid,,gstt_iclinicalmanager,,N,5000001183101001,2025-04-16,2099-12-31,
2000004127,Embolisation arteriovenous malformation,,gstt_iclinicalmanager,,N,2000002755101001,2025-04-16,2099-12-31,
2000004128,Chloride Level Fluid,,gstt_iclinicalmanager,,N,8000001177101001,2025-04-16,2099-12-31,
2000004129,Seafood mix allergen,,gstt_iclinicalmanager,,N,8000002249101001,2025-04-16,2099-12-31,
2000004130,Hamster Epithelium Allergen,,gstt_iclinicalmanager,,N,9000003317101001,2025-04-16,2099-12-31,
2000004132,NCFPSMAD,,gstt_iclinicalmanager,,N,1000004386101001,2025-04-16,2099-12-31,
2000004131,Blood Parasites (Haematology),,gstt_iclinicalmanager,,N,6000001178101001,2025-04-16,2099-12-31,
2000004133,Treponemal Serology Comment,,gstt_iclinicalmanager,,N,2000001879101001,2025-04-16,2099-12-31,
2000004135,Vitamin K Epoxide,,gstt_iclinicalmanager,,N,6000001035101001,2025-04-16,2099-12-31,
2000004134,Apricot Allergen,,gstt_iclinicalmanager,,N,3364101001,2025-04-16,2099-12-31,
2000004136,Test item for CRIS Radiology only,,gstt_iclinicalmanager,,N,2000003396101001,2025-04-16,2099-12-31,
2000000322,Temporo-mandibular jt Right - X-Ray,,gstt_iclinicalmanager,,N,7000001026101001,2025-04-16,2099-12-31,
2000004137,Tree Pollen Mix 9 Allergen,,gstt_iclinicalmanager,,N,1000003370101001,2025-04-16,2099-12-31,
2000004139,Facial bones - Dental,,gstt_iclinicalmanager,,N,9000002750101001,2025-04-16,2099-12-31,
2000004138,Carbamazepine Level Saliva,,gstt_iclinicalmanager,,N,4000001184101001,2025-04-16,2099-12-31,
2000004140,US with Contrast,,gstt_iclinicalmanager,,N,4000004044101001,2025-04-16,2099-12-31,
2000004141,Guided FNA axilla right - US,,gstt_iclinicalmanager,,N,9000004093101001,2025-04-16,2099-12-31,
2000004142,St John's Dermatology Ulcer Swab,,gstt_iclinicalmanager,,N,4000001021101001,2025-04-16,2099-12-31,
2000000323,Bilateral Mandibles - X-Ray,,gstt_iclinicalmanager,,N,3000001211101001,2025-04-16,2099-12-31,
2000004143,BKV Viral Load - Urine.,,gstt_iclinicalmanager,,N,8000004036101001,2025-04-16,2099-12-31,
2000004144,Tryptophan Level,,gstt_iclinicalmanager,,N,6000001006101001,2025-04-16,2099-12-31,
2000004146,NCPTPHTM,,gstt_iclinicalmanager,,N,1000004239101001,2025-04-16,2099-12-31,
2000004145,BKV Viral Load Urine Log IU/mL,,gstt_iclinicalmanager,,N,4037101001,2025-04-16,2099-12-31,
2000004147,NCPR306B,,gstt_iclinicalmanager,,N,1000003275101001,2025-04-16,2099-12-31,
2000004148,Mould Mix 6 (Specific IgG) Allergen,,gstt_iclinicalmanager,,N,4000003330101001,2025-04-16,2099-12-31,
2000004149,BKV Viral Load Urine IU/mL,,gstt_iclinicalmanager,,N,9000004036101001,2025-04-16,2099-12-31,
2000004150,FVIII_VWF Binding assay,,gstt_iclinicalmanager,,N,1000003915101001,2025-04-16,2099-12-31,
2000000324,Pelvis multiple views - X-Ray,,gstt_iclinicalmanager,,N,1000001072101001,2025-04-16,2099-12-31,
2000004151,ACTH Level,,gstt_iclinicalmanager,,N,9000001190101001,2025-04-16,2099-12-31,
2000004152,External Fixator - Th,,gstt_iclinicalmanager,,N,1000001812101001,2025-04-16,2099-12-31,
2000004153,Ristocetin 0.50g/l,,gstt_iclinicalmanager,,N,2000001735101001,2025-04-16,2099-12-31,
2000004154,Omega-5-Giliadin Allergen,,gstt_iclinicalmanager,,N,3000002487101001,2025-04-16,2099-12-31,
2000004155,Porphyrin Total Faecal Level,,gstt_iclinicalmanager,,N,6000001078101001,2025-04-16,2099-12-31,
2000004156,Lemon allergen,,gstt_iclinicalmanager,,N,1000002248101001,2025-04-16,2099-12-31,
2000004157,Research INIRA - N Med,,gstt_iclinicalmanager,,N,1000003267101001,2025-04-16,2099-12-31,
2000000325,Clavicle Both - X-Ray,,gstt_iclinicalmanager,,N,9000002736101001,2025-04-16,2099-12-31,
2000004158,Dacrocystogram Left,,gstt_iclinicalmanager,,N,1000001154101001,2025-04-16,2099-12-31,
2000004159,Ragweed (native) Allergen,,gstt_iclinicalmanager,,N,6000003334101001,2025-04-16,2099-12-31,
2000004160,VWF Activity (8 Hours Post),,gstt_iclinicalmanager,,N,7000001423101001,2025-04-16,2099-12-31,
2000000326,Tempero-mandibular jts - X-Ray,,gstt_iclinicalmanager,,N,8000001026101001,2025-04-16,2099-12-31,
2000004161,Factor VIII (52 Hour post),,gstt_iclinicalmanager,,N,3000001381101001,2025-04-16,2099-12-31,
2000004162,Grip Strength 2,,gstt_iclinicalmanager,,N,4000001147290001,2025-04-16,2099-12-31,
2000004163,53061-8,,gstt_iclinicalmanager,,N,2000003056101001,2025-04-16,2099-12-31,
2000004164,COVID-19 KNOWN infection PCR Stool,,gstt_iclinicalmanager,,N,5000004194101001,2025-04-16,2099-12-31,
2000004165,Conduitogram,,gstt_iclinicalmanager,,N,3000001169101001,2025-04-16,2099-12-31,
2000004167,Factor VIII (12 Hour post),,gstt_iclinicalmanager,,N,1000001379101001,2025-04-16,2099-12-31,
2000004166,Copper Excretion Level Urine,,gstt_iclinicalmanager,,N,8000001169101001,2025-04-16,2099-12-31,
2000004168,Cysticercosis Serology,,gstt_iclinicalmanager,,N,1000001917101001,2025-04-16,2099-12-31,
2000004169,7370,,gstt_iclinicalmanager,,N,2000001289101001,2025-04-16,2099-12-31,
2000004170,Yttrium therapy - N Med,,gstt_iclinicalmanager,,N,4000001040101001,2025-04-16,2099-12-31,
2000004171,UA Surveillance Carotid,,gstt_iclinicalmanager,,N,3000002563101001,2025-04-16,2099-12-31,
2000004172,ADD101,,gstt_iclinicalmanager,,N,1000003735101001,2025-04-16,2099-12-31,
2000004173,NWBLABEL,,gstt_iclinicalmanager,,N,1000002824101001,2025-04-16,2099-12-31,
2000004174,Transketolase Activation Level,,gstt_iclinicalmanager,,N,4000001015101001,2025-04-16,2099-12-31,
2000004175,Guided aspiration Chest - CT,,gstt_iclinicalmanager,,N,2000002726101001,2025-04-16,2099-12-31,
2000004176,Guided FNA axilla left - US,,gstt_iclinicalmanager,,N,8000004093101001,2025-04-16,2099-12-31,
2000000327,Pelvis - paediatric - US (Main X-ray),,gstt_iclinicalmanager,,N,5000001118101001,2025-04-16,2099-12-31,
2000000328,Sterno-clavicular jt Right - X-Ray,,gstt_iclinicalmanager,,N,3000001022101001,2025-04-16,2099-12-31,
2000004177,.MRSA Emergency Adm - other site/specimen,,gstt_iclinicalmanager,,N,7000002589101001,2025-04-16,2099-12-31,
2000004178,Parasite Molecular Test,,gstt_iclinicalmanager,,N,1000003916101001,2025-04-16,2099-12-31,
2000004179,Unprocessed Direct Antiglobulin Test,,gstt_iclinicalmanager,,N,7000001317101001,2025-04-16,2099-12-31,
2000004181,Molecular Conclusion (HB),,gstt_iclinicalmanager,,N,2000001655101001,2025-04-16,2099-12-31,
2000004180,Cacao (Chocolate) allergen,,gstt_iclinicalmanager,,N,2419101001,2025-04-16,2099-12-31,
2000004182,Skeletal Survey - CT,,gstt_iclinicalmanager,,N,2000003526101001,2025-04-16,2099-12-31,
2000004183,Fluoroscopy-guided lithotripsy ureter right,,gstt_iclinicalmanager,,N,4000004327101001,2025-04-16,2099-12-31,
2000004185,Sezary Cell Conclusion,,gstt_iclinicalmanager,,N,7000004007101001,2025-04-16,2099-12-31,
2000004184,Sample Details.,,gstt_iclinicalmanager,,N,7000003507101001,2025-04-16,2099-12-31,
2000004186,Dermatophagoides Farinae allergen,,gstt_iclinicalmanager,,N,7000002418101001,2025-04-16,2099-12-31,
2000004188,Thrombolysis (Radiology),,gstt_iclinicalmanager,,N,1030101001,2025-04-16,2099-12-31,
2000004187,Factor IX (Idelvion),,gstt_iclinicalmanager,,N,1000004179101001,2025-04-16,2099-12-31,
2000004189,Antiprothrombin IGG,,gstt_iclinicalmanager,,N,2000001672101001,2025-04-16,2099-12-31,
2000004191,Hypocretin CSF,,gstt_iclinicalmanager,,N,1000003945101001,2025-04-16,2099-12-31,
2000004190,Factor IX (4 Hour post),,gstt_iclinicalmanager,,N,3000001378101001,2025-04-16,2099-12-31,
2000004192,Dynamic renal MAG3 w Captopril - N Med,,gstt_iclinicalmanager,,N,7000001149101001,2025-04-16,2099-12-31,
2000004193,Abdominal Embolisation,,gstt_iclinicalmanager,,N,9000001188101001,2025-04-16,2099-12-31,
2000004194,5-methyltetrahydrofolate (WB),,gstt_iclinicalmanager,,N,6000002424101001,2025-04-16,2099-12-31,
2000004195,POCT Haematocrit (Hct),,gstt_iclinicalmanager,,N,2000004250101001,2025-04-16,2099-12-31,
2000004196,Angioplasty Peroneal Right,,gstt_iclinicalmanager,,N,2000003540101001,2025-04-16,2099-12-31,
2000004197,Cortisol Level 240 min,,gstt_iclinicalmanager,,N,4000001162101001,2025-04-16,2099-12-31,
2000004198,Platelet Refractorness (Initial),,gstt_iclinicalmanager,,N,4000001439101001,2025-04-16,2099-12-31,
2000004199,Lung biopsy (Radiology),,gstt_iclinicalmanager,,N,5000001065101001,2025-04-16,2099-12-31,
2000004200,Lung perfusion quantification - N Med,,gstt_iclinicalmanager,,N,6000001065101001,2025-04-16,2099-12-31,
2000004201,UA Dig/Raynauds,,gstt_iclinicalmanager,,N,9000001007101001,2025-04-16,2099-12-31,
2000004202,Mouse Allergen,,gstt_iclinicalmanager,,N,1000003357101001,2025-04-16,2099-12-31,
2000004203,Clobazam Level,,gstt_iclinicalmanager,,N,3000001168101001,2025-04-16,2099-12-31,
2000004204,Osmolality Urine 10 hrs,,gstt_iclinicalmanager,,N,1000001793101001,2025-04-16,2099-12-31,
2000004205,Pyruvate Level,,gstt_iclinicalmanager,,N,9000001084101001,2025-04-16,2099-12-31,
2000004206,Antiprothrombin IGM,,gstt_iclinicalmanager,,N,1000001672101001,2025-04-16,2099-12-31,
2000004207,Bravo Insertion,,gstt_iclinicalmanager,,N,1000002315101001,2025-04-16,2099-12-31,
2000004208,GI bleed - N Med,,gstt_iclinicalmanager,,N,6000001111101001,2025-04-16,2099-12-31,
2000004209,Fluoroscopic guided aspiration,,gstt_iclinicalmanager,,N,5000002745101001,2025-04-16,2099-12-31,
2000004211,Stem Cells - Diluted,,gstt_iclinicalmanager,,N,1000002500101001,2025-04-16,2099-12-31,
2000004210,Black Pepper Allergen,,gstt_iclinicalmanager,,N,7000003357101001,2025-04-16,2099-12-31,
2000004212,Nucleated RBC,,gstt_iclinicalmanager,,N,1000001849101001,2025-04-16,2099-12-31,
2000000329,Acromio-clavicular jt Both - X-Ray,,gstt_iclinicalmanager,,N,7000002736101001,2025-04-16,2099-12-31,
2000000330,OPG - X-Ray,,gstt_iclinicalmanager,,N,2000001250101001,2025-04-16,2099-12-31,
2000004213,Liver and Spleen - MRI (KCL Research),,gstt_iclinicalmanager,,N,7000004284101001,2025-04-16,2099-12-31,
2000004214,Lymphangiogram Follow up,,gstt_iclinicalmanager,,N,8000001051101001,2025-04-16,2099-12-31,
2000004215,VWF Activity (24 Hours Post),,gstt_iclinicalmanager,,N,5000001422101001,2025-04-16,2099-12-31,
2000004216,Radio Synovectomy - N Med,,gstt_iclinicalmanager,,N,2000002878101001,2025-04-16,2099-12-31,
2000004218,Topiramate Level,,gstt_iclinicalmanager,,N,1000003120101001,2025-04-16,2099-12-31,
2000004217,Calf Both - US,,gstt_iclinicalmanager,,N,5000003619101001,2025-04-16,2099-12-31,
2000004219,Hantavirus Abs,,gstt_iclinicalmanager,,N,3000001120101001,2025-04-16,2099-12-31,
2000000331,Ribs Rt - X-Ray,,gstt_iclinicalmanager,,N,1000002739101001,2025-04-16,2099-12-31,
2000004220,1st pass study - N Med,,gstt_iclinicalmanager,,N,6000001189101001,2025-04-16,2099-12-31,
2000000332,Permacath exchange - X-ray,,gstt_iclinicalmanager,,N,2000002410101001,2025-04-16,2099-12-31,
2000004221,Herring Clupea Harengus Allergen,,gstt_iclinicalmanager,,N,8000003350101001,2025-04-16,2099-12-31,
2000004222,Int :,,gstt_iclinicalmanager,,N,3000001109101001,2025-04-16,2099-12-31,
2000004223,POCGBTemp,,gstt_iclinicalmanager,,N,1000004387101001,2025-04-16,2099-12-31,
2000004224,MRCP and Secretin Study - MRI,,gstt_iclinicalmanager,,N,1000002895101001,2025-04-16,2099-12-31,
2000004225,Mucor Recemosus Allergen,,gstt_iclinicalmanager,,N,5000003327101001,2025-04-16,2099-12-31,
2000004226,Implant Defibrillator,,gstt_iclinicalmanager,,N,5000001108101001,2025-04-16,2099-12-31,
2000004227,Guided injection shoulder Both - US,,gstt_iclinicalmanager,,N,3617101001,2025-04-16,2099-12-31,
2000004228,Neutrophil Panel,,gstt_iclinicalmanager,,N,2000003348101001,2025-04-16,2099-12-31,
2000004229,Sweet Potato Ipomea Batatas Allergen,,gstt_iclinicalmanager,,N,2000003365101001,2025-04-16,2099-12-31,
2000004230,Turkey Meat Allergen,,gstt_iclinicalmanager,,N,9000003310101001,2025-04-16,2099-12-31,
2000004231,Height,,gstt_iclinicalmanager,,N,6000001123290001,2025-04-16,2099-12-31,
2000004232,Paed Cardiac Catheter,,gstt_iclinicalmanager,,N,3000001046101001,2025-04-16,2099-12-31,
2000004233,Desmethylclobazam Level,,gstt_iclinicalmanager,,N,3000001155101001,2025-04-16,2099-12-31,
2000004234,Walnut Juglans Californica Allergen,,gstt_iclinicalmanager,,N,1000003360101001,2025-04-16,2099-12-31,
2000000333,Skeletal survey ?NAI - X-Ray,,gstt_iclinicalmanager,,N,1000002058101001,2025-04-16,2099-12-31,
2000004235,"Food mix (egg white, cow's milk, peanut, mustard) Allergen",,gstt_iclinicalmanager,,N,5000003349101001,2025-04-16,2099-12-31,
2000004236,Renin Initial Peripheral,,gstt_iclinicalmanager,,N,1000001789101001,2025-04-16,2099-12-31,
2000004237,Aldosterone Distal Left Renal,,gstt_iclinicalmanager,,N,2000001790101001,2025-04-16,2099-12-31,
2000004239,Cortisol High IVC,,gstt_iclinicalmanager,,N,9000001789101001,2025-04-16,2099-12-31,
2000004238,Cortisol Final Peripheral,,gstt_iclinicalmanager,,N,1791101001,2025-04-16,2099-12-31,
2000004240,"Stem Cells - DMSO, plasma and cells",,gstt_iclinicalmanager,,N,9000001021101001,2025-04-16,2099-12-31,
2000004241,Aldosterone Right Renal,,gstt_iclinicalmanager,,N,1790101001,2025-04-16,2099-12-31,
2000004242,Cortisol Proximal Left Renal,,gstt_iclinicalmanager,,N,5000001790101001,2025-04-16,2099-12-31,
2000004243,Cortisol Right Renal,,gstt_iclinicalmanager,,N,1000001790101001,2025-04-16,2099-12-31,
2000004244,Cheddar Type Cheese Allergen,,gstt_iclinicalmanager,,N,3000002246101001,2025-04-16,2099-12-31,
2000004246,CBDC,,gstt_iclinicalmanager,,N,1000002089101001,2025-04-16,2099-12-31,
2000004245,Baby 1 D Status:,,gstt_iclinicalmanager,,N,6000004162101001,2025-04-16,2099-12-31,
2000004247,Rabbit Epithelium Allergen,,gstt_iclinicalmanager,,N,6000002418101001,2025-04-16,2099-12-31,
2000004249,UA Dig/Raynauds.,,gstt_iclinicalmanager,,N,3000003749101001,2025-04-16,2099-12-31,
2000004248,Cortisol Low IVC,,gstt_iclinicalmanager,,N,7000001790101001,2025-04-16,2099-12-31,
2000004250,Grip Strength 2,,gstt_iclinicalmanager,,N,3000001147290001,2025-04-16,2099-12-31,
2000004251,Dacrocystogram Right,,gstt_iclinicalmanager,,N,2000001154101001,2025-04-16,2099-12-31,
2000004252,Cortisol Distal Left Renal,,gstt_iclinicalmanager,,N,3000001790101001,2025-04-16,2099-12-31,
2000004253,NCPR306A,,gstt_iclinicalmanager,,N,1000003284101001,2025-04-16,2099-12-31,
2000004254,POCT Total Carbon Dioxide (TC02),,gstt_iclinicalmanager,,N,2000004381101001,2025-04-16,2099-12-31,
2000004256,Vascular - MRI,,gstt_iclinicalmanager,,N,2000001033101001,2025-04-16,2099-12-31,
2000004255,Aldosterone Right Adrenal,,gstt_iclinicalmanager,,N,4000001789101001,2025-04-16,2099-12-31,
2000004257,VWF Activity (1 Hours Post),,gstt_iclinicalmanager,,N,8000001357101001,2025-04-16,2099-12-31,
2000004258,"B Cell Clonality, Lymph Node",,gstt_iclinicalmanager,,N,1000001784101001,2025-04-16,2099-12-31,
2000004259,Renin Final Peripheral,,gstt_iclinicalmanager,,N,8000001790101001,2025-04-16,2099-12-31,
2000004260,Aldosterone Initial Peripheral,,gstt_iclinicalmanager,,N,2000001789101001,2025-04-16,2099-12-31,
2000004261,Aldosterone Low IVC,,gstt_iclinicalmanager,,N,6000001790101001,2025-04-16,2099-12-31,
2000004262,Antigenic FIX ELISA Assay,,gstt_iclinicalmanager,,N,1000001201101001,2025-04-16,2099-12-31,
2000004263,HIV-2 antibodies,,gstt_iclinicalmanager,,N,4000001641101001,2025-04-16,2099-12-31,
2000004264,Gait Speed (m/s),,gstt_iclinicalmanager,,N,3000001320290001,2025-04-16,2099-12-31,
2000004265,Transferrin Isoforms (Tau Protein),,gstt_iclinicalmanager,,N,4000001637101001,2025-04-16,2099-12-31,
2000004266,VB3 (Post Massage Urine).,,gstt_iclinicalmanager,,N,3000003217101001,2025-04-16,2099-12-31,
2000004267,Thyroid - MRI,,gstt_iclinicalmanager,,N,5000001011101001,2025-04-16,2099-12-31,
2000004269,UA Guidance during EVLT.,,gstt_iclinicalmanager,,N,1000003746101001,2025-04-16,2099-12-31,
2000004268,Cortisol Initial Peripheral,,gstt_iclinicalmanager,,N,3000001789101001,2025-04-16,2099-12-31,
2000004270,Snail Helix Aspersa Allergen,,gstt_iclinicalmanager,,N,6000003364101001,2025-04-16,2099-12-31,
2000004272,ZAP 70 Antibody,,gstt_iclinicalmanager,,N,4000001871101001,2025-04-16,2099-12-31,
2000004271,Fig Allergen,,gstt_iclinicalmanager,,N,3319101001,2025-04-16,2099-12-31,
2000004273,Grip Strength 3,,gstt_iclinicalmanager,,N,4000001148290001,2025-04-16,2099-12-31,
2000004275,Vitamin C Level,,gstt_iclinicalmanager,,N,2000002983101001,2025-04-16,2099-12-31,
2000004274,Ferret Epithelium Allergen,,gstt_iclinicalmanager,,N,6000003370101001,2025-04-16,2099-12-31,
2000004276,Aldosterone Proximal Left Renal,,gstt_iclinicalmanager,,N,4000001790101001,2025-04-16,2099-12-31,
2000004277,Aldosterone High IVC,,gstt_iclinicalmanager,,N,8000001789101001,2025-04-16,2099-12-31,
2000004279,Hepatic Embolisation,,gstt_iclinicalmanager,,N,7000001122101001,2025-04-16,2099-12-31,
2000004278,European Hornet Allergen,,gstt_iclinicalmanager,,N,1000003366101001,2025-04-16,2099-12-31,
2000000334,Coccyx AP & lat - X-Ray,,gstt_iclinicalmanager,,N,2000001168101001,2025-04-16,2099-12-31,
2000004280,CD56 Antibody,,gstt_iclinicalmanager,,N,1171101001,2025-04-16,2099-12-31,
2000004281,Heart Rate (bpm),,gstt_iclinicalmanager,,N,3000001274290001,2025-04-16,2099-12-31,
2000004282,Tyrosine Level Urine,,gstt_iclinicalmanager,,N,5000001007101001,2025-04-16,2099-12-31,
2000004284,Baby 2 D Status:,,gstt_iclinicalmanager,,N,7000004162101001,2025-04-16,2099-12-31,
2000004283,Aldosterone Final Peripheral,,gstt_iclinicalmanager,,N,9000001790101001,2025-04-16,2099-12-31,
2000000133,Systolic BP (mmHg),,gstt_iclinicalmanager,,N,4000001274290001,2025-04-16,2099-12-31,
2000004285,Grip Strength 2,,gstt_iclinicalmanager,,N,6000001147290001,2025-04-16,2099-12-31,
2000004286,COVID-19 KNOWN infection PCR EDTA,,gstt_iclinicalmanager,,N,7000004194101001,2025-04-16,2099-12-31,
2000004287,Hake Allergen,,gstt_iclinicalmanager,,N,8000003318101001,2025-04-16,2099-12-31,
2000004288,NCPRP352,,gstt_iclinicalmanager,,N,1000003804101001,2025-04-16,2099-12-31,
2000004290,VWF Activity (15 Minutes Post),,gstt_iclinicalmanager,,N,3000001422101001,2025-04-16,2099-12-31,
2000004289,Cortisol Left Adrenal,,gstt_iclinicalmanager,,N,7000001789101001,2025-04-16,2099-12-31,
2000000335,FB Post Removal - X-Ray,,gstt_iclinicalmanager,,N,4000001134101001,2025-04-16,2099-12-31,
2000004291,Horizontal bitewing left - Dental,,gstt_iclinicalmanager,,N,6000002073101001,2025-04-16,2099-12-31,
2000004292,Cortisol Right Adrenal,,gstt_iclinicalmanager,,N,5000001789101001,2025-04-16,2099-12-31,
2000004294,Grip Strength 2,,gstt_iclinicalmanager,,N,5000001147290001,2025-04-16,2099-12-31,
2000004293,Aldosterone Left Adrenal,,gstt_iclinicalmanager,,N,6000001789101001,2025-04-16,2099-12-31,
2000004295,MERS Coronavirus PCR.,,gstt_iclinicalmanager,,N,1000004050101001,2025-04-16,2099-12-31,
2000004296,Removal of stent,,gstt_iclinicalmanager,,N,8000001087101001,2025-04-16,2099-12-31,
2000004297,Trout Allergen,,gstt_iclinicalmanager,,N,1000003344101001,2025-04-16,2099-12-31,
2000004298,Cystine Level,,gstt_iclinicalmanager,,N,1000001152101001,2025-04-16,2099-12-31,
2000004299,Intrinsic Inhibitor Screen,,gstt_iclinicalmanager,,N,2000001060101001,2025-04-16,2099-12-31,
2000004300,Tricuspid Valve,,gstt_iclinicalmanager,,N,3000001004101001,2025-04-16,2099-12-31,
2000004301,VWF Activity (48 Hours Post),,gstt_iclinicalmanager,,N,1000001423101001,2025-04-16,2099-12-31,
2000004302,Cortisol 570 min,,gstt_iclinicalmanager,,N,3000001647101001,2025-04-16,2099-12-31,
2000004303,Ureteric Dilatation,,gstt_iclinicalmanager,,N,8000001005101001,2025-04-16,2099-12-31,
2000004304,IA DSA Thoracic Aorta,,gstt_iclinicalmanager,,N,4000001102101001,2025-04-16,2099-12-31,
2000004305,Fenugreek Trigonella Foenum Allergen,,gstt_iclinicalmanager,,N,1000003311101001,2025-04-16,2099-12-31,
2000004306,Staphylococcal Enterotoxin A Allergen,,gstt_iclinicalmanager,,N,8000003346101001,2025-04-16,2099-12-31,
2000004307,Sweat Weight,,gstt_iclinicalmanager,,N,1000001025101001,2025-04-16,2099-12-31,
2000004308,Aspiration Abscess (Radiology),,gstt_iclinicalmanager,,N,5000001210101001,2025-04-16,2099-12-31,
2000004309,USD - Tongue US,,gstt_iclinicalmanager,,N,9000001926101001,2025-04-16,2099-12-31,
2000004310,Foreign body localisation - US,,gstt_iclinicalmanager,,N,2000003615101001,2025-04-16,2099-12-31,
2000004311,Parrot Feathers Allergen,,gstt_iclinicalmanager,,N,7000003343101001,2025-04-16,2099-12-31,
2000000336,Sterno-clavicular jt Left - X-Ray,,gstt_iclinicalmanager,,N,2000001022101001,2025-04-16,2099-12-31,
2000004313,Vertical bitewings both - Dental,,gstt_iclinicalmanager,,N,1000002074101001,2025-04-16,2099-12-31,
2000000337,Stump - X-Ray,,gstt_iclinicalmanager,,N,2000001023101001,2025-04-16,2099-12-31,
2000004312,Cocksfoot allergen,,gstt_iclinicalmanager,,N,1000002419101001,2025-04-16,2099-12-31,
2000004314,Staphylococcal Enterotoxin C Allergen,,gstt_iclinicalmanager,,N,4000003353101001,2025-04-16,2099-12-31,
2000004316,POCT Total Haemoglobin (tHb),,gstt_iclinicalmanager,,N,2000004249101001,2025-04-16,2099-12-31,
2000004315,NCPRP353,,gstt_iclinicalmanager,,N,1000003965101001,2025-04-16,2099-12-31,
2000004317,VWF Activity (32 Hours Post),,gstt_iclinicalmanager,,N,9000001422101001,2025-04-16,2099-12-31,
2000004319,Saphenogram bilateral,,gstt_iclinicalmanager,,N,7000001094101001,2025-04-16,2099-12-31,
2000004318,Nucleotide,,gstt_iclinicalmanager,,N,3000001764101001,2025-04-16,2099-12-31,
2000004320,Lime Allergen,,gstt_iclinicalmanager,,N,8000002248101001,2025-04-16,2099-12-31,
2000004321,Urodynamic study Paed,,gstt_iclinicalmanager,,N,2000001674101001,2025-04-16,2099-12-31,
2000004322,VWF Activity (52 Hours Post),,gstt_iclinicalmanager,,N,5000001423101001,2025-04-16,2099-12-31,
2000004323,Staphylococcal Enterotoxin B Allergen,,gstt_iclinicalmanager,,N,7000003353101001,2025-04-16,2099-12-31,
2000004325,Breast Sentinel Node plus Imaging,,gstt_iclinicalmanager,,N,1000004232101001,2025-04-16,2099-12-31,
2000004324,ADD151,,gstt_iclinicalmanager,,N,1000003722101001,2025-04-16,2099-12-31,
2000004326,Pit-fossa - CT,,gstt_iclinicalmanager,,N,6000001075101001,2025-04-16,2099-12-31,
2000004328,Dermatophagoides Microceras Allergen,,gstt_iclinicalmanager,,N,3000003370101001,2025-04-16,2099-12-31,
2000004327,Cystogram - Th,,gstt_iclinicalmanager,,N,3000001152101001,2025-04-16,2099-12-31,
2000004329,Glutamic Acid Dehydrogenase Antibodies.,,gstt_iclinicalmanager,,N,3000001323101001,2025-04-16,2099-12-31,
2000004330,CD15 Antibody,,gstt_iclinicalmanager,,N,9000001172101001,2025-04-16,2099-12-31,
2000004332,Staphylococcal Enterotoxin D Allergen,,gstt_iclinicalmanager,,N,6000003359101001,2025-04-16,2099-12-31,
2000004331,IV DSA Arch,,gstt_iclinicalmanager,,N,3000001110101001,2025-04-16,2099-12-31,
2000004333,VWF Activity (5 Hours Post),,gstt_iclinicalmanager,,N,2000001423101001,2025-04-16,2099-12-31,
2000004334,Arthrogram Shoulder (specify),,gstt_iclinicalmanager,,N,5000001206101001,2025-04-16,2099-12-31,
2000004335,CSF Amyloid Beta 1-42,,gstt_iclinicalmanager,,N,2000004051101001,2025-04-16,2099-12-31,
2000004336,Obstetric TV - US,,gstt_iclinicalmanager,,N,3000001694101001,2025-04-16,2099-12-31,
2000004338,Lumbar spine myelogram - CT,,gstt_iclinicalmanager,,N,2000002731101001,2025-04-16,2099-12-31,
2000004337,Goat Milk Allergen,,gstt_iclinicalmanager,,N,8000003344101001,2025-04-16,2099-12-31,
2000004339,VWF Activity (5 Minutes Post),,gstt_iclinicalmanager,,N,3000001423101001,2025-04-16,2099-12-31,
2000004341,VWF Activity (28 Hours Post),,gstt_iclinicalmanager,,N,6000001422101001,2025-04-16,2099-12-31,
2000004340,Sleep Clinic - Paediatric Attended Respiratory Study-EXPIRED,,gstt_iclinicalmanager,,N,3000002545101001,2025-04-16,2099-12-31,
2000004342,Hepatitis B surface  Ag,,gstt_iclinicalmanager,,N,3000001338101001,2025-04-16,2099-12-31,
2000004344,VWF Activity (3 Hours Post),,gstt_iclinicalmanager,,N,7000001422101001,2025-04-16,2099-12-31,
2000004343,ENA-RNA Polymerase Ab,,gstt_iclinicalmanager,,N,4000001651101001,2025-04-16,2099-12-31,
2000004345,VWF Activity (12 Hours Post),,gstt_iclinicalmanager,,N,2000001422101001,2025-04-16,2099-12-31,
2000004346,Thyroid scan Iodine - N Med,,gstt_iclinicalmanager,,N,1012101001,2025-04-16,2099-12-31,
2000004347,Factor IX (1 Hour post),,gstt_iclinicalmanager,,N,2000001377101001,2025-04-16,2099-12-31,
2000004348,UA Special.,,gstt_iclinicalmanager,,N,8000003749101001,2025-04-16,2099-12-31,
2000004349,Ox-Carbazepine Level,,gstt_iclinicalmanager,,N,8000001045101001,2025-04-16,2099-12-31,
2000004351,NM Body F18 C11 Methionine PET CT,,gstt_iclinicalmanager,,N,1000002953101001,2025-04-16,2099-12-31,
2000004350,CD79a Antibody,,gstt_iclinicalmanager,,N,4000001171101001,2025-04-16,2099-12-31,
2000004352,NCPRP358,,gstt_iclinicalmanager,,N,1000003862101001,2025-04-16,2099-12-31,
2000004354,Sentinel node oral with ICG - N Med,,gstt_iclinicalmanager,,N,2000003543101001,2025-04-16,2099-12-31,
2000004353,Nasal Swab,,gstt_iclinicalmanager,,N,2000001436101001,2025-04-16,2099-12-31,
2000004355,CSF Total Tau Protein,,gstt_iclinicalmanager,,N,1000004051101001,2025-04-16,2099-12-31,
2000004357,Cortisol Level 660min,,gstt_iclinicalmanager,,N,5000001647101001,2025-04-16,2099-12-31,
2000004356,Bladder with flow rate - US (Urology use only),,gstt_iclinicalmanager,,N,7000004106101001,2025-04-16,2099-12-31,
2000004358,Removal of FB - Th,,gstt_iclinicalmanager,,N,5000001087101001,2025-04-16,2099-12-31,
2000004359,"B Cell Clonality, Bone Marrow",,gstt_iclinicalmanager,,N,8000001783101001,2025-04-16,2099-12-31,
2000004360,MRSA Discharge - Other Specimen,,gstt_iclinicalmanager,,N,7000001875101001,2025-04-16,2099-12-31,
2000004361,CSF Phospho Tau 181,,gstt_iclinicalmanager,,N,3000004051101001,2025-04-16,2099-12-31,
2000004363,Oblique laterals - Dental,,gstt_iclinicalmanager,,N,3000002077101001,2025-04-16,2099-12-31,
2000004362,Jack Fruit Artocarpus Hetero Allergen,,gstt_iclinicalmanager,,N,9000003318101001,2025-04-16,2099-12-31,
2000004364,VWF Activity (50 Hours Post),,gstt_iclinicalmanager,,N,4000001423101001,2025-04-16,2099-12-31,
2000004366,Whole Body - MRI (KCL Research),,gstt_iclinicalmanager,,N,1000003921101001,2025-04-16,2099-12-31,
2000004365,Langust Spiny Lobster Allergen,,gstt_iclinicalmanager,,N,7000003371101001,2025-04-16,2099-12-31,
2000004367,FEV1 % (Forced Expiratory Volume),,gstt_iclinicalmanager,,N,4000001383290001,2025-04-16,2099-12-31,
2000004368,Unprocessed   Reticulocytes,,gstt_iclinicalmanager,,N,5000001274101001,2025-04-16,2099-12-31,
2000004369,Knee Right - MRI (KCL Research),,gstt_iclinicalmanager,,N,6000004284101001,2025-04-16,2099-12-31,
2000004370,Pituitary with contrast - CT,,gstt_iclinicalmanager,,N,8000002733101001,2025-04-16,2099-12-31,
2000004371,Shoulder - CT,,gstt_iclinicalmanager,,N,1000001098101001,2025-04-16,2099-12-31,
2000004373,UA Lower Limb OPD,,gstt_iclinicalmanager,,N,4000001008101001,2025-04-16,2099-12-31,
2000004372,Factor IX (8 Hour post),,gstt_iclinicalmanager,,N,8000001378101001,2025-04-16,2099-12-31,
2000000565,Prolactin level -30 min,,gstt_iclinicalmanager,,N,3000001081101001,2025-04-16,2099-12-31,
2000004374,US - Upper Limb Arterial,,gstt_iclinicalmanager,,N,3000001009101001,2025-04-16,2099-12-31,
2000004375,Insert wire (temporary),,gstt_iclinicalmanager,,N,9000001106101001,2025-04-16,2099-12-31,
2000004376,Peri-acetabular Osteotomy - Th,,gstt_iclinicalmanager,,N,1813101001,2025-04-16,2099-12-31,
2000004377,FMU Amniotic Fluid:Infection,,gstt_iclinicalmanager,,N,1000002437101001,2025-04-16,2099-12-31,
2000004379,Lower 45 Occlusal - Dental,,gstt_iclinicalmanager,,N,2076101001,2025-04-16,2099-12-31,
2000004378,Common Wasp (Yellow jacket) Ve Allergen,,gstt_iclinicalmanager,,N,7000003352101001,2025-04-16,2099-12-31,
2000004380,Serum BHCG. Inactive test,,gstt_iclinicalmanager,,N,6000001209101001,2025-04-16,2099-12-31,
2000004381,Grip Strength 3,,gstt_iclinicalmanager,,N,3000001148290001,2025-04-16,2099-12-31,
2000004382,Lymphangiogram Bilateral,,gstt_iclinicalmanager,,N,7000001051101001,2025-04-16,2099-12-31,
2000004383,Lumbar spine with contrast - CT,,gstt_iclinicalmanager,,N,1000002731101001,2025-04-16,2099-12-31,
2000004384,CD8/38 Expression,,gstt_iclinicalmanager,,N,6000003203101001,2025-04-16,2099-12-31,
2000004385,Lupin Lupinus Spp Allergen,,gstt_iclinicalmanager,,N,8000003360101001,2025-04-16,2099-12-31,
2000004386,vWF Antigen (1Hour),,gstt_iclinicalmanager,,N,9000001574101001,2025-04-16,2099-12-31,
2000004388,Spleen study - N Med,,gstt_iclinicalmanager,,N,4000001020101001,2025-04-16,2099-12-31,
2000004387,Serum Received,,gstt_iclinicalmanager,,N,7000001097101001,2025-04-16,2099-12-31,
2000004389,NCPRP350,,gstt_iclinicalmanager,,N,2000003891101001,2025-04-16,2099-12-31,
2000004390,COVID-19 SCOVER PCR,,gstt_iclinicalmanager,,N,1000004190101001,2025-04-16,2099-12-31,
2000004391,Cytoplasmic CD3 Antibody,,gstt_iclinicalmanager,,N,8000001155101001,2025-04-16,2099-12-31,
2000004392,Butyrylcholinesterase Genotype,,gstt_iclinicalmanager,,N,1000003752101001,2025-04-16,2099-12-31,
2000004393,Factor IX (48 Hour post),,gstt_iclinicalmanager,,N,4000001378101001,2025-04-16,2099-12-31,
2000004395,Curry Santa Maria Allergen,,gstt_iclinicalmanager,,N,3000003364101001,2025-04-16,2099-12-31,
2000004394,CPASI,,gstt_iclinicalmanager,,N,1000001901101001,2025-04-16,2099-12-31,
2000004396,Ureteroscopy St - N Med Research,,gstt_iclinicalmanager,,N,3000001248101001,2025-04-16,2099-12-31,
2000004398,Perinatal PM PCR,,gstt_iclinicalmanager,,N,3000001839101001,2025-04-16,2099-12-31,
2000004397,Cytoplasmic CD22 Antibody,,gstt_iclinicalmanager,,N,7000001155101001,2025-04-16,2099-12-31,
2000004399,Gastrostomy tube removal,,gstt_iclinicalmanager,,N,2000002794101001,2025-04-16,2099-12-31,
2000004400,Grip Strength 3,,gstt_iclinicalmanager,,N,6000001148290001,2025-04-16,2099-12-31,
2000004401,Scapula Rt - CT,,gstt_iclinicalmanager,,N,4000002734101001,2025-04-16,2099-12-31,
2000004402,NM C11 choline PET CT,,gstt_iclinicalmanager,,N,2000002953101001,2025-04-16,2099-12-31,
2000004403,Bone whole body with SPECT- N Med,,gstt_iclinicalmanager,,N,2000002778101001,2025-04-16,2099-12-31,
2000004404,Guided injection tendon - US,,gstt_iclinicalmanager,,N,1000003617101001,2025-04-16,2099-12-31,
2000004405,Influenza serology,,gstt_iclinicalmanager,,N,2000002227101001,2025-04-16,2099-12-31,
2000004406,Alanine Level Urine,,gstt_iclinicalmanager,,N,4000001193101001,2025-04-16,2099-12-31,
2000004408,Onion allergen,,gstt_iclinicalmanager,,N,9000002418101001,2025-04-16,2099-12-31,
2000004407,Occipito Mental 30 - Dental,,gstt_iclinicalmanager,,N,9000002060101001,2025-04-16,2099-12-31,
2000000338,Cervical spine oblique views - X-Ray,,gstt_iclinicalmanager,,N,6000001176101001,2025-04-16,2099-12-31,
2000004409,Grapefruit Allergen,,gstt_iclinicalmanager,,N,3000002248101001,2025-04-16,2099-12-31,
2000004411,Platelets count,,gstt_iclinicalmanager,,N,2000001192290001,2025-04-16,2099-12-31,
2000004410,Grip Strength 3,,gstt_iclinicalmanager,,N,5000001148290001,2025-04-16,2099-12-31,
2000004412,Total white cell count,,gstt_iclinicalmanager,,N,9000001191290001,2025-04-16,2099-12-31,
2000004414,Flow,,gstt_iclinicalmanager,,N,5000001066290001,2025-04-16,2099-12-31,
2000004413,Discogram,,gstt_iclinicalmanager,,N,3000001156101001,2025-04-16,2099-12-31,
2000004415,Lymphocytes count,,gstt_iclinicalmanager,,N,1000001192290001,2025-04-16,2099-12-31,
2000004416,Primidone Level,,gstt_iclinicalmanager,,N,7000001080101001,2025-04-16,2099-12-31,
2000004418,Thigh Both - US,,gstt_iclinicalmanager,,N,6000003618101001,2025-04-16,2099-12-31,
2000004417,Kidney Lt - US (Urology use only),,gstt_iclinicalmanager,,N,3000004106101001,2025-04-16,2099-12-31,
2000004419,GENAN1,,gstt_iclinicalmanager,,N,1000002793101001,2025-04-16,2099-12-31,
2000004420,European Paper Wasp Poliste Allergen,,gstt_iclinicalmanager,,N,7000003312101001,2025-04-16,2099-12-31,
2000004421,Declared K,,gstt_iclinicalmanager,,N,2000001666101001,2025-04-16,2099-12-31,
2000004422,Guided injection hip Both - US,,gstt_iclinicalmanager,,N,6000003616101001,2025-04-16,2099-12-31,
2000004423,Eosinophilia PDGFRA FISH Peripheral Blood,,gstt_iclinicalmanager,,N,4000003953101001,2025-04-16,2099-12-31,
2000004424,Date Allergen,,gstt_iclinicalmanager,,N,7000003344101001,2025-04-16,2099-12-31,
2000004425,Mixed Foods allergen,,gstt_iclinicalmanager,,N,7000002246101001,2025-04-16,2099-12-31,
2000004426,CSF Antibody studies,,gstt_iclinicalmanager,,N,1000001916101001,2025-04-16,2099-12-31,
2000004428,CD11c Antibody.,,gstt_iclinicalmanager,,N,9000001746101001,2025-04-16,2099-12-31,
2000004427,Blackberry Allergen,,gstt_iclinicalmanager,,N,8000003363101001,2025-04-16,2099-12-31,
2000004429,Kidney Left with Contrast - US,,gstt_iclinicalmanager,,N,2000004044101001,2025-04-16,2099-12-31,
2000004430,Albumin Excretion Urine.,,gstt_iclinicalmanager,,N,1194101001,2025-04-16,2099-12-31,
2000004431,Angioplasty Tibial Both,,gstt_iclinicalmanager,,N,6000003540101001,2025-04-16,2099-12-31,
2000004432,POCT Base Excess (BE(B)).,,gstt_iclinicalmanager,,N,4250101001,2025-04-16,2099-12-31,
2000004433,CD103 Antibody.,,gstt_iclinicalmanager,,N,9000001745101001,2025-04-16,2099-12-31,
2000004434,Breast Fusion Left - US,,gstt_iclinicalmanager,,N,6000003067101001,2025-04-16,2099-12-31,
2000004435,Factor IX (2 Hour post),,gstt_iclinicalmanager,,N,7000001377101001,2025-04-16,2099-12-31,
2000000832,APTT 50/50 Correction (Manual),,gstt_iclinicalmanager,,N,5000001575101001,2025-04-16,2099-12-31,
2000000339,Bronchoscopy - X-Ray,,gstt_iclinicalmanager,,N,3000002751101001,2025-04-16,2099-12-31,
2000004436,Small bowel enema,,gstt_iclinicalmanager,,N,5000001017101001,2025-04-16,2099-12-31,
2000004437,Renal Stones,,gstt_iclinicalmanager,,N,2000002318101001,2025-04-16,2099-12-31,
2000004438,Pollock Pollachius Virens Allergen,,gstt_iclinicalmanager,,N,6000003338101001,2025-04-16,2099-12-31,
2000004440,"Herb mix (tarragon, marjoram, thyme, lovage) Allergen",,gstt_iclinicalmanager,,N,6000003349101001,2025-04-16,2099-12-31,
2000004439,Alpha-2 Antiplasmin,,gstt_iclinicalmanager,,N,4000001430101001,2025-04-16,2099-12-31,
2000004441,Intact APRT activity,,gstt_iclinicalmanager,,N,1000001764101001,2025-04-16,2099-12-31,
2000004442,Ganglioside Full Panel,,gstt_iclinicalmanager,,N,9000003328101001,2025-04-16,2099-12-31,
2000004443,Worm/Other ?Identity,,gstt_iclinicalmanager,,N,7000001263101001,2025-04-16,2099-12-31,
2000004444,Ethylene Oxide Allergen,,gstt_iclinicalmanager,,N,5000003346101001,2025-04-16,2099-12-31,
2000004446,Tree Pollen Mix 6 Allergen,,gstt_iclinicalmanager,,N,5000003356101001,2025-04-16,2099-12-31,
2000004445,Tempero-mandibular Jt Rt - MRI,,gstt_iclinicalmanager,,N,4000001688101001,2025-04-16,2099-12-31,
2000004447,CD22 Antibody.,,gstt_iclinicalmanager,,N,1747101001,2025-04-16,2099-12-31,
2000004449,Yellow Hornet Dolichovesp Allergen,,gstt_iclinicalmanager,,N,3327101001,2025-04-16,2099-12-31,
2000004448,Olanzapine Level,,gstt_iclinicalmanager,,N,8000002334101001,2025-04-16,2099-12-31,
2000004450,Pyruvate Level CSF,,gstt_iclinicalmanager,,N,1085101001,2025-04-16,2099-12-31,
2000004451,Z521,,gstt_iclinicalmanager,,N,1000003684101001,2025-04-16,2099-12-31,
2000004452,Glutamine Level Urine,,gstt_iclinicalmanager,,N,5000001117101001,2025-04-16,2099-12-31,
2000004453,Intact HPRT activity,,gstt_iclinicalmanager,,N,2000001764101001,2025-04-16,2099-12-31,
2000004454,ADD251,,gstt_iclinicalmanager,,N,5000003729101001,2025-04-16,2099-12-31,
2000004456,Soft tissue Lips - Dental,,gstt_iclinicalmanager,,N,9000002059101001,2025-04-16,2099-12-31,
2000004455,CD103 Antibody..,,gstt_iclinicalmanager,,N,1000001751101001,2025-04-16,2099-12-31,
2000004457,NTUIWO,,gstt_iclinicalmanager,,N,2000002765101001,2025-04-16,2099-12-31,
2000000585,Anti-nuclear Antibody Result only,,gstt_iclinicalmanager,,N,2000001202101001,2025-04-16,2099-12-31,
2000004458,CD56 Antibody..,,gstt_iclinicalmanager,,N,6000001753101001,2025-04-16,2099-12-31,
2000004460,Phospholipase A2 Allergen,,gstt_iclinicalmanager,,N,3000003346101001,2025-04-16,2099-12-31,
2000004459,CESM Right Breast,,gstt_iclinicalmanager,,N,9000003487101001,2025-04-16,2099-12-31,
2000004461,Hep B surface Ab-mIU/ml,,gstt_iclinicalmanager,,N,4000001105101001,2025-04-16,2099-12-31,
2000004462,Colostomy gram,,gstt_iclinicalmanager,,N,7000001167101001,2025-04-16,2099-12-31,
2000004463,Valine Level Urine,,gstt_iclinicalmanager,,N,1000001032101001,2025-04-16,2099-12-31,
2000004464,Sternoclavicular joint Both - US,,gstt_iclinicalmanager,,N,5000003618101001,2025-04-16,2099-12-31,
2000004465,Urine Protein Creatinine,,gstt_iclinicalmanager,,N,8000001211290001,2025-04-16,2099-12-31,
2000004466,Irregular Heart Rate,,gstt_iclinicalmanager,,N,9000001021290001,2025-04-16,2099-12-31,
2000004467,Passion Fru Passiflora Edulis Allergen,,gstt_iclinicalmanager,,N,6000003371101001,2025-04-16,2099-12-31,
2000004468,Hep B eAg/eAb Interpretation (pregnant),,gstt_iclinicalmanager,,N,1000002624101001,2025-04-16,2099-12-31,
2000004470,Chorea,,gstt_iclinicalmanager,,N,1202290001,2025-04-16,2099-12-31,
2000000340,Knee intercondylar view Rt - X-Ray,,gstt_iclinicalmanager,,N,4000001689101001,2025-04-16,2099-12-31,
2000004469,Anti-PLA2RE Antibodies,,gstt_iclinicalmanager,,N,2000003121101001,2025-04-16,2099-12-31,
2000004471,Test Sent Out,,gstt_iclinicalmanager,,N,3000001027101001,2025-04-16,2099-12-31,
2000000341,Ribs Lt - X-Ray,,gstt_iclinicalmanager,,N,2739101001,2025-04-16,2099-12-31,
2000004472,Measured K,,gstt_iclinicalmanager,,N,1000001684101001,2025-04-16,2099-12-31,
2000004473,Paediatric Echocardiography TTE Log Book,,gstt_iclinicalmanager,,N,3000004023101001,2025-04-16,2099-12-31,
2000004475,USD - Submental Region US,,gstt_iclinicalmanager,,N,3000001925101001,2025-04-16,2099-12-31,
2000004474,Beetroot Allergen,,gstt_iclinicalmanager,,N,6000003325101001,2025-04-16,2099-12-31,
2000004476,Horizontal bitewing right - Dental,,gstt_iclinicalmanager,,N,5000002073101001,2025-04-16,2099-12-31,
2000004477,Scapula Lt - CT,,gstt_iclinicalmanager,,N,3000002734101001,2025-04-16,2099-12-31,
2000004478,Candida Stim Allergen,,gstt_iclinicalmanager,,N,9000003334101001,2025-04-16,2099-12-31,
2000004479,NCPRP355,,gstt_iclinicalmanager,,N,1000003979101001,2025-04-16,2099-12-31,
2000004480,Fabry Disease - GLA Gene (DNA test),,gstt_iclinicalmanager,,N,1000003265101001,2025-04-16,2099-12-31,
2000004482,Leucine Level Urine,,gstt_iclinicalmanager,,N,6000001062101001,2025-04-16,2099-12-31,
2000004481,Horizontal bitewings left - Dental,,gstt_iclinicalmanager,,N,6000002073101001,2025-04-16,2099-12-31,
2000004483,Methionine Level Urine,,gstt_iclinicalmanager,,N,7000001069101001,2025-04-16,2099-12-31,
2000004484,Cone Beam Lower Midline (43-33),,gstt_iclinicalmanager,,N,2293101001,2025-04-16,2099-12-31,
2000004485,Tracheal Dilatation,,gstt_iclinicalmanager,,N,9000001014101001,2025-04-16,2099-12-31,
2000004486,Surgical Pathology 4th Addendum Report,,gstt_iclinicalmanager,,N,3000001190101001,2025-04-16,2099-12-31,
2000004487,Haemaglobin Mass Spectometry,,gstt_iclinicalmanager,,N,2000001540101001,2025-04-16,2099-12-31,
2000004488,Nitro Blue Tetrazolium,,gstt_iclinicalmanager,,N,3335101001,2025-04-16,2099-12-31,
2000004489,Saphenogram R/L,,gstt_iclinicalmanager,,N,8000001094101001,2025-04-16,2099-12-31,
2000004490,Factor IX (Refixia),,gstt_iclinicalmanager,,N,3000004179101001,2025-04-16,2099-12-31,
2000004492,Radial Rt,,gstt_iclinicalmanager,,N,7000001019290001,2025-04-16,2099-12-31,
2000004491,Cervical Spine myelogram - CT,,gstt_iclinicalmanager,,N,2727101001,2025-04-16,2099-12-31,
2000004493,Phenylalanine Level Urine,,gstt_iclinicalmanager,,N,8000001074101001,2025-04-16,2099-12-31,
2000004494,Video cystometrogram,,gstt_iclinicalmanager,,N,4000002784101001,2025-04-16,2099-12-31,
2000004495,4611,,gstt_iclinicalmanager,,N,1000001302101001,2025-04-16,2099-12-31,
2000004496,POCT Actual Bicarbonate (HCO3act).,,gstt_iclinicalmanager,,N,9000004249101001,2025-04-16,2099-12-31,
2000004497,Isoelectric Focus of,,gstt_iclinicalmanager,,N,8000001062101001,2025-04-16,2099-12-31,
2000004498,Lactose Absorption Test,,gstt_iclinicalmanager,,N,4000001060101001,2025-04-16,2099-12-31,
2000000342,Nasal bones - X-Ray,,gstt_iclinicalmanager,,N,4000001048101001,2025-04-16,2099-12-31,
2000004499,Isoleucine Level Urine,,gstt_iclinicalmanager,,N,1063101001,2025-04-16,2099-12-31,
2000004500,Pelvis - gynae - US,,gstt_iclinicalmanager,,N,5000001118101001,2025-04-16,2099-12-31,
2000004501,ADD100,,gstt_iclinicalmanager,,N,2000001707101001,2025-04-16,2099-12-31,
2000004502,Research Lower Limb Lymph Scan,,gstt_iclinicalmanager,,N,1000003186101001,2025-04-16,2099-12-31,
2000004503,Threonine Level Urine,,gstt_iclinicalmanager,,N,3000001029101001,2025-04-16,2099-12-31,
2000004504,NCPRP349,,gstt_iclinicalmanager,,N,1000003810101001,2025-04-16,2099-12-31,
2000004505,Thumb Rt - CT,,gstt_iclinicalmanager,,N,2000002735101001,2025-04-16,2099-12-31,
2000004506,Faecal Protoporphyrin Level,,gstt_iclinicalmanager,,N,1000001133101001,2025-04-16,2099-12-31,
2000004507,Serine Level Urine,,gstt_iclinicalmanager,,N,9000001096101001,2025-04-16,2099-12-31,
2000004508,Taurine Level Urine,,gstt_iclinicalmanager,,N,3000001026101001,2025-04-16,2099-12-31,
2000004510,Skull PA - Dental,,gstt_iclinicalmanager,,N,6000002061101001,2025-04-16,2099-12-31,
2000004509,Gabapentin Level,,gstt_iclinicalmanager,,N,8000001112101001,2025-04-16,2099-12-31,
2000004511,Histidine Level Urine,,gstt_iclinicalmanager,,N,1000001125101001,2025-04-16,2099-12-31,
2000004512,Duck Feathers Allergen,,gstt_iclinicalmanager,,N,3344101001,2025-04-16,2099-12-31,
2000004514,NCPRP362,,gstt_iclinicalmanager,,N,1000003980101001,2025-04-16,2099-12-31,
2000004513,Cockroach German Allergen,,gstt_iclinicalmanager,,N,3000003333101001,2025-04-16,2099-12-31,
2000004515,Glycosaminoglycans (mucopolysaccharidosis),,gstt_iclinicalmanager,,N,1000003292101001,2025-04-16,2099-12-31,
2000004517,"Dihroxyacetone Phosphate Acyl Transferase (DHAPAT, Zellweger, Generalised Peroxisomal Disorders)",,gstt_iclinicalmanager,,N,4000003291101001,2025-04-16,2099-12-31,
2000004516,Dabigatran Level,,gstt_iclinicalmanager,,N,2000004288101001,2025-04-16,2099-12-31,
2000004518,Intra-Operative PTH sample 8,,gstt_iclinicalmanager,,N,8000002462101001,2025-04-16,2099-12-31,
2000004520,Sleep Clinic - Paediatric Outpatient Oximetry Study- EXPIRED,,gstt_iclinicalmanager,,N,5000003530101001,2025-04-16,2099-12-31,
2000004519,ADA (rbc),,gstt_iclinicalmanager,,N,1000001763101001,2025-04-16,2099-12-31,
2000004521,Nucleotide DATP,,gstt_iclinicalmanager,,N,4000001764101001,2025-04-16,2099-12-31,
2000004523,Virus Isolation (Moorfields),,gstt_iclinicalmanager,,N,2000001035101001,2025-04-16,2099-12-31,
2000004522,Thoracic spine myelogram - CT,,gstt_iclinicalmanager,,N,2735101001,2025-04-16,2099-12-31,
2000004524,Horizontal bitewings right - Dental,,gstt_iclinicalmanager,,N,5000002073101001,2025-04-16,2099-12-31,
2000004525,BCRABL Screen,,gstt_iclinicalmanager,,N,7000002130101001,2025-04-16,2099-12-31,
2000004526,NCPRP311,,gstt_iclinicalmanager,,N,1000003434101001,2025-04-16,2099-12-31,
2000004527,Faecal Sodium Level,,gstt_iclinicalmanager,,N,3000001133101001,2025-04-16,2099-12-31,
2000004528,ENDO13,,gstt_iclinicalmanager,,N,1000004276101001,2025-04-16,2099-12-31,
2000000343,Faux pas hip Rt - X-Ray,,gstt_iclinicalmanager,,N,6000001689101001,2025-04-16,2099-12-31,
2000004529,Asparagus Asparagus Officina Allergen,,gstt_iclinicalmanager,,N,3000003371101001,2025-04-16,2099-12-31,
2000004530,Citrulline Level Urine,,gstt_iclinicalmanager,,N,8000001166101001,2025-04-16,2099-12-31,
2000004531,CD11c Antibody..,,gstt_iclinicalmanager,,N,4000001752101001,2025-04-16,2099-12-31,
2000004533,Sample Type 1,,gstt_iclinicalmanager,,N,4000001094101001,2025-04-16,2099-12-31,
2000004532,Cortisol 600 min,,gstt_iclinicalmanager,,N,4000001647101001,2025-04-16,2099-12-31,
2000004534,Lettuce Allergen,,gstt_iclinicalmanager,,N,8000003324101001,2025-04-16,2099-12-31,
2000004535,Modified swallow,,gstt_iclinicalmanager,,N,7000001053101001,2025-04-16,2099-12-31,
2000004536,Testosterone (Extracted),,gstt_iclinicalmanager,,N,1000001810101001,2025-04-16,2099-12-31,
2000004537,White-Faced Hornet Dolich. Ma. Allergen,,gstt_iclinicalmanager,,N,5000003312101001,2025-04-16,2099-12-31,
2000004539,NCPRP359,,gstt_iclinicalmanager,,N,1000004191101001,2025-04-16,2099-12-31,
2000004538,Gynae - US,,gstt_iclinicalmanager,,N,5000001118101001,2025-04-16,2099-12-31,
2000004540,NM Brain C11 Methionine PET CT,,gstt_iclinicalmanager,,N,6000002952101001,2025-04-16,2099-12-31,
2000004542,Varicogram bilateral,,gstt_iclinicalmanager,,N,9000001032101001,2025-04-16,2099-12-31,
2000004541,Immunoglobulin G Level Urine,,gstt_iclinicalmanager,,N,7000001105101001,2025-04-16,2099-12-31,
2000004543,Proline Level Urine,,gstt_iclinicalmanager,,N,6000001081101001,2025-04-16,2099-12-31,
2000004544,5520011,,gstt_iclinicalmanager,,N,4000001267101001,2025-04-16,2099-12-31,
2000004545,Kidney Rt - US (Urology use only),,gstt_iclinicalmanager,,N,4000004106101001,2025-04-16,2099-12-31,
2000004546,Cow Milk Allergen,,gstt_iclinicalmanager,,N,1000002258101001,2025-04-16,2099-12-31,
2000004548,Paed. PTA non specified,,gstt_iclinicalmanager,,N,5000001046101001,2025-04-16,2099-12-31,
2000004547,Anti Thyr Stim Hormone Recp Ab,,gstt_iclinicalmanager,,N,3375101001,2025-04-16,2099-12-31,
2000004549,ERCP & Biliary,,gstt_iclinicalmanager,,N,6000001144101001,2025-04-16,2099-12-31,
2000004551,Xylose Absorption Test,,gstt_iclinicalmanager,,N,2000001040101001,2025-04-16,2099-12-31,
2000004550,Antigenic FVIII ELISA Assay,,gstt_iclinicalmanager,,N,3000001201101001,2025-04-16,2099-12-31,
2000000344,Knee intercondylar view Lt - X-Ray,,gstt_iclinicalmanager,,N,5000001689101001,2025-04-16,2099-12-31,
2000004552,Cardiac Rt Lt Lung shunt study  - N Med,,gstt_iclinicalmanager,,N,1000003097101001,2025-04-16,2099-12-31,
2000000345,Shoulder other view - X-ray(State side),,gstt_iclinicalmanager,,N,5000001098101001,2025-04-16,2099-12-31,
2000004553,PNP (rbc),,gstt_iclinicalmanager,,N,8000001764101001,2025-04-16,2099-12-31,
2000004555,Rat Allergen,,gstt_iclinicalmanager,,N,7000003350101001,2025-04-16,2099-12-31,
2000004554,Asthma Research - M Med,,gstt_iclinicalmanager,,N,2000002895101001,2025-04-16,2099-12-31,
2000004556,Guided injection ankle Both - US,,gstt_iclinicalmanager,,N,7000003615101001,2025-04-16,2099-12-31,
2000004557,POCT Standard Bicarbonate (HCO3-std),,gstt_iclinicalmanager,,N,8000004249101001,2025-04-16,2099-12-31,
2000004558,"t(14;18) Translocation, Bone Marrow",,gstt_iclinicalmanager,,N,7000001783101001,2025-04-16,2099-12-31,
2000004559,POCT Oxygen Content (O2ct),,gstt_iclinicalmanager,,N,3000004381101001,2025-04-16,2099-12-31,
2000004561,VB2 (Mid Stream Urine),,gstt_iclinicalmanager,,N,6000001033101001,2025-04-16,2099-12-31,
2000004560,Research Maraciclatide - N Med,,gstt_iclinicalmanager,,N,2000003209101001,2025-04-16,2099-12-31,
2000000346,Mastoids - X-Ray,,gstt_iclinicalmanager,,N,4000001067101001,2025-04-16,2099-12-31,
2000004562,Olive Allergen,,gstt_iclinicalmanager,,N,3000003332101001,2025-04-16,2099-12-31,
2000004563,Factor IX Half Life.,,gstt_iclinicalmanager,,N,2000001130101001,2025-04-16,2099-12-31,
2000004564,UA Exercise,,gstt_iclinicalmanager,,N,9000001690101001,2025-04-16,2099-12-31,
2000004565,POCT Actual Bicarbonate (HCO3-(c)),,gstt_iclinicalmanager,,N,9000004249101001,2025-04-16,2099-12-31,
2000004566,Non-Blood Body Fluids (Haematology),,gstt_iclinicalmanager,,N,5000001050101001,2025-04-16,2099-12-31,
2000004568,NCPR378P,,gstt_iclinicalmanager,,N,1000004056101001,2025-04-16,2099-12-31,
2000004567,Meadow Grass Kentucky Blue Allergen,,gstt_iclinicalmanager,,N,6000003326101001,2025-04-16,2099-12-31,
2000000826,Dilute APTT Equal Volume Mixing Confirm,,gstt_iclinicalmanager,,N,1000001510101001,2025-04-16,2099-12-31,
2000004569,Seminal Fluid Allergen,,gstt_iclinicalmanager,,N,8000003366101001,2025-04-16,2099-12-31,
2000004571,Total Time,,gstt_iclinicalmanager,,N,1000001067290001,2025-04-16,2099-12-31,
2000004570,Free Phenytoin,,gstt_iclinicalmanager,,N,1000002297101001,2025-04-16,2099-12-31,
2000004572,Paed Card Hybrid Procedure,,gstt_iclinicalmanager,,N,7000002759101001,2025-04-16,2099-12-31,
2000004573,Clonazepam Level,,gstt_iclinicalmanager,,N,4000001168101001,2025-04-16,2099-12-31,
2000004574,Faecal Potassium Level,,gstt_iclinicalmanager,,N,1133101001,2025-04-16,2099-12-31,
2000000347,Bilatateral Mandibles - X-Ray,,gstt_iclinicalmanager,,N,3000001211101001,2025-04-16,2099-12-31,
2000004575,NIMBONE,,gstt_iclinicalmanager,,N,1000001712101001,2025-04-16,2099-12-31,
2000004576,Immunoreactive Trypsin (blood spot),,gstt_iclinicalmanager,,N,3000001108101001,2025-04-16,2099-12-31,
2000004577,QMax,,gstt_iclinicalmanager,,N,7000001066290001,2025-04-16,2099-12-31,
2000004578,Radial Lt,,gstt_iclinicalmanager,,N,6000001019290001,2025-04-16,2099-12-31,
2000004579,Liver Kidney Microsome Ab titre,,gstt_iclinicalmanager,,N,6000003368101001,2025-04-16,2099-12-31,
2000004580,Flow Time,,gstt_iclinicalmanager,,N,1067290001,2025-04-16,2099-12-31,
2000004581,POCT Base Excess of Blood (BE(B)),,gstt_iclinicalmanager,,N,4250101001,2025-04-16,2099-12-31,
2000004582,UA Guidance During Foam Sclerotherapy.,,gstt_iclinicalmanager,,N,7000003749101001,2025-04-16,2099-12-31,
2000004583,Perfusion Weighted - MRI,,gstt_iclinicalmanager,,N,4000004183101001,2025-04-16,2099-12-31,
2000004584,Unprocessed  Direct Antiglobulin Test,,gstt_iclinicalmanager,,N,4000001323101001,2025-04-16,2099-12-31,
2000004585,NCPR302A,,gstt_iclinicalmanager,,N,1000003413101001,2025-04-16,2099-12-31,
2000004586,Cochineal Extract (Carmine) Allergen,,gstt_iclinicalmanager,,N,8000003325101001,2025-04-16,2099-12-31,
2000004587,Factor IX (32 Hour post),,gstt_iclinicalmanager,,N,2000001378101001,2025-04-16,2099-12-31,
2000004588,WBC,,gstt_iclinicalmanager,,N,5000001429290001,2025-04-16,2099-12-31,
2000004590,Lime allergen,,gstt_iclinicalmanager,,N,8000002248101001,2025-04-16,2099-12-31,
2000004589,Control,,gstt_iclinicalmanager,,N,4152101001,2025-04-16,2099-12-31,
2000004591,Elbow - MRI,,gstt_iclinicalmanager,,N,9000001146101001,2025-04-16,2099-12-31,
2000004592,MRSA Screen Discharge- Other Specimen,,gstt_iclinicalmanager,,N,7000001875101001,2025-04-16,2099-12-31,
2000004593,Research PDL1 Expression in Cancer Study - N Med,,gstt_iclinicalmanager,,N,1000004236101001,2025-04-16,2099-12-31,
2000004594,Investigation of Tx Reaction,,gstt_iclinicalmanager,,N,3000001334101001,2025-04-16,2099-12-31,
2000004596,Thrombus - MRI Research,,gstt_iclinicalmanager,,N,6000001010101001,2025-04-16,2099-12-31,
2000004595,POCT Calculated Haematocrit (Hct(c)),,gstt_iclinicalmanager,,N,6000004388101001,2025-04-16,2099-12-31,
2000004597,k  Phenotype,,gstt_iclinicalmanager,,N,5000004157101001,2025-04-16,2099-12-31,
2000004599,Thrombin Time (manual),,gstt_iclinicalmanager,,N,8000001029101001,2025-04-16,2099-12-31,
2000004598,Jk(a) Phenotype,,gstt_iclinicalmanager,,N,3000004157101001,2025-04-16,2099-12-31,
2000004600,Dexamethasone Level,,gstt_iclinicalmanager,,N,4000001155101001,2025-04-16,2099-12-31,
2000004602,Transplant Nephrostomy,,gstt_iclinicalmanager,,N,7000001015101001,2025-04-16,2099-12-31,
2000004601,Oligosaccharides (mucolipidosis),,gstt_iclinicalmanager,,N,9000003293101001,2025-04-16,2099-12-31,
2000004603,White cell delayed imaging - N Med,,gstt_iclinicalmanager,,N,1000001723101001,2025-04-16,2099-12-31,
2000004605,Renal transplant - US,,gstt_iclinicalmanager,,N,3000001090101001,2025-04-16,2099-12-31,
2000004604,Glutamic Acid Level Urine,,gstt_iclinicalmanager,,N,3000001117101001,2025-04-16,2099-12-31,
2000004606,NCPR333C,,gstt_iclinicalmanager,,N,1000003478101001,2025-04-16,2099-12-31,
2000004607,MERS CoV Sample Type,,gstt_iclinicalmanager,,N,2000004050101001,2025-04-16,2099-12-31,
2000004608,PHA,,gstt_iclinicalmanager,,N,9000003367101001,2025-04-16,2099-12-31,
2000004609,CPAA,,gstt_iclinicalmanager,,N,1000002092101001,2025-04-16,2099-12-31,
2000004611,NM FLT PET CT,,gstt_iclinicalmanager,,N,2000002954101001,2025-04-16,2099-12-31,
2000004610,Factor IX (0 Minutes post),,gstt_iclinicalmanager,,N,1000001377101001,2025-04-16,2099-12-31,
2000004612,Deoxyadenosine Plasma,,gstt_iclinicalmanager,,N,6000001763101001,2025-04-16,2099-12-31,
2000004613,Guided nerve root injection thoracic - CT,,gstt_iclinicalmanager,,N,4000002735101001,2025-04-16,2099-12-31,
2000004614,Originating Lab Number....,,gstt_iclinicalmanager,,N,2000002488101001,2025-04-16,2099-12-31,
2000004615,Dog Recombinant Allergen  (rCan f 1),,gstt_iclinicalmanager,,N,5000003343101001,2025-04-16,2099-12-31,
2000004617,Coffee Allergen,,gstt_iclinicalmanager,,N,3000003357101001,2025-04-16,2099-12-31,
2000004616,Arthrogram shoulder Lt - MRI,,gstt_iclinicalmanager,,N,1000001690101001,2025-04-16,2099-12-31,
2000004618,Thumb Lt - CT,,gstt_iclinicalmanager,,N,1000002735101001,2025-04-16,2099-12-31,
2000004620,Jk(b) Phenotype,,gstt_iclinicalmanager,,N,4000004157101001,2025-04-16,2099-12-31,
2000004619,Complement Deficiency.,,gstt_iclinicalmanager,,N,3000001352101001,2025-04-16,2099-12-31,
2000004621,Aspiration Cyst (Radiology),,gstt_iclinicalmanager,,N,6000001210101001,2025-04-16,2099-12-31,
2000004623,Calcium Calculus,,gstt_iclinicalmanager,,N,2000001183101001,2025-04-16,2099-12-31,
2000004622,Arteriogram - Th,,gstt_iclinicalmanager,,N,9000001205101001,2025-04-16,2099-12-31,
2000004624,Varicogram leg Lt,,gstt_iclinicalmanager,,N,1033101001,2025-04-16,2099-12-31,
2000004625,Ankle Swab,,gstt_iclinicalmanager,,N,7000001252101001,2025-04-16,2099-12-31,
2000001206,GBM antibodies (ELISA),,gstt_iclinicalmanager,,N,1142101001,2025-04-16,2099-12-31,
2000004626,Factor VIII (3 Hour post),,gstt_iclinicalmanager,,N,1380101001,2025-04-16,2099-12-31,
2000004627,IgVH Mutation Blood,,gstt_iclinicalmanager,,N,1000002406101001,2025-04-16,2099-12-31,
2000004628,Ampicilloyl Allergen,,gstt_iclinicalmanager,,N,7000003336101001,2025-04-16,2099-12-31,
2000004629,Kp(b) Phenotype,,gstt_iclinicalmanager,,N,1000004158101001,2025-04-16,2099-12-31,
2000004630,MIBG Iodine 131 Wholebody Scan - N Med,,gstt_iclinicalmanager,,N,4000003054101001,2025-04-16,2099-12-31,
2000004631,Coil insertion Breast Lt - US,,gstt_iclinicalmanager,,N,1000002460101001,2025-04-16,2099-12-31,
2000004632,NCPRP334,,gstt_iclinicalmanager,,N,1000003676101001,2025-04-16,2099-12-31,
2000004633,Chub Mackerel Allergen,,gstt_iclinicalmanager,,N,5000002418101001,2025-04-16,2099-12-31,
2000004634,5-methyltetrahydrofolate (CSF),,gstt_iclinicalmanager,,N,1000003175101001,2025-04-16,2099-12-31,
2000004635,MRSA Screen Admission- Other Specimen,,gstt_iclinicalmanager,,N,4000001875101001,2025-04-16,2099-12-31,
2000004636,ABL Kinase Mutations Blood,,gstt_iclinicalmanager,,N,6000002406101001,2025-04-16,2099-12-31,
2000004637,49999,,gstt_iclinicalmanager,,N,2000001269101001,2025-04-16,2099-12-31,
2000004638,CD40 Expression,,gstt_iclinicalmanager,,N,8000003374101001,2025-04-16,2099-12-31,
2000004639,Human Herpes virus serology,,gstt_iclinicalmanager,,N,1000003002101001,2025-04-16,2099-12-31,
2000004640,POCT Partial Pressure of O2 (P50),,gstt_iclinicalmanager,,N,3000004388101001,2025-04-16,2099-12-31,
2000004642,Kidney Right with Contrast - US,,gstt_iclinicalmanager,,N,3000004044101001,2025-04-16,2099-12-31,
2000004641,7271,,gstt_iclinicalmanager,,N,1000001297101001,2025-04-16,2099-12-31,
2000004643,Antibody Specificity 5,,gstt_iclinicalmanager,,N,8000001199101001,2025-04-16,2099-12-31,
2000004644,Swordfish Xiphias Gladius Allergen,,gstt_iclinicalmanager,,N,6000003351101001,2025-04-16,2099-12-31,
2000004645,vWF Antigen (2Hours),,gstt_iclinicalmanager,,N,8000001574101001,2025-04-16,2099-12-31,
2000004646,Homovanillic Acid Level Urine,,gstt_iclinicalmanager,,N,2000001106101001,2025-04-16,2099-12-31,
2000004647,Hysterectomy Swab,,gstt_iclinicalmanager,,N,5000001101101001,2025-04-16,2099-12-31,
2000004648,Breast Hera - N Med Research,,gstt_iclinicalmanager,,N,5000001427101001,2025-04-16,2099-12-31,
2000004649,HLA Class I Disease Associated,,gstt_iclinicalmanager,,N,2000001439101001,2025-04-16,2099-12-31,
2000004650,Mint Mentha Piperita Allergen,,gstt_iclinicalmanager,,N,1000003345101001,2025-04-16,2099-12-31,
2000000348,Abdomen erect & supine - X-Ray,,gstt_iclinicalmanager,,N,7000001188101001,2025-04-16,2099-12-31,
2000004652,HLA DR6,,gstt_iclinicalmanager,,N,1000001439101001,2025-04-16,2099-12-31,
2000004651,CFT for Nerve Homogenate,,gstt_iclinicalmanager,,N,5000001221101001,2025-04-16,2099-12-31,
2000004653,Aspartate Level Urine,,gstt_iclinicalmanager,,N,3000001207101001,2025-04-16,2099-12-31,
2000004654,Adenosine Deaminase,,gstt_iclinicalmanager,,N,3322101001,2025-04-16,2099-12-31,
2000004655,Varicogram leg Rt,,gstt_iclinicalmanager,,N,1000001033101001,2025-04-16,2099-12-31,
2000004656,GFR calculated,,gstt_iclinicalmanager,,N,8000001192290001,2025-04-16,2099-12-31,
2000004658,Contrast enhanced mammography both breasts,,gstt_iclinicalmanager,,N,3000004093101001,2025-04-16,2099-12-31,
2000004657,CESM Left Breast,,gstt_iclinicalmanager,,N,8000003487101001,2025-04-16,2099-12-31,
2000004659,Scanora + X Section Tomos - Dental,,gstt_iclinicalmanager,,N,3000001921101001,2025-04-16,2099-12-31,
2000004660,Arthrogram shoulder Rt - MRI,,gstt_iclinicalmanager,,N,1690101001,2025-04-16,2099-12-31,
2000004661,Delta virus IgG,,gstt_iclinicalmanager,,N,8000001154101001,2025-04-16,2099-12-31,
2000004662,T27,,gstt_iclinicalmanager,,N,1000003729101001,2025-04-16,2099-12-31,
2000004664,NCPRP348,,gstt_iclinicalmanager,,N,1000003964101001,2025-04-16,2099-12-31,
2000004663,Leg Ulcer Swab,,gstt_iclinicalmanager,,N,1000001371101001,2025-04-16,2099-12-31,
2000004665,Breast Fusion Right - US,,gstt_iclinicalmanager,,N,7000003067101001,2025-04-16,2099-12-31,
2000004666,Atenolol Level,,gstt_iclinicalmanager,,N,9000001210101001,2025-04-16,2099-12-31,
2000004667,Fennel Seed Foeniculum Vulgare Allergen,,gstt_iclinicalmanager,,N,9000003350101001,2025-04-16,2099-12-31,
2000004668,Hep A Abs.,,gstt_iclinicalmanager,,N,9000001104101001,2025-04-16,2099-12-31,
2000004670,St John's Dermatology Throat Swab,,gstt_iclinicalmanager,,N,1000001301101001,2025-04-16,2099-12-31,
2000004669,Brain perfusion study - CT,,gstt_iclinicalmanager,,N,6000002734101001,2025-04-16,2099-12-31,
2000004671,Sputum - MRSA,,gstt_iclinicalmanager,,N,7000001020101001,2025-04-16,2099-12-31,
2000004673,Maize Corn Zea Mays Allergen,,gstt_iclinicalmanager,,N,5000003326101001,2025-04-16,2099-12-31,
2000004672,Cockroach American Periplan. Allergen,,gstt_iclinicalmanager,,N,9000003352101001,2025-04-16,2099-12-31,
2000004674,VA Mammotomy Both stereotactic guided,,gstt_iclinicalmanager,,N,4000002721101001,2025-04-16,2099-12-31,
2000004676,Sleep Clinic - Paediatric Urgent Study,,gstt_iclinicalmanager,,N,1000004104101001,2025-04-16,2099-12-31,
2000004675,Basil Allergen,,gstt_iclinicalmanager,,N,2000003351101001,2025-04-16,2099-12-31,
2000004677,Glucose - Wrong Specimen,,gstt_iclinicalmanager,,N,1000001113101001,2025-04-16,2099-12-31,
2000004679,MPEHB,,gstt_iclinicalmanager,,N,1000003933101001,2025-04-16,2099-12-31,
2000004678,Alpha Foetoprotein Level Fluid,,gstt_iclinicalmanager,,N,4000001196101001,2025-04-16,2099-12-31,
2000004680,BAL for AFB including PCR,,gstt_iclinicalmanager,,N,1000001741101001,2025-04-16,2099-12-31,
2000004681,Cardamon Elettaria Cardamomum Allergen,,gstt_iclinicalmanager,,N,8000003337101001,2025-04-16,2099-12-31,
2000004682,Kidney Both with Contrast - US,,gstt_iclinicalmanager,,N,1000004044101001,2025-04-16,2099-12-31,
2000004683,Carotid DSA - Th,,gstt_iclinicalmanager,,N,9000001164101001,2025-04-16,2099-12-31,
2000004685,T Cell Clonality - Bone Marrow,,gstt_iclinicalmanager,,N,3000002121101001,2025-04-16,2099-12-31,
2000004684,Faecal Coproporphyrin Level,,gstt_iclinicalmanager,,N,5000001140101001,2025-04-16,2099-12-31,
2000004686,Myelogram,,gstt_iclinicalmanager,,N,9000001047101001,2025-04-16,2099-12-31,
2000004688,Vitamin D .,,gstt_iclinicalmanager,,N,4000002424101001,2025-04-16,2099-12-31,
2000004687,Horse Fly Allergen,,gstt_iclinicalmanager,,N,6000003339101001,2025-04-16,2099-12-31,
2000004689,Chitotriosidase,,gstt_iclinicalmanager,,N,3000003291101001,2025-04-16,2099-12-31,
2000004690,Cone Beam Right Ear Ossicles,,gstt_iclinicalmanager,,N,7000002293101001,2025-04-16,2099-12-31,
2000004691,Desmethylclobazam Level,,gstt_iclinicalmanager,,N,3000003407101001,2025-04-16,2099-12-31,
2000004692,Guided aspiration kidney - US,,gstt_iclinicalmanager,,N,2000002752101001,2025-04-16,2099-12-31,
2000004693,Clobazam Level,,gstt_iclinicalmanager,,N,2000003407101001,2025-04-16,2099-12-31,
2000004694,US - Special,,gstt_iclinicalmanager,,N,1000001009101001,2025-04-16,2099-12-31,
2000004695,Prosthetic Aortic Valve,,gstt_iclinicalmanager,,N,3000001082101001,2025-04-16,2099-12-31,
2000004697,Ribosomal Antibody,,gstt_iclinicalmanager,,N,8000001091101001,2025-04-16,2099-12-31,
2000004696,IA DSA Bronchial Arteriogram,,gstt_iclinicalmanager,,N,9000001101101001,2025-04-16,2099-12-31,
2000004698,Scanora DPT - Dental,,gstt_iclinicalmanager,,N,1000001921101001,2025-04-16,2099-12-31,
2000004700,Z12,,gstt_iclinicalmanager,,N,4000003725101001,2025-04-16,2099-12-31,
2000004699,NCPRP375,,gstt_iclinicalmanager,,N,1000003993101001,2025-04-16,2099-12-31,
2000004701,INSCHEST,,gstt_iclinicalmanager,,N,1000002110101001,2025-04-16,2099-12-31,
2000004702,Bone Marrow.,,gstt_iclinicalmanager,,N,6000001635101001,2025-04-16,2099-12-31,
2000004703,Removal of K wire - Th,,gstt_iclinicalmanager,,N,6000001087101001,2025-04-16,2099-12-31,
2000004704,Rape Allergen,,gstt_iclinicalmanager,,N,3000003341101001,2025-04-16,2099-12-31,
2000004706,"Plantain (English), Ribwort Allergen",,gstt_iclinicalmanager,,N,9000003347101001,2025-04-16,2099-12-31,
2000004705,Pancreatic Islet Cell Ab,,gstt_iclinicalmanager,,N,1000001047101001,2025-04-16,2099-12-31,
2000004707,NCPR343C,,gstt_iclinicalmanager,,N,1000003962101001,2025-04-16,2099-12-31,
2000004709,Oil Palm Elaeis Guineensis Allergen,,gstt_iclinicalmanager,,N,2000003354101001,2025-04-16,2099-12-31,
2000004708,FLT3ITD Mutation Blood,,gstt_iclinicalmanager,,N,2000002406101001,2025-04-16,2099-12-31,
2000004710,Breast - MRI Trial,,gstt_iclinicalmanager,,N,3000003067101001,2025-04-16,2099-12-31,
2000004712,HLA Class I and Class II Type,,gstt_iclinicalmanager,,N,2000002425101001,2025-04-16,2099-12-31,
2000004711,Beta Carotene,,gstt_iclinicalmanager,,N,1000003243101001,2025-04-16,2099-12-31,
2000004713,Blasts.,,gstt_iclinicalmanager,,N,4000001849101001,2025-04-16,2099-12-31,
2000004715,Smith-Lemli-Opitz Syndrome - DHCR7 Gene (DNA Test),,gstt_iclinicalmanager,,N,8000003294101001,2025-04-16,2099-12-31,
2000004714,Coil insertion Breast Rt - US,,gstt_iclinicalmanager,,N,3000002460101001,2025-04-16,2099-12-31,
2000004716,NCPRP414,,gstt_iclinicalmanager,,N,1000004333101001,2025-04-16,2099-12-31,
2000004718,Ristocetin 1.0g/l,,gstt_iclinicalmanager,,N,4000001735101001,2025-04-16,2099-12-31,
2000004717,Kp(a) Phenotype,,gstt_iclinicalmanager,,N,4158101001,2025-04-16,2099-12-31,
2000004719,Surgical Pathology 3rd Addendum (Renal),,gstt_iclinicalmanager,,N,3000001356101001,2025-04-16,2099-12-31,
2000004720,BCRABL Screen BM,,gstt_iclinicalmanager,,N,2000002130101001,2025-04-16,2099-12-31,
2000004721,PTH level Left Bracgiocephalic Vein,,gstt_iclinicalmanager,,N,1000002181101001,2025-04-16,2099-12-31,
2000004722,USD - TMJ right US,,gstt_iclinicalmanager,,N,2000002059101001,2025-04-16,2099-12-31,
2000004723,Sole Allergen,,gstt_iclinicalmanager,,N,3372101001,2025-04-16,2099-12-31,
2000004724,UHYSTC,,gstt_iclinicalmanager,,N,1000002815101001,2025-04-16,2099-12-31,
2000004725,Paper Wasp (Recomb) Allergen,,gstt_iclinicalmanager,,N,6000003312101001,2025-04-16,2099-12-31,
2000004726,Fennel Fresh Allergen,,gstt_iclinicalmanager,,N,8000003331101001,2025-04-16,2099-12-31,
2000004727,Parsley Allergen,,gstt_iclinicalmanager,,N,9000003311101001,2025-04-16,2099-12-31,
2000004728,Osmolality Urine 11 hrs,,gstt_iclinicalmanager,,N,2000001793101001,2025-04-16,2099-12-31,
2000004730,Warning Message,,gstt_iclinicalmanager,,N,9000001037101001,2025-04-16,2099-12-31,
2000004729,Caulifl Brassica Oleracea Var. Allergen,,gstt_iclinicalmanager,,N,4000003351101001,2025-04-16,2099-12-31,
2000004731,"t(14;18) Translocation, Blood",,gstt_iclinicalmanager,,N,3000001783101001,2025-04-16,2099-12-31,
2000004732,Adult ACHD Focus Echocardiography,,gstt_iclinicalmanager,,N,2000004395101001,2025-04-16,2099-12-31,
2000004733,LGV PCR DNA Sample Source,,gstt_iclinicalmanager,,N,2000003711101001,2025-04-16,2099-12-31,
2000004734,NCPRP327,,gstt_iclinicalmanager,,N,1000003451101001,2025-04-16,2099-12-31,
2000004736,Guided RF ablation kidney Lt - CT,,gstt_iclinicalmanager,,N,1000002734101001,2025-04-16,2099-12-31,
2000004735,Breast - MRI (KCL Research),,gstt_iclinicalmanager,,N,5000003921101001,2025-04-16,2099-12-31,
2000004737,Sleep Clinic - Paediatric Polysomnography old,,gstt_iclinicalmanager,,N,5000002545101001,2025-04-16,2099-12-31,
2000000349,Faux pas hip Lt - X-ray,,gstt_iclinicalmanager,,N,7000001689101001,2025-04-16,2099-12-31,
2000004738,M18,,gstt_iclinicalmanager,,N,2000001291101001,2025-04-16,2099-12-31,
2000004739,Sucrose Lysis Test,,gstt_iclinicalmanager,,N,7000001023101001,2025-04-16,2099-12-31,
2000004740,Tinzaparin Sodium (Innohep),,gstt_iclinicalmanager,,N,1000003501101001,2025-04-16,2099-12-31,
2000004741,CCOILC,,gstt_iclinicalmanager,,N,1000002091101001,2025-04-16,2099-12-31,
2000004742,Lymphogranuloma Venereum (LGV) DNA,,gstt_iclinicalmanager,,N,1000003711101001,2025-04-16,2099-12-31,
2000004743,PTH level Right Internal Jugular,,gstt_iclinicalmanager,,N,6000002182101001,2025-04-16,2099-12-31,
2000004744,Quetiapine Level,,gstt_iclinicalmanager,,N,2335101001,2025-04-16,2099-12-31,
2000004746,NCPRP304,,gstt_iclinicalmanager,,N,1000003452101001,2025-04-16,2099-12-31,
2000004745,7277,,gstt_iclinicalmanager,,N,1000001301101001,2025-04-16,2099-12-31,
2000004747,Neck & thorax & abdomen - CT,,gstt_iclinicalmanager,,N,3000002732101001,2025-04-16,2099-12-31,
2000004748,Breast - MRI Guided Core Biopsy Left,,gstt_iclinicalmanager,,N,2000003269101001,2025-04-16,2099-12-31,
2000004749,Height,,gstt_iclinicalmanager,,N,8000001127290001,2025-04-16,2099-12-31,
2000004750,Chicken Feathers Allergen,,gstt_iclinicalmanager,,N,7000003324101001,2025-04-16,2099-12-31,
2000004751,Acanthamoeba Investigations,,gstt_iclinicalmanager,,N,1000003753101001,2025-04-16,2099-12-31,
2000004752,Clozapine,,gstt_iclinicalmanager,,N,3000002334101001,2025-04-16,2099-12-31,
2000004753,Guided injection hand Both - US,,gstt_iclinicalmanager,,N,2000003616101001,2025-04-16,2099-12-31,
2000004755,PTH level Superior Vena Cava,,gstt_iclinicalmanager,,N,1000002182101001,2025-04-16,2099-12-31,
2000004754,IV DSA Arm,,gstt_iclinicalmanager,,N,4000001110101001,2025-04-16,2099-12-31,
2000004756,Intrinsic Factor Antibodies.,,gstt_iclinicalmanager,,N,1000001060101001,2025-04-16,2099-12-31,
2000004758,Umbilical Swab.,,gstt_iclinicalmanager,,N,2000001448101001,2025-04-16,2099-12-31,
2000004757,ANCA Titre,,gstt_iclinicalmanager,,N,4000001198101001,2025-04-16,2099-12-31,
2000004759,X521,,gstt_iclinicalmanager,,N,2000003734101001,2025-04-16,2099-12-31,
2000004761,Tricuspid Valve Tissue,,gstt_iclinicalmanager,,N,3000001004101001,2025-04-16,2099-12-31,
2000004760,Platelet Fibrinogen,,gstt_iclinicalmanager,,N,1000001077101001,2025-04-16,2099-12-31,
2000004762,Smooth Muscle Antibody Titre,,gstt_iclinicalmanager,,N,9000001018101001,2025-04-16,2099-12-31,
2000004763,Mid-stream Urine.,,gstt_iclinicalmanager,,N,3000001070101001,2025-04-16,2099-12-31,
2000004764,Sheep Milk Allergen,,gstt_iclinicalmanager,,N,9000003371101001,2025-04-16,2099-12-31,
2000004765,Amitryptiline Level,,gstt_iclinicalmanager,,N,8000001196101001,2025-04-16,2099-12-31,
2000004766,Arterial stent Carotid Rt,,gstt_iclinicalmanager,,N,8000002751101001,2025-04-16,2099-12-31,
2000004767,Legionella pneumophila Abs,,gstt_iclinicalmanager,,N,4000002227101001,2025-04-16,2099-12-31,
2000004768,B-Hydroxybutyrate..,,gstt_iclinicalmanager,,N,2000002596101001,2025-04-16,2099-12-31,
2000004769,NCPRP351,,gstt_iclinicalmanager,,N,1000003690101001,2025-04-16,2099-12-31,
2000004770,Research Study - N Med,,gstt_iclinicalmanager,,N,1091101001,2025-04-16,2099-12-31,
2000004771,Urine protein creatinine,,gstt_iclinicalmanager,,N,8000001211290001,2025-04-16,2099-12-31,
2000004772,CSF Tau:Amyloid Beta Ratio,,gstt_iclinicalmanager,,N,4000004051101001,2025-04-16,2099-12-31,
2000004774,Urine - Other,,gstt_iclinicalmanager,,N,4000001030101001,2025-04-16,2099-12-31,
2000004773,"Food mix (cod, wheat, soybean, hazelnut) Allergen",,gstt_iclinicalmanager,,N,1000003356101001,2025-04-16,2099-12-31,
2000004775,Sulphite Level Urine,,gstt_iclinicalmanager,,N,9000001023101001,2025-04-16,2099-12-31,
2000004777,IV DSA Hepatic,,gstt_iclinicalmanager,,N,7000001110101001,2025-04-16,2099-12-31,
2000004776,Dog Recombinant Allergen (rCan f 2),,gstt_iclinicalmanager,,N,2000003350101001,2025-04-16,2099-12-31,
2000004778,Weed Pollen Mix 1 Allergen,,gstt_iclinicalmanager,,N,5000003309101001,2025-04-16,2099-12-31,
2000004779,NCPRP392,,gstt_iclinicalmanager,,N,1000004115101001,2025-04-16,2099-12-31,
2000004780,PTA Renal transplant,,gstt_iclinicalmanager,,N,4000001088101001,2025-04-16,2099-12-31,
2000004781,HIV-2  antibodies,,gstt_iclinicalmanager,,N,2000003231101001,2025-04-16,2099-12-31,
2000004782,Clavicle Both - CT,,gstt_iclinicalmanager,,N,3000002726101001,2025-04-16,2099-12-31,
2000004783,Unprocessed  Chlamydia/GC Screen,,gstt_iclinicalmanager,,N,1000002826101001,2025-04-16,2099-12-31,
2000004784,Breast Screening - MRI,,gstt_iclinicalmanager,,N,1000002452101001,2025-04-16,2099-12-31,
2000004786,pH,,gstt_iclinicalmanager,,N,3000001032290001,2025-04-16,2099-12-31,
2000004785,Plts,,gstt_iclinicalmanager,,N,4000001429290001,2025-04-16,2099-12-31,
2000004787,Unprocessed Kleihauer,,gstt_iclinicalmanager,,N,4000001336101001,2025-04-16,2099-12-31,
2000004789,Upper obl Occlusal left - Dental,,gstt_iclinicalmanager,,N,7000002075101001,2025-04-16,2099-12-31,
2000004788,Pulmonary Valve Tissue,,gstt_iclinicalmanager,,N,1000002989101001,2025-04-16,2099-12-31,
2000004790,Unprocessed Purine Test,,gstt_iclinicalmanager,,N,6000001317101001,2025-04-16,2099-12-31,
2000004791,Horse Chestnut Aesculus Hippo Allergen,,gstt_iclinicalmanager,,N,9000003373101001,2025-04-16,2099-12-31,
2000004792,NOTATE,,gstt_iclinicalmanager,,N,1000002918101001,2025-04-16,2099-12-31,
2000004793,Head & Neck Histopathology - Suspected Lymphoma.,,gstt_iclinicalmanager,,N,2000003279101001,2025-04-16,2099-12-31,
2000004794,IFN Gamma,,gstt_iclinicalmanager,,N,1000003322101001,2025-04-16,2099-12-31,
2000004795,PTH level Left Internal Jugular,,gstt_iclinicalmanager,,N,4000002181101001,2025-04-16,2099-12-31,
2000004796,Placental Alk Phosphatase Level,,gstt_iclinicalmanager,,N,5000001076101001,2025-04-16,2099-12-31,
2000004797,Arterial stent Carotid Lt,,gstt_iclinicalmanager,,N,7000002751101001,2025-04-16,2099-12-31,
2000004798,D.Pteronyssinus Allergen,,gstt_iclinicalmanager,,N,3000002241101001,2025-04-16,2099-12-31,
2000004799,Eggwhite IgG Allergen,,gstt_iclinicalmanager,,N,3000003312101001,2025-04-16,2099-12-31,
2000004800,Buttock both - MRI (KCL Scanner),,gstt_iclinicalmanager,,N,4000003908101001,2025-04-16,2099-12-31,
2000004801,Red Snapper Lutjanus Camp Allergen,,gstt_iclinicalmanager,,N,5000003311101001,2025-04-16,2099-12-31,
2000004802,RCI Referral Test 2 - Result,,gstt_iclinicalmanager,,N,8000004160101001,2025-04-16,2099-12-31,
2000004804,Glycophorin A Antibody,,gstt_iclinicalmanager,,N,1000001118101001,2025-04-16,2099-12-31,
2000004803,Adrenal Cortex Antibody,,gstt_iclinicalmanager,,N,1000001192101001,2025-04-16,2099-12-31,
2000004805,Budgerigar Feathers Allergen,,gstt_iclinicalmanager,,N,6000003350101001,2025-04-16,2099-12-31,
2000004807,Sleep Clinic - Paediatric Polysomnography old EXPIRED,,gstt_iclinicalmanager,,N,5000002545101001,2025-04-16,2099-12-31,
2000004806,PTH level Right Brachiocephalic Vein,,gstt_iclinicalmanager,,N,4000002184101001,2025-04-16,2099-12-31,
2000004808,EMA Conclusion,,gstt_iclinicalmanager,,N,2000004279101001,2025-04-16,2099-12-31,
2000004810,"t(14;18) Translocation, Misc Specimen",,gstt_iclinicalmanager,,N,3000001784101001,2025-04-16,2099-12-31,
2000004809,Femoral venogram bilateral,,gstt_iclinicalmanager,,N,8000001134101001,2025-04-16,2099-12-31,
2000004811,Originating Lab Number.......,,gstt_iclinicalmanager,,N,2000003049101001,2025-04-16,2099-12-31,
2000004812,CD22 Antibody,,gstt_iclinicalmanager,,N,9000001173101001,2025-04-16,2099-12-31,
2000004813,Extended Phenotype Comment,,gstt_iclinicalmanager,,N,7000004153101001,2025-04-16,2099-12-31,
2000004814,PTH Peripheral (PLS),,gstt_iclinicalmanager,,N,8000002184101001,2025-04-16,2099-12-31,
2000004815,Ovary Steroid Cells,,gstt_iclinicalmanager,,N,3000003305101001,2025-04-16,2099-12-31,
2000004816,Theophylline Level Saliva,,gstt_iclinicalmanager,,N,6000001028101001,2025-04-16,2099-12-31,
2000004817,NGFRREP,,gstt_iclinicalmanager,,N,1000001822101001,2025-04-16,2099-12-31,
2000004819,Milk Boiled Allergen,,gstt_iclinicalmanager,,N,5000003331101001,2025-04-16,2099-12-31,
2000004818,EMA Dye Binding,,gstt_iclinicalmanager,,N,1000004279101001,2025-04-16,2099-12-31,
2000004820,SmIgM Antibody..,,gstt_iclinicalmanager,,N,6000001755101001,2025-04-16,2099-12-31,
2000004822,NPM1 Mutation Blood,,gstt_iclinicalmanager,,N,4000002406101001,2025-04-16,2099-12-31,
2000004821,Crithidia DNA IgM Titre,,gstt_iclinicalmanager,,N,6000001159101001,2025-04-16,2099-12-31,
2000004823,Vitamin D3/D4,,gstt_iclinicalmanager,,N,4000002424101001,2025-04-16,2099-12-31,
2000004825,Sentinel node other - N Med,,gstt_iclinicalmanager,,N,3000002555101001,2025-04-16,2099-12-31,
2000004824,Guar (Guar Gum) Allergen,,gstt_iclinicalmanager,,N,3325101001,2025-04-16,2099-12-31,
2000004827,Parrot Serum Proteins (F+D),,gstt_iclinicalmanager,,N,7000003365101001,2025-04-16,2099-12-31,
2000004826,NCGENLVD,,gstt_iclinicalmanager,,N,1000003095101001,2025-04-16,2099-12-31,
2000004828,SmIgG Antibody..,,gstt_iclinicalmanager,,N,5000001755101001,2025-04-16,2099-12-31,
2000004830,NCPR305B,,gstt_iclinicalmanager,,N,1000003287101001,2025-04-16,2099-12-31,
2000004829,CD14 Antibody..,,gstt_iclinicalmanager,,N,4000001751101001,2025-04-16,2099-12-31,
2000004831,POCT Calculated Oxygen Saturation (sCO2(c)),,gstt_iclinicalmanager,,N,4000004388101001,2025-04-16,2099-12-31,
2000004832,Arthrogram Hip Rt - MRI,,gstt_iclinicalmanager,,N,2000001690101001,2025-04-16,2099-12-31,
2000004833,Cone Beam Left Ear Ossicles,,gstt_iclinicalmanager,,N,6000002293101001,2025-04-16,2099-12-31,
2000004834,Oregano Allergen,,gstt_iclinicalmanager,,N,5000003371101001,2025-04-16,2099-12-31,
2000004835,Crithidia DNA IgG Titre,,gstt_iclinicalmanager,,N,5000001159101001,2025-04-16,2099-12-31,
2000004837,VWF Collagen Binding (10 Minutes),,gstt_iclinicalmanager,,N,9000001423101001,2025-04-16,2099-12-31,
2000004836,SmIgD Antibody..,,gstt_iclinicalmanager,,N,4000001755101001,2025-04-16,2099-12-31,
2000004838,MRSA Screen - (Emergency Admission) other site/specimen,,gstt_iclinicalmanager,,N,5000002345101001,2025-04-16,2099-12-31,
2000004839,NCPRP379,,gstt_iclinicalmanager,,N,1000004305101001,2025-04-16,2099-12-31,
2000004840,PTH level Left Subclavian Vein,,gstt_iclinicalmanager,,N,8000002181101001,2025-04-16,2099-12-31,
2000004841,PTH Peripheral (PRIJ),,gstt_iclinicalmanager,,N,3000002185101001,2025-04-16,2099-12-31,
2000004843,Unprocessed Reticulocytes,,gstt_iclinicalmanager,,N,2000001274101001,2025-04-16,2099-12-31,
2000004842,Cat Serum Albumin Allergen,,gstt_iclinicalmanager,,N,5000003324101001,2025-04-16,2099-12-31,
2000004844,Transrectal Prostate - US (Urology use only),,gstt_iclinicalmanager,,N,5000004106101001,2025-04-16,2099-12-31,
2000004846,X48,,gstt_iclinicalmanager,,N,1000003733101001,2025-04-16,2099-12-31,
2000004845,IVSDC,,gstt_iclinicalmanager,,N,1000003686101001,2025-04-16,2099-12-31,
2000004847,Z35,,gstt_iclinicalmanager,,N,1000003740101001,2025-04-16,2099-12-31,
2000000350,Pelvis - gynae - US (Main X-ray),,gstt_iclinicalmanager,,N,5000001118101001,2025-04-16,2099-12-31,
2000004848,BP Systolic,,gstt_iclinicalmanager,,N,6000001007290001,2025-04-16,2099-12-31,
2000004849,Cabbage Allergen,,gstt_iclinicalmanager,,N,4000003331101001,2025-04-16,2099-12-31,
2000004850,PTH Peripheral (PLB),,gstt_iclinicalmanager,,N,2000002184101001,2025-04-16,2099-12-31,
2000004851,NM Brain F18 Fallypride PET CT,,gstt_iclinicalmanager,,N,4000002952101001,2025-04-16,2099-12-31,
2000004852,vWF Antigen (8 Hours),,gstt_iclinicalmanager,,N,1000001574101001,2025-04-16,2099-12-31,
2000004853,Midfoot Rt - CT,,gstt_iclinicalmanager,,N,7000002731101001,2025-04-16,2099-12-31,
2000004854,CVSDCL,,gstt_iclinicalmanager,,N,1000002095101001,2025-04-16,2099-12-31,
2000004855,PTH level Left Middle Internal Jug Vein,,gstt_iclinicalmanager,,N,6000002181101001,2025-04-16,2099-12-31,
2000004856,Breast - MRI Guided Core Biopsy Right,,gstt_iclinicalmanager,,N,3000003269101001,2025-04-16,2099-12-31,
2000004857,NCRES,,gstt_iclinicalmanager,,N,1000003244101001,2025-04-16,2099-12-31,
2000004858,PEFR,,gstt_iclinicalmanager,,N,9000001264290001,2025-04-16,2099-12-31,
2000004859,Arthrography (specify) - MRI,,gstt_iclinicalmanager,,N,7000001206101001,2025-04-16,2099-12-31,
2000004860,Midfoot Lt - CT,,gstt_iclinicalmanager,,N,6000002731101001,2025-04-16,2099-12-31,
2000004861,Total Cholesterol Random,,gstt_iclinicalmanager,,N,2000001247290001,2025-04-16,2099-12-31,
2000004862,Dog Serum Albumin Allergen,,gstt_iclinicalmanager,,N,4000003369101001,2025-04-16,2099-12-31,
2000004864,Treponemal Serology Comment.,,gstt_iclinicalmanager,,N,3000001879101001,2025-04-16,2099-12-31,
2000004863,Creatinine equal to or greater than 500 mol/l,,gstt_iclinicalmanager,,N,6000001161290001,2025-04-16,2099-12-31,
2000004865,Heinz Bodies,,gstt_iclinicalmanager,,N,9000001121101001,2025-04-16,2099-12-31,
2000004866,"B Cell Clonality, misc specimen",,gstt_iclinicalmanager,,N,5000001784101001,2025-04-16,2099-12-31,
2000004867,Toxoplasma DNA by PCR,,gstt_iclinicalmanager,,N,2000001004101001,2025-04-16,2099-12-31,
2000004868,PTH Peripheral (PLIJ),,gstt_iclinicalmanager,,N,6000002184101001,2025-04-16,2099-12-31,
2000004869,CD61 Antibody,,gstt_iclinicalmanager,,N,1000001171101001,2025-04-16,2099-12-31,
2000004870,NCPRP295,,gstt_iclinicalmanager,,N,1000003278101001,2025-04-16,2099-12-31,
2000004871,Arthrogram Hip Lt - MRI,,gstt_iclinicalmanager,,N,3000001690101001,2025-04-16,2099-12-31,
2000004873,XRABDM,,gstt_iclinicalmanager,,N,1000001891101001,2025-04-16,2099-12-31,
2000004872,PTH Peripheral Lft Mid Int Jug Vein,,gstt_iclinicalmanager,,N,1000002186101001,2025-04-16,2099-12-31,
2000004874,Hip with contrast Both - CT,,gstt_iclinicalmanager,,N,1000002729101001,2025-04-16,2099-12-31,
2000004875,BP Diastolic,,gstt_iclinicalmanager,,N,5000001007290001,2025-04-16,2099-12-31,
2000004876,Pleural Fluid (right),,gstt_iclinicalmanager,,N,5000001077101001,2025-04-16,2099-12-31,
2000004877,Clove Syzygium Aromaticum Allergen,,gstt_iclinicalmanager,,N,5000003344101001,2025-04-16,2099-12-31,
2000004879,Treponemal Serology Comment..,,gstt_iclinicalmanager,,N,4000001879101001,2025-04-16,2099-12-31,
2000004878,Papaya Allergen,,gstt_iclinicalmanager,,N,4000003364101001,2025-04-16,2099-12-31,
2000004880,Ham's Test,,gstt_iclinicalmanager,,N,7000001119101001,2025-04-16,2099-12-31,
2000004881,ADD25,,gstt_iclinicalmanager,,N,1000001709101001,2025-04-16,2099-12-31,
2000004883,Paper Wasp Allergen,,gstt_iclinicalmanager,,N,2000003320101001,2025-04-16,2099-12-31,
2000004882,Oxip Riboside Excretion Urine,,gstt_iclinicalmanager,,N,6000001769101001,2025-04-16,2099-12-31,
2000004884,PTH Peripheral Lft High Int Jug Vein,,gstt_iclinicalmanager,,N,9000002185101001,2025-04-16,2099-12-31,
2000004886,Thyme Thymus Vulgaris Allergen,,gstt_iclinicalmanager,,N,8000003310101001,2025-04-16,2099-12-31,
2000004885,PTH level Right Middle Internal Jug Vein,,gstt_iclinicalmanager,,N,7000002182101001,2025-04-16,2099-12-31,
2000004887,PTH level Left High Internal Jug Vein,,gstt_iclinicalmanager,,N,2000002181101001,2025-04-16,2099-12-31,
2000004888,PTH Peripheral Rt Mid Int Jug Vein,,gstt_iclinicalmanager,,N,4000002186101001,2025-04-16,2099-12-31,
2000004889,Vitamin D3/D4 END,,gstt_iclinicalmanager,,N,4000002424101001,2025-04-16,2099-12-31,
2000004890,"t(11;14) Translocation, Blood",,gstt_iclinicalmanager,,N,1000001783101001,2025-04-16,2099-12-31,
2000004891,Caffeine Level,,gstt_iclinicalmanager,,N,3000001182101001,2025-04-16,2099-12-31,
2000004892,NCPRP344,,gstt_iclinicalmanager,,N,1000003873101001,2025-04-16,2099-12-31,
2000004893,PTH level Right High Internal Jug Vein,,gstt_iclinicalmanager,,N,4000002182101001,2025-04-16,2099-12-31,
2000004894,ERCP Abandoned,,gstt_iclinicalmanager,,N,8000001144101001,2025-04-16,2099-12-31,
2000004896,Grapefruit allergen,,gstt_iclinicalmanager,,N,3000002248101001,2025-04-16,2099-12-31,
2000004895,Bumblebee Bombus Terrestris Allergen,,gstt_iclinicalmanager,,N,1000003346101001,2025-04-16,2099-12-31,
2000004897,ADD50,,gstt_iclinicalmanager,,N,1000001706101001,2025-04-16,2099-12-31,
2000004899,Peanut (Recomb) Allergen,,gstt_iclinicalmanager,,N,6000003311101001,2025-04-16,2099-12-31,
2000004898,Oxipurinol Excretion Urine,,gstt_iclinicalmanager,,N,8000001769101001,2025-04-16,2099-12-31,
2000004900,Vigabatrin Level,,gstt_iclinicalmanager,,N,1035101001,2025-04-16,2099-12-31,
2000004901,NCPRP303,,gstt_iclinicalmanager,,N,1000003431101001,2025-04-16,2099-12-31,
2000004902,SmIgG Antibody.,,gstt_iclinicalmanager,,N,1750101001,2025-04-16,2099-12-31,
2000004903,PTH Peripheral (PRS),,gstt_iclinicalmanager,,N,5000002185101001,2025-04-16,2099-12-31,
2000004904,Green Pepper (unripe seed) allergen,,gstt_iclinicalmanager,,N,3000002418101001,2025-04-16,2099-12-31,
2000004905,Ristocetin 0.75g/l,,gstt_iclinicalmanager,,N,3000001735101001,2025-04-16,2099-12-31,
2000004906,HLA DR/DQ Full-Type (Class II),,gstt_iclinicalmanager,,N,6000001439101001,2025-04-16,2099-12-31,
2000004908,Allop Riboside Excretion Urine,,gstt_iclinicalmanager,,N,4000001766101001,2025-04-16,2099-12-31,
2000004907,5520009,,gstt_iclinicalmanager,,N,2000001268101001,2025-04-16,2099-12-31,
2000004909,PTH Peripheral Rt High Int Jug Vein,,gstt_iclinicalmanager,,N,2000002186101001,2025-04-16,2099-12-31,
2000000351,Chest Apical view - X-Ray,,gstt_iclinicalmanager,,N,2000001873101001,2025-04-16,2099-12-31,
2000004911,PTH level Right Subclavian Vein,,gstt_iclinicalmanager,,N,9000002182101001,2025-04-16,2099-12-31,
2000004910,Budgerigar Serum Proteins (F+D) Allergen,,gstt_iclinicalmanager,,N,6000003352101001,2025-04-16,2099-12-31,
2000004912,USD - TMJ left US,,gstt_iclinicalmanager,,N,3000002059101001,2025-04-16,2099-12-31,
2000004914,Routine Innohep Anti-Xa 4HR,,gstt_iclinicalmanager,,N,8000001092101001,2025-04-16,2099-12-31,
2000004913,Originating Lab Number.....,,gstt_iclinicalmanager,,N,3000002488101001,2025-04-16,2099-12-31,
2000004915,Budgerigar Droppings Allergen,,gstt_iclinicalmanager,,N,9000003343101001,2025-04-16,2099-12-31,
2000004917,St John's Dermatology Ear Swab,,gstt_iclinicalmanager,,N,1000001645101001,2025-04-16,2099-12-31,
2000004916,Adult Bubble Echocardiography Study,,gstt_iclinicalmanager,,N,2000004393101001,2025-04-16,2099-12-31,
2000004918,Proctoscopy,,gstt_iclinicalmanager,,N,1000003656101001,2025-04-16,2099-12-31,
2000004920,Unprocessed FBC,,gstt_iclinicalmanager,,N,4000001273101001,2025-04-16,2099-12-31,
2000004919,OXIP/CRCL Ratio Urine,,gstt_iclinicalmanager,,N,7000001769101001,2025-04-16,2099-12-31,
2000004921,PTH Peripheral (PSVC),,gstt_iclinicalmanager,,N,8000002185101001,2025-04-16,2099-12-31,
2000004922,Allopurinol Excretion Urine,,gstt_iclinicalmanager,,N,5000001766101001,2025-04-16,2099-12-31,
2000004923,Urine Collection End Date,,gstt_iclinicalmanager,,N,6000001030101001,2025-04-16,2099-12-31,
2000004924,Gastrostomy Follow Up,,gstt_iclinicalmanager,,N,4000001141101001,2025-04-16,2099-12-31,
2000004926,VWF Collagen Binding (30 Minutes),,gstt_iclinicalmanager,,N,6000001424101001,2025-04-16,2099-12-31,
2000004925,Antenatal Titre Comment,,gstt_iclinicalmanager,,N,2000004151101001,2025-04-16,2099-12-31,
2000004927,Total hip replacement - Th,,gstt_iclinicalmanager,,N,1000001014101001,2025-04-16,2099-12-31,
2000004929,NCTCOO,,gstt_iclinicalmanager,,N,1000002870101001,2025-04-16,2099-12-31,
2000004928,Arthrogram (specify joint),,gstt_iclinicalmanager,,N,1206101001,2025-04-16,2099-12-31,
2000004930,W31,,gstt_iclinicalmanager,,N,1000001628101001,2025-04-16,2099-12-31,
2000004931,Ascaris Allergen,,gstt_iclinicalmanager,,N,4000003313101001,2025-04-16,2099-12-31,
2000004932,Ethosuximide Level,,gstt_iclinicalmanager,,N,7000001129101001,2025-04-16,2099-12-31,
2000004933,Cartilage Antibody,,gstt_iclinicalmanager,,N,8000001165101001,2025-04-16,2099-12-31,
2000004934,Osmolality Urine 12 hrs,,gstt_iclinicalmanager,,N,3000001793101001,2025-04-16,2099-12-31,
2000004935,Hep Be Ag.,,gstt_iclinicalmanager,,N,1103101001,2025-04-16,2099-12-31,
2000004936,SmIgM Antibody.,,gstt_iclinicalmanager,,N,1000001750101001,2025-04-16,2099-12-31,
2000004937,Osmolality 12 hrs,,gstt_iclinicalmanager,,N,5000001794101001,2025-04-16,2099-12-31,
2000004938,CSF Folate,,gstt_iclinicalmanager,,N,4000001333101001,2025-04-16,2099-12-31,
2000004939,Canary Bird Feathers Allergen,,gstt_iclinicalmanager,,N,6000003343101001,2025-04-16,2099-12-31,
2000004940,Rectal Swab (GUM only),,gstt_iclinicalmanager,,N,8000001086101001,2025-04-16,2099-12-31,
2000004942,Z11,,gstt_iclinicalmanager,,N,2000003727101001,2025-04-16,2099-12-31,
2000004941,CD103 Antibody,,gstt_iclinicalmanager,,N,5000001172101001,2025-04-16,2099-12-31,
2000004943,Paed Cardiac patent foramen ovale closure,,gstt_iclinicalmanager,,N,1000002904101001,2025-04-16,2099-12-31,
2000004945,Sunflower Helianthus Annuus Allergen,,gstt_iclinicalmanager,,N,7000003347101001,2025-04-16,2099-12-31,
2000004944,Canary Bird Droppings Allergen,,gstt_iclinicalmanager,,N,9000003336101001,2025-04-16,2099-12-31,
2000004946,POCT Alveolar-arterial Oxygen Gradient (A-aDO2),,gstt_iclinicalmanager,,N,5000004388101001,2025-04-16,2099-12-31,
2000004948,Translocation 15:17 MRD,,gstt_iclinicalmanager,,N,1000002125101001,2025-04-16,2099-12-31,
2000004947,Sodium 12 hrs,,gstt_iclinicalmanager,,N,9000001793101001,2025-04-16,2099-12-31,
2000004949,Pleural Fluid (left),,gstt_iclinicalmanager,,N,4000001077101001,2025-04-16,2099-12-31,
2000004951,Rat Urine Proteins Allergen,,gstt_iclinicalmanager,,N,6000003324101001,2025-04-16,2099-12-31,
2000004950,Malt Allergen,,gstt_iclinicalmanager,,N,8000003332101001,2025-04-16,2099-12-31,
2000004952,Oak Quercus Alba Allergen,,gstt_iclinicalmanager,,N,5000003321101001,2025-04-16,2099-12-31,
2000004954,PD Fluid Glucose Level,,gstt_iclinicalmanager,,N,4000001071101001,2025-04-16,2099-12-31,
2000004953,Duodenography,,gstt_iclinicalmanager,,N,3000001148101001,2025-04-16,2099-12-31,
2000000352,Chest oblique - X-Ray,,gstt_iclinicalmanager,,N,7000001175101001,2025-04-16,2099-12-31,
2000004955,Calcaneus Both - CT,,gstt_iclinicalmanager,,N,5000002725101001,2025-04-16,2099-12-31,
2000004957,Fire Ant Allergen,,gstt_iclinicalmanager,,N,7000003339101001,2025-04-16,2099-12-31,
2000004956,Factor IX (72 Hour post),,gstt_iclinicalmanager,,N,6000001378101001,2025-04-16,2099-12-31,
2000004958,Platelet vWF:Ag,,gstt_iclinicalmanager,,N,2000001077101001,2025-04-16,2099-12-31,
2000004959,Nortriptyline Level,,gstt_iclinicalmanager,,N,9000001043101001,2025-04-16,2099-12-31,
2000004960,T865,,gstt_iclinicalmanager,,N,1000004092101001,2025-04-16,2099-12-31,
2000004961,Guided biopsy pancreas - CT,,gstt_iclinicalmanager,,N,2000002733101001,2025-04-16,2099-12-31,
2000004963,Temporo-mandibular joint Both - CT,,gstt_iclinicalmanager,,N,3000002735101001,2025-04-16,2099-12-31,
2000004962,Interventional Radiology Referral - Paediatric,,gstt_iclinicalmanager,,N,1000004025101001,2025-04-16,2099-12-31,
2000004964,C ANCA,,gstt_iclinicalmanager,,N,2000001172290001,2025-04-16,2099-12-31,
2000004966,USDATE,,gstt_iclinicalmanager,,N,1000002499101001,2025-04-16,2099-12-31,
2000004965,Hep Be Ab.,,gstt_iclinicalmanager,,N,8000001103101001,2025-04-16,2099-12-31,
2000004967,"Meat mix (pork, beef, chicken) Allergen",,gstt_iclinicalmanager,,N,8000003369101001,2025-04-16,2099-12-31,
2000004968,6449001,,gstt_iclinicalmanager,,N,5000001267101001,2025-04-16,2099-12-31,
2000004969,VB1 (Urine),,gstt_iclinicalmanager,,N,5000001033101001,2025-04-16,2099-12-31,
2000004970,Tosseto Bleeding Score,,gstt_iclinicalmanager,,N,1000002979101001,2025-04-16,2099-12-31,
2000004971,CD16 Antibody,,gstt_iclinicalmanager,,N,1173101001,2025-04-16,2099-12-31,
2000004972,ADO,,gstt_iclinicalmanager,,N,1000003192101001,2025-04-16,2099-12-31,
2000004973,SmIgD Antibody.,,gstt_iclinicalmanager,,N,9000001749101001,2025-04-16,2099-12-31,
2000004974,COVID-19 KNOWN infection PCR Urine,,gstt_iclinicalmanager,,N,6000004194101001,2025-04-16,2099-12-31,
2000004975,Mouse Urine Proteins Allergen,,gstt_iclinicalmanager,,N,1000003310101001,2025-04-16,2099-12-31,
2000004976,Lower post obl Occlusal right - Dental,,gstt_iclinicalmanager,,N,9000002075101001,2025-04-16,2099-12-31,
2000004977,Blood Screen in Fluid (Chemical Path),,gstt_iclinicalmanager,,N,8000001178101001,2025-04-16,2099-12-31,
2000004978,CD41 Antibody..,,gstt_iclinicalmanager,,N,3000001752101001,2025-04-16,2099-12-31,
2000004979,NADDIM15,,gstt_iclinicalmanager,,N,1000002769101001,2025-04-16,2099-12-31,
2000004981,Varicella-zoster IgM,,gstt_iclinicalmanager,,N,8000001032101001,2025-04-16,2099-12-31,
2000004980,Hop (Fruit Cone) H.Lupulus Allergen,,gstt_iclinicalmanager,,N,7000003364101001,2025-04-16,2099-12-31,
2000004982,Cone Beam Facial Bones inc base of skull,,gstt_iclinicalmanager,,N,1000002290101001,2025-04-16,2099-12-31,
2000004983,Lymphangiogram Rt,,gstt_iclinicalmanager,,N,1052101001,2025-04-16,2099-12-31,
2000004984,Temporomandibular joint Both - CT,,gstt_iclinicalmanager,,N,3000002735101001,2025-04-16,2099-12-31,
2000004985,Urine albumin creatinine,,gstt_iclinicalmanager,,N,7000001211290001,2025-04-16,2099-12-31,
2000000353,Pericardial Tap - X-Ray,,gstt_iclinicalmanager,,N,1000001073101001,2025-04-16,2099-12-31,
2000004986,Vanilla Allergen,,gstt_iclinicalmanager,,N,3351101001,2025-04-16,2099-12-31,
2000004988,Mouse Epithelium Allergen,,gstt_iclinicalmanager,,N,7000003370101001,2025-04-16,2099-12-31,
2000004987,Anti 21-hydroxylase Ab,,gstt_iclinicalmanager,,N,9000003314101001,2025-04-16,2099-12-31,
2000004989,Brain spectroscopy - MRI,,gstt_iclinicalmanager,,N,9000001213101001,2025-04-16,2099-12-31,
2000004990,ENA  Anti -PL-4  Antibody,,gstt_iclinicalmanager,,N,2000002951101001,2025-04-16,2099-12-31,
2000004991,PTH Peripheral (PRB),,gstt_iclinicalmanager,,N,1000002185101001,2025-04-16,2099-12-31,
2000004992,ADD501,,gstt_iclinicalmanager,,N,3000003727101001,2025-04-16,2099-12-31,
2000004993,Forearm with contrast Lt - CT,,gstt_iclinicalmanager,,N,6000002727101001,2025-04-16,2099-12-31,
2000004994,MLULB_K,,gstt_iclinicalmanager,,N,1000003968101001,2025-04-16,2099-12-31,
2000004995,Transferrin Isoforms,,gstt_iclinicalmanager,,N,4000001637101001,2025-04-16,2099-12-31,
2000004997,MRSA Screen - (Emergency Admission) othe,,gstt_iclinicalmanager,,N,5000002345101001,2025-04-16,2099-12-31,
2000004996,"Food Citrus mix (orange, lemon, grapefruit, mandarin)  Allergen",,gstt_iclinicalmanager,,N,1000003307101001,2025-04-16,2099-12-31,
2000004998,Routine ORGARAN anti Xa,,gstt_iclinicalmanager,,N,1093101001,2025-04-16,2099-12-31,
2000005000,Save Volume,,gstt_iclinicalmanager,,N,9000001094101001,2025-04-16,2099-12-31,
2000004999,Protein S Antigen Free,,gstt_iclinicalmanager,,N,3000001089101001,2025-04-16,2099-12-31,
2000005001,NCPRP382,,gstt_iclinicalmanager,,N,1000004006101001,2025-04-16,2099-12-31,
2000005003,T49,,gstt_iclinicalmanager,,N,2000003728101001,2025-04-16,2099-12-31,
2000005002,Peppertree Schinus Molle Allergen,,gstt_iclinicalmanager,,N,3000003321101001,2025-04-16,2099-12-31,
2000005004,Joint - MRI (specify),,gstt_iclinicalmanager,,N,2000001056101001,2025-04-16,2099-12-31,
2000005006,Rat Epithelium Allergen,,gstt_iclinicalmanager,,N,8000003317101001,2025-04-16,2099-12-31,
2000005005,NCPRP346,,gstt_iclinicalmanager,,N,1000003961101001,2025-04-16,2099-12-31,
2000005007,Cone Beam CT Salivary glands with contrast,,gstt_iclinicalmanager,,N,9000002744101001,2025-04-16,2099-12-31,
2000005008,Platelet Refractorness (Follow up),,gstt_iclinicalmanager,,N,5000001439101001,2025-04-16,2099-12-31,
2000005009,Transpharyngeal TMJ Lt - Dental,,gstt_iclinicalmanager,,N,1000002082101001,2025-04-16,2099-12-31,
2000005010,Carob (E410) Ceratonia Siliqua Allergen,,gstt_iclinicalmanager,,N,7000003318101001,2025-04-16,2099-12-31,
2000005012,Free Foetal DNA Comment,,gstt_iclinicalmanager,,N,3000004154101001,2025-04-16,2099-12-31,
2000005011,CD38 Antibody..,,gstt_iclinicalmanager,,N,2000001753101001,2025-04-16,2099-12-31,
2000005013,Urethral Swab (GUM only),,gstt_iclinicalmanager,,N,2000001006101001,2025-04-16,2099-12-31,
2000005014,Blomia Tropicalis House Dust Mite Allergen,,gstt_iclinicalmanager,,N,1000003363101001,2025-04-16,2099-12-31,
2000005015,Caraway Carum Carvi Allergen,,gstt_iclinicalmanager,,N,1000003325101001,2025-04-16,2099-12-31,
2000005016,CHYBRID,,gstt_iclinicalmanager,,N,1000002404101001,2025-04-16,2099-12-31,
2000005018,t(14;18) Translocation,,gstt_iclinicalmanager,,N,3000001783101001,2025-04-16,2099-12-31,
2000005017,ISAC Allergen,,gstt_iclinicalmanager,,N,7000003315101001,2025-04-16,2099-12-31,
2000005019,Sage Salvia Officinalis Allergen,,gstt_iclinicalmanager,,N,2000003345101001,2025-04-16,2099-12-31,
2000005020,Liver spleen scan - N Med,,gstt_iclinicalmanager,,N,6000001063101001,2025-04-16,2099-12-31,
2000000354,Transit Study - X-Ray,,gstt_iclinicalmanager,,N,3000001015101001,2025-04-16,2099-12-31,
2000005021,Blood Glucose Random,,gstt_iclinicalmanager,,N,1248290001,2025-04-16,2099-12-31,
2000005022,Transplant Nephrostogram,,gstt_iclinicalmanager,,N,6000001015101001,2025-04-16,2099-12-31,
2000005023,Carotenes (total) Level,,gstt_iclinicalmanager,,N,8000001164101001,2025-04-16,2099-12-31,
2000005025,"MRSA Pooled Swabs - Nose, Axilla & Groin",,gstt_iclinicalmanager,,N,6000001054101001,2025-04-16,2099-12-31,
2000005024,Alcohol.,,gstt_iclinicalmanager,,N,1000002238101001,2025-04-16,2099-12-31,
2000005026,C ANCA,,gstt_iclinicalmanager,,N,1171290001,2025-04-16,2099-12-31,
2000005027,24 hour urine protien,,gstt_iclinicalmanager,,N,6000001192290001,2025-04-16,2099-12-31,
2000005028,Sub-preputial Swab,,gstt_iclinicalmanager,,N,3000001023101001,2025-04-16,2099-12-31,
2000005029,Rash or Rubella-like illness Serology,,gstt_iclinicalmanager,,N,1000001086101001,2025-04-16,2099-12-31,
2000005031,NCPRP330,,gstt_iclinicalmanager,,N,1000003793101001,2025-04-16,2099-12-31,
2000005030,Blood Spot TSH Level,,gstt_iclinicalmanager,,N,1000002528101001,2025-04-16,2099-12-31,
2000005032,NBL for AFB including PCR,,gstt_iclinicalmanager,,N,2000001741101001,2025-04-16,2099-12-31,
2000005033,ANC Booking Sample (Virology),,gstt_iclinicalmanager,,N,5000001534101001,2025-04-16,2099-12-31,
2000005034,SKGFR  & DMSA Tx - N Med Research,,gstt_iclinicalmanager,,N,2000001419101001,2025-04-16,2099-12-31,
2000005035,FLT3ITD Mutation Bone Marrow,,gstt_iclinicalmanager,,N,2407101001,2025-04-16,2099-12-31,
2000005037,NCPR305A,,gstt_iclinicalmanager,,N,1000003418101001,2025-04-16,2099-12-31,
2000005036,JC virus Abs,,gstt_iclinicalmanager,,N,5000001111101001,2025-04-16,2099-12-31,
2000005038,Jack Mackerel Scad Trachurus Allergen,,gstt_iclinicalmanager,,N,9000003338101001,2025-04-16,2099-12-31,
2000005039,Breast - MRI Research,,gstt_iclinicalmanager,,N,2000001214101001,2025-04-16,2099-12-31,
2000005040,NCPRP325,,gstt_iclinicalmanager,,N,1000003642101001,2025-04-16,2099-12-31,
2000005041,6700,,gstt_iclinicalmanager,,N,1000001332101001,2025-04-16,2099-12-31,
2000000355,Skull OM view - X-Ray,,gstt_iclinicalmanager,,N,1000001017101001,2025-04-16,2099-12-31,
2000005042,Immunoblot for Neuron Protein,,gstt_iclinicalmanager,,N,4000001233101001,2025-04-16,2099-12-31,
2000005043,5520007,,gstt_iclinicalmanager,,N,7000001268101001,2025-04-16,2099-12-31,
2000005044,Dynamic renal transplant w MAG3 - N Med,,gstt_iclinicalmanager,,N,1150101001,2025-04-16,2099-12-31,
2000005045,NCPR378C,,gstt_iclinicalmanager,,N,1000004064101001,2025-04-16,2099-12-31,
2000005047,NM Research to Quantify PDL1 Expression,,gstt_iclinicalmanager,,N,1000004264101001,2025-04-16,2099-12-31,
2000005046,Guided RF ablation kidney Rt - CT,,gstt_iclinicalmanager,,N,2000002734101001,2025-04-16,2099-12-31,
2000005048,rHev b 8 (recombinant MBP-) Allergen,,gstt_iclinicalmanager,,N,7000003348101001,2025-04-16,2099-12-31,
2000005049,ADD10,,gstt_iclinicalmanager,,N,1000001707101001,2025-04-16,2099-12-31,
2000005050,Prothrombin Time INR..,,gstt_iclinicalmanager,,N,1000001314101001,2025-04-16,2099-12-31,
2000005051,M13,,gstt_iclinicalmanager,,N,6000001270101001,2025-04-16,2099-12-31,
2000005052,Cockroach Oriental Blatta Or. Allergen,,gstt_iclinicalmanager,,N,1000003359101001,2025-04-16,2099-12-31,
2000005053,U04,,gstt_iclinicalmanager,,N,1000001282101001,2025-04-16,2099-12-31,
2000005054,5554315,,gstt_iclinicalmanager,,N,5000001185101001,2025-04-16,2099-12-31,
2000005056,Skull Lateral - Dental,,gstt_iclinicalmanager,,N,5000002061101001,2025-04-16,2099-12-31,
2000005055,ADD20001,,gstt_iclinicalmanager,,N,1000003745101001,2025-04-16,2099-12-31,
2000005057,Parathyroid delayed imaging - N Med,,gstt_iclinicalmanager,,N,1000001717101001,2025-04-16,2099-12-31,
2000005059,C5 Comment,,gstt_iclinicalmanager,,N,6000004118101001,2025-04-16,2099-12-31,
2000005058,Alpha-Lactal Allergen,,gstt_iclinicalmanager,,N,2000003318101001,2025-04-16,2099-12-31,
2000005061,Rise in creatinine. 30 % or creatinine clearance fall > 25%,,gstt_iclinicalmanager,,N,7000001161290001,2025-04-16,2099-12-31,
2000005060,Goose Feathers Allergen,,gstt_iclinicalmanager,,N,5000003363101001,2025-04-16,2099-12-31,
2000005062,Hexosaminidase - Tay-Sachs (Diagnostic),,gstt_iclinicalmanager,,N,6000003292101001,2025-04-16,2099-12-31,
2000005064,USCANOM,,gstt_iclinicalmanager,,N,1000002510101001,2025-04-16,2099-12-31,
2000005063,MRCLAUS,,gstt_iclinicalmanager,,N,1000002776101001,2025-04-16,2099-12-31,
2000005065,Factor IX (56 Hour post),,gstt_iclinicalmanager,,N,5000001380101001,2025-04-16,2099-12-31,
2000005066,Antibody Titre (Transplants),,gstt_iclinicalmanager,,N,1000003187101001,2025-04-16,2099-12-31,
2000005067,Unprocessed Kleihauer.,,gstt_iclinicalmanager,,N,6000001367101001,2025-04-16,2099-12-31,
2000005068,Hip - CT,,gstt_iclinicalmanager,,N,8000001123101001,2025-04-16,2099-12-31,
2000005070,Yttrium 90 somatostatin analogue scan - N Med,,gstt_iclinicalmanager,,N,2000002941101001,2025-04-16,2099-12-31,
2000005069,NM Cardiac rest gated N13 PET CT,,gstt_iclinicalmanager,,N,8000002954101001,2025-04-16,2099-12-31,
2000005071,Bioresource (Extra Bleed),,gstt_iclinicalmanager,,N,1000003412101001,2025-04-16,2099-12-31,
2000005072,Knee Left - MRI (KCL Research),,gstt_iclinicalmanager,,N,5000004284101001,2025-04-16,2099-12-31,
2000005073,Thoracic spine with contrast - CT,,gstt_iclinicalmanager,,N,8000002735101001,2025-04-16,2099-12-31,
2000005074,FHSG,,gstt_iclinicalmanager,,N,2000002815101001,2025-04-16,2099-12-31,
2000005076,Sleep Clinic - Paediatric Polysomnography with MSLT-EXPIRED,,gstt_iclinicalmanager,,N,7000002545101001,2025-04-16,2099-12-31,
2000005075,Insulin Receptor,,gstt_iclinicalmanager,,N,2000003335101001,2025-04-16,2099-12-31,
2000005077,Intra-Operative PTH sample 9,,gstt_iclinicalmanager,,N,9000002462101001,2025-04-16,2099-12-31,
2000005079,Bovine Lactoferrin Allergen,,gstt_iclinicalmanager,,N,2000003358101001,2025-04-16,2099-12-31,
2000005078,5554314,,gstt_iclinicalmanager,,N,4000001185101001,2025-04-16,2099-12-31,
2000000356,Cholecystogram - X-Ray,,gstt_iclinicalmanager,,N,1000001165101001,2025-04-16,2099-12-31,
2000005080,Alanine Transaminase Level Fluid,,gstt_iclinicalmanager,,N,6000001193101001,2025-04-16,2099-12-31,
2000005081,Perforin Expression,,gstt_iclinicalmanager,,N,7000003354101001,2025-04-16,2099-12-31,
2000005083,Z59,,gstt_iclinicalmanager,,N,1000003707101001,2025-04-16,2099-12-31,
2000005082,BK virus Abs,,gstt_iclinicalmanager,,N,5000001180101001,2025-04-16,2099-12-31,
2000005084,NCPR343H,,gstt_iclinicalmanager,,N,1000003963101001,2025-04-16,2099-12-31,
2000005086,IRFAB,,gstt_iclinicalmanager,,N,4000003739101001,2025-04-16,2099-12-31,
2000005085,Anti-diuretic Hormone Level,,gstt_iclinicalmanager,,N,6000001200101001,2025-04-16,2099-12-31,
2000000357,Whole Body /PM - X-ray,,gstt_iclinicalmanager,,N,1039101001,2025-04-16,2099-12-31,
2000005087,UKNEB,,gstt_iclinicalmanager,,N,1000002771101001,2025-04-16,2099-12-31,
2000005089,X50,,gstt_iclinicalmanager,,N,9000001285101001,2025-04-16,2099-12-31,
2000005088,Posterior Tibial Pulse,,gstt_iclinicalmanager,,N,4000001237290001,2025-04-16,2099-12-31,
2000005090,"MCADD Medium Chain Acyl-CoA Dehydrogenase Deficiency - C.985A>G common mutation (MCAD, ACADM)",,gstt_iclinicalmanager,,N,4000003293101001,2025-04-16,2099-12-31,
2000005092,Tunnelled Catheter (Pleurex) Insertion,,gstt_iclinicalmanager,,N,1000002337101001,2025-04-16,2099-12-31,
2000005091,NCPC11M,,gstt_iclinicalmanager,,N,1000003584101001,2025-04-16,2099-12-31,
2000005093,HMPAO SPECT - N Med,,gstt_iclinicalmanager,,N,4000001099101001,2025-04-16,2099-12-31,
2000005094,Forearm with contrast Rt - CT,,gstt_iclinicalmanager,,N,7000002727101001,2025-04-16,2099-12-31,
2000005095,Yttrium 90 somatostatin analogue therapy - N Med,,gstt_iclinicalmanager,,N,4000001040101001,2025-04-16,2099-12-31,
2000005096,Popliteal Pulse,,gstt_iclinicalmanager,,N,8000001236290001,2025-04-16,2099-12-31,
2000005097,ADD15,,gstt_iclinicalmanager,,N,1000001708101001,2025-04-16,2099-12-31,
2000005098,Urine Albumin Creatinine,,gstt_iclinicalmanager,,N,7000001211290001,2025-04-16,2099-12-31,
2000005099,Blood Cultures - Paediatric,,gstt_iclinicalmanager,,N,1000004178101001,2025-04-16,2099-12-31,
2000005101,PPD,,gstt_iclinicalmanager,,N,2000003322101001,2025-04-16,2099-12-31,
2000005100,4681,,gstt_iclinicalmanager,,N,1000001267101001,2025-04-16,2099-12-31,
2000005102,Angioplasty Peroneal Both,,gstt_iclinicalmanager,,N,3000003540101001,2025-04-16,2099-12-31,
2000005103,Pelvimetry - CT,,gstt_iclinicalmanager,,N,7000001071101001,2025-04-16,2099-12-31,
2000005104,Rat Serum Proteins Allergen,,gstt_iclinicalmanager,,N,2000003331101001,2025-04-16,2099-12-31,
2000005105,Routine Innohep Anti-Xa PRE,,gstt_iclinicalmanager,,N,9000001092101001,2025-04-16,2099-12-31,
2000005106,HLA A/B/C Single Locus(class I),,gstt_iclinicalmanager,,N,7000001439101001,2025-04-16,2099-12-31,
2000005107,Halibut Allergen,,gstt_iclinicalmanager,,N,5000003364101001,2025-04-16,2099-12-31,
2000005108,Walnut  Juglans Californica Allergen,,gstt_iclinicalmanager,,N,1000003360101001,2025-04-16,2099-12-31,
2000005109,Bones - MRI (specify),,gstt_iclinicalmanager,,N,7000001212101001,2025-04-16,2099-12-31,
2000005110,Research - CT,,gstt_iclinicalmanager,,N,2000002825101001,2025-04-16,2099-12-31,
2000005111,Inorganic Arsenic 3+,,gstt_iclinicalmanager,,N,2000004254101001,2025-04-16,2099-12-31,
2000005112,Timothy Phleum Pratense Allergen,,gstt_iclinicalmanager,,N,1000003333101001,2025-04-16,2099-12-31,
2000005114,Posterior Tibial Pulse,,gstt_iclinicalmanager,,N,3000001237290001,2025-04-16,2099-12-31,
2000005113,Pancreolauryl Test,,gstt_iclinicalmanager,,N,2000001684101001,2025-04-16,2099-12-31,
2000005115,NCPRP410,,gstt_iclinicalmanager,,N,1000004335101001,2025-04-16,2099-12-31,
2000005117,NPM1 Mutation Bone Marrow,,gstt_iclinicalmanager,,N,2000002407101001,2025-04-16,2099-12-31,
2000005116,Dorsalis Pedis Pulse,,gstt_iclinicalmanager,,N,1237290001,2025-04-16,2099-12-31,
2000005118,NCPRP338,,gstt_iclinicalmanager,,N,1000003699101001,2025-04-16,2099-12-31,
2000005120,Perchlorate discharge study - N Med,,gstt_iclinicalmanager,,N,6000001072101001,2025-04-16,2099-12-31,
2000005119,Dorsalis Pedis Pulse,,gstt_iclinicalmanager,,N,1000001237290001,2025-04-16,2099-12-31,
2000005121,MMA Arsenic Metabolite,,gstt_iclinicalmanager,,N,7000004254101001,2025-04-16,2099-12-31,
2000005123,t(11;14) Translocation,,gstt_iclinicalmanager,,N,1000001783101001,2025-04-16,2099-12-31,
2000005122,Lima Bean Phaseolus Lunatus Allergen,,gstt_iclinicalmanager,,N,4000003337101001,2025-04-16,2099-12-31,
2000005124,Height,,gstt_iclinicalmanager,,N,9000001127290001,2025-04-16,2099-12-31,
2000005125,Femoral Pulse,,gstt_iclinicalmanager,,N,4000001236290001,2025-04-16,2099-12-31,
2000005126,Other Examination - N Med,,gstt_iclinicalmanager,,N,1045101001,2025-04-16,2099-12-31,
2000005127,Common Millet Panicum Allergen,,gstt_iclinicalmanager,,N,3000003372101001,2025-04-16,2099-12-31,
2000005128,Abalone Haliotis Spp. Allergen,,gstt_iclinicalmanager,,N,9000003351101001,2025-04-16,2099-12-31,
2000005129,"Glycosaminoglycans and Oligosaccharides (mucopolysaccharidosis, mucolipidosis",,gstt_iclinicalmanager,,N,2000003292101001,2025-04-16,2099-12-31,
2000005130,PTH level Right Vertebral Vein,,gstt_iclinicalmanager,,N,1000002183101001,2025-04-16,2099-12-31,
2000005132,NM Cardiac rest gated FDG PET CT,,gstt_iclinicalmanager,,N,4000002954101001,2025-04-16,2099-12-31,
2000005131,Chromosomal Investigation PCR EDTA Blood,,gstt_iclinicalmanager,,N,2000001426101001,2025-04-16,2099-12-31,
2000005133,Guided injection knee Both - US,,gstt_iclinicalmanager,,N,7000003616101001,2025-04-16,2099-12-31,
2000005134,"Acid Esterase, Lysosomal Acid Lipase (Wolman, Cholesterol-Ester Storage)",,gstt_iclinicalmanager,,N,3000003289101001,2025-04-16,2099-12-31,
2000005135,Arsenobetaine (Dietary As),,gstt_iclinicalmanager,,N,4000004254101001,2025-04-16,2099-12-31,
2000005136,Anise Allergen,,gstt_iclinicalmanager,,N,2000003364101001,2025-04-16,2099-12-31,
2000005137,ENDOOO,,gstt_iclinicalmanager,,N,1000003562101001,2025-04-16,2099-12-31,
2000000358,Lateral foot - X-Ray,,gstt_iclinicalmanager,,N,9000001060101001,2025-04-16,2099-12-31,
2000005139,Lysozyme Allergen,,gstt_iclinicalmanager,,N,2000003373101001,2025-04-16,2099-12-31,
2000005138,Inorganic Arsenic 5+,,gstt_iclinicalmanager,,N,3000004254101001,2025-04-16,2099-12-31,
2000005140,NCPRP421,,gstt_iclinicalmanager,,N,1000004349101001,2025-04-16,2099-12-31,
2000005141,KCCT,,gstt_iclinicalmanager,,N,9000001056101001,2025-04-16,2099-12-31,
2000005142,Popliteal Pulse,,gstt_iclinicalmanager,,N,7000001236290001,2025-04-16,2099-12-31,
2000005143,Rabbit Urine Proteins Allergen,,gstt_iclinicalmanager,,N,3337101001,2025-04-16,2099-12-31,
2000005145,Pigeon Feathers Allergen,,gstt_iclinicalmanager,,N,8000003356101001,2025-04-16,2099-12-31,
2000005144,Femoral Pulse,,gstt_iclinicalmanager,,N,5000001236290001,2025-04-16,2099-12-31,
2000005146,BMI > 30,,gstt_iclinicalmanager,,N,1182290001,2025-04-16,2099-12-31,
2000005147,Femoral venogram Left/Right,,gstt_iclinicalmanager,,N,9000001134101001,2025-04-16,2099-12-31,
2000005148,"Food mix (almond, kiwi, melon, banana, grape) Allergen",,gstt_iclinicalmanager,,N,8000003323101001,2025-04-16,2099-12-31,
2000005149,Vitamins,,gstt_iclinicalmanager,,N,1000002329101001,2025-04-16,2099-12-31,
2000005150,DMA Arsenic Metabolite,,gstt_iclinicalmanager,,N,5000004254101001,2025-04-16,2099-12-31,
2000005151,Guided biopsy neck - CT,,gstt_iclinicalmanager,,N,7000002732101001,2025-04-16,2099-12-31,
2000005152,Testosterone 0900 HR Level,,gstt_iclinicalmanager,,N,1000002211101001,2025-04-16,2099-12-31,
2000005153,Cortisol 5 min,,gstt_iclinicalmanager,,N,2000001605101001,2025-04-16,2099-12-31,
2000005154,Grouper Epinephelus Spp. Allergen,,gstt_iclinicalmanager,,N,9000003325101001,2025-04-16,2099-12-31,
2000005155,Pigeon Serum Proteins Allergen,,gstt_iclinicalmanager,,N,7000003372101001,2025-04-16,2099-12-31,
2000000359,Finger - X-Ray.end,,gstt_iclinicalmanager,,N,3000001136101001,2025-04-16,2099-12-31,
2000005156,ACTH Level 5 min,,gstt_iclinicalmanager,,N,4000001191101001,2025-04-16,2099-12-31,
2000005158,Prolactin 10 min,,gstt_iclinicalmanager,,N,5000001604101001,2025-04-16,2099-12-31,
2000005157,CD28 Antibody.,,gstt_iclinicalmanager,,N,4000002578101001,2025-04-16,2099-12-31,
2000005159,NCPRP413,,gstt_iclinicalmanager,,N,1000004308101001,2025-04-16,2099-12-31,
2000005160,Cortisol 3 min,,gstt_iclinicalmanager,,N,1000001605101001,2025-04-16,2099-12-31,
2000005161,Vertebroplasty Multiple Levels,,gstt_iclinicalmanager,,N,1000002536101001,2025-04-16,2099-12-31,
2000005162,ACTH Left Petrosal Sinus 10 min,,gstt_iclinicalmanager,,N,7000001602101001,2025-04-16,2099-12-31,
2000005163,PTH level Left Superior Thyroid Vein,,gstt_iclinicalmanager,,N,9000002181101001,2025-04-16,2099-12-31,
2000005164,Prolactin Left Petrosal Sinus 10 min,,gstt_iclinicalmanager,,N,6000001601101001,2025-04-16,2099-12-31,
2000005165,UA CO2,,gstt_iclinicalmanager,,N,8000001007101001,2025-04-16,2099-12-31,
2000005166,ACTH Left Petrosal Sinus 3 min,,gstt_iclinicalmanager,,N,5000001602101001,2025-04-16,2099-12-31,
2000005167,Dynamic Sialogram - Dental,,gstt_iclinicalmanager,,N,1000002081101001,2025-04-16,2099-12-31,
2000005168,Antigenic FV ELISA Assay,,gstt_iclinicalmanager,,N,1201101001,2025-04-16,2099-12-31,
2000005169,ACTH Left Petrosal Sinus 5 min,,gstt_iclinicalmanager,,N,6000001602101001,2025-04-16,2099-12-31,
2000005170,Brachial plexus - CT,,gstt_iclinicalmanager,,N,3000002725101001,2025-04-16,2099-12-31,
2000005171,Prolactin Left Petrosal Sinus 3 min,,gstt_iclinicalmanager,,N,3000001601101001,2025-04-16,2099-12-31,
2000005173,Testosterone 1100 HR Level,,gstt_iclinicalmanager,,N,3000002211101001,2025-04-16,2099-12-31,
2000005172,CPVSI,,gstt_iclinicalmanager,,N,1000002097101001,2025-04-16,2099-12-31,
2000005174,Gastric delayed imaging - N Med,,gstt_iclinicalmanager,,N,2000001730101001,2025-04-16,2099-12-31,
2000005175,PTH level Left Inferior Thyroid Vein,,gstt_iclinicalmanager,,N,3000002181101001,2025-04-16,2099-12-31,
2000005176,Testosterone 1300 HR Level,,gstt_iclinicalmanager,,N,4000002211101001,2025-04-16,2099-12-31,
2000005177,Cervical Swab (GUM only),,gstt_iclinicalmanager,,N,7000001176101001,2025-04-16,2099-12-31,
2000005178,CD27 Antibody.,,gstt_iclinicalmanager,,N,2000002578101001,2025-04-16,2099-12-31,
2000005179,Vertebroplasty sacral - CT,,gstt_iclinicalmanager,,N,3000002736101001,2025-04-16,2099-12-31,
2000005180,Prolactin Left Petrosal Sinus 5 min,,gstt_iclinicalmanager,,N,5000001601101001,2025-04-16,2099-12-31,
2000005182,X52,,gstt_iclinicalmanager,,N,7000001285101001,2025-04-16,2099-12-31,
2000005181,Cortisol 10 min,,gstt_iclinicalmanager,,N,8000001603101001,2025-04-16,2099-12-31,
2000005183,ACTH Left Petrosal Sinus -5 min,,gstt_iclinicalmanager,,N,3000001602101001,2025-04-16,2099-12-31,
2000005184,Free Testosterone 0900 HR Level,,gstt_iclinicalmanager,,N,9000002211101001,2025-04-16,2099-12-31,
2000005185,PTH Peripheral (PLIF),,gstt_iclinicalmanager,,N,5000002184101001,2025-04-16,2099-12-31,
2000005186,M731,,gstt_iclinicalmanager,,N,2000003738101001,2025-04-16,2099-12-31,
2000005188,Tea Allergen,,gstt_iclinicalmanager,,N,9000003363101001,2025-04-16,2099-12-31,
2000005187,Factor VIII (5 Hour post),,gstt_iclinicalmanager,,N,1381101001,2025-04-16,2099-12-31,
2000005189,ACTH 3 min,,gstt_iclinicalmanager,,N,2000001602101001,2025-04-16,2099-12-31,
2000005191,vWF Antigen (24 Hours),,gstt_iclinicalmanager,,N,3000001574101001,2025-04-16,2099-12-31,
2000005190,Lateral Nasal Bone - Dental,,gstt_iclinicalmanager,,N,7000002060101001,2025-04-16,2099-12-31,
2000005192,Prolactin Left Petrosal Sinus 0 min,,gstt_iclinicalmanager,,N,2000001601101001,2025-04-16,2099-12-31,
2000005193,Chicken Serum Proteins Allergen,,gstt_iclinicalmanager,,N,7000003317101001,2025-04-16,2099-12-31,
2000005194,UNECK,,gstt_iclinicalmanager,,N,1000002797101001,2025-04-16,2099-12-31,
2000005195,Prolactin Left Petrosal Sinus -5 min,,gstt_iclinicalmanager,,N,1000001601101001,2025-04-16,2099-12-31,
2000005196,M50,,gstt_iclinicalmanager,,N,2000003736101001,2025-04-16,2099-12-31,
2000005197,PTH Peripheral Lft Int Thoracic Vein,,gstt_iclinicalmanager,,N,2186101001,2025-04-16,2099-12-31,
2000005198,XRCHOLCY,,gstt_iclinicalmanager,,N,5000003730101001,2025-04-16,2099-12-31,
2000005199,Dynamic renal transplant w DTPA - N Med,,gstt_iclinicalmanager,,N,9000001149101001,2025-04-16,2099-12-31,
2000005200,Gum Arabic (E414) Acacia Spp. Allergen,,gstt_iclinicalmanager,,N,4000003325101001,2025-04-16,2099-12-31,
2000005201,PTH Peripheral (PLV),,gstt_iclinicalmanager,,N,2185101001,2025-04-16,2099-12-31,
2000005202,ACTH Left Petrosal Sinus 0 min,,gstt_iclinicalmanager,,N,4000001602101001,2025-04-16,2099-12-31,
2000005203,Persimon (Sharon) Pyros Kaki Allergen,,gstt_iclinicalmanager,,N,5000003351101001,2025-04-16,2099-12-31,
2000005204,Prolactin 3 min,,gstt_iclinicalmanager,,N,3000001604101001,2025-04-16,2099-12-31,
2000005206,Heparin-AT binding (HAB) - Xa-inhibition,,gstt_iclinicalmanager,,N,2000003874101001,2025-04-16,2099-12-31,
2000005205,Cone Beam Orbits Both,,gstt_iclinicalmanager,,N,2000002292101001,2025-04-16,2099-12-31,
2000005207,ACTH -5 min,,gstt_iclinicalmanager,,N,1000001602101001,2025-04-16,2099-12-31,
2000005209,Unprocessed Fibrinogen,,gstt_iclinicalmanager,,N,2000001346101001,2025-04-16,2099-12-31,
2000005208,Testosterone 1700 HR Level,,gstt_iclinicalmanager,,N,6000002211101001,2025-04-16,2099-12-31,
2000005210,C. burnetii phase 1 CFT,,gstt_iclinicalmanager,,N,6000001181101001,2025-04-16,2099-12-31,
2000005211,Cortisol -5 min,,gstt_iclinicalmanager,,N,7000001603101001,2025-04-16,2099-12-31,
2000005212,PTH level Left Middle Thyroid Vein,,gstt_iclinicalmanager,,N,7000002181101001,2025-04-16,2099-12-31,
2000005214,Paed Atrial Septostomy,,gstt_iclinicalmanager,,N,1000002093101001,2025-04-16,2099-12-31,
2000005213,NCPRP316,,gstt_iclinicalmanager,,N,1000003523101001,2025-04-16,2099-12-31,
2000005215,Strontium therapy - N Med,,gstt_iclinicalmanager,,N,1000001023101001,2025-04-16,2099-12-31,
2000005217,Cow Dander Allergen,,gstt_iclinicalmanager,,N,8000003343101001,2025-04-16,2099-12-31,
2000005216,COVID-19 KNOWN Infection Serology,,gstt_iclinicalmanager,,N,8000004194101001,2025-04-16,2099-12-31,
2000005218,Prolactin -5 min,,gstt_iclinicalmanager,,N,2000001604101001,2025-04-16,2099-12-31,
2000005219,Green Bean Allergen,,gstt_iclinicalmanager,,N,8000002418101001,2025-04-16,2099-12-31,
2000005220,Testosterone 1500 HR Level,,gstt_iclinicalmanager,,N,5000002211101001,2025-04-16,2099-12-31,
2000005221,Lymphangiogram Lt,,gstt_iclinicalmanager,,N,9000001051101001,2025-04-16,2099-12-31,
2000005222,ACTH Level 10 min,,gstt_iclinicalmanager,,N,2000001191101001,2025-04-16,2099-12-31,
2000005223,Urine other/Unspecified,,gstt_iclinicalmanager,,N,6000001249101001,2025-04-16,2099-12-31,
2000005224,Prolactin 5 min,,gstt_iclinicalmanager,,N,4000001604101001,2025-04-16,2099-12-31,
2000000360,Subtalar joint Both - X-Ray,,gstt_iclinicalmanager,,N,1000002740101001,2025-04-16,2099-12-31,
2000005225,Dill Anethum Graveolens Allergen,,gstt_iclinicalmanager,,N,9000003337101001,2025-04-16,2099-12-31,
2000005226,ACTH Right Petrosal Sinus 0 min,,gstt_iclinicalmanager,,N,9000001602101001,2025-04-16,2099-12-31,
2000005227,"Meat mix (pork, beef, chicken, turkey) Allergen",,gstt_iclinicalmanager,,N,2000003330101001,2025-04-16,2099-12-31,
2000005228,Previous Antibody Titre - Antibody 2,,gstt_iclinicalmanager,,N,2000004160101001,2025-04-16,2099-12-31,
2000005230,Galactocerebrosidase (Krabbe Disease),,gstt_iclinicalmanager,,N,6000003291101001,2025-04-16,2099-12-31,
2000005229,Aorta Abdominal - MRA (KCL Scanner),,gstt_iclinicalmanager,,N,7000003908101001,2025-04-16,2099-12-31,
2000005231,Tspot,,gstt_iclinicalmanager,,N,7000003388101001,2025-04-16,2099-12-31,
2000005232,ABO Antibody Titre Comment,,gstt_iclinicalmanager,,N,4151101001,2025-04-16,2099-12-31,
2000005233,"t(11;14) Translocation, Bone Marrow",,gstt_iclinicalmanager,,N,6000001783101001,2025-04-16,2099-12-31,
2000005234,Prolactin Right Petrosal Sinus 10 min,,gstt_iclinicalmanager,,N,1000001604101001,2025-04-16,2099-12-31,
2000005236,Lysosomal Enzyme Screen - Hydrops - BLOOD,,gstt_iclinicalmanager,,N,1000003298101001,2025-04-16,2099-12-31,
2000005235,Cat Fish Ictalurus Punctatus Allergen,,gstt_iclinicalmanager,,N,1000003372101001,2025-04-16,2099-12-31,
2000005237,Synovial Fluid RA Latex,,gstt_iclinicalmanager,,N,4000001025101001,2025-04-16,2099-12-31,
2000005239,PTH level Right Superior Thyroid Vein,,gstt_iclinicalmanager,,N,2183101001,2025-04-16,2099-12-31,
2000005238,NCPRP390,,gstt_iclinicalmanager,,N,1000004097101001,2025-04-16,2099-12-31,
2000005240,Prosthetic Mitral Valve,,gstt_iclinicalmanager,,N,4000001082101001,2025-04-16,2099-12-31,
2000005242,Budgerigar Serum Proteins Allergen,,gstt_iclinicalmanager,,N,3357101001,2025-04-16,2099-12-31,
2000005241,Aspiration study - N Med,,gstt_iclinicalmanager,,N,8000001210101001,2025-04-16,2099-12-31,
2000005243,B Cell Clonality,,gstt_iclinicalmanager,,N,4000001783101001,2025-04-16,2099-12-31,
2000005244,Desmethyl Fluoxetine,,gstt_iclinicalmanager,,N,2000002334101001,2025-04-16,2099-12-31,
2000005245,Synovial Fluid Particle Aggreg,,gstt_iclinicalmanager,,N,2000001025101001,2025-04-16,2099-12-31,
2000005246,ACTH Right Petrosal Sinus 3 min,,gstt_iclinicalmanager,,N,1603101001,2025-04-16,2099-12-31,
2000005248,Prolactin Right Petrosal Sinus 5 min,,gstt_iclinicalmanager,,N,1602101001,2025-04-16,2099-12-31,
2000005247,Growth Hormone Level -15 min,,gstt_iclinicalmanager,,N,1000001116101001,2025-04-16,2099-12-31,
2000005249,ACTH Right Petrosal Sinus 10 min,,gstt_iclinicalmanager,,N,2000001603101001,2025-04-16,2099-12-31,
2000005250,NCPRP308,,gstt_iclinicalmanager,,N,1000003511101001,2025-04-16,2099-12-31,
2000005251,SHBG 0900 HR Level,,gstt_iclinicalmanager,,N,7000002211101001,2025-04-16,2099-12-31,
2000005252,"Food mix (wheat, oat, maize, sesame seed, buckwheat) Allergen",,gstt_iclinicalmanager,,N,8000003316101001,2025-04-16,2099-12-31,
2000005253,HLA B27 AND DR4,,gstt_iclinicalmanager,,N,2000001440101001,2025-04-16,2099-12-31,
2000005254,PTH level Left Internal Thoracic Vein,,gstt_iclinicalmanager,,N,5000002181101001,2025-04-16,2099-12-31,
2000005255,Prolactin Right Petrosal Sinus 0 min,,gstt_iclinicalmanager,,N,8000001601101001,2025-04-16,2099-12-31,
2000005257,PTH level Left Vertebral Vein,,gstt_iclinicalmanager,,N,2182101001,2025-04-16,2099-12-31,
2000005256,Bay Leaf Laurus Nobilis Allergen,,gstt_iclinicalmanager,,N,6000003344101001,2025-04-16,2099-12-31,
2000005258,Upper obl Occlusal right - Dental,,gstt_iclinicalmanager,,N,6000002075101001,2025-04-16,2099-12-31,
2000005260,UA Mapping,,gstt_iclinicalmanager,,N,5000001008101001,2025-04-16,2099-12-31,
2000005259,HRT Res - N Med Research,,gstt_iclinicalmanager,,N,3000001427101001,2025-04-16,2099-12-31,
2000005261,SmIgG Antibody,,gstt_iclinicalmanager,,N,8000001024101001,2025-04-16,2099-12-31,
2000005263,HLA A29,,gstt_iclinicalmanager,,N,2000001439101001,2025-04-16,2099-12-31,
2000005262,Gastric Parietal Cell Ab Titre,,gstt_iclinicalmanager,,N,6000001112101001,2025-04-16,2099-12-31,
2000005264,Immunoreactive Trypsin Level,,gstt_iclinicalmanager,,N,4000001108101001,2025-04-16,2099-12-31,
2000005265,Current Antibody Titre - Antibody 2,,gstt_iclinicalmanager,,N,9000004152101001,2025-04-16,2099-12-31,
2000005266,HLA A/B/C Antibody Screen (Class I),,gstt_iclinicalmanager,,N,9000001439101001,2025-04-16,2099-12-31,
2000005267,PTH Peripheral (PLMT),,gstt_iclinicalmanager,,N,7000002184101001,2025-04-16,2099-12-31,
2000005268,ADD200,,gstt_iclinicalmanager,,N,1000001720101001,2025-04-16,2099-12-31,
2000005269,"Alpha-N-acetylglucosaminidase Sanfilippo B, mucopolysaccharidosis type 3B,",,gstt_iclinicalmanager,,N,8000003289101001,2025-04-16,2099-12-31,
2000005270,NCPRP373,,gstt_iclinicalmanager,,N,1000004033101001,2025-04-16,2099-12-31,
2000005271,"t(14;18) Translocation, Lymph Node",,gstt_iclinicalmanager,,N,1784101001,2025-04-16,2099-12-31,
2000005272,ACTH 0900H,,gstt_iclinicalmanager,,N,1000001606101001,2025-04-16,2099-12-31,
2000005273,Blood Film for Haemostasis Morphology,,gstt_iclinicalmanager,,N,1000002457101001,2025-04-16,2099-12-31,
2000005274,T18,,gstt_iclinicalmanager,,N,4000003738101001,2025-04-16,2099-12-31,
2000005276,NCPR308M,,gstt_iclinicalmanager,,N,1000003512101001,2025-04-16,2099-12-31,
2000005275,Chlamydia and GC Comment Urine,,gstt_iclinicalmanager,,N,8000003456101001,2025-04-16,2099-12-31,
2000005277,Prolactin Right Petrosal Sinus 3 min,,gstt_iclinicalmanager,,N,9000001601101001,2025-04-16,2099-12-31,
2000005279,PTH Peripheral (PRST),,gstt_iclinicalmanager,,N,6000002185101001,2025-04-16,2099-12-31,
2000005278,Chlamydia and GC Comment Cervix,,gstt_iclinicalmanager,,N,5000003456101001,2025-04-16,2099-12-31,
2000005280,SmIgM Antibody,,gstt_iclinicalmanager,,N,9000001024101001,2025-04-16,2099-12-31,
2000005281,Derived Fibrinogen Screen..,,gstt_iclinicalmanager,,N,3000001314101001,2025-04-16,2099-12-31,
2000005282,PTH Peripheral (PLST),,gstt_iclinicalmanager,,N,9000002184101001,2025-04-16,2099-12-31,
2000005283,GENAN,,gstt_iclinicalmanager,,N,1000001756101001,2025-04-16,2099-12-31,
2000005285,Submandibular Gland Lt - Dental,,gstt_iclinicalmanager,,N,5000001923101001,2025-04-16,2099-12-31,
2000005284,ACTH Right Petrosal Sinus 5 min,,gstt_iclinicalmanager,,N,1000001603101001,2025-04-16,2099-12-31,
2000005286,T28,,gstt_iclinicalmanager,,N,2000003725101001,2025-04-16,2099-12-31,
2000005287,Trichomonas vaginalis RNA-TMA,,gstt_iclinicalmanager,,N,1000004313101001,2025-04-16,2099-12-31,
2000005288,Z07,,gstt_iclinicalmanager,,N,4000003727101001,2025-04-16,2099-12-31,
2000005289,SmIgD Antibody,,gstt_iclinicalmanager,,N,7000001024101001,2025-04-16,2099-12-31,
2000005291,NDEXMBC,,gstt_iclinicalmanager,,N,1000002412101001,2025-04-16,2099-12-31,
2000005290,Factor IX (76 Hour post),,gstt_iclinicalmanager,,N,7000001378101001,2025-04-16,2099-12-31,
2000005292,Schillings Test - N Med,,gstt_iclinicalmanager,,N,2000001802101001,2025-04-16,2099-12-31,
2000005293,Miscellaneous Microbiology Test,,gstt_iclinicalmanager,,N,1000002597101001,2025-04-16,2099-12-31,
2000005294,Spelt Wheat Triticum Spelta Allergen,,gstt_iclinicalmanager,,N,3318101001,2025-04-16,2099-12-31,
2000005295,Antibody Specificity - Antibody 2,,gstt_iclinicalmanager,,N,7000004151101001,2025-04-16,2099-12-31,
2000005297,NM F- Fluoride Bone Scan PET CT,,gstt_iclinicalmanager,,N,6000002953101001,2025-04-16,2099-12-31,
2000005296,Lower post obl Occlusal left - Dental,,gstt_iclinicalmanager,,N,8000002075101001,2025-04-16,2099-12-31,
2000005298,4211,,gstt_iclinicalmanager,,N,8000001270101001,2025-04-16,2099-12-31,
2000005300,Myeloperoxidase BM,,gstt_iclinicalmanager,,N,1048101001,2025-04-16,2099-12-31,
2000005299,ACTH Right Petrosal Sinus -5 min,,gstt_iclinicalmanager,,N,8000001602101001,2025-04-16,2099-12-31,
2000005301,Marjoram Origanum Majorana Allergen,,gstt_iclinicalmanager,,N,5000003318101001,2025-04-16,2099-12-31,
2000005302,Guided ablation laser - CT,,gstt_iclinicalmanager,,N,1000002730101001,2025-04-16,2099-12-31,
2000005304,NCPRP422,,gstt_iclinicalmanager,,N,1000004365101001,2025-04-16,2099-12-31,
2000005303,Cortisol 0900H,,gstt_iclinicalmanager,,N,2000001606101001,2025-04-16,2099-12-31,
2000005305,Factor IX (18 Hour post),,gstt_iclinicalmanager,,N,6000001377101001,2025-04-16,2099-12-31,
2000005307,W55,,gstt_iclinicalmanager,,N,1000001316101001,2025-04-16,2099-12-31,
2000005306,A DUMMY Order 2,,gstt_iclinicalmanager,,N,2000002604101001,2025-04-16,2099-12-31,
2000005308,Bronchogram Left,,gstt_iclinicalmanager,,N,4000001215101001,2025-04-16,2099-12-31,
2000005310,POCSAMP,,gstt_iclinicalmanager,,N,1000004287101001,2025-04-16,2099-12-31,
2000000361,Prostate brachythrpy seed count - X-Ray,,gstt_iclinicalmanager,,N,3000001577101001,2025-04-16,2099-12-31,
2000005309,IV DSA Aortogram,,gstt_iclinicalmanager,,N,1000001110101001,2025-04-16,2099-12-31,
2000005311,Vesicostomy Urine,,gstt_iclinicalmanager,,N,6000001034101001,2025-04-16,2099-12-31,
2000005312,re,,gstt_iclinicalmanager,,N,3000001142101001,2025-04-16,2099-12-31,
2000005314,PNP,,gstt_iclinicalmanager,,N,7000003314101001,2025-04-16,2099-12-31,
2000005313,Guided nephrostomy Rt - CT,,gstt_iclinicalmanager,,N,2733101001,2025-04-16,2099-12-31,
2000005315,Clauss Figrinogen..,,gstt_iclinicalmanager,,N,4000001309101001,2025-04-16,2099-12-31,
2000005316,Guava Psidium Guajava Allergen,,gstt_iclinicalmanager,,N,8000003357101001,2025-04-16,2099-12-31,
2000005317,"Pilchard, Sardine Allergen",,gstt_iclinicalmanager,,N,4000002418101001,2025-04-16,2099-12-31,
2000005318,Enoxaparin Sodium (Clexane). ENOSXA,,gstt_iclinicalmanager,,N,6000003299101001,2025-04-16,2099-12-31,
2000005319,Factor IX (12 Hour post),,gstt_iclinicalmanager,,N,5000001377101001,2025-04-16,2099-12-31,
2000005320,Mandarin Tangarine Clementine Allergen,,gstt_iclinicalmanager,,N,9000003357101001,2025-04-16,2099-12-31,
2000005321,SIJ quantification - N Med,,gstt_iclinicalmanager,,N,1000001016101001,2025-04-16,2099-12-31,
2000005323,Glucose 165 min,,gstt_iclinicalmanager,,N,5000001607101001,2025-04-16,2099-12-31,
2000005322,ADD1001,,gstt_iclinicalmanager,,N,1000003467101001,2025-04-16,2099-12-31,
2000005324,Wound Swab Knee,,gstt_iclinicalmanager,,N,2000003404101001,2025-04-16,2099-12-31,
2000005326,Insulin Human Allergen,,gstt_iclinicalmanager,,N,8000003330101001,2025-04-16,2099-12-31,
2000005325,Faecal Weight,,gstt_iclinicalmanager,,N,4000001133101001,2025-04-16,2099-12-31,
2000005327,MIBG delayed imaging - N Med,,gstt_iclinicalmanager,,N,3000001730101001,2025-04-16,2099-12-31,
2000005329,T21,,gstt_iclinicalmanager,,N,4000003728101001,2025-04-16,2099-12-31,
2000005328,Insert/PTC Wire,,gstt_iclinicalmanager,,N,1107101001,2025-04-16,2099-12-31,
2000005330,Cortisol 135 min,,gstt_iclinicalmanager,,N,4000001606101001,2025-04-16,2099-12-31,
2000005331,Eel Anguilla Allergen,,gstt_iclinicalmanager,,N,4000003318101001,2025-04-16,2099-12-31,
2000005332,Prolactin Right  Petrosal Sinus -5 min,,gstt_iclinicalmanager,,N,7000001601101001,2025-04-16,2099-12-31,
2000005333,T32,,gstt_iclinicalmanager,,N,1000003731101001,2025-04-16,2099-12-31,
2000005335,Tree Pollen Mix 7 Allergen,,gstt_iclinicalmanager,,N,9000003362101001,2025-04-16,2099-12-31,
2000005334,Cone Beam Left Maxillary Sinus,,gstt_iclinicalmanager,,N,9000002291101001,2025-04-16,2099-12-31,
2000005336,Pigeon Serum Proteins (F+D) Allergen,,gstt_iclinicalmanager,,N,8000003358101001,2025-04-16,2099-12-31,
2000005338,HLA/A/B/C/DR/DQ Ab ID (CI&CII),,gstt_iclinicalmanager,,N,3000001440101001,2025-04-16,2099-12-31,
2000005337,Arterial stent Carotid Both,,gstt_iclinicalmanager,,N,6000002751101001,2025-04-16,2099-12-31,
2000005339,NCPRP320,,gstt_iclinicalmanager,,N,1000003480101001,2025-04-16,2099-12-31,
2000005340,Moth Bombyx Mori Allergen,,gstt_iclinicalmanager,,N,3000003320101001,2025-04-16,2099-12-31,
2000005341,Toes Rt - CT,,gstt_iclinicalmanager,,N,6000002735101001,2025-04-16,2099-12-31,
2000005342,ENA Scl-70,,gstt_iclinicalmanager,,N,5000001146101001,2025-04-16,2099-12-31,
2000005344,Rye-grass Allergen,,gstt_iclinicalmanager,,N,6000003365101001,2025-04-16,2099-12-31,
2000005343,IAOH,,gstt_iclinicalmanager,,N,1000002086101001,2025-04-16,2099-12-31,
2000005345,Cortisol 1500H,,gstt_iclinicalmanager,,N,3000001609101001,2025-04-16,2099-12-31,
2000005346,Honey Bee Apis Mellifera Allergen,,gstt_iclinicalmanager,,N,4000003339101001,2025-04-16,2099-12-31,
2000005347,Tyrophagus Putrescentiae Storage Mite Allergen,,gstt_iclinicalmanager,,N,3000003324101001,2025-04-16,2099-12-31,
2000005348,Growth Hormone 165 min,,gstt_iclinicalmanager,,N,3000001608101001,2025-04-16,2099-12-31,
2000005349,Acarus Siro Storage Mite Allergen,,gstt_iclinicalmanager,,N,7000003309101001,2025-04-16,2099-12-31,
2000005350,NCPRP341,,gstt_iclinicalmanager,,N,1000003636101001,2025-04-16,2099-12-31,
2000005351,ADD5001,,gstt_iclinicalmanager,,N,4000003735101001,2025-04-16,2099-12-31,
2000005353,rHev b 6.02 (recombinant MBP-) Allergen,,gstt_iclinicalmanager,,N,2000003342101001,2025-04-16,2099-12-31,
2000005352,Shoulder -MRI,,gstt_iclinicalmanager,,N,2000001098101001,2025-04-16,2099-12-31,
2000005354,Glucose 135 min,,gstt_iclinicalmanager,,N,4000001607101001,2025-04-16,2099-12-31,
2000005355,Research Maraciclatide Integrin Expression in Pagets - N Med,,gstt_iclinicalmanager,,N,2000003628101001,2025-04-16,2099-12-31,
2000005356,ENDO11,,gstt_iclinicalmanager,,N,1000002465101001,2025-04-16,2099-12-31,
2000005357,Faecal Fat Level,,gstt_iclinicalmanager,,N,6000001140101001,2025-04-16,2099-12-31,
2000005358,Maple Leaf Sycamore London Allergen,,gstt_iclinicalmanager,,N,2000003362101001,2025-04-16,2099-12-31,
2000005360,PTH level Right Middle Thyroid Vein,,gstt_iclinicalmanager,,N,8000002182101001,2025-04-16,2099-12-31,
2000000362,Chest & abdomen - X-Ray,,gstt_iclinicalmanager,,N,1000002741101001,2025-04-16,2099-12-31,
2000005359,NCPRP404,,gstt_iclinicalmanager,,N,1000004366101001,2025-04-16,2099-12-31,
2000005361,Catheter placement,,gstt_iclinicalmanager,,N,1172101001,2025-04-16,2099-12-31,
2000005363,USGPA,,gstt_iclinicalmanager,,N,1000002796101001,2025-04-16,2099-12-31,
2000005362,ADAMTS-13 Rapid Screen,,gstt_iclinicalmanager,,N,1000004120101001,2025-04-16,2099-12-31,
2000005364,Bone Marrow Trephine,,gstt_iclinicalmanager,,N,7000001179101001,2025-04-16,2099-12-31,
2000005365,Beta-Glucosidase (Gaucher Disease),,gstt_iclinicalmanager,,N,5000003290101001,2025-04-16,2099-12-31,
2000005366,CD3 Stimulation of Lymphocytes,,gstt_iclinicalmanager,,N,6000003314101001,2025-04-16,2099-12-31,
2000005367,JC Polyomavirus DNA PCR,,gstt_iclinicalmanager,,N,4000001111101001,2025-04-16,2099-12-31,
2000005368,CASEP,,gstt_iclinicalmanager,,N,1000002093101001,2025-04-16,2099-12-31,
2000005369,Throat Swab (GUM only),,gstt_iclinicalmanager,,N,5000001029101001,2025-04-16,2099-12-31,
2000005370,Alkaline Phosphatase Level Fluid,,gstt_iclinicalmanager,,N,2000001195101001,2025-04-16,2099-12-31,
2000005372,PTH Peripheral (PRMT),,gstt_iclinicalmanager,,N,4000002185101001,2025-04-16,2099-12-31,
2000005371,Cortisol 165 min,,gstt_iclinicalmanager,,N,6000001606101001,2025-04-16,2099-12-31,
2000005373,Z04,,gstt_iclinicalmanager,,N,1000003728101001,2025-04-16,2099-12-31,
2000005374,Rabbit Serum Proteins Allergen,,gstt_iclinicalmanager,,N,9000003309101001,2025-04-16,2099-12-31,
2000005375,UODA,,gstt_iclinicalmanager,,N,1000002790101001,2025-04-16,2099-12-31,
2000005376,"Tripeptidyl Peptidase I (Neuronal Ceroid Lipofuscinosis type II, NCL2, Late-Infantile NCL)",,gstt_iclinicalmanager,,N,3295101001,2025-04-16,2099-12-31,
2000005377,LDH,,gstt_iclinicalmanager,,N,7000001429290001,2025-04-16,2099-12-31,
2000005379,X53,,gstt_iclinicalmanager,,N,4000001285101001,2025-04-16,2099-12-31,
2000005378,Canary Bird Serum Allergen,,gstt_iclinicalmanager,,N,5000003317101001,2025-04-16,2099-12-31,
2000005381,Bronchogram Right,,gstt_iclinicalmanager,,N,5000001215101001,2025-04-16,2099-12-31,
2000005380,7272,,gstt_iclinicalmanager,,N,1000001330101001,2025-04-16,2099-12-31,
2000005382,Cheek soft tissue Rt - Dental,,gstt_iclinicalmanager,,N,6000001923101001,2025-04-16,2099-12-31,
2000005383,ADD1000,,gstt_iclinicalmanager,,N,1000001740101001,2025-04-16,2099-12-31,
2000005384,K03,,gstt_iclinicalmanager,,N,3000003725101001,2025-04-16,2099-12-31,
2000005385,Cephalexin allergen,,gstt_iclinicalmanager,,N,2000002419101001,2025-04-16,2099-12-31,
2000005386,HLA A/B/C Antibody ID (Class I),,gstt_iclinicalmanager,,N,4000001576101001,2025-04-16,2099-12-31,
2000005387,NCGDB,,gstt_iclinicalmanager,,N,1000004374101001,2025-04-16,2099-12-31,
2000005388,Cardiac - MRI (Paed Cardiology use),,gstt_iclinicalmanager,,N,2000004107101001,2025-04-16,2099-12-31,
2000005389,M78,,gstt_iclinicalmanager,,N,1000001291101001,2025-04-16,2099-12-31,
2000005391,NCBFET,,gstt_iclinicalmanager,,N,1000003222101001,2025-04-16,2099-12-31,
2000005390,CD38 Antibody...,,gstt_iclinicalmanager,,N,1000002526101001,2025-04-16,2099-12-31,
2000005392,POCT Temperature,,gstt_iclinicalmanager,,N,1000004258101001,2025-04-16,2099-12-31,
2000005394,Initial BCRABL Level Interpretation,,gstt_iclinicalmanager,,N,1000002554101001,2025-04-16,2099-12-31,
2000005393,Hep B DNA,,gstt_iclinicalmanager,,N,3000001105101001,2025-04-16,2099-12-31,
2000005395,Growth Hormone 135 min,,gstt_iclinicalmanager,,N,1000001608101001,2025-04-16,2099-12-31,
2000005397,Weight (kg) at Follow up,,gstt_iclinicalmanager,,N,1396290001,2025-04-16,2099-12-31,
2000005396,Guided barbotage shoulder Left - US,,gstt_iclinicalmanager,,N,5000003615101001,2025-04-16,2099-12-31,
2000005398,NM C11 choline Whole body PET CT,,gstt_iclinicalmanager,,N,3000002953101001,2025-04-16,2099-12-31,
2000005399,Factor VIII (16 Hour post),,gstt_iclinicalmanager,,N,4000001379101001,2025-04-16,2099-12-31,
2000005401,Faecal Collection Period,,gstt_iclinicalmanager,,N,4000001140101001,2025-04-16,2099-12-31,
2000005400,Beta-Galactosidase (GM1-Gangliosidosis),,gstt_iclinicalmanager,,N,3000003290101001,2025-04-16,2099-12-31,
2000005402,Mace Allergen,,gstt_iclinicalmanager,,N,7000003331101001,2025-04-16,2099-12-31,
2000005403,Toes Lt - CT,,gstt_iclinicalmanager,,N,5000002735101001,2025-04-16,2099-12-31,
2000005404,rHev b 5 (recombinant) Hevea Allergen,,gstt_iclinicalmanager,,N,2000003329101001,2025-04-16,2099-12-31,
2000005405,Isovaleric Acidaemia (Isovaleryl-CoA Dehydrogenase) - IVD gene (DNA test),,gstt_iclinicalmanager,,N,8000003292101001,2025-04-16,2099-12-31,
2000005407,Factor VIII Half Life,,gstt_iclinicalmanager,,N,9000001132101001,2025-04-16,2099-12-31,
2000005406,BSA (bovine serum albumin) Allergen,,gstt_iclinicalmanager,,N,3000003363101001,2025-04-16,2099-12-31,
2000005408,Goosefoot Lamb Quart. C.Album Allergen,,gstt_iclinicalmanager,,N,3314101001,2025-04-16,2099-12-31,
2000005410,VB1 (Urine).,,gstt_iclinicalmanager,,N,1000003217101001,2025-04-16,2099-12-31,
2000005409,Guided nephrostomy Lt - CT,,gstt_iclinicalmanager,,N,9000002732101001,2025-04-16,2099-12-31,
2000005411,Adult LVO Echocardiography Study,,gstt_iclinicalmanager,,N,4000004393101001,2025-04-16,2099-12-31,
2000005412,Cavernosogram,,gstt_iclinicalmanager,,N,3000001172101001,2025-04-16,2099-12-31,
2000005413,NM CU64 PET CT,,gstt_iclinicalmanager,,N,2954101001,2025-04-16,2099-12-31,
2000005414,NCPRP408,,gstt_iclinicalmanager,,N,1000004278101001,2025-04-16,2099-12-31,
2000005415,Orotic Acid / Creatinine 16HR,,gstt_iclinicalmanager,,N,1000001768101001,2025-04-16,2099-12-31,
2000005416,Orotidine 3,,gstt_iclinicalmanager,,N,4000001769101001,2025-04-16,2099-12-31,
2000000363,Knee tunnel view - X-Ray,,gstt_iclinicalmanager,,N,5000001058101001,2025-04-16,2099-12-31,
2000005417,ENDO099,,gstt_iclinicalmanager,,N,1000003656101001,2025-04-16,2099-12-31,
2000005418,Deoxyadenosine Urine,,gstt_iclinicalmanager,,N,2000001767101001,2025-04-16,2099-12-31,
2000005419,Hevea Brasiliensis Allergen,,gstt_iclinicalmanager,,N,2000003353101001,2025-04-16,2099-12-31,
2000005420,Cortisol 1200H,,gstt_iclinicalmanager,,N,3000001606101001,2025-04-16,2099-12-31,
2000005421,Cortisol 1800H,,gstt_iclinicalmanager,,N,5000001606101001,2025-04-16,2099-12-31,
2000005422,H&I Form 3E Referral Test 2 - Result,,gstt_iclinicalmanager,,N,5000004156101001,2025-04-16,2099-12-31,
2000005423,Pigeon Droppings Allergen,,gstt_iclinicalmanager,,N,9000003356101001,2025-04-16,2099-12-31,
2000005424,NCPRP367,,gstt_iclinicalmanager,,N,1000003847101001,2025-04-16,2099-12-31,
2000005426,Orotic Acid 3,,gstt_iclinicalmanager,,N,6000001768101001,2025-04-16,2099-12-31,
2000005425,HepB eAb Interpretation,,gstt_iclinicalmanager,,N,8000001122101001,2025-04-16,2099-12-31,
2000005427,UA Neuro Post Op,,gstt_iclinicalmanager,,N,7000001008101001,2025-04-16,2099-12-31,
2000005428,Cheek soft tissue Lt - Dental,,gstt_iclinicalmanager,,N,7000001923101001,2025-04-16,2099-12-31,
2000005429,House Dust Mite Dermatophagoi Allergen,,gstt_iclinicalmanager,,N,3000003339101001,2025-04-16,2099-12-31,
2000005430,Research EC20 SPECT - N Med,,gstt_iclinicalmanager,,N,3000003209101001,2025-04-16,2099-12-31,
2000005432,FXI Bethesda Assay,,gstt_iclinicalmanager,,N,1000004270101001,2025-04-16,2099-12-31,
2000005431,Alternaria Alternata Allergen,,gstt_iclinicalmanager,,N,8000003352101001,2025-04-16,2099-12-31,
2000005433,Knee Both - MRI,,gstt_iclinicalmanager,,N,5000002752101001,2025-04-16,2099-12-31,
2000005434,Cardioversion,,gstt_iclinicalmanager,,N,1000002755101001,2025-04-16,2099-12-31,
2000005435,Orotic Acid / Creatinine 0HR,,gstt_iclinicalmanager,,N,9000001767101001,2025-04-16,2099-12-31,
2000005436,Creatinine 3,,gstt_iclinicalmanager,,N,1767101001,2025-04-16,2099-12-31,
2000005437,Staphylococ. Enterotoxin TSST Allergen,,gstt_iclinicalmanager,,N,5000003366101001,2025-04-16,2099-12-31,
2000005438,Orotic Acid 4,,gstt_iclinicalmanager,,N,7000001768101001,2025-04-16,2099-12-31,
2000005439,PTH Peripheral (PRV),,gstt_iclinicalmanager,,N,7000002185101001,2025-04-16,2099-12-31,
2000005440,VWF Collagen Binding (4 Hours Post),,gstt_iclinicalmanager,,N,8000001424101001,2025-04-16,2099-12-31,
2000005441,House Dust Mite Derm. Farinae Allergen,,gstt_iclinicalmanager,,N,9000003345101001,2025-04-16,2099-12-31,
2000005442,Glutaric Aciduria (Glutaryl-CoA Dehydrogenase) - GCDH gene (DNA test),,gstt_iclinicalmanager,,N,3292101001,2025-04-16,2099-12-31,
2000005443,Orotic Acid 1,,gstt_iclinicalmanager,,N,4000001768101001,2025-04-16,2099-12-31,
2000005444,BRRPT,,gstt_iclinicalmanager,,N,1000001779101001,2025-04-16,2099-12-31,
2000005445,Orotic Acid / Creatinine 24HR,,gstt_iclinicalmanager,,N,2000001768101001,2025-04-16,2099-12-31,
2000005447,NCPRP371,,gstt_iclinicalmanager,,N,1000003928101001,2025-04-16,2099-12-31,
2000005446,:,,gstt_iclinicalmanager,,N,1766101001,2025-04-16,2099-12-31,
2000005448,Collateral Occlusion,,gstt_iclinicalmanager,,N,6000001167101001,2025-04-16,2099-12-31,
2000005450,HepB eAb Interpretation (pregnant),,gstt_iclinicalmanager,,N,9000001122101001,2025-04-16,2099-12-31,
2000005449,Creatinine 1,,gstt_iclinicalmanager,,N,8000001766101001,2025-04-16,2099-12-31,
2000005451,Methadone Screen Urine,,gstt_iclinicalmanager,,N,2239101001,2025-04-16,2099-12-31,
2000005452,Alkaline Globin Chain Sep.,,gstt_iclinicalmanager,,N,2000001324101001,2025-04-16,2099-12-31,
2000005453,Anti-sperm Ab.,,gstt_iclinicalmanager,,N,4000001202101001,2025-04-16,2099-12-31,
2000000364,Salivary glands - X-Ray,,gstt_iclinicalmanager,,N,6000001093101001,2025-04-16,2099-12-31,
2000005454,Orotidine / Creatinine 8HR,,gstt_iclinicalmanager,,N,9000001768101001,2025-04-16,2099-12-31,
2000005455,Skin Biopsy,,gstt_iclinicalmanager,,N,1000001509101001,2025-04-16,2099-12-31,
2000005456,USD - Parotid Gld Lt Intervention US,,gstt_iclinicalmanager,,N,6000002059101001,2025-04-16,2099-12-31,
2000005457,CPVANG,,gstt_iclinicalmanager,,N,2000002090101001,2025-04-16,2099-12-31,
2000005458,M73,,gstt_iclinicalmanager,,N,7000001270101001,2025-04-16,2099-12-31,
2000005459,Orotidine 2,,gstt_iclinicalmanager,,N,3000001769101001,2025-04-16,2099-12-31,
2000005460,Sample Type-TV RNA (Vagina),,gstt_iclinicalmanager,,N,3000004313101001,2025-04-16,2099-12-31,
2000005462,NCPRP315,,gstt_iclinicalmanager,,N,1000003513101001,2025-04-16,2099-12-31,
2000005461,Mycoplasma genitalium TMA,,gstt_iclinicalmanager,,N,1000004174101001,2025-04-16,2099-12-31,
2000005463,Renal Aspiration (Radiology),,gstt_iclinicalmanager,,N,1000001088101001,2025-04-16,2099-12-31,
2000005465,Transpharyngeal TMJ Rt - Dental,,gstt_iclinicalmanager,,N,3000002082101001,2025-04-16,2099-12-31,
2000005464,Infection Sciences Referral Tests - General Serology,,gstt_iclinicalmanager,,N,2000003929101001,2025-04-16,2099-12-31,
2000005466,Eosinophilia PDGFRA FISH Bone Marrow,,gstt_iclinicalmanager,,N,3000003953101001,2025-04-16,2099-12-31,
2000005467,TSpot,,gstt_iclinicalmanager,,N,7000003388101001,2025-04-16,2099-12-31,
2000005469,Liver lesion ablation RF - CT,,gstt_iclinicalmanager,,N,8000002730101001,2025-04-16,2099-12-31,
2000005468,Arthrogram Knee Right,,gstt_iclinicalmanager,,N,4000001206101001,2025-04-16,2099-12-31,
2000005470,Thyroid Cytoplasm Antibody_END,,gstt_iclinicalmanager,,N,1000001436101001,2025-04-16,2099-12-31,
2000005471,Carp (Recomb) Allergen,,gstt_iclinicalmanager,,N,5000003332101001,2025-04-16,2099-12-31,
2000005472,Orotidine 4,,gstt_iclinicalmanager,,N,5000001769101001,2025-04-16,2099-12-31,
2000005473,Initial BCRABL/ABL Ratio,,gstt_iclinicalmanager,,N,2000002554101001,2025-04-16,2099-12-31,
2000005474,Z06,,gstt_iclinicalmanager,,N,4000003726101001,2025-04-16,2099-12-31,
2000005475,Chemistry Tests - Wrong Specimen,,gstt_iclinicalmanager,,N,7000001174101001,2025-04-16,2099-12-31,
2000005476,NCPRP337,,gstt_iclinicalmanager,,N,1000004140101001,2025-04-16,2099-12-31,
2000005477,Whole Spine - MRI (KCL Research),,gstt_iclinicalmanager,,N,6000004285101001,2025-04-16,2099-12-31,
2000005478,Fluoxetine Level,,gstt_iclinicalmanager,,N,1000002334101001,2025-04-16,2099-12-31,
2000005479,Venography pulmonary - CT,,gstt_iclinicalmanager,,N,9000002733101001,2025-04-16,2099-12-31,
2000005480,Lumbar spine - MRI (KCL Research),,gstt_iclinicalmanager,,N,9000004284101001,2025-04-16,2099-12-31,
2000005482,Orotic Acid 2,,gstt_iclinicalmanager,,N,5000001768101001,2025-04-16,2099-12-31,
2000005481,Factor IX (6 Hour post),,gstt_iclinicalmanager,,N,5000001378101001,2025-04-16,2099-12-31,
2000005483,Super Warfarin (rodenticides),,gstt_iclinicalmanager,,N,1024101001,2025-04-16,2099-12-31,
2000005484,Orotidine / Creatinine 0HR,,gstt_iclinicalmanager,,N,8000001768101001,2025-04-16,2099-12-31,
2000005486,Sheep Epithelium Allergen,,gstt_iclinicalmanager,,N,8000003370101001,2025-04-16,2099-12-31,
2000005485,Creatinine 4,,gstt_iclinicalmanager,,N,1000001767101001,2025-04-16,2099-12-31,
2000005487,MRSEDA,,gstt_iclinicalmanager,,N,1000003739101001,2025-04-16,2099-12-31,
2000005488,Rapid COVID / Flu / RSV PCR XMOL,,gstt_iclinicalmanager,,N,1000004373101001,2025-04-16,2099-12-31,
2000005489,"t(11;14) Translocation, Misc Specimen",,gstt_iclinicalmanager,,N,2000001784101001,2025-04-16,2099-12-31,
2000005490,Cortisol 2100H,,gstt_iclinicalmanager,,N,7000001606101001,2025-04-16,2099-12-31,
2000005492,Orotidine 1,,gstt_iclinicalmanager,,N,2000001769101001,2025-04-16,2099-12-31,
2000005491,Guided injection wrist Both - US,,gstt_iclinicalmanager,,N,2000003617101001,2025-04-16,2099-12-31,
2000005493,W55,,gstt_iclinicalmanager,,N,1000001283101001,2025-04-16,2099-12-31,
2000005494,Neuron Specific Enolase (NSE),,gstt_iclinicalmanager,,N,1000003941101001,2025-04-16,2099-12-31,
2000005496,Creatinine 2,,gstt_iclinicalmanager,,N,9000001766101001,2025-04-16,2099-12-31,
2000005495,APTT 50/50 Correction.,,gstt_iclinicalmanager,,N,3000001205101001,2025-04-16,2099-12-31,
2000005497,Orotidine / Creatinine 24HR,,gstt_iclinicalmanager,,N,1000001769101001,2025-04-16,2099-12-31,
2000005498,Horse Serum Proteins Allergen,,gstt_iclinicalmanager,,N,5000003370101001,2025-04-16,2099-12-31,
2000005499,Orotidine / Creatinine 16HR,,gstt_iclinicalmanager,,N,1769101001,2025-04-16,2099-12-31,
2000005500,Facet joint injection thoracic - CT,,gstt_iclinicalmanager,,N,7000002735101001,2025-04-16,2099-12-31,
2000005501,W22,,gstt_iclinicalmanager,,N,1000001392101001,2025-04-16,2099-12-31,
2000005502,Z50,,gstt_iclinicalmanager,,N,7000003728101001,2025-04-16,2099-12-31,
2000005503,Orotic Acid / Creatinine 8HR,,gstt_iclinicalmanager,,N,1768101001,2025-04-16,2099-12-31,
2000005504,PAPP-A (poct),,gstt_iclinicalmanager,,N,2000002354101001,2025-04-16,2099-12-31,
2000005505,Wrist Both - MRI,,gstt_iclinicalmanager,,N,9000002752101001,2025-04-16,2099-12-31,
2000005506,UAOPD,,gstt_iclinicalmanager,,N,1000002836101001,2025-04-16,2099-12-31,
2000005507,Trimethylamine Level Urine,,gstt_iclinicalmanager,,N,6000001005101001,2025-04-16,2099-12-31,
2000005508,NM Cardiac rest N13 PET CT,,gstt_iclinicalmanager,,N,2955101001,2025-04-16,2099-12-31,
2000000365,Merck long Leg trial - X-ray,,gstt_iclinicalmanager,,N,1000001887101001,2025-04-16,2099-12-31,
2000005510,PD Fluid CA125 Level,,gstt_iclinicalmanager,,N,3000001071101001,2025-04-16,2099-12-31,
2000005509,NIMDMSA,,gstt_iclinicalmanager,,N,1000001704101001,2025-04-16,2099-12-31,
2000005511,KCCTH,,gstt_iclinicalmanager,,N,1057101001,2025-04-16,2099-12-31,
2000005512,MethyHistamine Level Urine,,gstt_iclinicalmanager,,N,9000001069101001,2025-04-16,2099-12-31,
2000005513,NM Cardiac viability scan FDG PET CT,,gstt_iclinicalmanager,,N,7000002954101001,2025-04-16,2099-12-31,
2000005514,Routine Innohep Anti-Xa 24HR,,gstt_iclinicalmanager,,N,7000001092101001,2025-04-16,2099-12-31,
2000005515,"Food mix (hazelnut, brazil nut, orange, apple, cacao) Allergen",,gstt_iclinicalmanager,,N,9000003316101001,2025-04-16,2099-12-31,
2000005517,Free HCG (poct),,gstt_iclinicalmanager,,N,3000002354101001,2025-04-16,2099-12-31,
2000005516,Adenosine Deaminase CSF,,gstt_iclinicalmanager,,N,4000001765101001,2025-04-16,2099-12-31,
2000005518,Turner Syndrome Research - N Med,,gstt_iclinicalmanager,,N,1000002413101001,2025-04-16,2099-12-31,
2000000366,Tomograms (specify region) - X-Ray,,gstt_iclinicalmanager,,N,8000001013101001,2025-04-16,2099-12-31,
2000005519,Fibrin Plate,,gstt_iclinicalmanager,,N,7000001135101001,2025-04-16,2099-12-31,
2000005520,NCPRP372,,gstt_iclinicalmanager,,N,1000004068101001,2025-04-16,2099-12-31,
2000005521,Willow Allergen,,gstt_iclinicalmanager,,N,8000003373101001,2025-04-16,2099-12-31,
2000005522,Save Specimen.,,gstt_iclinicalmanager,,N,1334101001,2025-04-16,2099-12-31,
2000005523,NCPRP342,,gstt_iclinicalmanager,,N,1000003691101001,2025-04-16,2099-12-31,
2000005524,NCPSMAWB,,gstt_iclinicalmanager,,N,1000003860101001,2025-04-16,2099-12-31,
2000005525,SAP Expression,,gstt_iclinicalmanager,,N,8000003341101001,2025-04-16,2099-12-31,
2000005526,Complement C2,,gstt_iclinicalmanager,,N,6000001168101001,2025-04-16,2099-12-31,
2000005527,Glycyphagus Domesticus Storage Mite Allergen,,gstt_iclinicalmanager,,N,9000003330101001,2025-04-16,2099-12-31,
2000005528,Horn Beam Carpinus Betulus Allergen,,gstt_iclinicalmanager,,N,8000003340101001,2025-04-16,2099-12-31,
2000005530,SSHCT,,gstt_iclinicalmanager,,N,3000004369101001,2025-04-16,2099-12-31,
2000005529,H&I Form 3D Referral Test 2 - Result,,gstt_iclinicalmanager,,N,2000004156101001,2025-04-16,2099-12-31,
2000005531,NM Cardiac rest FDG PET CT,,gstt_iclinicalmanager,,N,9000002954101001,2025-04-16,2099-12-31,
2000005532,rHev b 1 (recombinant MBP-) Allergen,,gstt_iclinicalmanager,,N,3000003315101001,2025-04-16,2099-12-31,
2000005534,UA Vertebral,,gstt_iclinicalmanager,,N,5000002760101001,2025-04-16,2099-12-31,
2000005533,Insulin Bovine Allergen,,gstt_iclinicalmanager,,N,2000003324101001,2025-04-16,2099-12-31,
2000005535,Cone Beam Paranasal Sinuses,,gstt_iclinicalmanager,,N,8000002291101001,2025-04-16,2099-12-31,
2000005536,Guided aspiration neck - CT,,gstt_iclinicalmanager,,N,8000002732101001,2025-04-16,2099-12-31,
2000005537,"t(14;18) Translocation, misc specimen",,gstt_iclinicalmanager,,N,3000001784101001,2025-04-16,2099-12-31,
2000005538,Servier study TS - N Med Research,,gstt_iclinicalmanager,,N,8000001097101001,2025-04-16,2099-12-31,
2000005539,"Food mix (tomato, yeast, onion, garlic, celery) Allergen",,gstt_iclinicalmanager,,N,3343101001,2025-04-16,2099-12-31,
2000005540,C ANCA,,gstt_iclinicalmanager,,N,7000001181290001,2025-04-16,2099-12-31,
2000005541,Gerbil Epithelium Allergen,,gstt_iclinicalmanager,,N,4000003324101001,2025-04-16,2099-12-31,
2000005542,U371,,gstt_iclinicalmanager,,N,2000003824101001,2025-04-16,2099-12-31,
2000005543,CD14 Antibody.,,gstt_iclinicalmanager,,N,2000001746101001,2025-04-16,2099-12-31,
2000005544,T25,,gstt_iclinicalmanager,,N,2000003729101001,2025-04-16,2099-12-31,
2000005545,SSHB,,gstt_iclinicalmanager,,N,2000004369101001,2025-04-16,2099-12-31,
2000005547,Routine Innohep Anti-Xa 10HR,,gstt_iclinicalmanager,,N,5000001092101001,2025-04-16,2099-12-31,
2000005546,Goat Epithelium,,gstt_iclinicalmanager,,N,6000003363101001,2025-04-16,2099-12-31,
2000005548,"Food mix (pea, peanut, soybean) Allergen",,gstt_iclinicalmanager,,N,7000003369101001,2025-04-16,2099-12-31,
2000005549,Environmental - Other Specimen,,gstt_iclinicalmanager,,N,1144101001,2025-04-16,2099-12-31,
2000005550,Paediatric Clinical Trial Plasma,,gstt_iclinicalmanager,,N,1000004084101001,2025-04-16,2099-12-31,
2000005551,Subtalar joints Rt - CT,,gstt_iclinicalmanager,,N,9000002728101001,2025-04-16,2099-12-31,
2000005552,POCRFLUB,,gstt_iclinicalmanager,,N,3000004299101001,2025-04-16,2099-12-31,
2000005553,Factor IX (28 Hour post),,gstt_iclinicalmanager,,N,1378101001,2025-04-16,2099-12-31,
2000005554,"Fruit mix (apple, banana, pear, peach) Allergen",,gstt_iclinicalmanager,,N,4000003362101001,2025-04-16,2099-12-31,
2000005555,NCPRP411,,gstt_iclinicalmanager,,N,1000004363101001,2025-04-16,2099-12-31,
2000005557,Olive Black Fresh Allergen,,gstt_iclinicalmanager,,N,6000003360101001,2025-04-16,2099-12-31,
2000005556,CFT for Nerve Homogenate_END,,gstt_iclinicalmanager,,N,5000001221101001,2025-04-16,2099-12-31,
2000005558,NCPRP388,,gstt_iclinicalmanager,,N,1000004078101001,2025-04-16,2099-12-31,
2000005559,NIMSTRE,,gstt_iclinicalmanager,,N,1000001713101001,2025-04-16,2099-12-31,
2000005561,NCPRP393,,gstt_iclinicalmanager,,N,1000004111101001,2025-04-16,2099-12-31,
2000005560,Camomile Matricaria Chamomilla Allergen,,gstt_iclinicalmanager,,N,5000003354101001,2025-04-16,2099-12-31,
2000005562,Unprocessed Paul Bunnell   Test,,gstt_iclinicalmanager,,N,9000001274101001,2025-04-16,2099-12-31,
2000005563,NDEXFA,,gstt_iclinicalmanager,,N,1000002372101001,2025-04-16,2099-12-31,
2000005564,Tempero-mandibular Jt - MRI,,gstt_iclinicalmanager,,N,5000001026101001,2025-04-16,2099-12-31,
2000005565,Initial BCRABL Level Interpretation BM,,gstt_iclinicalmanager,,N,4000002554101001,2025-04-16,2099-12-31,
2000005567,UAPOD,,gstt_iclinicalmanager,,N,1000002802101001,2025-04-16,2099-12-31,
2000005566,Tx Reaction Conclusion,,gstt_iclinicalmanager,,N,2000001437101001,2025-04-16,2099-12-31,
2000005568,vWF Antigen (15 Minutes),,gstt_iclinicalmanager,,N,1000001575101001,2025-04-16,2099-12-31,
2000005569,Chicken Droppings Allergen,,gstt_iclinicalmanager,,N,3310101001,2025-04-16,2099-12-31,
2000005570,Radial Pulse,,gstt_iclinicalmanager,,N,2000001235290001,2025-04-16,2099-12-31,
2000005571,Radial Pulse,,gstt_iclinicalmanager,,N,3000001235290001,2025-04-16,2099-12-31,
2000005572,Blood Glucose Fasting,,gstt_iclinicalmanager,,N,9000001247290001,2025-04-16,2099-12-31,
2000005573,Alpha Napthyl Esterase BM,,gstt_iclinicalmanager,,N,2000001197101001,2025-04-16,2099-12-31,
2000005574,Kyphoplasty Multiple Levels,,gstt_iclinicalmanager,,N,2000002536101001,2025-04-16,2099-12-31,
2000005575,Sentinel Node 2 - N Med Research,,gstt_iclinicalmanager,,N,5000001096101001,2025-04-16,2099-12-31,
2000005576,NWIND,,gstt_iclinicalmanager,,N,1000003541101001,2025-04-16,2099-12-31,
2000005577,Thallium Per/Dob - N Med,,gstt_iclinicalmanager,,N,1000001296101001,2025-04-16,2099-12-31,
2000005578,T44,,gstt_iclinicalmanager,,N,1000003741101001,2025-04-16,2099-12-31,
2000005580,USPRES,,gstt_iclinicalmanager,,N,1000002556101001,2025-04-16,2099-12-31,
2000005579,Heparin-AT binding (HAB) - IIa inhibition,,gstt_iclinicalmanager,,N,1000003874101001,2025-04-16,2099-12-31,
2000005581,Saffron Crocus Sativus Allergen,,gstt_iclinicalmanager,,N,4000003338101001,2025-04-16,2099-12-31,
2000005582,Diffusion Tensor MR Cerebral Nerve Tract,,gstt_iclinicalmanager,,N,1000004123101001,2025-04-16,2099-12-31,
2000005583,Hexosaminidase - Sandhoff (Diagnostic),,gstt_iclinicalmanager,,N,5000003292101001,2025-04-16,2099-12-31,
2000005584,VITK1N,,gstt_iclinicalmanager,,N,1000001299101001,2025-04-16,2099-12-31,
2000005585,Insulin Porcine Allergen,,gstt_iclinicalmanager,,N,3000003317101001,2025-04-16,2099-12-31,
2000005587,NCPRP405,,gstt_iclinicalmanager,,N,1000004354101001,2025-04-16,2099-12-31,
2000005586,1522,,gstt_iclinicalmanager,,N,1000001295101001,2025-04-16,2099-12-31,
2000005588,NM1313,,gstt_iclinicalmanager,,N,1000002857101001,2025-04-16,2099-12-31,
2000005589,1st Addendum Renal Report,,gstt_iclinicalmanager,,N,4000001189101001,2025-04-16,2099-12-31,
2000005590,ADD500,,gstt_iclinicalmanager,,N,1000001719101001,2025-04-16,2099-12-31,
2000005591,Bioresource (Research Bleed),,gstt_iclinicalmanager,,N,2000003412101001,2025-04-16,2099-12-31,
2000005592,IgVH Mutation Bone Marrow,,gstt_iclinicalmanager,,N,9000002406101001,2025-04-16,2099-12-31,
2000005594,CD38 Antibody,,gstt_iclinicalmanager,,N,3000001170101001,2025-04-16,2099-12-31,
2000005593,Bordetella pertussis PCR,,gstt_iclinicalmanager,,N,4000003853101001,2025-04-16,2099-12-31,
2000005595,Routine Innohep Anti-Xa 18HR,,gstt_iclinicalmanager,,N,6000001092101001,2025-04-16,2099-12-31,
2000005596,VB2 - (Mid Stream Urine),,gstt_iclinicalmanager,,N,2000003217101001,2025-04-16,2099-12-31,
2000005597,NM F18 choline Whole body PET CT,,gstt_iclinicalmanager,,N,4000002953101001,2025-04-16,2099-12-31,
2000005598,Subtalar joints Lt - CT,,gstt_iclinicalmanager,,N,8000002728101001,2025-04-16,2099-12-31,
2000005599,Olive (Native) Allergen,,gstt_iclinicalmanager,,N,4000003360101001,2025-04-16,2099-12-31,
2000005601,Neutrophil Function (NBT),,gstt_iclinicalmanager,,N,1000001050101001,2025-04-16,2099-12-31,
2000005600,Cotton Crude Fibers Allergen,,gstt_iclinicalmanager,,N,3321101001,2025-04-16,2099-12-31,
2000005602,Lepidoglyphus Destructor Storage Mite Allergen,,gstt_iclinicalmanager,,N,4000003317101001,2025-04-16,2099-12-31,
2000005604,Initial BCRABL/ABL Ratio Bone Marrow,,gstt_iclinicalmanager,,N,5000002554101001,2025-04-16,2099-12-31,
2000005603,Biopsy for AFB Including PCR,,gstt_iclinicalmanager,,N,2000001509101001,2025-04-16,2099-12-31,
2000005605,Urinary Vitamin K Metabolites,,gstt_iclinicalmanager,,N,1000001847101001,2025-04-16,2099-12-31,
2000005606,SKGFR transplant - N Med Research,,gstt_iclinicalmanager,,N,1000001419101001,2025-04-16,2099-12-31,
2000005607,NDLYDMSA,,gstt_iclinicalmanager,,N,1000002781101001,2025-04-16,2099-12-31,
2000005608,NDLYGAST,,gstt_iclinicalmanager,,N,1000002773101001,2025-04-16,2099-12-31,
2000005609,Cone Beam Right Maxillary Sinus,,gstt_iclinicalmanager,,N,2292101001,2025-04-16,2099-12-31,
2000005611,Guided injection elbow Both - US,,gstt_iclinicalmanager,,N,8000003615101001,2025-04-16,2099-12-31,
2000005610,9876,,gstt_iclinicalmanager,,N,1000001303101001,2025-04-16,2099-12-31,
2000005612,Vertebroplasty lumbar - CT,,gstt_iclinicalmanager,,N,2000002736101001,2025-04-16,2099-12-31,
2000005613,NCPR295A,,gstt_iclinicalmanager,,N,1000003282101001,2025-04-16,2099-12-31,
2000005614,4240,,gstt_iclinicalmanager,,N,1000001269101001,2025-04-16,2099-12-31,
2000005615,POCRFLUA,,gstt_iclinicalmanager,,N,2000004299101001,2025-04-16,2099-12-31,
2000005616,Gallium delayed imaging - N Med,,gstt_iclinicalmanager,,N,1000001730101001,2025-04-16,2099-12-31,
2000005618,ADD2001,,gstt_iclinicalmanager,,N,2000003735101001,2025-04-16,2099-12-31,
2000005617,2-8di OH Adenine Urine,,gstt_iclinicalmanager,,N,1000001766101001,2025-04-16,2099-12-31,
2000005619,Sugar-beet Beta Vulgaris Allergen,,gstt_iclinicalmanager,,N,4000003374101001,2025-04-16,2099-12-31,
2000005621,Conalbumin Allergen,,gstt_iclinicalmanager,,N,1000003358101001,2025-04-16,2099-12-31,
2000005620,Cocklebur Xanthium Commune Allergen,,gstt_iclinicalmanager,,N,4000003334101001,2025-04-16,2099-12-31,
2000005622,Request for HIV Virus Studies <18 months,,gstt_iclinicalmanager,,N,1000001410101001,2025-04-16,2099-12-31,
2000005624,PTH Peripheral Sup Thymic Vein,,gstt_iclinicalmanager,,N,5000002186101001,2025-04-16,2099-12-31,
2000005623,CD41 Antibody.,,gstt_iclinicalmanager,,N,7000001746101001,2025-04-16,2099-12-31,
2000005625,Mouse Serum Proteins,,gstt_iclinicalmanager,,N,2000003337101001,2025-04-16,2099-12-31,
2000005626,"Pecan, Hickory  Carya Pecan Allergen",,gstt_iclinicalmanager,,N,9000003340101001,2025-04-16,2099-12-31,
2000005627,Downs Risk:             Less than 1 in,,gstt_iclinicalmanager,,N,1000002354101001,2025-04-16,2099-12-31,
2000005628,RICOFPRE,,gstt_iclinicalmanager,,N,1000001300101001,2025-04-16,2099-12-31,
2000005629,ACTH Left Low Jugular,,gstt_iclinicalmanager,,N,5000001603101001,2025-04-16,2099-12-31,
2000005631,NCF18W,,gstt_iclinicalmanager,,N,1000002945101001,2025-04-16,2099-12-31,
2000005630,NCDIBHHB,,gstt_iclinicalmanager,,N,1000004383101001,2025-04-16,2099-12-31,
2000005632,Source - CTGC screen (Urine).,,gstt_iclinicalmanager,,N,7000004019101001,2025-04-16,2099-12-31,
2000005634,Skin Tissue,,gstt_iclinicalmanager,,N,4000001509101001,2025-04-16,2099-12-31,
2000005633,Hypertension,,gstt_iclinicalmanager,,N,6000001175290001,2025-04-16,2099-12-31,
2000005635,MRSA Screen (Paediatrics),,gstt_iclinicalmanager,,N,1000001896101001,2025-04-16,2099-12-31,
2000005636,Hep C RNA PCR,,gstt_iclinicalmanager,,N,3000001122101001,2025-04-16,2099-12-31,
2000005637,1st Addendum Surgical Pathology Report,,gstt_iclinicalmanager,,N,5000001189101001,2025-04-16,2099-12-31,
2000005638,Isovalerylcarnitine,,gstt_iclinicalmanager,,N,4000004118101001,2025-04-16,2099-12-31,
2000005639,M181,,gstt_iclinicalmanager,,N,2000003737101001,2025-04-16,2099-12-31,
2000005640,Pulmonary Hypertension,,gstt_iclinicalmanager,,N,8000001189290001,2025-04-16,2099-12-31,
2000005641,Turkey Feathers Allergen,,gstt_iclinicalmanager,,N,7000003363101001,2025-04-16,2099-12-31,
2000005642,Mammogram Other Hospital - Report Only,,gstt_iclinicalmanager,,N,1000003442101001,2025-04-16,2099-12-31,
2000005643,ACTH Right Low Jugular,,gstt_iclinicalmanager,,N,6000001603101001,2025-04-16,2099-12-31,
2000005644,Incubated Osmotic Fragility,,gstt_iclinicalmanager,,N,6000001108101001,2025-04-16,2099-12-31,
2000005645,MIBG Iodine 131 SPECTscan - N Med,,gstt_iclinicalmanager,,N,3000003054101001,2025-04-16,2099-12-31,
2000005646,"Fruit mix (kiwi, mango, banana, avocado, papaya) Allergen",,gstt_iclinicalmanager,,N,7000003323101001,2025-04-16,2099-12-31,
2000005648,Sample Check,,gstt_iclinicalmanager,,N,4000002239101001,2025-04-16,2099-12-31,
2000005647,Cagebird allergen,,gstt_iclinicalmanager,,N,9000002247101001,2025-04-16,2099-12-31,
2000005649,APRT (cvs),,gstt_iclinicalmanager,,N,5000001765101001,2025-04-16,2099-12-31,
2000005651,Valerylcarnitine,,gstt_iclinicalmanager,,N,5000004118101001,2025-04-16,2099-12-31,
2000005650,Glucose Urine,,gstt_iclinicalmanager,,N,1000002576101001,2025-04-16,2099-12-31,
2000005652,Adult TOE ACHD Echocardiography,,gstt_iclinicalmanager,,N,1000004395101001,2025-04-16,2099-12-31,
2000005653,Radiculogram,,gstt_iclinicalmanager,,N,6000001085101001,2025-04-16,2099-12-31,
2000005654,Endovaginal - US,,gstt_iclinicalmanager,,N,1000002517101001,2025-04-16,2099-12-31,
2000005655,Lithotripsy gall bladder,,gstt_iclinicalmanager,,N,2000003246101001,2025-04-16,2099-12-31,
2000005656,Z52,,gstt_iclinicalmanager,,N,1000001716101001,2025-04-16,2099-12-31,
2000005657,Grain Weevil Sitophilus Gran. Allergen,,gstt_iclinicalmanager,,N,1000003320101001,2025-04-16,2099-12-31,
2000005659,Pacific Squid Todarodes Allergen,,gstt_iclinicalmanager,,N,2000003326101001,2025-04-16,2099-12-31,
2000005658,Centromere Antibodies,,gstt_iclinicalmanager,,N,7000003302101001,2025-04-16,2099-12-31,
2000005660,CT under GA,,gstt_iclinicalmanager,,N,1000004087101001,2025-04-16,2099-12-31,
2000005661,F7A,,gstt_iclinicalmanager,,N,2000001300101001,2025-04-16,2099-12-31,
2000005662,Renal Transplant Embolisation,,gstt_iclinicalmanager,,N,4000001090101001,2025-04-16,2099-12-31,
2000005663,Z91,,gstt_iclinicalmanager,,N,6000003738101001,2025-04-16,2099-12-31,
2000005665,NCPRP424,,gstt_iclinicalmanager,,N,1000004384101001,2025-04-16,2099-12-31,
2000005664,ATP release TRAP 20uM,,gstt_iclinicalmanager,,N,3000003225101001,2025-04-16,2099-12-31,
2000005666,C1 Esterase Inhibitor.,,gstt_iclinicalmanager,,N,3000003302101001,2025-04-16,2099-12-31,
2000005667,Vertical bitewing left - Dental,,gstt_iclinicalmanager,,N,4000002075101001,2025-04-16,2099-12-31,
2000005669,USD - Parotid Gld Rt Intervention US,,gstt_iclinicalmanager,,N,5000002059101001,2025-04-16,2099-12-31,
2000005668,Culture,,gstt_iclinicalmanager,,N,1000003768101001,2025-04-16,2099-12-31,
2000005670,Aorta Thoracic - MRA (KCL Scanner),,gstt_iclinicalmanager,,N,5000003908101001,2025-04-16,2099-12-31,
2000005672,Parakeet Feathers Allergen,,gstt_iclinicalmanager,,N,2000003363101001,2025-04-16,2099-12-31,
2000005671,Breast - MRI Guided Vacuum Assisted Core Biopsy Lt,,gstt_iclinicalmanager,,N,2000003537101001,2025-04-16,2099-12-31,
2000005673,ACTH Left High Jugular,,gstt_iclinicalmanager,,N,3000001603101001,2025-04-16,2099-12-31,
2000005674,Balloon Embolisation,,gstt_iclinicalmanager,,N,7000001208101001,2025-04-16,2099-12-31,
2000005675,Stress Adult TTE,,gstt_iclinicalmanager,,N,1000004394101001,2025-04-16,2099-12-31,
2000005676,Pneumocystis Serology,,gstt_iclinicalmanager,,N,1000001078101001,2025-04-16,2099-12-31,
2000005677,HPRT (cvs),,gstt_iclinicalmanager,,N,7000001765101001,2025-04-16,2099-12-31,
2000005679,U12,,gstt_iclinicalmanager,,N,5000001270101001,2025-04-16,2099-12-31,
2000005678,Acid Clearance Uric,,gstt_iclinicalmanager,,N,2000001766101001,2025-04-16,2099-12-31,
2000005680,Eucalyptus Allergen,,gstt_iclinicalmanager,,N,7000003340101001,2025-04-16,2099-12-31,
2000005681,CARV,,gstt_iclinicalmanager,,N,1000002381101001,2025-04-16,2099-12-31,
2000005682,VWF Collagen Binding (2 Hours Post),,gstt_iclinicalmanager,,N,2000001424101001,2025-04-16,2099-12-31,
2000005683,Fusarium Proliferatum Allergen,,gstt_iclinicalmanager,,N,9000003359101001,2025-04-16,2099-12-31,
2000005685,T26,,gstt_iclinicalmanager,,N,7000003729101001,2025-04-16,2099-12-31,
2000005684,NCPRP407,,gstt_iclinicalmanager,,N,1000004280101001,2025-04-16,2099-12-31,
2000005686,Purkinje Cell Antibodies,,gstt_iclinicalmanager,,N,1235101001,2025-04-16,2099-12-31,
2000005687,CVSEP,,gstt_iclinicalmanager,,N,1000002109101001,2025-04-16,2099-12-31,
2000005688,PRECBA,,gstt_iclinicalmanager,,N,1000001312101001,2025-04-16,2099-12-31,
2000005689,H&I Form 3A Referral Test 2 - Result,,gstt_iclinicalmanager,,N,3000004155101001,2025-04-16,2099-12-31,
2000005690,FBRONSY,,gstt_iclinicalmanager,,N,1000002378101001,2025-04-16,2099-12-31,
2000005691,Examination Cancelled,,gstt_iclinicalmanager,,N,1130101001,2025-04-16,2099-12-31,
2000005692,Pivaloylcarnitine,,gstt_iclinicalmanager,,N,1000004118101001,2025-04-16,2099-12-31,
2000005693,Berlin Beetle Trogoderma ang Allergen,,gstt_iclinicalmanager,,N,1000003373101001,2025-04-16,2099-12-31,
2000005695,EVADE Clinical Trial,,gstt_iclinicalmanager,,N,1000004054101001,2025-04-16,2099-12-31,
2000005694,Culture.,,gstt_iclinicalmanager,,N,2000003768101001,2025-04-16,2099-12-31,
2000005696,Cardiac embolisation + Coil,,gstt_iclinicalmanager,,N,5000001164101001,2025-04-16,2099-12-31,
2000005698,Propoxyphene,,gstt_iclinicalmanager,,N,1000002239101001,2025-04-16,2099-12-31,
2000005697,MIBI Technetium wholebody - N Med,,gstt_iclinicalmanager,,N,1000001070101001,2025-04-16,2099-12-31,
2000005699,PTH level Superior Thymic Vein,,gstt_iclinicalmanager,,N,4000002183101001,2025-04-16,2099-12-31,
2000005700,Bamboo Shoot Phyllostach Allergen,,gstt_iclinicalmanager,,N,5000003358101001,2025-04-16,2099-12-31,
2000005701,US - Dx pseudoaneurysm no compression Lt,,gstt_iclinicalmanager,,N,1000001009101001,2025-04-16,2099-12-31,
2000005702,US Other Hospital - Report only,,gstt_iclinicalmanager,,N,5000003208101001,2025-04-16,2099-12-31,
2000005703,Legionella Urinary Antigen (Virology),,gstt_iclinicalmanager,,N,1000001062101001,2025-04-16,2099-12-31,
2000005705,LEGACY Bone PE - N Med Research,,gstt_iclinicalmanager,,N,9000001061101001,2025-04-16,2099-12-31,
2000005704,C ANCA,,gstt_iclinicalmanager,,N,9000001169290001,2025-04-16,2099-12-31,
2000005706,Aggregation Amplitude A23187 10uM,,gstt_iclinicalmanager,,N,8000003225101001,2025-04-16,2099-12-31,
2000005707,Chemistry Specimen Save,,gstt_iclinicalmanager,,N,1000001448101001,2025-04-16,2099-12-31,
2000005709,Influenza virus PCR,,gstt_iclinicalmanager,,N,1000001879101001,2025-04-16,2099-12-31,
2000000367,IA Pressures - X-Ray,,gstt_iclinicalmanager,,N,7000001102101001,2025-04-16,2099-12-31,
2000005708,CCATHPL,,gstt_iclinicalmanager,,N,1000003755101001,2025-04-16,2099-12-31,
2000005710,B Cell MRD Monitoring Bone Marrow,,gstt_iclinicalmanager,,N,4000002407101001,2025-04-16,2099-12-31,
2000005711,2-methylbutyryl carnitine,,gstt_iclinicalmanager,,N,2000004118101001,2025-04-16,2099-12-31,
2000005712,NCPRP369,,gstt_iclinicalmanager,,N,1000003868101001,2025-04-16,2099-12-31,
2000005713,Parakeet Droppings Allergen,,gstt_iclinicalmanager,,N,4000003370101001,2025-04-16,2099-12-31,
2000005714,Lumbar Spine discogram - CT,,gstt_iclinicalmanager,,N,2731101001,2025-04-16,2099-12-31,
2000005715,CRESS,,gstt_iclinicalmanager,,N,1000004356101001,2025-04-16,2099-12-31,
2000005716,T24,,gstt_iclinicalmanager,,N,1000003732101001,2025-04-16,2099-12-31,
2000005717,Ristocetin,,gstt_iclinicalmanager,,N,6000001679101001,2025-04-16,2099-12-31,
2000005718,Common Ragweed Allergen,,gstt_iclinicalmanager,,N,3000003374101001,2025-04-16,2099-12-31,
2000005719,Arthrogram Knee Left,,gstt_iclinicalmanager,,N,3000001206101001,2025-04-16,2099-12-31,
2000005720,PTH level Right Inferior Thyroid Vein,,gstt_iclinicalmanager,,N,5000002182101001,2025-04-16,2099-12-31,
2000005721,Weight,,gstt_iclinicalmanager,,N,1000001252290001,2025-04-16,2099-12-31,
2000005722,C3 Nephritic Factor.,,gstt_iclinicalmanager,,N,8000001181101001,2025-04-16,2099-12-31,
2000005723,Octreotide delayed imaging - N Med,,gstt_iclinicalmanager,,N,5000001730101001,2025-04-16,2099-12-31,
2000005724,"t(11;14) Translocation, misc specimen",,gstt_iclinicalmanager,,N,2000001784101001,2025-04-16,2099-12-31,
2000005725,C ANCA,,gstt_iclinicalmanager,,N,4000001177290001,2025-04-16,2099-12-31,
2000005727,XDPAA,,gstt_iclinicalmanager,,N,1000002069101001,2025-04-16,2099-12-31,
2000005726,Echinococcus Allergen,,gstt_iclinicalmanager,,N,5000003389101001,2025-04-16,2099-12-31,
2000005728,rHev b 6.01 (recombinant MBP-) Allergen,,gstt_iclinicalmanager,,N,5000003335101001,2025-04-16,2099-12-31,
2000005729,"Food mix (sesame seed, shrimp, beef, kiwi) Allergen",,gstt_iclinicalmanager,,N,5000003362101001,2025-04-16,2099-12-31,
2000005730,Nettle Urtica Dioica Allergen,,gstt_iclinicalmanager,,N,5000003334101001,2025-04-16,2099-12-31,
2000005731,Angiopoetin-2,,gstt_iclinicalmanager,,N,1000004329101001,2025-04-16,2099-12-31,
2000005733,NCPRP423,,gstt_iclinicalmanager,,N,1000004352101001,2025-04-16,2099-12-31,
2000005732,Lipid Fraction Analysis,,gstt_iclinicalmanager,,N,2000002241101001,2025-04-16,2099-12-31,
2000005734,Cladosporium Herbarum Allergen,,gstt_iclinicalmanager,,N,9000003358101001,2025-04-16,2099-12-31,
2000005735,NCPRP345,,gstt_iclinicalmanager,,N,1000003761101001,2025-04-16,2099-12-31,
2000005736,HLA A/B/C Antibody Screen(Class I),,gstt_iclinicalmanager,,N,9000001439101001,2025-04-16,2099-12-31,
2000005737,Rose Waaler Screen,,gstt_iclinicalmanager,,N,2000001092101001,2025-04-16,2099-12-31,
2000005738,Chlamydia and GC Comment Rectal,,gstt_iclinicalmanager,,N,6000003456101001,2025-04-16,2099-12-31,
2000005739,Fondaparinux Sodium (Arixtra). FONSXA,,gstt_iclinicalmanager,,N,8000003299101001,2025-04-16,2099-12-31,
2000005740,Intra-Operative PTH sample 10,,gstt_iclinicalmanager,,N,2463101001,2025-04-16,2099-12-31,
2000005741,Y04,,gstt_iclinicalmanager,,N,3000001285101001,2025-04-16,2099-12-31,
2000005742,C78,,gstt_iclinicalmanager,,N,1000001466101001,2025-04-16,2099-12-31,
2000005744,Type I Cytokines,,gstt_iclinicalmanager,,N,7000003374101001,2025-04-16,2099-12-31,
2000005743,ACTH Right High Jugular,,gstt_iclinicalmanager,,N,4000001603101001,2025-04-16,2099-12-31,
2000005745,NDEXMBC1,,gstt_iclinicalmanager,,N,1000003062101001,2025-04-16,2099-12-31,
2000005746,X51,,gstt_iclinicalmanager,,N,3000003739101001,2025-04-16,2099-12-31,
2000005748,Originating Lab Number..,,gstt_iclinicalmanager,,N,5000001317101001,2025-04-16,2099-12-31,
2000005747,Common Silver Birch Betula Ver Allergen,,gstt_iclinicalmanager,,N,3359101001,2025-04-16,2099-12-31,
2000005749,NRESHILO,,gstt_iclinicalmanager,,N,1000002355101001,2025-04-16,2099-12-31,
2000005750,Breast - MRI Guided core Biopsy Right,,gstt_iclinicalmanager,,N,3000003269101001,2025-04-16,2099-12-31,
2000005751,Brussel Sprout Allergen,,gstt_iclinicalmanager,,N,5000003337101001,2025-04-16,2099-12-31,
2000005752,PTH Peripheral (PRIF),,gstt_iclinicalmanager,,N,2000002185101001,2025-04-16,2099-12-31,
2000005753,VWF Collagen Binding (6 Hours Post),,gstt_iclinicalmanager,,N,3000001425101001,2025-04-16,2099-12-31,
2000005754,Fluoxetine,,gstt_iclinicalmanager,,N,1000002334101001,2025-04-16,2099-12-31,
2000005755,Metamyelocytes.,,gstt_iclinicalmanager,,N,1000001069101001,2025-04-16,2099-12-31,
2000005756,ADD10001,,gstt_iclinicalmanager,,N,3000003743101001,2025-04-16,2099-12-31,
2000005757,ADP 10 uM.,,gstt_iclinicalmanager,,N,5000002974101001,2025-04-16,2099-12-31,
2000005759,NCPRP400,,gstt_iclinicalmanager,,N,1000004195101001,2025-04-16,2099-12-31,
2000005758,CEBPA Mutation Bone Marrow,,gstt_iclinicalmanager,,N,1000002407101001,2025-04-16,2099-12-31,
2000005760,USGTV,,gstt_iclinicalmanager,,N,1000002364101001,2025-04-16,2099-12-31,
2000005761,"Cypress (Italian, Medi, Fune) Allergen",,gstt_iclinicalmanager,,N,2000003367101001,2025-04-16,2099-12-31,
2000005762,IAPURS,,gstt_iclinicalmanager,,N,1000003091101001,2025-04-16,2099-12-31,
2000005763,POCGLU,,gstt_iclinicalmanager,,N,1000003028101001,2025-04-16,2099-12-31,
2000005764,NCPRP318,,gstt_iclinicalmanager,,N,1000003515101001,2025-04-16,2099-12-31,
2000005766,PTH Peripheral Rt Int Thoracic Vein,,gstt_iclinicalmanager,,N,3000002186101001,2025-04-16,2099-12-31,
2000005765,NCTCAO,,gstt_iclinicalmanager,,N,1000002855101001,2025-04-16,2099-12-31,
2000005767,Calcitonin Level 2 minute,,gstt_iclinicalmanager,,N,1183101001,2025-04-16,2099-12-31,
2000005768,Aggregation Amplitude Arachidonic acid 0.5mM,,gstt_iclinicalmanager,,N,6000003225101001,2025-04-16,2099-12-31,
2000005769,DPD (wbc),,gstt_iclinicalmanager,,N,8000001763101001,2025-04-16,2099-12-31,
2000005770,NM+IMAGE,,gstt_iclinicalmanager,,N,1000002390101001,2025-04-16,2099-12-31,
2000005771,Orange Roughy Hoplostethus Allergen,,gstt_iclinicalmanager,,N,4000003332101001,2025-04-16,2099-12-31,
2000005773,VWF Collagen Binding (8 Hours Post),,gstt_iclinicalmanager,,N,4000001425101001,2025-04-16,2099-12-31,
2000005772,Calcitonin Level 10 minute,,gstt_iclinicalmanager,,N,9000001182101001,2025-04-16,2099-12-31,
2000005774,Virus detection on EDTA blood,,gstt_iclinicalmanager,,N,1000002634101001,2025-04-16,2099-12-31,
2000005775,Australian Pine Allergen,,gstt_iclinicalmanager,,N,5000003347101001,2025-04-16,2099-12-31,
2000005777,Ristocetin 1.25 g/L,,gstt_iclinicalmanager,,N,1000002975101001,2025-04-16,2099-12-31,
2000005776,Forefoot Both - CT,,gstt_iclinicalmanager,,N,9000002727101001,2025-04-16,2099-12-31,
2000005778,Elm Ulmus Americana Allergen,,gstt_iclinicalmanager,,N,4000003354101001,2025-04-16,2099-12-31,
2000005779,Collagen 1ug/mL.,,gstt_iclinicalmanager,,N,2975101001,2025-04-16,2099-12-31,
2000005780,HIV Virology Child <18 Months,,gstt_iclinicalmanager,,N,1000001410101001,2025-04-16,2099-12-31,
2000005781,NCPRP331,,gstt_iclinicalmanager,,N,1000003592101001,2025-04-16,2099-12-31,
2000005782,Sample Stored.,,gstt_iclinicalmanager,,N,3000002782101001,2025-04-16,2099-12-31,
2000005783,Guanosine Urine,,gstt_iclinicalmanager,,N,5000001767101001,2025-04-16,2099-12-31,
2000005785,NWIN3O,,gstt_iclinicalmanager,,N,1000002772101001,2025-04-16,2099-12-31,
2000005784,Aorta Whole - MRA (KCL Scanner),,gstt_iclinicalmanager,,N,2000003908101001,2025-04-16,2099-12-31,
2000005786,IPERMOG,,gstt_iclinicalmanager,,N,2000003740101001,2025-04-16,2099-12-31,
2000005787,Aden Deaminase (Pleural fluid),,gstt_iclinicalmanager,,N,3000001765101001,2025-04-16,2099-12-31,
2000005788,VA Mammotomy Both U/S guided- US,,gstt_iclinicalmanager,,N,1000002723101001,2025-04-16,2099-12-31,
2000005789,NDEXMBC,,gstt_iclinicalmanager,,N,1000002228101001,2025-04-16,2099-12-31,
2000005790,Common Pigweed Allergen,,gstt_iclinicalmanager,,N,2000003341101001,2025-04-16,2099-12-31,
2000005792,Volume Fluid,,gstt_iclinicalmanager,,N,5000001036101001,2025-04-16,2099-12-31,
2000005791,NCPRP326,,gstt_iclinicalmanager,,N,1000003481101001,2025-04-16,2099-12-31,
2000005793,U46619 10 uM,,gstt_iclinicalmanager,,N,5000002975101001,2025-04-16,2099-12-31,
2000005795,INR 50/50 Correction.,,gstt_iclinicalmanager,,N,7000001106101001,2025-04-16,2099-12-31,
2000005794,ADA (cvs),,gstt_iclinicalmanager,,N,1000001765101001,2025-04-16,2099-12-31,
2000005796,Epinephrine 10 uM,,gstt_iclinicalmanager,,N,3000002975101001,2025-04-16,2099-12-31,
2000005797,Chlamydia and GC Comment Throat,,gstt_iclinicalmanager,,N,4000003456101001,2025-04-16,2099-12-31,
2000005798,NCPRP418,,gstt_iclinicalmanager,,N,2000004303101001,2025-04-16,2099-12-31,
2000005799,POCBGApH,,gstt_iclinicalmanager,,N,2000004307101001,2025-04-16,2099-12-31,
2000005800,Culture...,,gstt_iclinicalmanager,,N,1000003773101001,2025-04-16,2099-12-31,
2000005801,Urine Orotic Acid,,gstt_iclinicalmanager,,N,3000004028101001,2025-04-16,2099-12-31,
2000005803,Hep C Viral Load,,gstt_iclinicalmanager,,N,4000001122101001,2025-04-16,2099-12-31,
2000005802,HIV Sample Type,,gstt_iclinicalmanager,,N,3000001103101001,2025-04-16,2099-12-31,
2000005804,NCPRP269,,gstt_iclinicalmanager,,N,1000003514101001,2025-04-16,2099-12-31,
2000005806,"Alpha-Iduronidase (Hurler, Scheie, Mucopolysaccharidosis type 1, MPS1)",,gstt_iclinicalmanager,,N,1000003289101001,2025-04-16,2099-12-31,
2000005805,A23187 1 mM,,gstt_iclinicalmanager,,N,6000002975101001,2025-04-16,2099-12-31,
2000005807,NCPR387A,,gstt_iclinicalmanager,,N,1000004096101001,2025-04-16,2099-12-31,
2000005808,PC Renal Artery Denervation Right,,gstt_iclinicalmanager,,N,2000003149101001,2025-04-16,2099-12-31,
2000005810,Meadow Fescue Festuca Elatior Allergen,,gstt_iclinicalmanager,,N,5000003352101001,2025-04-16,2099-12-31,
2000005809,Aggregation Amplitude ADP 2.5uM,,gstt_iclinicalmanager,,N,4000003224101001,2025-04-16,2099-12-31,
2000005811,CREGFR,,gstt_iclinicalmanager,,N,2000004357101001,2025-04-16,2099-12-31,
2000005813,Z98,,gstt_iclinicalmanager,,N,4000003729101001,2025-04-16,2099-12-31,
2000005812,Unknown Histo/Cyto,,gstt_iclinicalmanager,,N,8000001009101001,2025-04-16,2099-12-31,
2000000368,Internal Auditory Meati - X-Ray,,gstt_iclinicalmanager,,N,6000001109101001,2025-04-16,2099-12-31,
2000005814,Cardiac Iodine 123 MIBG scan - N Med,,gstt_iclinicalmanager,,N,2000003122101001,2025-04-16,2099-12-31,
2000005816,Infection Sciences Referral Tests - HSL,,gstt_iclinicalmanager,,N,5000003929101001,2025-04-16,2099-12-31,
2000005815,Breast Rt - US Guided Vacuum Assisted Excision,,gstt_iclinicalmanager,,N,3000003539101001,2025-04-16,2099-12-31,
2000005817,POCBGAPCO2,,gstt_iclinicalmanager,,N,1000004307101001,2025-04-16,2099-12-31,
2000005818,Phthalic Anhydride Allergen,,gstt_iclinicalmanager,,N,3000003353101001,2025-04-16,2099-12-31,
2000005819,Whitefish (Inconnu) Stenodus Allergen,,gstt_iclinicalmanager,,N,2000003319101001,2025-04-16,2099-12-31,
2000005820,6765,,gstt_iclinicalmanager,,N,1000001293101001,2025-04-16,2099-12-31,
2000005821,Acylcarnitine Level Plasma,,gstt_iclinicalmanager,,N,1000003200101001,2025-04-16,2099-12-31,
2000005823,Phenobarbitone Level Saliva,,gstt_iclinicalmanager,,N,4000001074101001,2025-04-16,2099-12-31,
2000005822,Neuronal Antibodies.,,gstt_iclinicalmanager,,N,5000001241101001,2025-04-16,2099-12-31,
2000005824,Long Chain Hydroxyacyl-CoA Dehydrogenase Deficiency (LCHAD) - HADHA gene c.1528G>C mutation only (DNA test),,gstt_iclinicalmanager,,N,3293101001,2025-04-16,2099-12-31,
2000005826,Vesicostomy Urine.,,gstt_iclinicalmanager,,N,4000003217101001,2025-04-16,2099-12-31,
2000005825,Transplant arterial - US,,gstt_iclinicalmanager,,N,2000001287101001,2025-04-16,2099-12-31,
2000005827,M18,,gstt_iclinicalmanager,,N,1000001342101001,2025-04-16,2099-12-31,
2000005828,ADD400,,gstt_iclinicalmanager,,N,1000001728101001,2025-04-16,2099-12-31,
2000005829,Acacia  Acacia Longifolia Allergen,,gstt_iclinicalmanager,,N,1000003347101001,2025-04-16,2099-12-31,
2000005830,Breast Both - US Guided Vacuum Assisted Excision,,gstt_iclinicalmanager,,N,4000003539101001,2025-04-16,2099-12-31,
2000005831,CTX Serum,,gstt_iclinicalmanager,,N,1000002240101001,2025-04-16,2099-12-31,
2000005832,Linden Tilia Cordata Allergen,,gstt_iclinicalmanager,,N,3334101001,2025-04-16,2099-12-31,
2000005834,POCGLU1,,gstt_iclinicalmanager,,N,1000003033101001,2025-04-16,2099-12-31,
2000005833,Chlamydia Test (Isolation),,gstt_iclinicalmanager,,N,5000001177101001,2025-04-16,2099-12-31,
2000005835,CD11c Antibody,,gstt_iclinicalmanager,,N,3000001745101001,2025-04-16,2099-12-31,
2000005837,"Arylsulphatase B (Maroteaux-Lamy, mucopolysaccharidosis type 6, MPS6)",,gstt_iclinicalmanager,,N,1000003290101001,2025-04-16,2099-12-31,
2000005836,Aggregation Amplitude TRAP 20uM,,gstt_iclinicalmanager,,N,1000003225101001,2025-04-16,2099-12-31,
2000005838,"Fruit mix (strawberry, pear, lemon, pineapple) Allergen",,gstt_iclinicalmanager,,N,3367101001,2025-04-16,2099-12-31,
2000005839,Aggregation Amplitude U46619 10uM,,gstt_iclinicalmanager,,N,7000003225101001,2025-04-16,2099-12-31,
2000005840,APTT.,,gstt_iclinicalmanager,,N,1205101001,2025-04-16,2099-12-31,
2000005841,MCCMS,,gstt_iclinicalmanager,,N,1000004320101001,2025-04-16,2099-12-31,
2000005842,Infection Sciences Referral Tests - High Risk Respiratory,,gstt_iclinicalmanager,,N,4000003929101001,2025-04-16,2099-12-31,
2000005843,POCBGCpH,,gstt_iclinicalmanager,,N,3000004307101001,2025-04-16,2099-12-31,
2000005844,PTH level Rt Internal Thoracic Vein,,gstt_iclinicalmanager,,N,3000002183101001,2025-04-16,2099-12-31,
2000005845,Japanese Millet Echinochloa Allergen,,gstt_iclinicalmanager,,N,8000003311101001,2025-04-16,2099-12-31,
2000005846,Breast - MRI Guided core Biopsy Left,,gstt_iclinicalmanager,,N,2000003269101001,2025-04-16,2099-12-31,
2000005848,PNP control cvs,,gstt_iclinicalmanager,,N,9000001765101001,2025-04-16,2099-12-31,
2000005847,Diastolic BP > 90 mmHg,,gstt_iclinicalmanager,,N,1180290001,2025-04-16,2099-12-31,
2000005849,Methaemalbumin Level,,gstt_iclinicalmanager,,N,3000001069101001,2025-04-16,2099-12-31,
2000005850,Mediterranean Flour Moth Eph. Allergen,,gstt_iclinicalmanager,,N,9000003326101001,2025-04-16,2099-12-31,
2000005852,Z41,,gstt_iclinicalmanager,,N,1000001729101001,2025-04-16,2099-12-31,
2000005851,ADA (wbc),,gstt_iclinicalmanager,,N,2000001763101001,2025-04-16,2099-12-31,
2000005853,P latelet Refractorness (Follow up),,gstt_iclinicalmanager,,N,5000001439101001,2025-04-16,2099-12-31,
2000005854,Canary Grass Phalaris Arund Allergen,,gstt_iclinicalmanager,,N,8000003319101001,2025-04-16,2099-12-31,
2000005855,Donor A Subtype Comment,,gstt_iclinicalmanager,,N,4000004153101001,2025-04-16,2099-12-31,
2000005856,Green Nimitti Cladotanytars Allergen,,gstt_iclinicalmanager,,N,3353101001,2025-04-16,2099-12-31,
2000005857,Lateral Facial Bones - Dental,,gstt_iclinicalmanager,,N,7000002061101001,2025-04-16,2099-12-31,
2000005858,Dothiepin Level,,gstt_iclinicalmanager,,N,5000001157101001,2025-04-16,2099-12-31,
2000005859,USPLOC,,gstt_iclinicalmanager,,N,1000002579101001,2025-04-16,2099-12-31,
2000005860,Collagen 5 ug/mL.,,gstt_iclinicalmanager,,N,9000002974101001,2025-04-16,2099-12-31,
2000005861,ADD4001,,gstt_iclinicalmanager,,N,5000003737101001,2025-04-16,2099-12-31,
2000005862,Urine for Virus detection,,gstt_iclinicalmanager,,N,1000002486101001,2025-04-16,2099-12-31,
2000005863,Dynamic renal DTPA+lasix+reflux - N Med,,gstt_iclinicalmanager,,N,3000001149101001,2025-04-16,2099-12-31,
2000005864,Chlamydia DNA (LCR),,gstt_iclinicalmanager,,N,1177101001,2025-04-16,2099-12-31,
2000005866,Culture..,,gstt_iclinicalmanager,,N,1000003772101001,2025-04-16,2099-12-31,
2000005865,ACAVER,,gstt_iclinicalmanager,,N,3730101001,2025-04-16,2099-12-31,
2000005867,Z19,,gstt_iclinicalmanager,,N,3000003738101001,2025-04-16,2099-12-31,
2000005868,BHCG (EIA) 50 IU/L,,gstt_iclinicalmanager,,N,4000001334101001,2025-04-16,2099-12-31,
2000005869,AIRE1 Mutation Analysis,,gstt_iclinicalmanager,,N,7000003341101001,2025-04-16,2099-12-31,
2000005870,Infection Serum Store,,gstt_iclinicalmanager,,N,1000002471101001,2025-04-16,2099-12-31,
2000005871,SCASS,,gstt_iclinicalmanager,,N,7000003730101001,2025-04-16,2099-12-31,
2000005872,"Infection Science Send Away - Bristol, Leeds or Trop Diseases",,gstt_iclinicalmanager,,N,1000003878101001,2025-04-16,2099-12-31,
2000005873,MLH1 Promotor Methylation (Blood),,gstt_iclinicalmanager,,N,1000004334101001,2025-04-16,2099-12-31,
2000005874,Cat (Recombinant) Allergen,,gstt_iclinicalmanager,,N,9000003370101001,2025-04-16,2099-12-31,
2000005875,Aggregation Amplitude Ristocetin 1.25g/L,,gstt_iclinicalmanager,,N,9000003224101001,2025-04-16,2099-12-31,
2000005876,Hip & Lumbar Sp bone density PKC412 Study,,gstt_iclinicalmanager,,N,1000002568101001,2025-04-16,2099-12-31,
2000005877,Parotid Gland Rt - Dental,,gstt_iclinicalmanager,,N,3000001923101001,2025-04-16,2099-12-31,
2000005878,Cotton Seed Allergen,,gstt_iclinicalmanager,,N,4000003373101001,2025-04-16,2099-12-31,
2000005879,NCPCH,,gstt_iclinicalmanager,,N,1000002949101001,2025-04-16,2099-12-31,
2000005880,Research T4 Immunotherapy Imaging Trial - N Med,,gstt_iclinicalmanager,,N,3000003982101001,2025-04-16,2099-12-31,
2000005881,Z641,,gstt_iclinicalmanager,,N,1000003757101001,2025-04-16,2099-12-31,
2000005882,Microsatellite Instability - Blood,,gstt_iclinicalmanager,,N,4000002616101001,2025-04-16,2099-12-31,
2000005883,Dynamic renal DTPA + reflux - N Med,,gstt_iclinicalmanager,,N,1149101001,2025-04-16,2099-12-31,
2000005884,Glutc Acid Decarbse (GAD) Ab,,gstt_iclinicalmanager,,N,6000001117101001,2025-04-16,2099-12-31,
2000005885,Aggregation Amplitude Ristocetin 0.25g/L,,gstt_iclinicalmanager,,N,3225101001,2025-04-16,2099-12-31,
2000001072,Aspergillus Fumigatus Allergen,,gstt_iclinicalmanager,,N,5000003339101001,2025-04-16,2099-12-31,
2000005886,Whole blood Platelet count,,gstt_iclinicalmanager,,N,2000002974101001,2025-04-16,2099-12-31,
2000005887,NDEXIVA,,gstt_iclinicalmanager,,N,1000002310101001,2025-04-16,2099-12-31,
2000005889,Platelet Poor Plasma Count,,gstt_iclinicalmanager,,N,4000002974101001,2025-04-16,2099-12-31,
2000005888,Deoxyguanosine Urine,,gstt_iclinicalmanager,,N,3000001767101001,2025-04-16,2099-12-31,
2000005890,6444408,,gstt_iclinicalmanager,,N,6000001186101001,2025-04-16,2099-12-31,
2000005892,Ristocetin 0.25 g/L,,gstt_iclinicalmanager,,N,2000002975101001,2025-04-16,2099-12-31,
2000005891,Elevated creatinine,,gstt_iclinicalmanager,,N,7000001179290001,2025-04-16,2099-12-31,
2000005893,ATP release Thrombin 1 unit,,gstt_iclinicalmanager,,N,9000003225101001,2025-04-16,2099-12-31,
2000005894,Alcohol,,gstt_iclinicalmanager,,N,1000002238101001,2025-04-16,2099-12-31,
2000005895,B-Hydroxybutyrate (Orderable),,gstt_iclinicalmanager,,N,2000002596101001,2025-04-16,2099-12-31,
2000005896,Abachi Wood Dust Allergen,,gstt_iclinicalmanager,,N,2000003327101001,2025-04-16,2099-12-31,
2000005897,C ANCA,,gstt_iclinicalmanager,,N,6000001196290001,2025-04-16,2099-12-31,
2000005898,TRAP 10 uM,,gstt_iclinicalmanager,,N,7000002974101001,2025-04-16,2099-12-31,
2000005899,B18,,gstt_iclinicalmanager,,N,2000003726101001,2025-04-16,2099-12-31,
2000005900,HepB eAg Interpretation,,gstt_iclinicalmanager,,N,1123101001,2025-04-16,2099-12-31,
2000005901,IAPULS,,gstt_iclinicalmanager,,N,1000003089101001,2025-04-16,2099-12-31,
2000005902,Complement C5 - C9,,gstt_iclinicalmanager,,N,2000003304101001,2025-04-16,2099-12-31,
2000005903,Patient refused,,gstt_iclinicalmanager,,N,1000001902101001,2025-04-16,2099-12-31,
2000005905,XRSCC,,gstt_iclinicalmanager,,N,1000003937101001,2025-04-16,2099-12-31,
2000005904,Cocksfoot Allergen,,gstt_iclinicalmanager,,N,1000002419101001,2025-04-16,2099-12-31,
2000005906,Cedar Elm Ulmus Crassifolia Allergen,,gstt_iclinicalmanager,,N,3341101001,2025-04-16,2099-12-31,
2000005907,Aggregation Amplitude TRAP 10uM,,gstt_iclinicalmanager,,N,2000003225101001,2025-04-16,2099-12-31,
2000005908,NCPRP365,,gstt_iclinicalmanager,,N,1000003920101001,2025-04-16,2099-12-31,
2000005909,Viability - N Med,,gstt_iclinicalmanager,,N,7000001034101001,2025-04-16,2099-12-31,
2000005910,Weight (kg),,gstt_iclinicalmanager,,N,6000001425290001,2025-04-16,2099-12-31,
2000005911,Unprocessed G6PD Screen & Retics,,gstt_iclinicalmanager,,N,6000001275101001,2025-04-16,2099-12-31,
2000005913,Enteroclysis - CT,,gstt_iclinicalmanager,,N,1000002727101001,2025-04-16,2099-12-31,
2000005912,ADD2000,,gstt_iclinicalmanager,,N,1000001801101001,2025-04-16,2099-12-31,
2000005914,Lymphocyte Function.,,gstt_iclinicalmanager,,N,1000001049101001,2025-04-16,2099-12-31,
2000005916,UPEND,,gstt_iclinicalmanager,,N,1000002883101001,2025-04-16,2099-12-31,
2000005915,Adenosine Deaminase Plasma,,gstt_iclinicalmanager,,N,3000001763101001,2025-04-16,2099-12-31,
2000005917,Factor VIII (5 Minutes post),,gstt_iclinicalmanager,,N,2000001288101001,2025-04-16,2099-12-31,
2000005918,Allspice Allergen,,gstt_iclinicalmanager,,N,1000003319101001,2025-04-16,2099-12-31,
2000005919,Anti FVIII Screen (Bovine reagents for patients on Emicizumab),,gstt_iclinicalmanager,,N,1000004119101001,2025-04-16,2099-12-31,
2000005920,Sheep Whey Allergen,,gstt_iclinicalmanager,,N,3000003311101001,2025-04-16,2099-12-31,
2000005921,HRT Research - CT,,gstt_iclinicalmanager,,N,1000001695101001,2025-04-16,2099-12-31,
2000005923,Infection Sciences Referral Tests -Tropical Medicine,,gstt_iclinicalmanager,,N,1000003930101001,2025-04-16,2099-12-31,
2000005922,Calcitonin Level 0 minute,,gstt_iclinicalmanager,,N,7000001182101001,2025-04-16,2099-12-31,
2000005924,2204,,gstt_iclinicalmanager,,N,9000001270101001,2025-04-16,2099-12-31,
2000005925,ADD300,,gstt_iclinicalmanager,,N,1000001781101001,2025-04-16,2099-12-31,
2000005926,MRI Research Improve,,gstt_iclinicalmanager,,N,1000004197101001,2025-04-16,2099-12-31,
2000005927,NZEVTX,,gstt_iclinicalmanager,,N,1000002367101001,2025-04-16,2099-12-31,
2000005928,Transoesophageal Echocardiogram (TOE).,,gstt_iclinicalmanager,,N,2000002620101001,2025-04-16,2099-12-31,
2000000369,Servier study - X-ray,,gstt_iclinicalmanager,,N,1000001739101001,2025-04-16,2099-12-31,
2000005929,NCPRP321,,gstt_iclinicalmanager,,N,1000003808101001,2025-04-16,2099-12-31,
2000005930,NRESTUDY,,gstt_iclinicalmanager,,N,1000002779101001,2025-04-16,2099-12-31,
2000005931,Donath Landsteiner,,gstt_iclinicalmanager,,N,6000001147101001,2025-04-16,2099-12-31,
2000005932,VB2 - MSU,,gstt_iclinicalmanager,,N,2000003217101001,2025-04-16,2099-12-31,
2000005933,CSF Folate_END,,gstt_iclinicalmanager,,N,4000001333101001,2025-04-16,2099-12-31,
2000005934,Source - CTGC screen (Vagina).,,gstt_iclinicalmanager,,N,9000004019101001,2025-04-16,2099-12-31,
2000005935,Sugar-beet Seed Beta Vulgaris Allergen,,gstt_iclinicalmanager,,N,9000003324101001,2025-04-16,2099-12-31,
2000005936,CD41 Antibody,,gstt_iclinicalmanager,,N,2000001745101001,2025-04-16,2099-12-31,
2000005937,NM131O,,gstt_iclinicalmanager,,N,1000003059101001,2025-04-16,2099-12-31,
2000005938,Microsatellite Instability - Tissue,,gstt_iclinicalmanager,,N,3000002616101001,2025-04-16,2099-12-31,
2000005939,NCPRP403,,gstt_iclinicalmanager,,N,1000004337101001,2025-04-16,2099-12-31,
2000005940,PNP (cvs),,gstt_iclinicalmanager,,N,8000001765101001,2025-04-16,2099-12-31,
2000005942,Aggregation Amplitude Collagen 1ug/mL,,gstt_iclinicalmanager,,N,7000003224101001,2025-04-16,2099-12-31,
2000005941,Aggregation Amplitude ADP 10uM,,gstt_iclinicalmanager,,N,1000003224101001,2025-04-16,2099-12-31,
2000005943,Z35,,gstt_iclinicalmanager,,N,1000002127101001,2025-04-16,2099-12-31,
2000005944,5550508,,gstt_iclinicalmanager,,N,3000001268101001,2025-04-16,2099-12-31,
2000005946,rHev b 3 (recombinant MBP-) Allergen,,gstt_iclinicalmanager,,N,6000003322101001,2025-04-16,2099-12-31,
2000005945,NCPRP363,,gstt_iclinicalmanager,,N,1000003849101001,2025-04-16,2099-12-31,
2000005947,"Food mix (hazelnut, shrimp, kiwi, banana) Allergen",,gstt_iclinicalmanager,,N,2000003336101001,2025-04-16,2099-12-31,
2000005948,ADP 2.5 uM,,gstt_iclinicalmanager,,N,6000002974101001,2025-04-16,2099-12-31,
2000005949,Sample Type-TV RNA (Urine),,gstt_iclinicalmanager,,N,4000004313101001,2025-04-16,2099-12-31,
2000005950,U37,,gstt_iclinicalmanager,,N,1000002577101001,2025-04-16,2099-12-31,
2000005951,HLA/DR/DQ Single Locus(Class II),,gstt_iclinicalmanager,,N,1000001442101001,2025-04-16,2099-12-31,
2000005953,NIMREST,,gstt_iclinicalmanager,,N,1000001718101001,2025-04-16,2099-12-31,
2000005952,Legionella Urinary Antigen (Microbiology),,gstt_iclinicalmanager,,N,1000002868101001,2025-04-16,2099-12-31,
2000005954,Leg Pustule Swab,,gstt_iclinicalmanager,,N,2000001352101001,2025-04-16,2099-12-31,
2000005955,"Food mix (pork, beef, egg yolk, chicken, turkey) Allergen",,gstt_iclinicalmanager,,N,6000003316101001,2025-04-16,2099-12-31,
2000005956,PC Renal Artery Denervation Left,,gstt_iclinicalmanager,,N,3000003149101001,2025-04-16,2099-12-31,
2000005957,POCBGAPO2,,gstt_iclinicalmanager,,N,4000004307101001,2025-04-16,2099-12-31,
2000005958,Submandibular Gland Rt - Dental,,gstt_iclinicalmanager,,N,4000001923101001,2025-04-16,2099-12-31,
2000005959,Enema - CT ((ALTERNATE REQUEST FOR PATIENTS WITH IODINE ALLERGY),,gstt_iclinicalmanager,,N,1000003783101001,2025-04-16,2099-12-31,
2000005960,Calcitonin Level 5 minute,,gstt_iclinicalmanager,,N,1000001183101001,2025-04-16,2099-12-31,
2000005961,2nd Addendum Renal Report,,gstt_iclinicalmanager,,N,8000001189101001,2025-04-16,2099-12-31,
2000005962,Glycerol Lysis Time,,gstt_iclinicalmanager,,N,7000001117101001,2025-04-16,2099-12-31,
2000005963,Weed Pollen Mix 7 Allergen,,gstt_iclinicalmanager,,N,6000003336101001,2025-04-16,2099-12-31,
2000005964,NCHCH,,gstt_iclinicalmanager,,N,1000003688101001,2025-04-16,2099-12-31,
2000005965,Promyelocytes.,,gstt_iclinicalmanager,,N,8000001081101001,2025-04-16,2099-12-31,
2000005966,r,,gstt_iclinicalmanager,,N,5000001195101001,2025-04-16,2099-12-31,
2000005967,C97,,gstt_iclinicalmanager,,N,1000001373101001,2025-04-16,2099-12-31,
2000005969,Spine cervical discogram - CT,,gstt_iclinicalmanager,,N,8000002726101001,2025-04-16,2099-12-31,
2000005968,Hep E Serology,,gstt_iclinicalmanager,,N,1000001918101001,2025-04-16,2099-12-31,
2000005970,C ANCA,,gstt_iclinicalmanager,,N,5000001215290001,2025-04-16,2099-12-31,
2000005971,Cone Beam Right TMJ,,gstt_iclinicalmanager,,N,5000002291101001,2025-04-16,2099-12-31,
2000005973,Tragacan (E413) Astragalus Sp Allergen,,gstt_iclinicalmanager,,N,3332101001,2025-04-16,2099-12-31,
2000005972,Complement C5,,gstt_iclinicalmanager,,N,8000001168101001,2025-04-16,2099-12-31,
2000005974,Nucleated RBC,,gstt_iclinicalmanager,,N,1000001842101001,2025-04-16,2099-12-31,
2000005975,Chlamydia and GC Comment Specimen,,gstt_iclinicalmanager,,N,1000003456101001,2025-04-16,2099-12-31,
2000005977,Vertical bitewing right -  Dental,,gstt_iclinicalmanager,,N,3000002075101001,2025-04-16,2099-12-31,
2000005976,Desmethylclobazam Level New,,gstt_iclinicalmanager,,N,3000003407101001,2025-04-16,2099-12-31,
2000005978,Factor VIII (36 Hour post),,gstt_iclinicalmanager,,N,3000001380101001,2025-04-16,2099-12-31,
2000005980,MUGA HERC 1 DM - N Med Research,,gstt_iclinicalmanager,,N,7000001055101001,2025-04-16,2099-12-31,
2000005979,Chlamydia Test (IF),,gstt_iclinicalmanager,,N,4000001177101001,2025-04-16,2099-12-31,
2000005981,Urine Sulphocysteine..,,gstt_iclinicalmanager,,N,5000003217101001,2025-04-16,2099-12-31,
2000005982,H&I Form 3C Referral Test 1 - Result,,gstt_iclinicalmanager,,N,8000004155101001,2025-04-16,2099-12-31,
2000005984,Date Phoenix Canariensis Allergen,,gstt_iclinicalmanager,,N,7000003313101001,2025-04-16,2099-12-31,
2000005983,Chinchilla Epithelium Allergen,,gstt_iclinicalmanager,,N,6000003317101001,2025-04-16,2099-12-31,
2000005985,Kyphoplasty Single Level,,gstt_iclinicalmanager,,N,3000002536101001,2025-04-16,2099-12-31,
2000005986,vWF Antigen (12 Hours),,gstt_iclinicalmanager,,N,2000001574101001,2025-04-16,2099-12-31,
2000005988,Mulberry Morus Alba Allergen,,gstt_iclinicalmanager,,N,4000003328101001,2025-04-16,2099-12-31,
2000005987,Cagebird Allergen,,gstt_iclinicalmanager,,N,9000002247101001,2025-04-16,2099-12-31,
2000005989,ADA control cvs,,gstt_iclinicalmanager,,N,2000001765101001,2025-04-16,2099-12-31,
2000005991,Midfoot Both - CT,,gstt_iclinicalmanager,,N,5000002731101001,2025-04-16,2099-12-31,
2000005990,Contrast enhanced mammography right breast,,gstt_iclinicalmanager,,N,5000004093101001,2025-04-16,2099-12-31,
2000005992,"Food mix (lentil, pea, whitebean, carob) Allergen",,gstt_iclinicalmanager,,N,3000003336101001,2025-04-16,2099-12-31,
2000005993,Height,,gstt_iclinicalmanager,,N,1128290001,2025-04-16,2099-12-31,
2000005995,Guided embolisation - CT,,gstt_iclinicalmanager,,N,2000002727101001,2025-04-16,2099-12-31,
2000005994,Arachidonic acid 0.5 mg/mL,,gstt_iclinicalmanager,,N,4000002975101001,2025-04-16,2099-12-31,
2000005996,Systolic Blood Pressure (mmHg),,gstt_iclinicalmanager,,N,4000001425290001,2025-04-16,2099-12-31,
2000005998,Z171,,gstt_iclinicalmanager,,N,5000003736101001,2025-04-16,2099-12-31,
2000005997,Platelet Rich Plama Count,,gstt_iclinicalmanager,,N,3000002974101001,2025-04-16,2099-12-31,
2000005999,TRAP 20 uM,,gstt_iclinicalmanager,,N,8000002974101001,2025-04-16,2099-12-31,
2000006001,Rubella Antibody Latex,,gstt_iclinicalmanager,,N,5000001093101001,2025-04-16,2099-12-31,
2000006000,Cone Beam Left TMJ,,gstt_iclinicalmanager,,N,4000002291101001,2025-04-16,2099-12-31,
2000006002,C671,,gstt_iclinicalmanager,,N,6000003728101001,2025-04-16,2099-12-31,
2000006003,Blister Fluid Swab,,gstt_iclinicalmanager,,N,3000001509101001,2025-04-16,2099-12-31,
2000006004,Discharging Sinus,,gstt_iclinicalmanager,,N,1000001465101001,2025-04-16,2099-12-31,
2000006005,g64.3,,gstt_iclinicalmanager,,N,1000004130101001,2025-04-16,2099-12-31,
2000006006,NRES16,,gstt_iclinicalmanager,,N,5000003738101001,2025-04-16,2099-12-31,
2000006007,ATP release ADP 10uM,,gstt_iclinicalmanager,,N,5000003224101001,2025-04-16,2099-12-31,
2000006008,Clobazam Level New,,gstt_iclinicalmanager,,N,2000003407101001,2025-04-16,2099-12-31,
2000006009,XRCHOLC,,gstt_iclinicalmanager,,N,9000003729101001,2025-04-16,2099-12-31,
2000006010,NOCTI3,,gstt_iclinicalmanager,,N,1000002767101001,2025-04-16,2099-12-31,
2000006012,Vertebroplasty thoracic - CT,,gstt_iclinicalmanager,,N,4000002736101001,2025-04-16,2099-12-31,
2000006011,Cedar Libocedrus Decurrens Allergen,,gstt_iclinicalmanager,,N,1000003367101001,2025-04-16,2099-12-31,
2000006013,Inosine Urine,,gstt_iclinicalmanager,,N,8000001767101001,2025-04-16,2099-12-31,
2000006014,CD38 Antibody.,,gstt_iclinicalmanager,,N,6000001747101001,2025-04-16,2099-12-31,
2000006015,Deoxyinosine Urine,,gstt_iclinicalmanager,,N,4000001767101001,2025-04-16,2099-12-31,
2000006016,Urine Drugs of Abuse,,gstt_iclinicalmanager,,N,1000002923101001,2025-04-16,2099-12-31,
2000006017,Blasts.,,gstt_iclinicalmanager,,N,8000001180101001,2025-04-16,2099-12-31,
2000006019,Myelocytes.,,gstt_iclinicalmanager,,N,8000001047101001,2025-04-16,2099-12-31,
2000006018,MPHAN,,gstt_iclinicalmanager,,N,1000003949101001,2025-04-16,2099-12-31,
2000006020,Chlamydia and GC Comment Urethra,,gstt_iclinicalmanager,,N,9000003456101001,2025-04-16,2099-12-31,
2000006021,Factor IX (8 Hour post),,gstt_iclinicalmanager,,N,2000001128101001,2025-04-16,2099-12-31,
2000006022,Yttrium Post Therapy Whole Body scan - N Med,,gstt_iclinicalmanager,,N,1000002637101001,2025-04-16,2099-12-31,
2000006023,JC and TOXO Sample Type,,gstt_iclinicalmanager,,N,6000003507101001,2025-04-16,2099-12-31,
2000006024,Half Life Data Corrected,,gstt_iclinicalmanager,,N,6000001119101001,2025-04-16,2099-12-31,
2000006025,Anti-GBM Elisa Level,,gstt_iclinicalmanager,,N,9000001200101001,2025-04-16,2099-12-31,
2000006026,Cone Beam Right Ramus,,gstt_iclinicalmanager,,N,7000002291101001,2025-04-16,2099-12-31,
2000006027,E491,,gstt_iclinicalmanager,,N,1000004095101001,2025-04-16,2099-12-31,
2000006029,Guided fiducial marker insertion lung right - CT,,gstt_iclinicalmanager,,N,5000003931101001,2025-04-16,2099-12-31,
2000006028,CTPLAN,,gstt_iclinicalmanager,,N,1000002120101001,2025-04-16,2099-12-31,
2000006030,PIK3CA Mutation,,gstt_iclinicalmanager,,N,1000003229101001,2025-04-16,2099-12-31,
2000006031,U34,,gstt_iclinicalmanager,,N,1000003826101001,2025-04-16,2099-12-31,
2000006033,Mycoplasma genitalium TMA - Other,,gstt_iclinicalmanager,,N,1000004019101001,2025-04-16,2099-12-31,
2000006032,COVID-19 KNOWN infection PCR Nose &Throat,,gstt_iclinicalmanager,,N,2000004194101001,2025-04-16,2099-12-31,
2000006034,Buprenorphine BUPRE,,gstt_iclinicalmanager,,N,2000002238101001,2025-04-16,2099-12-31,
2000006035,vW:RiCofactor inhibitor assay,,gstt_iclinicalmanager,,N,3000001535101001,2025-04-16,2099-12-31,
2000006037,Transrectal Prostate Biopsy - US Guided (Urology use only),,gstt_iclinicalmanager,,N,6000004106101001,2025-04-16,2099-12-31,
2000006036,NMI30,,gstt_iclinicalmanager,,N,1000003756101001,2025-04-16,2099-12-31,
2000006038,Height,,gstt_iclinicalmanager,,N,1000001128290001,2025-04-16,2099-12-31,
2000006040,Alfalfa Medicago Sativa Allergen,,gstt_iclinicalmanager,,N,7000003367101001,2025-04-16,2099-12-31,
2000006039,9850,,gstt_iclinicalmanager,,N,1000001270101001,2025-04-16,2099-12-31,
2000006041,USANOM?,,gstt_iclinicalmanager,,N,1000003824101001,2025-04-16,2099-12-31,
2000006043,"N-acetylgalactosamine-6-Sulphatase Morquio A, Mucopolysaccharidosis type 4A, MPS4A",,gstt_iclinicalmanager,,N,7000003293101001,2025-04-16,2099-12-31,
2000006042,Dog Recombinant Allergen (rCan f 2) Allergen,,gstt_iclinicalmanager,,N,2000003350101001,2025-04-16,2099-12-31,
2000006044,Rose Waaler Titre,,gstt_iclinicalmanager,,N,3000001092101001,2025-04-16,2099-12-31,
2000006045,ADD3001,,gstt_iclinicalmanager,,N,3000003736101001,2025-04-16,2099-12-31,
2000006046,American Beech Fagus Grandif Allergen,,gstt_iclinicalmanager,,N,4000003347101001,2025-04-16,2099-12-31,
2000006047,CT Orbit with contrast Both,,gstt_iclinicalmanager,,N,1000002733101001,2025-04-16,2099-12-31,
2000006048,POCMSCRP,,gstt_iclinicalmanager,,N,2000004343101001,2025-04-16,2099-12-31,
2000006049,ESR,,gstt_iclinicalmanager,,N,3000001169290001,2025-04-16,2099-12-31,
2000006051,POCMSMONO,,gstt_iclinicalmanager,,N,8000004343101001,2025-04-16,2099-12-31,
2000006050,Intra-Operative PTH sample 9 level 5312063,,gstt_iclinicalmanager,,N,9000002462101001,2025-04-16,2099-12-31,
2000006052,US Quality Assurance,,gstt_iclinicalmanager,,N,3000004138101001,2025-04-16,2099-12-31,
2000006053,Extracorporeal lithotripsy renal both,,gstt_iclinicalmanager,,N,5000003246101001,2025-04-16,2099-12-31,
2000006055,Curvularia Lunate Allergen,,gstt_iclinicalmanager,,N,6000003333101001,2025-04-16,2099-12-31,
2000006054,CEPA Mutation Bone Marrow,,gstt_iclinicalmanager,,N,1000002407101001,2025-04-16,2099-12-31,
2000006056,Appendix - CT,,gstt_iclinicalmanager,,N,4000001204101001,2025-04-16,2099-12-31,
2000006058,POCMSMCV,,gstt_iclinicalmanager,,N,7000004343101001,2025-04-16,2099-12-31,
2000006057,"Heparan sulphamidase (Sanfilippo A, mucopolysaccharidosis type 3A, MPS3A)",,gstt_iclinicalmanager,,N,4000003292101001,2025-04-16,2099-12-31,
2000006059,COVID-19 KNOWN infection PCR Serum,,gstt_iclinicalmanager,,N,8000004194101001,2025-04-16,2099-12-31,
2000006060,NCPRP356,,gstt_iclinicalmanager,,N,1000003944101001,2025-04-16,2099-12-31,
2000006062,Liver - MRI (Neonates),,gstt_iclinicalmanager,,N,2000004351101001,2025-04-16,2099-12-31,
2000006061,C53,,gstt_iclinicalmanager,,N,5000003735101001,2025-04-16,2099-12-31,
2000006063,HCG (poct),,gstt_iclinicalmanager,,N,3000002354101001,2025-04-16,2099-12-31,
2000006064,C26,,gstt_iclinicalmanager,,N,1000001732101001,2025-04-16,2099-12-31,
2000006065,Thyroid Peroxidase Ab,,gstt_iclinicalmanager,,N,5000001013101001,2025-04-16,2099-12-31,
2000006066,Infection Sciences Referral Tests - Micropathology,,gstt_iclinicalmanager,,N,1000003947101001,2025-04-16,2099-12-31,
2000006067,MRSA Screen - Swab,,gstt_iclinicalmanager,,N,8000001054101001,2025-04-16,2099-12-31,
2000006068,Unprocessed SCell/Thalassaemia  screen,,gstt_iclinicalmanager,,N,4000001275101001,2025-04-16,2099-12-31,
2000006069,Breast cap-vin - N Med Research,,gstt_iclinicalmanager,,N,1000001524101001,2025-04-16,2099-12-31,
2000006071,Isocyanate MDI Allergen,,gstt_iclinicalmanager,,N,4000003333101001,2025-04-16,2099-12-31,
2000006070,A DUMMY Order 3,,gstt_iclinicalmanager,,N,3000002964101001,2025-04-16,2099-12-31,
2000006072,XDL45,,gstt_iclinicalmanager,,N,1000002071101001,2025-04-16,2099-12-31,
2000006074,UPELA,,gstt_iclinicalmanager,,N,2000003826101001,2025-04-16,2099-12-31,
2000006073,POCT Base Excess (BE(ecf)).,,gstt_iclinicalmanager,,N,1000004250101001,2025-04-16,2099-12-31,
2000006075,U35,,gstt_iclinicalmanager,,N,1000001459101001,2025-04-16,2099-12-31,
2000006076,Anti-sperm Ab.,,gstt_iclinicalmanager,,N,6000003391101001,2025-04-16,2099-12-31,
2000006077,Bovine Brain Prothrombin Time,,gstt_iclinicalmanager,,N,1213101001,2025-04-16,2099-12-31,
2000006078,Anti-mitochondria IgG AMTG,,gstt_iclinicalmanager,,N,1000003409101001,2025-04-16,2099-12-31,
2000006079,Amphetamine Confirmation,,gstt_iclinicalmanager,,N,7000002375101001,2025-04-16,2099-12-31,
2000006081,VWF Activity (8 Hours Post),,gstt_iclinicalmanager,,N,4000001358101001,2025-04-16,2099-12-31,
2000006080,Guided fiducial marker insertion prostate - US,,gstt_iclinicalmanager,,N,9000003931101001,2025-04-16,2099-12-31,
2000006082,EBV Load IU/mL whole blood,,gstt_iclinicalmanager,,N,2000003133101001,2025-04-16,2099-12-31,
2000006083,Guided fiducial marker insertion liver - US,,gstt_iclinicalmanager,,N,2000003931101001,2025-04-16,2099-12-31,
2000006084,POCMSLYMP,,gstt_iclinicalmanager,,N,6000004343101001,2025-04-16,2099-12-31,
2000006085,Infection Sciences Referral Tests - King's,,gstt_iclinicalmanager,,N,6000003929101001,2025-04-16,2099-12-31,
2000006087,Source - RS.,,gstt_iclinicalmanager,,N,5000004019101001,2025-04-16,2099-12-31,
2000006086,POCMSPLT,,gstt_iclinicalmanager,,N,9000004343101001,2025-04-16,2099-12-31,
2000006088,Grip Strength(Kg)(Laporotomy Emergency only),,gstt_iclinicalmanager,,N,4000001320290001,2025-04-16,2099-12-31,
2000006089,M73,,gstt_iclinicalmanager,,N,1000001348101001,2025-04-16,2099-12-31,
2000006091,Sentinel node oral with ICG -N Med,,gstt_iclinicalmanager,,N,2000003543101001,2025-04-16,2099-12-31,
2000006090,INR for VKA anticoagulant monitoring,,gstt_iclinicalmanager,,N,1000001205101001,2025-04-16,2099-12-31,
2000006092,TCR - Gastric,,gstt_iclinicalmanager,,N,1000003638101001,2025-04-16,2099-12-31,
2000006093,Elder Allergen,,gstt_iclinicalmanager,,N,6000003313101001,2025-04-16,2099-12-31,
2000006094,Cottonwood Populus Deltoide Allergen,,gstt_iclinicalmanager,,N,5000003313101001,2025-04-16,2099-12-31,
2000006095,Gliadin Antibody ELISA,,gstt_iclinicalmanager,,N,4000001878101001,2025-04-16,2099-12-31,
2000006096,NCPRP394,,gstt_iclinicalmanager,,N,1000004131101001,2025-04-16,2099-12-31,
2000006097,Height,,gstt_iclinicalmanager,,N,2000001128290001,2025-04-16,2099-12-31,
2000006098,Ispaghula Allergen,,gstt_iclinicalmanager,,N,3000003373101001,2025-04-16,2099-12-31,
2000006100,VWF Activity (52 Hours Post),,gstt_iclinicalmanager,,N,1000001359101001,2025-04-16,2099-12-31,
2000006099,Cultivated Wheat Triticum aes Allergen,,gstt_iclinicalmanager,,N,7000003358101001,2025-04-16,2099-12-31,
2000006101,Factor IX (28 Hour post),,gstt_iclinicalmanager,,N,3000001127101001,2025-04-16,2099-12-31,
2000006102,Foxtail Millet Setaria Italica Allergen,,gstt_iclinicalmanager,,N,5000003319101001,2025-04-16,2099-12-31,
2000006103,MTHIB-K,,gstt_iclinicalmanager,,N,1000003974101001,2025-04-16,2099-12-31,
2000006104,MRSA Admission 2 Sets- Nose Axilla Groin,,gstt_iclinicalmanager,,N,8000001875101001,2025-04-16,2099-12-31,
2000006105,Gynae TV - US,,gstt_iclinicalmanager,,N,1000002348101001,2025-04-16,2099-12-31,
2000006107,Z61,,gstt_iclinicalmanager,,N,4000003737101001,2025-04-16,2099-12-31,
2000006106,POCMSHb,,gstt_iclinicalmanager,,N,5000004343101001,2025-04-16,2099-12-31,
2000006108,Chimerism Comment.,,gstt_iclinicalmanager,,N,9000004151101001,2025-04-16,2099-12-31,
2000006109,JC and TOXO Sample Details,,gstt_iclinicalmanager,,N,7000003507101001,2025-04-16,2099-12-31,
2000006110,Peanut rAra h8 PR-10 (recombinant) Allergen,,gstt_iclinicalmanager,,N,6000003311101001,2025-04-16,2099-12-31,
2000006111,Intra-Operative PTH sample 5 level 5312059,,gstt_iclinicalmanager,,N,4000002462101001,2025-04-16,2099-12-31,
2000006113,POCMSWBC,,gstt_iclinicalmanager,,N,2000004344101001,2025-04-16,2099-12-31,
2000006112,POCMSGRAN,,gstt_iclinicalmanager,,N,3000004343101001,2025-04-16,2099-12-31,
2000006114,"CD20/CD5 Antibody, Fluid",,gstt_iclinicalmanager,,N,2000001871101001,2025-04-16,2099-12-31,
2000006115,ABL Kinase Mutations Bone Marrow,,gstt_iclinicalmanager,,N,3000002407101001,2025-04-16,2099-12-31,
2000006116,Brain Natriuretic Peptide Level,,gstt_iclinicalmanager,,N,8000001213101001,2025-04-16,2099-12-31,
2000006117,Complement C9,,gstt_iclinicalmanager,,N,7000003368101001,2025-04-16,2099-12-31,
2000006118,Cone Beam Right Orbit,,gstt_iclinicalmanager,,N,4000002292101001,2025-04-16,2099-12-31,
2000006119,Thallium wholebody - N Med,,gstt_iclinicalmanager,,N,3000001028101001,2025-04-16,2099-12-31,
2000006120,2nd Addendum Surgical Pathology Report,,gstt_iclinicalmanager,,N,9000001189101001,2025-04-16,2099-12-31,
2000006122,rPhl p 12; Profilin (Recombi) Allergen,,gstt_iclinicalmanager,,N,2000003355101001,2025-04-16,2099-12-31,
2000006121,2-8di-OH-Adenine Blood,,gstt_iclinicalmanager,,N,5000001763101001,2025-04-16,2099-12-31,
2000006123,Intra-Operative PTH sample 8 level 5312062,,gstt_iclinicalmanager,,N,8000002462101001,2025-04-16,2099-12-31,
2000006124,Cervical spine - MRI (KCL Research),,gstt_iclinicalmanager,,N,1000004284101001,2025-04-16,2099-12-31,
2000006125,Factor IX (56 Hour post),,gstt_iclinicalmanager,,N,8000001127101001,2025-04-16,2099-12-31,
2000006126,Femur Both - MRI (KCL Research),,gstt_iclinicalmanager,,N,4000003921101001,2025-04-16,2099-12-31,
2000006127,ASPNP50,,gstt_iclinicalmanager,,N,4000001307101001,2025-04-16,2099-12-31,
2000006128,VWF Activity (2 Hours Post),,gstt_iclinicalmanager,,N,9000001357101001,2025-04-16,2099-12-31,
2000006129,XRCHESO,,gstt_iclinicalmanager,,N,1000003737101001,2025-04-16,2099-12-31,
2000006130,F15,,gstt_iclinicalmanager,,N,1000001289101001,2025-04-16,2099-12-31,
2000006132,NCPRP339,,gstt_iclinicalmanager,,N,1000003602101001,2025-04-16,2099-12-31,
2000006131,Euroglyphus Maynei House Dust Mite Allergen,,gstt_iclinicalmanager,,N,8000003336101001,2025-04-16,2099-12-31,
2000006133,AS MS Head - MRI Research,,gstt_iclinicalmanager,,N,8000001206101001,2025-04-16,2099-12-31,
2000006134,C49,,gstt_iclinicalmanager,,N,1000001483101001,2025-04-16,2099-12-31,
2000006135,Papain Allergen,,gstt_iclinicalmanager,,N,1000003327101001,2025-04-16,2099-12-31,
2000006136,B - Hydroxybutyrate,,gstt_iclinicalmanager,,N,1000001855101001,2025-04-16,2099-12-31,
2000006137,1st Addendum Cytology Report,,gstt_iclinicalmanager,,N,1000001266101001,2025-04-16,2099-12-31,
2000006139,Nor-Buprenorphine Confirmation,,gstt_iclinicalmanager,,N,2000002376101001,2025-04-16,2099-12-31,
2000006138,Cytogenetics Additional Report,,gstt_iclinicalmanager,,N,1000002283101001,2025-04-16,2099-12-31,
2000006140,Chlamydia Test (IF),,gstt_iclinicalmanager,,N,3000001548101001,2025-04-16,2099-12-31,
2000006142,VWF Activity (4 Hours Post),,gstt_iclinicalmanager,,N,1000001358101001,2025-04-16,2099-12-31,
2000006141,Kyphoplasty thoracic - CT,,gstt_iclinicalmanager,,N,2730101001,2025-04-16,2099-12-31,
2000006143,GM1-Gangliosidosis - GLB1 gene (DNA test),,gstt_iclinicalmanager,,N,3000003292101001,2025-04-16,2099-12-31,
2000006144,UAUMB,,gstt_iclinicalmanager,,N,1000002789101001,2025-04-16,2099-12-31,
2000006146,MRI - add area,,gstt_iclinicalmanager,,N,2000001341101001,2025-04-16,2099-12-31,
2000006145,ENDO011,,gstt_iclinicalmanager,,N,1000004273101001,2025-04-16,2099-12-31,
2000006147,Chloramin T Allergen,,gstt_iclinicalmanager,,N,6000003320101001,2025-04-16,2099-12-31,
2000006149,Cone Beam Left Parotid Sialogram,,gstt_iclinicalmanager,,N,1000002293101001,2025-04-16,2099-12-31,
2000006148,Barley Hordeum Vulgare Allergen,,gstt_iclinicalmanager,,N,7000003319101001,2025-04-16,2099-12-31,
2000006150,Breath Test Request,,gstt_iclinicalmanager,,N,1000002491101001,2025-04-16,2099-12-31,
2000000370,Inhaled Insulin Chest X-Ray,,gstt_iclinicalmanager,,N,1000002110101001,2025-04-16,2099-12-31,
2000006151,P5N-II,,gstt_iclinicalmanager,,N,7000001764101001,2025-04-16,2099-12-31,
2000006152,Prothrombin Time INR.,,gstt_iclinicalmanager,,N,7000001083101001,2025-04-16,2099-12-31,
2000006153,Feet,,gstt_iclinicalmanager,,N,4000001256290001,2025-04-16,2099-12-31,
2000006154,Guided fiducial marker insertion lung both - CT,,gstt_iclinicalmanager,,N,3000003931101001,2025-04-16,2099-12-31,
2000006155,MRI - Whole Body,,gstt_iclinicalmanager,,N,2000003124101001,2025-04-16,2099-12-31,
2000006156,Chlamydia and GC Comment Ulcer,,gstt_iclinicalmanager,,N,2000003456101001,2025-04-16,2099-12-31,
2000006157,Amphetamine,,gstt_iclinicalmanager,,N,7000002375101001,2025-04-16,2099-12-31,
2000006158,NMOTH,,gstt_iclinicalmanager,,N,2000003856101001,2025-04-16,2099-12-31,
2000006159,Z431,,gstt_iclinicalmanager,,N,1000003743101001,2025-04-16,2099-12-31,
2000006160,Samarium 153 ED TMP therapy - N Med,,gstt_iclinicalmanager,,N,1000003034101001,2025-04-16,2099-12-31,
2000006161,Factor IX (10 Minutes post),,gstt_iclinicalmanager,,N,7000001126101001,2025-04-16,2099-12-31,
2000006162,Haematology MTHFR Molecular Diagnosis,,gstt_iclinicalmanager,,N,2000001734101001,2025-04-16,2099-12-31,
2000006163,NMI45,,gstt_iclinicalmanager,,N,1000002477101001,2025-04-16,2099-12-31,
2000006164,TCR - Skin,,gstt_iclinicalmanager,,N,8000001827101001,2025-04-16,2099-12-31,
2000006165,Cytogenetics Investigation,,gstt_iclinicalmanager,,N,2000002268101001,2025-04-16,2099-12-31,
2000006166,Baby 4 D Status:,,gstt_iclinicalmanager,,N,9000004162101001,2025-04-16,2099-12-31,
2000006167,Intra-Operative PTH sample 2 level 5312056,,gstt_iclinicalmanager,,N,4000002459101001,2025-04-16,2099-12-31,
2000006168,X Linked Agammaglobulinaemia,,gstt_iclinicalmanager,,N,8000003354101001,2025-04-16,2099-12-31,
2000006169,Z42,,gstt_iclinicalmanager,,N,2000003743101001,2025-04-16,2099-12-31,
2000006170,Intra-Operative PTH sample 6 level 5312060,,gstt_iclinicalmanager,,N,6000002462101001,2025-04-16,2099-12-31,
2000006171,16,,gstt_iclinicalmanager,,N,3000001621101001,2025-04-16,2099-12-31,
2000006172,rApi g 1.01 (recombinant) Allergen,,gstt_iclinicalmanager,,N,4000003368101001,2025-04-16,2099-12-31,
2000006173,ENDO12,,gstt_iclinicalmanager,,N,1000004274101001,2025-04-16,2099-12-31,
2000006174,Mitochondrial Antibody Type AMAT,,gstt_iclinicalmanager,,N,2000001522101001,2025-04-16,2099-12-31,
2000006175,Sweet Vernal Grass Allergen,,gstt_iclinicalmanager,,N,3312101001,2025-04-16,2099-12-31,
2000006176,Hep C Genotype,,gstt_iclinicalmanager,,N,1000001103101001,2025-04-16,2099-12-31,
2000006177,VWF Collagen Binding (15 Minutes),,gstt_iclinicalmanager,,N,1000001424101001,2025-04-16,2099-12-31,
2000006178,% CV,,gstt_iclinicalmanager,,N,1000004150101001,2025-04-16,2099-12-31,
2000006180,Quetiapine,,gstt_iclinicalmanager,,N,2335101001,2025-04-16,2099-12-31,
2000006179,No. of Informative Loci.,,gstt_iclinicalmanager,,N,1000004267101001,2025-04-16,2099-12-31,
2000006181,Guided fiducial marker insertion thorax - CT,,gstt_iclinicalmanager,,N,2000003932101001,2025-04-16,2099-12-31,
2000006182,Thyroid thpy post octreotide - N Med,,gstt_iclinicalmanager,,N,4000001296101001,2025-04-16,2099-12-31,
2000006183,Trimellitic Anhydride TMA Allergen,,gstt_iclinicalmanager,,N,4000003327101001,2025-04-16,2099-12-31,
2000006184,MethylAmphetamine Confirmation,,gstt_iclinicalmanager,,N,8000002375101001,2025-04-16,2099-12-31,
2000006185,XFANKL,,gstt_iclinicalmanager,,N,1000004222101001,2025-04-16,2099-12-31,
2000006187,Z54,,gstt_iclinicalmanager,,N,3000003728101001,2025-04-16,2099-12-31,
2000006186,2nd Addendum Cytology Report,,gstt_iclinicalmanager,,N,2000001266101001,2025-04-16,2099-12-31,
2000006188,US Quality Assurance Baseline,,gstt_iclinicalmanager,,N,1000004138101001,2025-04-16,2099-12-31,
2000006189,Nail Clippings,,gstt_iclinicalmanager,,N,1000001352101001,2025-04-16,2099-12-31,
2000006190,Cardiac - MRI (Neonates),,gstt_iclinicalmanager,,N,1000004351101001,2025-04-16,2099-12-31,
2000006191,VWF Activity (48 Hours Post),,gstt_iclinicalmanager,,N,9000001358101001,2025-04-16,2099-12-31,
2000006192,Anti-mitochondria IgM AMTM,,gstt_iclinicalmanager,,N,3000003409101001,2025-04-16,2099-12-31,
2000006193,.Baby 1 Rh D Status.,,gstt_iclinicalmanager,,N,1000002189101001,2025-04-16,2099-12-31,
2000000371,Chest - Other views - X-Ray.end,,gstt_iclinicalmanager,,N,3000001175101001,2025-04-16,2099-12-31,
2000006194,HDL,,gstt_iclinicalmanager,,N,5000001242290001,2025-04-16,2099-12-31,
2000006195,Rheumatoid Factor (Specific),,gstt_iclinicalmanager,,N,2000001697101001,2025-04-16,2099-12-31,
2000006196,Post Protein A Sepharose,,gstt_iclinicalmanager,,N,1079101001,2025-04-16,2099-12-31,
2000006197,Antigenic TAFI ELISA Assay,,gstt_iclinicalmanager,,N,5000001201101001,2025-04-16,2099-12-31,
2000006199,VWF Collagen Binding (32 Hours Post),,gstt_iclinicalmanager,,N,7000001424101001,2025-04-16,2099-12-31,
2000006198,Sulpiride,,gstt_iclinicalmanager,,N,7000002334101001,2025-04-16,2099-12-31,
2000000372,Renal Tomograms - X-Ray,,gstt_iclinicalmanager,,N,2000001090101001,2025-04-16,2099-12-31,
2000006200,H86,,gstt_iclinicalmanager,,N,3000003737101001,2025-04-16,2099-12-31,
2000006201,Lysosomal Enzyme Screen - Hydrops - SKIN,,gstt_iclinicalmanager,,N,2000003298101001,2025-04-16,2099-12-31,
2000006202,Guided fiducial marker insertion lung left - CT,,gstt_iclinicalmanager,,N,4000003931101001,2025-04-16,2099-12-31,
2000006204,Methadone metabolite EDDP,,gstt_iclinicalmanager,,N,9000002238101001,2025-04-16,2099-12-31,
2000006203,Chlamydia and GC Comment Conjunctiva,,gstt_iclinicalmanager,,N,1000003457101001,2025-04-16,2099-12-31,
2000006205,C67,,gstt_iclinicalmanager,,N,1000001340101001,2025-04-16,2099-12-31,
2000006207,rPhl p 1 (recombinant) Allergen,,gstt_iclinicalmanager,,N,2000003368101001,2025-04-16,2099-12-31,
2000006206,"Fruit mix (orange, apple, banana, peach) Allergen",,gstt_iclinicalmanager,,N,4000003349101001,2025-04-16,2099-12-31,
2000006208,"Veg mix (carrot, potato, spinach, cucumber) Allergen",,gstt_iclinicalmanager,,N,1000003309101001,2025-04-16,2099-12-31,
2000006209,Blood 2-8di-OH-Adenine,,gstt_iclinicalmanager,,N,5000001763101001,2025-04-16,2099-12-31,
2000006211,Cone Beam Left Orbit,,gstt_iclinicalmanager,,N,3000002292101001,2025-04-16,2099-12-31,
2000006210,BP Systolic,,gstt_iclinicalmanager,,N,1242290001,2025-04-16,2099-12-31,
2000006212,MRA - Aorta (KCL Scanner),,gstt_iclinicalmanager,,N,2000003908101001,2025-04-16,2099-12-31,
2000006214,UPLAC,,gstt_iclinicalmanager,,N,1000002788101001,2025-04-16,2099-12-31,
2000006213,Guided fiducial marker insertion pancreas - CT,,gstt_iclinicalmanager,,N,6000003931101001,2025-04-16,2099-12-31,
2000006215,Guided fiducial marker insertion pelvis - CT,,gstt_iclinicalmanager,,N,8000003931101001,2025-04-16,2099-12-31,
2000006216,Guided fiducial marker insertion pancreas - US,,gstt_iclinicalmanager,,N,7000003931101001,2025-04-16,2099-12-31,
2000006217,Perineal - US,,gstt_iclinicalmanager,,N,2000002517101001,2025-04-16,2099-12-31,
2000006218,Streptavidin Allergen,,gstt_iclinicalmanager,,N,3360101001,2025-04-16,2099-12-31,
2000006219,Z72,,gstt_iclinicalmanager,,N,1000001711101001,2025-04-16,2099-12-31,
2000006221,Kyphoplasty lumbar - CT,,gstt_iclinicalmanager,,N,9000002729101001,2025-04-16,2099-12-31,
2000006220,"Hills ""n""",,gstt_iclinicalmanager,,N,7000001123101001,2025-04-16,2099-12-31,
2000006222,Myoglobin Urine.,,gstt_iclinicalmanager,,N,3000001048101001,2025-04-16,2099-12-31,
2000006223,Factor IX (4 Hour post),,gstt_iclinicalmanager,,N,6000001127101001,2025-04-16,2099-12-31,
2000006224,C ANCA,,gstt_iclinicalmanager,,N,1000001179290001,2025-04-16,2099-12-31,
2000006225,Factor IX (18 Hour post),,gstt_iclinicalmanager,,N,1127101001,2025-04-16,2099-12-31,
2000006226,Intra-Operative PTH sample 10 level 5312064,,gstt_iclinicalmanager,,N,2463101001,2025-04-16,2099-12-31,
2000006228,X54,,gstt_iclinicalmanager,,N,1000001298101001,2025-04-16,2099-12-31,
2000006227,UAOH,,gstt_iclinicalmanager,,N,1000004070101001,2025-04-16,2099-12-31,
2000006229,Downs Risk:                 Less than 1,,gstt_iclinicalmanager,,N,1000002354101001,2025-04-16,2099-12-31,
2000006230,Red Cedar Juniperus Virginiana Allergen,,gstt_iclinicalmanager,,N,2000003374101001,2025-04-16,2099-12-31,
2000006232,Phoma Betae Allergen,,gstt_iclinicalmanager,,N,2000003313101001,2025-04-16,2099-12-31,
2000006231,H29,,gstt_iclinicalmanager,,N,8000003729101001,2025-04-16,2099-12-31,
2000006233,VWF Collagen Binding (24 Hours Post),,gstt_iclinicalmanager,,N,3000001424101001,2025-04-16,2099-12-31,
2000006235,VWF Activity (5 Hours Post),,gstt_iclinicalmanager,,N,2000001358101001,2025-04-16,2099-12-31,
2000006234,Total cholestrol,,gstt_iclinicalmanager,,N,3000001242290001,2025-04-16,2099-12-31,
2000006236,VWF Activity (24 Hours Post),,gstt_iclinicalmanager,,N,6000001358101001,2025-04-16,2099-12-31,
2000006237,Sweet Chestnut Allergen,,gstt_iclinicalmanager,,N,1000003338101001,2025-04-16,2099-12-31,
2000006238,Factor IX (32 Hour post),,gstt_iclinicalmanager,,N,5000001127101001,2025-04-16,2099-12-31,
2000006239,IA2 Antibodies Allergen,,gstt_iclinicalmanager,,N,9000003348101001,2025-04-16,2099-12-31,
2000006240,Downs Risk: Less than 1 in,,gstt_iclinicalmanager,,N,1000002354101001,2025-04-16,2099-12-31,
2000006241,Infection Sciences Referral Tests - Miscellaneous,,gstt_iclinicalmanager,,N,8000003929101001,2025-04-16,2099-12-31,
2000006242,Mycoplasma genitalium TMA - Vaginal,,gstt_iclinicalmanager,,N,2000004020101001,2025-04-16,2099-12-31,
2000006243,K Phenotype,,gstt_iclinicalmanager,,N,6000004157101001,2025-04-16,2099-12-31,
2000006244,99,,gstt_iclinicalmanager,,N,1000001621101001,2025-04-16,2099-12-31,
2000006246,Cardiac - MRI (Neonates Research use),,gstt_iclinicalmanager,,N,1000004351101001,2025-04-16,2099-12-31,
2000006245,C1q Immune Complexes,,gstt_iclinicalmanager,,N,9000001183101001,2025-04-16,2099-12-31,
2000006247,NIMDMSAV,,gstt_iclinicalmanager,,N,1000001778101001,2025-04-16,2099-12-31,
2000006248,VWF Activity (3 Hours Post),,gstt_iclinicalmanager,,N,1358101001,2025-04-16,2099-12-31,
2000006249,bgang,,gstt_iclinicalmanager,,N,2000002352101001,2025-04-16,2099-12-31,
2000006250,Z17,,gstt_iclinicalmanager,,N,1000001714101001,2025-04-16,2099-12-31,
2000006251,Cholesterol/HDL Ratio,,gstt_iclinicalmanager,,N,3000001425290001,2025-04-16,2099-12-31,
2000006252,Guided RF ablation kidney Both - CT,,gstt_iclinicalmanager,,N,2734101001,2025-04-16,2099-12-31,
2000006253,Source - Urine.,,gstt_iclinicalmanager,,N,7000004019101001,2025-04-16,2099-12-31,
2000006254,Vitreous PCR (Ref Lab),,gstt_iclinicalmanager,,N,1036101001,2025-04-16,2099-12-31,
2000006255,.MRSA Admission Set 1 -Nose Axilla Groin,,gstt_iclinicalmanager,,N,4000001906101001,2025-04-16,2099-12-31,
2000006256,X80,,gstt_iclinicalmanager,,N,6000003736101001,2025-04-16,2099-12-31,
2000006257,Weight,,gstt_iclinicalmanager,,N,1000001332290001,2025-04-16,2099-12-31,
2000006258,6AM,,gstt_iclinicalmanager,,N,4000002375101001,2025-04-16,2099-12-31,
2000006259,Initial CRAB/ABL Ratio,,gstt_iclinicalmanager,,N,2000002554101001,2025-04-16,2099-12-31,
2000006260,Deer Epithelium Allergen,,gstt_iclinicalmanager,,N,4000003363101001,2025-04-16,2099-12-31,
2000006261,VWF Activity (6 Hours Post),,gstt_iclinicalmanager,,N,3000001358101001,2025-04-16,2099-12-31,
2000006262,NIMPTH,,gstt_iclinicalmanager,,N,1000001717101001,2025-04-16,2099-12-31,
2000006263,VWF Activity (12 Hours Post),,gstt_iclinicalmanager,,N,5000001358101001,2025-04-16,2099-12-31,
2000006264,Neonatal Brain - MRI,,gstt_iclinicalmanager,,N,2000003528101001,2025-04-16,2099-12-31,
2000006265,"Lysosomal Acid Lipase (Wolman, Cholesterol ester storage) - LIPA gene (DNA test)",,gstt_iclinicalmanager,,N,1000003293101001,2025-04-16,2099-12-31,
2000006266,MDMA Confirmation,,gstt_iclinicalmanager,,N,2376101001,2025-04-16,2099-12-31,
2000006267,BV load IU/mL whole blood,,gstt_iclinicalmanager,,N,2000003133101001,2025-04-16,2099-12-31,
2000006268,5520008,,gstt_iclinicalmanager,,N,6000001268101001,2025-04-16,2099-12-31,
2000006269,Mycoplasma genitalium TMA - Rectal,,gstt_iclinicalmanager,,N,4020101001,2025-04-16,2099-12-31,
2000006270,PathNet prompt used to record a distribution number,,gstt_iclinicalmanager,,N,1000003416101001,2025-04-16,2099-12-31,
2000006271,Research Study-CMV Viral Load_END,,gstt_iclinicalmanager,,N,1000001458101001,2025-04-16,2099-12-31,
2000006273,Horse Meat Allergen,,gstt_iclinicalmanager,,N,3345101001,2025-04-16,2099-12-31,
2000006272,Breast Lt - US Guided Vacuum Assisted Excision,,gstt_iclinicalmanager,,N,2000003539101001,2025-04-16,2099-12-31,
2000006274,Infection Sciences Referral Tests - BBV,,gstt_iclinicalmanager,,N,1000003929101001,2025-04-16,2099-12-31,
2000006276,vWF Antigen (48 Hours),,gstt_iclinicalmanager,,N,6000001574101001,2025-04-16,2099-12-31,
2000006275,HLA/A/B/C/DR/DQ Antibody,,gstt_iclinicalmanager,,N,3000001440101001,2025-04-16,2099-12-31,
2000000373,Faux pas (hip) - X-Ray,,gstt_iclinicalmanager,,N,2000001134101001,2025-04-16,2099-12-31,
2000006277,AFP Level Amniotic Fluid.,,gstt_iclinicalmanager,,N,1000001193101001,2025-04-16,2099-12-31,
2000006278,HIT Screening Tests,,gstt_iclinicalmanager,,N,1000001229101001,2025-04-16,2099-12-31,
2000006280,Soft4,,gstt_iclinicalmanager,,N,7000001019101001,2025-04-16,2099-12-31,
2000006279,Dihydrocodeine Confirmation 5398051,,gstt_iclinicalmanager,,N,6000002375101001,2025-04-16,2099-12-31,
2000006281,Unprocessed Malarial   Parasites,,gstt_iclinicalmanager,,N,2000001275101001,2025-04-16,2099-12-31,
2000006282,6AM Confirmation,,gstt_iclinicalmanager,,N,4000002375101001,2025-04-16,2099-12-31,
2000006283,CK Electrophoresis,,gstt_iclinicalmanager,,N,9000001166101001,2025-04-16,2099-12-31,
2000006284,Codeine Confirmation,,gstt_iclinicalmanager,,N,5000002375101001,2025-04-16,2099-12-31,
2000006285,HLA DR/DQ Ab Id Class II,,gstt_iclinicalmanager,,N,1000001440101001,2025-04-16,2099-12-31,
2000006286,X88,,gstt_iclinicalmanager,,N,1286101001,2025-04-16,2099-12-31,
2000006287,.Baby 3 Rh D Status,,gstt_iclinicalmanager,,N,3000002189101001,2025-04-16,2099-12-31,
2000006288,FLU Other Hospital - Report only,,gstt_iclinicalmanager,,N,3000003208101001,2025-04-16,2099-12-31,
2000006289,Braf V600E Mutation,,gstt_iclinicalmanager,,N,1000002616101001,2025-04-16,2099-12-31,
2000006291,Feet,,gstt_iclinicalmanager,,N,5000001256290001,2025-04-16,2099-12-31,
2000006290,ENA Xr (S.Musc Actin) Ab,,gstt_iclinicalmanager,,N,5000001651101001,2025-04-16,2099-12-31,
2000006292,White Pine Pinus Strobus Allergen,,gstt_iclinicalmanager,,N,3328101001,2025-04-16,2099-12-31,
2000006293,Carotid Pulse,,gstt_iclinicalmanager,,N,2000001236290001,2025-04-16,2099-12-31,
2000006294,EBV load log value,,gstt_iclinicalmanager,,N,3000003133101001,2025-04-16,2099-12-31,
2000006295,Z43,,gstt_iclinicalmanager,,N,1000001780101001,2025-04-16,2099-12-31,
2000006296,B/P - Diastolic,,gstt_iclinicalmanager,,N,3000001332290001,2025-04-16,2099-12-31,
2000006298,CSVCSI,,gstt_iclinicalmanager,,N,1000002222101001,2025-04-16,2099-12-31,
2000006297,7150,,gstt_iclinicalmanager,,N,3000001269101001,2025-04-16,2099-12-31,
2000006299,X57,,gstt_iclinicalmanager,,N,2000001298101001,2025-04-16,2099-12-31,
2000006301,Paediatric Clinical Trial Serum,,gstt_iclinicalmanager,,N,3000004084101001,2025-04-16,2099-12-31,
2000006300,% Donor Chimerism.,,gstt_iclinicalmanager,,N,8000004150101001,2025-04-16,2099-12-31,
2000006302,Octreotide therapy - N Med,,gstt_iclinicalmanager,,N,3000001041101001,2025-04-16,2099-12-31,
2000000374,Selctron Pelvis - X-Ray,,gstt_iclinicalmanager,,N,1000001096101001,2025-04-16,2099-12-31,
2000006303,Treponemal Serology Info,,gstt_iclinicalmanager,,N,9000001798101001,2025-04-16,2099-12-31,
2000006304,Thrombin Time.,,gstt_iclinicalmanager,,N,5000001333101001,2025-04-16,2099-12-31,
2000006306,VWF Activity (50 Hours Post),,gstt_iclinicalmanager,,N,1359101001,2025-04-16,2099-12-31,
2000006305,POCMSHCT,,gstt_iclinicalmanager,,N,4000004343101001,2025-04-16,2099-12-31,
2000006307,Factor IX (12 Hour post),,gstt_iclinicalmanager,,N,8000001126101001,2025-04-16,2099-12-31,
2000006308,Fluoroscopic Guided Splenic Pulp Pressure,,gstt_iclinicalmanager,,N,7000003540101001,2025-04-16,2099-12-31,
2000006309,Platelet Refractoriness,,gstt_iclinicalmanager,,N,4000001439101001,2025-04-16,2099-12-31,
2000006310,5550129,,gstt_iclinicalmanager,,N,3000001267101001,2025-04-16,2099-12-31,
2000006311,X29,,gstt_iclinicalmanager,,N,1000001673101001,2025-04-16,2099-12-31,
2000006312,H12,,gstt_iclinicalmanager,,N,5000003725101001,2025-04-16,2099-12-31,
2000006313,Subclavian Pulse,,gstt_iclinicalmanager,,N,9000001235290001,2025-04-16,2099-12-31,
2000006314,Morphine Confirmation,,gstt_iclinicalmanager,,N,3000002375101001,2025-04-16,2099-12-31,
2000006316,NCCAV,,gstt_iclinicalmanager,,N,1000002947101001,2025-04-16,2099-12-31,
2000006315,Feet,,gstt_iclinicalmanager,,N,6000001256290001,2025-04-16,2099-12-31,
2000006317,Litchi Litchi Chinensis Allergen,,gstt_iclinicalmanager,,N,9000003364101001,2025-04-16,2099-12-31,
2000006318,NM Cardiac stress NH3 PET CT,,gstt_iclinicalmanager,,N,1000002956101001,2025-04-16,2099-12-31,
2000006319,Bald Cypress Allergen,,gstt_iclinicalmanager,,N,8000003313101001,2025-04-16,2099-12-31,
2000006320,M79,,gstt_iclinicalmanager,,N,2000001285101001,2025-04-16,2099-12-31,
2000006321,Daphnia Fish Feed Allergen,,gstt_iclinicalmanager,,N,9000003346101001,2025-04-16,2099-12-31,
2000006323,Transcribed Creatinine (umol/L),,gstt_iclinicalmanager,,N,9000001065290001,2025-04-16,2099-12-31,
2000006322,Buprenorphine..,,gstt_iclinicalmanager,,N,1000002376101001,2025-04-16,2099-12-31,
2000006324,Interleukin-6 Antibodies,,gstt_iclinicalmanager,,N,1000002584101001,2025-04-16,2099-12-31,
2000006325,POCMSRDW,,gstt_iclinicalmanager,,N,1000004344101001,2025-04-16,2099-12-31,
2000006327,Intra-Operative PTH sample 7 level 5312061,,gstt_iclinicalmanager,,N,7000002462101001,2025-04-16,2099-12-31,
2000006326,Bronchial Washings for AFB Including PCR,,gstt_iclinicalmanager,,N,2000001736101001,2025-04-16,2099-12-31,
2000006328,VWF Activity (10 Minutes Post),,gstt_iclinicalmanager,,N,5000001357101001,2025-04-16,2099-12-31,
2000000375,Abdomen - other views - X-Ray.end,,gstt_iclinicalmanager,,N,5000001188101001,2025-04-16,2099-12-31,
2000006329,Factor IX (0 Minutes post),,gstt_iclinicalmanager,,N,5000001126101001,2025-04-16,2099-12-31,
2000006330,BCRABL Level BM,,gstt_iclinicalmanager,,N,5000002130101001,2025-04-16,2099-12-31,
2000006331,Factor IX (1 Hour post),,gstt_iclinicalmanager,,N,6000001126101001,2025-04-16,2099-12-31,
2000006332,Benzoylecgonine Cocaine metab,,gstt_iclinicalmanager,,N,8000002238101001,2025-04-16,2099-12-31,
2000006333,.Baby 2 Rh D Status,,gstt_iclinicalmanager,,N,2000002189101001,2025-04-16,2099-12-31,
2000006334,Brachial Pulse,,gstt_iclinicalmanager,,N,5000001235290001,2025-04-16,2099-12-31,
2000006335,Standard Deviation.,,gstt_iclinicalmanager,,N,2000002357101001,2025-04-16,2099-12-31,
2000006336,BP Diastolic,,gstt_iclinicalmanager,,N,1000001242290001,2025-04-16,2099-12-31,
2000006338,T33,,gstt_iclinicalmanager,,N,1000003725101001,2025-04-16,2099-12-31,
2000006337,Blood glucose,,gstt_iclinicalmanager,,N,2000001243290001,2025-04-16,2099-12-31,
2000006339,Infection Sciences Referral Tests - Mycology,,gstt_iclinicalmanager,,N,1000003878101001,2025-04-16,2099-12-31,
2000006340,Scanora Scanogram - Dental,,gstt_iclinicalmanager,,N,4000001921101001,2025-04-16,2099-12-31,
2000006341,VWF Activity (15 Minutes Post),,gstt_iclinicalmanager,,N,6000001357101001,2025-04-16,2099-12-31,
2000006342,XDBWVB,,gstt_iclinicalmanager,,N,1000002070101001,2025-04-16,2099-12-31,
2000006343,Factor IX (76 Hour post),,gstt_iclinicalmanager,,N,1000001128101001,2025-04-16,2099-12-31,
2000006345,Infection Sciences Referral Tests - PHE Colindale,,gstt_iclinicalmanager,,N,9000003929101001,2025-04-16,2099-12-31,
2000006344,Carambola Averrhoa Carambola Allergen,,gstt_iclinicalmanager,,N,3311101001,2025-04-16,2099-12-31,
2000006346,Dust Mix 2 Allergen,,gstt_iclinicalmanager,,N,9000003369101001,2025-04-16,2099-12-31,
2000006348,Normetadrenaline level Plasma,,gstt_iclinicalmanager,,N,2000003141101001,2025-04-16,2099-12-31,
2000006347,C43,,gstt_iclinicalmanager,,N,1000001649101001,2025-04-16,2099-12-31,
2000006349,CD27 Antibody.,,gstt_iclinicalmanager,,N,8000002528101001,2025-04-16,2099-12-31,
2000006351,Krabbe Disease (Globoid Cell Leukodystrophy) - GALC gene (DNA test),,gstt_iclinicalmanager,,N,9000003292101001,2025-04-16,2099-12-31,
2000006350,Baby 3 D Status:,,gstt_iclinicalmanager,,N,8000004162101001,2025-04-16,2099-12-31,
2000006352,Chub Mackerel Scomber Japonicu Allergen,,gstt_iclinicalmanager,,N,1000003352101001,2025-04-16,2099-12-31,
2000006353,Cone Beam Left SMG Sialogram,,gstt_iclinicalmanager,,N,3000002293101001,2025-04-16,2099-12-31,
2000006355,Subclavian Pulse,,gstt_iclinicalmanager,,N,8000001235290001,2025-04-16,2099-12-31,
2000006354,Infection Sciences Referral Tests - Man. PHE & Bristol ARL,,gstt_iclinicalmanager,,N,7000003929101001,2025-04-16,2099-12-31,
2000006356,Unprocessed Malarial  Parsites,,gstt_iclinicalmanager,,N,1000001275101001,2025-04-16,2099-12-31,
2000006357,Methadone METHA,,gstt_iclinicalmanager,,N,2239101001,2025-04-16,2099-12-31,
2000006358,"t(11;14) Translocation, Lymph Node",,gstt_iclinicalmanager,,N,9000001783101001,2025-04-16,2099-12-31,
2000006359,Rheumatoid Factor (Sensitive),,gstt_iclinicalmanager,,N,1000001697101001,2025-04-16,2099-12-31,
2000006360,NCPRP332,,gstt_iclinicalmanager,,N,1000003499101001,2025-04-16,2099-12-31,
2000006362,Parakeet Serum Allergen,,gstt_iclinicalmanager,,N,8000003309101001,2025-04-16,2099-12-31,
2000006361,Intra-Operative PTH sample 4 level 5312058,,gstt_iclinicalmanager,,N,2000002462101001,2025-04-16,2099-12-31,
2000006363,BIORESOURCE(2)_research.bleed,,gstt_iclinicalmanager,,N,2000003412101001,2025-04-16,2099-12-31,
2000006365,VWF Activity (Pre).,,gstt_iclinicalmanager,,N,3000001357101001,2025-04-16,2099-12-31,
2000006364,"Rodent mix (guinea pig, rabbit, hamster, rat mouse) Allergen",,gstt_iclinicalmanager,,N,2000003307101001,2025-04-16,2099-12-31,
2000006366,VWF Activity (28 Hours Post),,gstt_iclinicalmanager,,N,7000001358101001,2025-04-16,2099-12-31,
2000006368,Salmonella Workup,,gstt_iclinicalmanager,,N,1000003768101001,2025-04-16,2099-12-31,
2000006367,Factor IX (48 Hour post),,gstt_iclinicalmanager,,N,7000001127101001,2025-04-16,2099-12-31,
2000006369,VWF Collagen Binding (12 Hours Post),,gstt_iclinicalmanager,,N,1424101001,2025-04-16,2099-12-31,
2000006370,Mammo Other Hospital - Report Only,,gstt_iclinicalmanager,,N,1000003442101001,2025-04-16,2099-12-31,
2000006372,Static brain study - N Med,,gstt_iclinicalmanager,,N,6000001021101001,2025-04-16,2099-12-31,
2000006371,NMPLUSIM,,gstt_iclinicalmanager,,N,1000003754101001,2025-04-16,2099-12-31,
2000006373,Z68,,gstt_iclinicalmanager,,N,1000003744101001,2025-04-16,2099-12-31,
2000006375,Source - VVS.,,gstt_iclinicalmanager,,N,9000004019101001,2025-04-16,2099-12-31,
2000006374,3205,,gstt_iclinicalmanager,,N,2000001302101001,2025-04-16,2099-12-31,
2000006376,Microbiology Test,,gstt_iclinicalmanager,,N,7000002864101001,2025-04-16,2099-12-31,
2000006377,VWF Activity (30 Minutes Post),,gstt_iclinicalmanager,,N,7000001357101001,2025-04-16,2099-12-31,
2000006378,Alcohol Screen Urine,,gstt_iclinicalmanager,,N,1000002238101001,2025-04-16,2099-12-31,
2000006379,Olanzapine,,gstt_iclinicalmanager,,N,8000002334101001,2025-04-16,2099-12-31,
2000006380,IAOH1,,gstt_iclinicalmanager,,N,2000003745101001,2025-04-16,2099-12-31,
2000006381,FLT3 ITD Mutation Bone Marrow,,gstt_iclinicalmanager,,N,2407101001,2025-04-16,2099-12-31,
2000006382,Z40,,gstt_iclinicalmanager,,N,6000003730101001,2025-04-16,2099-12-31,
2000006383,Infection Science Send Away Referral,,gstt_iclinicalmanager,,N,1000003878101001,2025-04-16,2099-12-31,
2000006384,Z60,,gstt_iclinicalmanager,,N,2000003739101001,2025-04-16,2099-12-31,
2000006385,Morphine,,gstt_iclinicalmanager,,N,3000002375101001,2025-04-16,2099-12-31,
2000006386,Shigella Culture,,gstt_iclinicalmanager,,N,2000003768101001,2025-04-16,2099-12-31,
2000006387,Scanora Zonogram - Dental,,gstt_iclinicalmanager,,N,5000001921101001,2025-04-16,2099-12-31,
2000006388,B Cell MRD Monitoring Blood,,gstt_iclinicalmanager,,N,5000002406101001,2025-04-16,2099-12-31,
2000006389,rApi g 1.02 (recombinant) Allergen,,gstt_iclinicalmanager,,N,3000003307101001,2025-04-16,2099-12-31,
2000006390,"CD43 Antibody, Fluid",,gstt_iclinicalmanager,,N,3000001871101001,2025-04-16,2099-12-31,
2000006391,"Glucosamine N-Acetyl Transferase  (Sanfilippo C, Mucopolysaccharidosis Type 3C, MPS3C)",,gstt_iclinicalmanager,,N,9000003291101001,2025-04-16,2099-12-31,
2000006392,Z45,,gstt_iclinicalmanager,,N,1000003736101001,2025-04-16,2099-12-31,
2000006393,Abdominal Aortic Aneurysm Pulse,,gstt_iclinicalmanager,,N,4000001238290001,2025-04-16,2099-12-31,
2000006394,"Veg mix (tomato, spinach, cabbage, paprika) Allergen",,gstt_iclinicalmanager,,N,8000003342101001,2025-04-16,2099-12-31,
2000006395,Guided fiducial marker insertion spine - CT,,gstt_iclinicalmanager,,N,3932101001,2025-04-16,2099-12-31,
2000006396,NSYNYY,,gstt_iclinicalmanager,,N,1000002869101001,2025-04-16,2099-12-31,
2000006397,Rhizopus Nigricans Allergen,,gstt_iclinicalmanager,,N,7000003359101001,2025-04-16,2099-12-31,
2000006398,3rd Addendum Surgical Pathology Report,,gstt_iclinicalmanager,,N,2000001190101001,2025-04-16,2099-12-31,
2000006400,Z13,,gstt_iclinicalmanager,,N,1000002454101001,2025-04-16,2099-12-31,
2000006399,MDA Confirmation,,gstt_iclinicalmanager,,N,9000002375101001,2025-04-16,2099-12-31,
2000006401,NWCCE,,gstt_iclinicalmanager,,N,1000003273101001,2025-04-16,2099-12-31,
2000006402,Laser Ablation,,gstt_iclinicalmanager,,N,8000001060101001,2025-04-16,2099-12-31,
2000006403,POCT Patient Temperature,,gstt_iclinicalmanager,,N,1000004258101001,2025-04-16,2099-12-31,
2000006404,PN5-II.,,gstt_iclinicalmanager,,N,7000001764101001,2025-04-16,2099-12-31,
2000006406,X58,,gstt_iclinicalmanager,,N,6000001285101001,2025-04-16,2099-12-31,
2000006405,NCPR308P,,gstt_iclinicalmanager,,N,2000003961101001,2025-04-16,2099-12-31,
2000000376,Chest + Other views - X-Ray,,gstt_iclinicalmanager,,N,3000001175101001,2025-04-16,2099-12-31,
2000006407,T35,,gstt_iclinicalmanager,,N,3000003735101001,2025-04-16,2099-12-31,
2000006408,NSELY,,gstt_iclinicalmanager,,N,1000004232101001,2025-04-16,2099-12-31,
2000006409,PAI-1,,gstt_iclinicalmanager,,N,1000004391101001,2025-04-16,2099-12-31,
2000006410,P5N-I,,gstt_iclinicalmanager,,N,6000001764101001,2025-04-16,2099-12-31,
2000006411,Blood glucose random,,gstt_iclinicalmanager,,N,2000001244290001,2025-04-16,2099-12-31,
2000006412,DBS Recall NBS Release,,gstt_iclinicalmanager,,N,3000004125101001,2025-04-16,2099-12-31,
2000006413,RAG 1/2 Gene Sequencing,,gstt_iclinicalmanager,,N,3329101001,2025-04-16,2099-12-31,
2000006414,67 Gallium w liver subtraction - N Med,,gstt_iclinicalmanager,,N,9000001187101001,2025-04-16,2099-12-31,
2000006415,Factor IX (6 Hour post),,gstt_iclinicalmanager,,N,9000001127101001,2025-04-16,2099-12-31,
2000006416,USGSM,,gstt_iclinicalmanager,,N,1000002798101001,2025-04-16,2099-12-31,
2000006417,Brachial Pulse,,gstt_iclinicalmanager,,N,6000001235290001,2025-04-16,2099-12-31,
2000006418,Intra-Operative PTH sample 3 level 5312057,,gstt_iclinicalmanager,,N,5000002459101001,2025-04-16,2099-12-31,
2000006419,MethylAmphetamine,,gstt_iclinicalmanager,,N,8000002375101001,2025-04-16,2099-12-31,
2000006420,VWF Activity (5 Minutes Post),,gstt_iclinicalmanager,,N,4000001357101001,2025-04-16,2099-12-31,
2000006422,U82,,gstt_iclinicalmanager,,N,1000003856101001,2025-04-16,2099-12-31,
2000006421,Factor IX (2 Hour post),,gstt_iclinicalmanager,,N,1000001127101001,2025-04-16,2099-12-31,
2000006423,N59,,gstt_iclinicalmanager,,N,1000001285101001,2025-04-16,2099-12-31,
2000006424,Factor IX (24 Hour post),,gstt_iclinicalmanager,,N,2000001127101001,2025-04-16,2099-12-31,
2000006425,vWF Antigen (32 Hours),,gstt_iclinicalmanager,,N,5000001574101001,2025-04-16,2099-12-31,
2000006426,Growth Hormone Level 210 min,,gstt_iclinicalmanager,,N,4000001116101001,2025-04-16,2099-12-31,
2000006427,BCRABL Level,,gstt_iclinicalmanager,,N,4000002130101001,2025-04-16,2099-12-31,
2000001073,Aspergillus Versicolor Allergen,,gstt_iclinicalmanager,,N,3320101001,2025-04-16,2099-12-31,
2000006428,Senders Reference Number,,gstt_iclinicalmanager,,N,3000001917101001,2025-04-16,2099-12-31,
2000006429,Chlamydia and GC Comment Vagina,,gstt_iclinicalmanager,,N,3000003456101001,2025-04-16,2099-12-31,
2000006430,H11,,gstt_iclinicalmanager,,N,6000003725101001,2025-04-16,2099-12-31,
2000006431,Parotid Gland Lt - Dental,,gstt_iclinicalmanager,,N,2000001923101001,2025-04-16,2099-12-31,
2000006433,M72,,gstt_iclinicalmanager,,N,1000001321101001,2025-04-16,2099-12-31,
2000006432,CTRECON,,gstt_iclinicalmanager,,N,4000003743101001,2025-04-16,2099-12-31,
2000006434,49,,gstt_iclinicalmanager,,N,2000001621101001,2025-04-16,2099-12-31,
2000006435,Douglas Fir Pseudotsuga Taxif Allergen,,gstt_iclinicalmanager,,N,1000003328101001,2025-04-16,2099-12-31,
2000006436,Lipids Fasting,,gstt_iclinicalmanager,,N,2000001242290001,2025-04-16,2099-12-31,
2000006437,Setomelanomma Rostrata Allergen,,gstt_iclinicalmanager,,N,4000003340101001,2025-04-16,2099-12-31,
2000006438,NCPR305C,,gstt_iclinicalmanager,,N,1000003850101001,2025-04-16,2099-12-31,
2000006440,NMI15,,gstt_iclinicalmanager,,N,1000002476101001,2025-04-16,2099-12-31,
2000006439,Insulin Antibodies Allergen,,gstt_iclinicalmanager,,N,5000003355101001,2025-04-16,2099-12-31,
2000006441,C73,,gstt_iclinicalmanager,,N,2000001476101001,2025-04-16,2099-12-31,
2000006442,Culture.....,,gstt_iclinicalmanager,,N,1000003776101001,2025-04-16,2099-12-31,
2000006443,Dihydrocodeine,,gstt_iclinicalmanager,,N,6000002375101001,2025-04-16,2099-12-31,
2000006444,Galactokinase Deficiency,,gstt_iclinicalmanager,,N,1000003264101001,2025-04-16,2099-12-31,
2000006445,VWF Collagen Binding (28 Hours Post),,gstt_iclinicalmanager,,N,4000001424101001,2025-04-16,2099-12-31,
2000006447,RNA Pol Ab. (ELISA),,gstt_iclinicalmanager,,N,1000002375101001,2025-04-16,2099-12-31,
2000006446,CT High resolution chest,,gstt_iclinicalmanager,,N,3000002784101001,2025-04-16,2099-12-31,
2000006448,Mycoplasma genitalium TMA - Urine,,gstt_iclinicalmanager,,N,1000004020101001,2025-04-16,2099-12-31,
2000006450,Unprocessed Paul Bunnell Test,,gstt_iclinicalmanager,,N,7000001274101001,2025-04-16,2099-12-31,
2000006449,Derived Fibrinogen Screen.,,gstt_iclinicalmanager,,N,1000001155101001,2025-04-16,2099-12-31,
2000006451,NM Brain O15 Oxygen PET CT,,gstt_iclinicalmanager,,N,5000002952101001,2025-04-16,2099-12-31,
2000006452,XMUBLB,,gstt_iclinicalmanager,,N,1000002777101001,2025-04-16,2099-12-31,
2000006453,Dilute Brain Prothrombin Time,,gstt_iclinicalmanager,,N,1156101001,2025-04-16,2099-12-31,
2000006454,N38,,gstt_iclinicalmanager,,N,1000002866101001,2025-04-16,2099-12-31,
2000006455,NBONE,,gstt_iclinicalmanager,,N,1000003990101001,2025-04-16,2099-12-31,
2000006456,8638,,gstt_iclinicalmanager,,N,1000001335101001,2025-04-16,2099-12-31,
2000006457,Met Police Serum Save Virology,,gstt_iclinicalmanager,,N,2000001534101001,2025-04-16,2099-12-31,
2000000377,Hips Van Rosen - X-Ray,,gstt_iclinicalmanager,,N,9000001124101001,2025-04-16,2099-12-31,
2000006458,Guided fiducial marker insertion spine - US,,gstt_iclinicalmanager,,N,1000003932101001,2025-04-16,2099-12-31,
2000006459,Unprocessed Malarial Parasites,,gstt_iclinicalmanager,,N,1275101001,2025-04-16,2099-12-31,
2000006460,Sample Type for HSV & T.palladium PCR,,gstt_iclinicalmanager,,N,3000003204101001,2025-04-16,2099-12-31,
2000006462,Factor IX (72 Hour post),,gstt_iclinicalmanager,,N,1128101001,2025-04-16,2099-12-31,
2000006461,A DUMMY Order,,gstt_iclinicalmanager,,N,1000002324101001,2025-04-16,2099-12-31,
2000006463,Carotid Pulse,,gstt_iclinicalmanager,,N,1000001236290001,2025-04-16,2099-12-31,
2000006465,XD1525,,gstt_iclinicalmanager,,N,1000001922101001,2025-04-16,2099-12-31,
2000006464,Adult TOE Study,,gstt_iclinicalmanager,,N,5000004393101001,2025-04-16,2099-12-31,
2000006466,Infection Sciences Referral Tests - PHE RIPL,,gstt_iclinicalmanager,,N,3930101001,2025-04-16,2099-12-31,
2000006467,BIORESOURCE (Extra Bleed),,gstt_iclinicalmanager,,N,1000003412101001,2025-04-16,2099-12-31,
2000006469,F151,,gstt_iclinicalmanager,,N,1000003742101001,2025-04-16,2099-12-31,
2000006468,Complement C8,,gstt_iclinicalmanager,,N,5000003361101001,2025-04-16,2099-12-31,
2000006470,SP Unit Holding Test 10005,,gstt_iclinicalmanager,,N,1000002837101001,2025-04-16,2099-12-31,
2000006472,NCCRF,,gstt_iclinicalmanager,,N,1000002946101001,2025-04-16,2099-12-31,
2000006471,CD24,,gstt_iclinicalmanager,,N,1000002408101001,2025-04-16,2099-12-31,
2000006473,Swine Epithelium Allergen,,gstt_iclinicalmanager,,N,2000003310101001,2025-04-16,2099-12-31,
2000006474,B/P - Systolic,,gstt_iclinicalmanager,,N,2000001332290001,2025-04-16,2099-12-31,
2000006475,PN5-II,,gstt_iclinicalmanager,,N,6000001764101001,2025-04-16,2099-12-31,
2000006476,Head with Contrast - MRI (KCL Research),,gstt_iclinicalmanager,,N,2000004284101001,2025-04-16,2099-12-31,
2000006477,NCPRP417,,gstt_iclinicalmanager,,N,1000004303101001,2025-04-16,2099-12-31,
2000006478,NCPRP412,,gstt_iclinicalmanager,,N,1000004291101001,2025-04-16,2099-12-31,
2000006479,Research Bremsstrahlung Oncosil Particle Imaging - N Med,,gstt_iclinicalmanager,,N,2000003982101001,2025-04-16,2099-12-31,
2000006480,9850,,gstt_iclinicalmanager,,N,1000001313101001,2025-04-16,2099-12-31,
2000006481,2301,,gstt_iclinicalmanager,,N,2000001267101001,2025-04-16,2099-12-31,
2000000378,Chole control - X-Ray,,gstt_iclinicalmanager,,N,1165101001,2025-04-16,2099-12-31,
2000006483,Renal Stone.,,gstt_iclinicalmanager,,N,7000003216101001,2025-04-16,2099-12-31,
2000006482,Protoporphyrin Level,,gstt_iclinicalmanager,,N,1084101001,2025-04-16,2099-12-31,
2000006484,Skeletal Survey - MRI,,gstt_iclinicalmanager,,N,3000003526101001,2025-04-16,2099-12-31,
2000006485,MDA,,gstt_iclinicalmanager,,N,9000002375101001,2025-04-16,2099-12-31,
2000006487,Occupational Animal Mix 1 Allergen,,gstt_iclinicalmanager,,N,3317101001,2025-04-16,2099-12-31,
2000006486,CEPA Mutation Blood,,gstt_iclinicalmanager,,N,3000002406101001,2025-04-16,2099-12-31,
2000006488,MCARD_K,,gstt_iclinicalmanager,,N,1000003805101001,2025-04-16,2099-12-31,
2000006490,"Beta-Galactosidase (Morquio B, Bucopolysaccharidosis type 4B, MPS3B)",,gstt_iclinicalmanager,,N,4000003290101001,2025-04-16,2099-12-31,
2000006489,4901,,gstt_iclinicalmanager,,N,1000001325101001,2025-04-16,2099-12-31,
2000006491,N61,,gstt_iclinicalmanager,,N,8000001285101001,2025-04-16,2099-12-31,
2000006492,C13,,gstt_iclinicalmanager,,N,1000001476101001,2025-04-16,2099-12-31,
2000006493,CTPLUSCO,,gstt_iclinicalmanager,,N,1000002747101001,2025-04-16,2099-12-31,
2000006494,Factor IX (30 Minutes post),,gstt_iclinicalmanager,,N,4000001127101001,2025-04-16,2099-12-31,
2000006495,CD28 Antibody.,,gstt_iclinicalmanager,,N,2529101001,2025-04-16,2099-12-31,
2000006496,Buprenorphine Confirmation BCON,,gstt_iclinicalmanager,,N,1000002376101001,2025-04-16,2099-12-31,
2000006497,NIMWC,,gstt_iclinicalmanager,,N,1000001723101001,2025-04-16,2099-12-31,
2000006498,ENA  Identity,,gstt_iclinicalmanager,,N,2000003914101001,2025-04-16,2099-12-31,
2000006500,Finch Feathers Allergen,,gstt_iclinicalmanager,,N,4000003350101001,2025-04-16,2099-12-31,
2000006499,Dog Recombinant Allergen  (rCan f 1) Allergen,,gstt_iclinicalmanager,,N,5000003343101001,2025-04-16,2099-12-31,
2000006501,Adenine Urine,,gstt_iclinicalmanager,,N,3000001766101001,2025-04-16,2099-12-31,
2000006502,IV DSA Abandoned,,gstt_iclinicalmanager,,N,1110101001,2025-04-16,2099-12-31,
2000006504,UFARR,,gstt_iclinicalmanager,,N,1000002770101001,2025-04-16,2099-12-31,
2000006503,Foreign Film Report,,gstt_iclinicalmanager,,N,1000003149101001,2025-04-16,2099-12-31,
2000006505,Dog Fennel Eupatorium Capill. Allergen,,gstt_iclinicalmanager,,N,5000003374101001,2025-04-16,2099-12-31,
2000006507,SMART study JP - N Med Research,,gstt_iclinicalmanager,,N,8000001017101001,2025-04-16,2099-12-31,
2000006506,P-32 therapy - N Med,,gstt_iclinicalmanager,,N,9000001045101001,2025-04-16,2099-12-31,
2000006508,Codeine,,gstt_iclinicalmanager,,N,5000002375101001,2025-04-16,2099-12-31,
2000006509,Specimen Save Chemical Pathology,,gstt_iclinicalmanager,,N,2000001394101001,2025-04-16,2099-12-31,
2000006510,Alpha-Fucosidase (Fucosidosis),,gstt_iclinicalmanager,,N,5000003289101001,2025-04-16,2099-12-31,
2000006511,VWF Activity (32 Hours Post),,gstt_iclinicalmanager,,N,8000001358101001,2025-04-16,2099-12-31,
2000006512,Standard Deviation..,,gstt_iclinicalmanager,,N,3000002357101001,2025-04-16,2099-12-31,
2000006513,Complement C7,,gstt_iclinicalmanager,,N,4000003355101001,2025-04-16,2099-12-31,
2000006514,Source - Other.,,gstt_iclinicalmanager,,N,3000004019101001,2025-04-16,2099-12-31,
2000006515,Isopropanol Stability Test,,gstt_iclinicalmanager,,N,1000001063101001,2025-04-16,2099-12-31,
2000000379,Pit fossa - X-Ray,,gstt_iclinicalmanager,,N,5000001075101001,2025-04-16,2099-12-31,
2000006516,Occupational Aero Mix 3 Allergen,,gstt_iclinicalmanager,,N,9000003323101001,2025-04-16,2099-12-31,
2000006517,Complement C6,,gstt_iclinicalmanager,,N,8000003348101001,2025-04-16,2099-12-31,
2000006518,Cypress Cupressus Arizonica Allergen,,gstt_iclinicalmanager,,N,3000003347101001,2025-04-16,2099-12-31,
2000006519,Dandelion Taraxacum Vulgare Allergen,,gstt_iclinicalmanager,,N,7000003334101001,2025-04-16,2099-12-31,
2000006520,FLT3 ITD Mutation Blood,,gstt_iclinicalmanager,,N,2000002406101001,2025-04-16,2099-12-31,
2000006521,X65,,gstt_iclinicalmanager,,N,1000001304101001,2025-04-16,2099-12-31,
2000006523,POCMSRBC,,gstt_iclinicalmanager,,N,4344101001,2025-04-16,2099-12-31,
2000006522,A37,,gstt_iclinicalmanager,,N,1000001643101001,2025-04-16,2099-12-31,
2000006524,MDMA,,gstt_iclinicalmanager,,N,2376101001,2025-04-16,2099-12-31,
2000006526,Nor-Buprenorphine,,gstt_iclinicalmanager,,N,2000002376101001,2025-04-16,2099-12-31,
2000006525,LDL,,gstt_iclinicalmanager,,N,4000001242290001,2025-04-16,2099-12-31,
2000006527,Subtalar joints Both - CT,,gstt_iclinicalmanager,,N,7000002728101001,2025-04-16,2099-12-31,
