concept_id_1,concept_id_2,relationship_id,valid_start_date,valid_end_date,invalid_reason
2000000430,0,Maps to,2025-04-16,2099-12-31,
0,2000000430,Maps from,2025-04-16,2099-12-31,
2000000001,40782521,Maps to,2025-04-16,2099-12-31,
40782521,2000000001,Maps from,2025-04-16,2099-12-31,
2000000006,40789120,Maps to,2025-04-16,2099-12-31,
40789120,2000000006,Maps from,2025-04-16,2099-12-31,
2000000015,40779159,Maps to,2025-04-16,2099-12-31,
40779159,2000000015,Maps from,2025-04-16,2099-12-31,
2000000019,40795725,Maps to,2025-04-16,2099-12-31,
40795725,2000000019,Maps from,2025-04-16,2099-12-31,
2000000027,40785788,Maps to,2025-04-16,2099-12-31,
40785788,2000000027,Maps from,2025-04-16,2099-12-31,
2000000030,0,Maps to,2025-04-16,2099-12-31,
0,2000000030,Maps from,2025-04-16,2099-12-31,
2000000033,40772748,Maps to,2025-04-16,2099-12-31,
40772748,2000000033,Maps from,2025-04-16,2099-12-31,
2000000038,40789182,Maps to,2025-04-16,2099-12-31,
40789182,2000000038,Maps from,2025-04-16,2099-12-31,
2000000039,40789356,Maps to,2025-04-16,2099-12-31,
40789356,2000000039,Maps from,2025-04-16,2099-12-31,
2000000042,40772531,Maps to,2025-04-16,2099-12-31,
40772531,2000000042,Maps from,2025-04-16,2099-12-31,
2000000048,40785793,Maps to,2025-04-16,2099-12-31,
40785793,2000000048,Maps from,2025-04-16,2099-12-31,
2000000051,40775801,Maps to,2025-04-16,2099-12-31,
40775801,2000000051,Maps from,2025-04-16,2099-12-31,
2000000055,40792413,Maps to,2025-04-16,2099-12-31,
40792413,2000000055,Maps from,2025-04-16,2099-12-31,
2000000058,40782562,Maps to,2025-04-16,2099-12-31,
40782562,2000000058,Maps from,2025-04-16,2099-12-31,
2000000061,40795733,Maps to,2025-04-16,2099-12-31,
40795733,2000000061,Maps from,2025-04-16,2099-12-31,
2000000063,37061620,Maps to,2025-04-16,2099-12-31,
37061620,2000000063,Maps from,2025-04-16,2099-12-31,
2000000065,40791227,Maps to,2025-04-16,2099-12-31,
40791227,2000000065,Maps from,2025-04-16,2099-12-31,
2000000067,40789190,Maps to,2025-04-16,2099-12-31,
40789190,2000000067,Maps from,2025-04-16,2099-12-31,
2000000010,40779147,Maps to,2025-04-16,2099-12-31,
40779147,2000000010,Maps from,2025-04-16,2099-12-31,
2000000068,40779224,Maps to,2025-04-16,2099-12-31,
40779224,2000000068,Maps from,2025-04-16,2099-12-31,
2000000070,40782579,Maps to,2025-04-16,2099-12-31,
40782579,2000000070,Maps from,2025-04-16,2099-12-31,
2000000071,3968605,Maps to,2025-04-16,2099-12-31,
3968605,2000000071,Maps from,2025-04-16,2099-12-31,
2000000092,40779184,Maps to,2025-04-16,2099-12-31,
40779184,2000000092,Maps from,2025-04-16,2099-12-31,
2000000094,40785796,Maps to,2025-04-16,2099-12-31,
40785796,2000000094,Maps from,2025-04-16,2099-12-31,
2000000096,40795713,Maps to,2025-04-16,2099-12-31,
40795713,2000000096,Maps from,2025-04-16,2099-12-31,
2000000104,40785850,Maps to,2025-04-16,2099-12-31,
40785850,2000000104,Maps from,2025-04-16,2099-12-31,
2000000105,1023100,Maps to,2025-04-16,2099-12-31,
1023100,2000000105,Maps from,2025-04-16,2099-12-31,
2000000109,40779176,Maps to,2025-04-16,2099-12-31,
40779176,2000000109,Maps from,2025-04-16,2099-12-31,
2000000110,1013450,Maps to,2025-04-16,2099-12-31,
1013450,2000000110,Maps from,2025-04-16,2099-12-31,
2000000128,3968528,Maps to,2025-04-16,2099-12-31,
3968528,2000000128,Maps from,2025-04-16,2099-12-31,
2000000119,1013451,Maps to,2025-04-16,2099-12-31,
1013451,2000000119,Maps from,2025-04-16,2099-12-31,
2000000132,0,Maps to,2025-04-16,2099-12-31,
0,2000000132,Maps from,2025-04-16,2099-12-31,
2000000134,40792440,Maps to,2025-04-16,2099-12-31,
40792440,2000000134,Maps from,2025-04-16,2099-12-31,
2000000136,40786050,Maps to,2025-04-16,2099-12-31,
40786050,2000000136,Maps from,2025-04-16,2099-12-31,
2000000142,40786332,Maps to,2025-04-16,2099-12-31,
40786332,2000000142,Maps from,2025-04-16,2099-12-31,
2000000143,40782597,Maps to,2025-04-16,2099-12-31,
40782597,2000000143,Maps from,2025-04-16,2099-12-31,
2000000144,40785869,Maps to,2025-04-16,2099-12-31,
40785869,2000000144,Maps from,2025-04-16,2099-12-31,
2000000147,1992307,Maps to,2025-04-16,2099-12-31,
1992307,2000000147,Maps from,2025-04-16,2099-12-31,
2000000148,40789527,Maps to,2025-04-16,2099-12-31,
40789527,2000000148,Maps from,2025-04-16,2099-12-31,
2000000149,40795717,Maps to,2025-04-16,2099-12-31,
40795717,2000000149,Maps from,2025-04-16,2099-12-31,
2000000150,0,Maps to,2025-04-16,2099-12-31,
0,2000000150,Maps from,2025-04-16,2099-12-31,
2000000380,1014458,Maps to,2025-04-16,2099-12-31,
1014458,2000000380,Maps from,2025-04-16,2099-12-31,
2000000382,0,Maps to,2025-04-16,2099-12-31,
0,2000000382,Maps from,2025-04-16,2099-12-31,
2000000383,40779364,Maps to,2025-04-16,2099-12-31,
40779364,2000000383,Maps from,2025-04-16,2099-12-31,
2000000393,0,Maps to,2025-04-16,2099-12-31,
0,2000000393,Maps from,2025-04-16,2099-12-31,
2000000394,40781629,Maps to,2025-04-16,2099-12-31,
40781629,2000000394,Maps from,2025-04-16,2099-12-31,
2000000396,1027727,Maps to,2025-04-16,2099-12-31,
1027727,2000000396,Maps from,2025-04-16,2099-12-31,
2000000400,40779250,Maps to,2025-04-16,2099-12-31,
40779250,2000000400,Maps from,2025-04-16,2099-12-31,
2000000401,0,Maps to,2025-04-16,2099-12-31,
0,2000000401,Maps from,2025-04-16,2099-12-31,
2000000402,0,Maps to,2025-04-16,2099-12-31,
0,2000000402,Maps from,2025-04-16,2099-12-31,
2000000403,0,Maps to,2025-04-16,2099-12-31,
0,2000000403,Maps from,2025-04-16,2099-12-31,
2000000381,1014458,Maps to,2025-04-16,2099-12-31,
1014458,2000000381,Maps from,2025-04-16,2099-12-31,
2000000414,37031130,Maps to,2025-04-16,2099-12-31,
37031130,2000000414,Maps from,2025-04-16,2099-12-31,
2000000431,0,Maps to,2025-04-16,2099-12-31,
0,2000000431,Maps from,2025-04-16,2099-12-31,
2000000404,0,Maps to,2025-04-16,2099-12-31,
0,2000000404,Maps from,2025-04-16,2099-12-31,
2000000141,1034369,Maps to,2025-04-16,2099-12-31,
1034369,2000000141,Maps from,2025-04-16,2099-12-31,
2000000432,0,Maps to,2025-04-16,2099-12-31,
0,2000000432,Maps from,2025-04-16,2099-12-31,
2000000416,40789150,Maps to,2025-04-16,2099-12-31,
40789150,2000000416,Maps from,2025-04-16,2099-12-31,
2000000384,40779364,Maps to,2025-04-16,2099-12-31,
40779364,2000000384,Maps from,2025-04-16,2099-12-31,
2000000072,3968605,Maps to,2025-04-16,2099-12-31,
3968605,2000000072,Maps from,2025-04-16,2099-12-31,
2000000448,0,Maps to,2025-04-16,2099-12-31,
0,2000000448,Maps from,2025-04-16,2099-12-31,
2000000406,40775918,Maps to,2025-04-16,2099-12-31,
40775918,2000000406,Maps from,2025-04-16,2099-12-31,
2000000422,0,Maps to,2025-04-16,2099-12-31,
0,2000000422,Maps from,2025-04-16,2099-12-31,
2000000111,1013450,Maps to,2025-04-16,2099-12-31,
1013450,2000000111,Maps from,2025-04-16,2099-12-31,
2000000120,1013451,Maps to,2025-04-16,2099-12-31,
1013451,2000000120,Maps from,2025-04-16,2099-12-31,
2000000129,3968528,Maps to,2025-04-16,2099-12-31,
3968528,2000000129,Maps from,2025-04-16,2099-12-31,
2000000423,1027485,Maps to,2025-04-16,2099-12-31,
1027485,2000000423,Maps from,2025-04-16,2099-12-31,
2000000433,37052205,Maps to,2025-04-16,2099-12-31,
37052205,2000000433,Maps from,2025-04-16,2099-12-31,
2000000449,0,Maps to,2025-04-16,2099-12-31,
0,2000000449,Maps from,2025-04-16,2099-12-31,
2000000424,37077280,Maps to,2025-04-16,2099-12-31,
37077280,2000000424,Maps from,2025-04-16,2099-12-31,
2000000112,0,Maps to,2025-04-16,2099-12-31,
0,2000000112,Maps from,2025-04-16,2099-12-31,
2000000121,1013451,Maps to,2025-04-16,2099-12-31,
1013451,2000000121,Maps from,2025-04-16,2099-12-31,
2000000434,37060031,Maps to,2025-04-16,2099-12-31,
37060031,2000000434,Maps from,2025-04-16,2099-12-31,
2000000450,0,Maps to,2025-04-16,2099-12-31,
0,2000000450,Maps from,2025-04-16,2099-12-31,
2000000451,0,Maps to,2025-04-16,2099-12-31,
0,2000000451,Maps from,2025-04-16,2099-12-31,
2000000137,40786050,Maps to,2025-04-16,2099-12-31,
40786050,2000000137,Maps from,2025-04-16,2099-12-31,
2000000439,40772593,Maps to,2025-04-16,2099-12-31,
40772593,2000000439,Maps from,2025-04-16,2099-12-31,
2000000440,40772572,Maps to,2025-04-16,2099-12-31,
40772572,2000000440,Maps from,2025-04-16,2099-12-31,
2000000452,0,Maps to,2025-04-16,2099-12-31,
0,2000000452,Maps from,2025-04-16,2099-12-31,
2000000441,40789263,Maps to,2025-04-16,2099-12-31,
40789263,2000000441,Maps from,2025-04-16,2099-12-31,
2000000453,40796247,Maps to,2025-04-16,2099-12-31,
40796247,2000000453,Maps from,2025-04-16,2099-12-31,
2000000446,40785861,Maps to,2025-04-16,2099-12-31,
40785861,2000000446,Maps from,2025-04-16,2099-12-31,
2000000447,40785945,Maps to,2025-04-16,2099-12-31,
40785945,2000000447,Maps from,2025-04-16,2099-12-31,
2000000483,0,Maps to,2025-04-16,2099-12-31,
0,2000000483,Maps from,2025-04-16,2099-12-31,
2000000454,40785879,Maps to,2025-04-16,2099-12-31,
40785879,2000000454,Maps from,2025-04-16,2099-12-31,
2000000417,40789150,Maps to,2025-04-16,2099-12-31,
40789150,2000000417,Maps from,2025-04-16,2099-12-31,
2000000484,0,Maps to,2025-04-16,2099-12-31,
0,2000000484,Maps from,2025-04-16,2099-12-31,
2000000485,0,Maps to,2025-04-16,2099-12-31,
0,2000000485,Maps from,2025-04-16,2099-12-31,
2000000486,0,Maps to,2025-04-16,2099-12-31,
0,2000000486,Maps from,2025-04-16,2099-12-31,
2000000487,0,Maps to,2025-04-16,2099-12-31,
0,2000000487,Maps from,2025-04-16,2099-12-31,
2000000385,40779364,Maps to,2025-04-16,2099-12-31,
40779364,2000000385,Maps from,2025-04-16,2099-12-31,
2000000455,40775896,Maps to,2025-04-16,2099-12-31,
40775896,2000000455,Maps from,2025-04-16,2099-12-31,
2000000464,40775876,Maps to,2025-04-16,2099-12-31,
40775876,2000000464,Maps from,2025-04-16,2099-12-31,
2000000482,0,Maps to,2025-04-16,2099-12-31,
0,2000000482,Maps from,2025-04-16,2099-12-31,
2000000442,40789263,Maps to,2025-04-16,2099-12-31,
40789263,2000000442,Maps from,2025-04-16,2099-12-31,
2000000458,40775849,Maps to,2025-04-16,2099-12-31,
40775849,2000000458,Maps from,2025-04-16,2099-12-31,
2000000488,0,Maps to,2025-04-16,2099-12-31,
0,2000000488,Maps from,2025-04-16,2099-12-31,
2000000467,37066709,Maps to,2025-04-16,2099-12-31,
37066709,2000000467,Maps from,2025-04-16,2099-12-31,
2000000435,40782589,Maps to,2025-04-16,2099-12-31,
40782589,2000000435,Maps from,2025-04-16,2099-12-31,
2000000436,40795800,Maps to,2025-04-16,2099-12-31,
40795800,2000000436,Maps from,2025-04-16,2099-12-31,
2000000459,3968341,Maps to,2025-04-16,2099-12-31,
3968341,2000000459,Maps from,2025-04-16,2099-12-31,
2000000491,0,Maps to,2025-04-16,2099-12-31,
0,2000000491,Maps from,2025-04-16,2099-12-31,
2000000456,40782602,Maps to,2025-04-16,2099-12-31,
40782602,2000000456,Maps from,2025-04-16,2099-12-31,
2000000472,40779250,Maps to,2025-04-16,2099-12-31,
40779250,2000000472,Maps from,2025-04-16,2099-12-31,
2000000471,37052205,Maps to,2025-04-16,2099-12-31,
37052205,2000000471,Maps from,2025-04-16,2099-12-31,
2000000470,40782593,Maps to,2025-04-16,2099-12-31,
40782593,2000000470,Maps from,2025-04-16,2099-12-31,
2000000474,1992114,Maps to,2025-04-16,2099-12-31,
1992114,2000000474,Maps from,2025-04-16,2099-12-31,
2000000386,40779364,Maps to,2025-04-16,2099-12-31,
40779364,2000000386,Maps from,2025-04-16,2099-12-31,
2000000489,36661507,Maps to,2025-04-16,2099-12-31,
36661507,2000000489,Maps from,2025-04-16,2099-12-31,
2000000397,1027727,Maps to,2025-04-16,2099-12-31,
1027727,2000000397,Maps from,2025-04-16,2099-12-31,
2000000492,0,Maps to,2025-04-16,2099-12-31,
0,2000000492,Maps from,2025-04-16,2099-12-31,
2000000493,0,Maps to,2025-04-16,2099-12-31,
0,2000000493,Maps from,2025-04-16,2099-12-31,
2000000494,0,Maps to,2025-04-16,2099-12-31,
0,2000000494,Maps from,2025-04-16,2099-12-31,
2000000477,40789544,Maps to,2025-04-16,2099-12-31,
40789544,2000000477,Maps from,2025-04-16,2099-12-31,
2000000495,0,Maps to,2025-04-16,2099-12-31,
0,2000000495,Maps from,2025-04-16,2099-12-31,
2000000479,40785866,Maps to,2025-04-16,2099-12-31,
40785866,2000000479,Maps from,2025-04-16,2099-12-31,
2000000496,0,Maps to,2025-04-16,2099-12-31,
0,2000000496,Maps from,2025-04-16,2099-12-31,
2000000497,0,Maps to,2025-04-16,2099-12-31,
0,2000000497,Maps from,2025-04-16,2099-12-31,
2000000490,37038872,Maps to,2025-04-16,2099-12-31,
37038872,2000000490,Maps from,2025-04-16,2099-12-31,
2000000588,0,Maps to,2025-04-16,2099-12-31,
0,2000000588,Maps from,2025-04-16,2099-12-31,
2000000501,40782772,Maps to,2025-04-16,2099-12-31,
40782772,2000000501,Maps from,2025-04-16,2099-12-31,
2000000589,0,Maps to,2025-04-16,2099-12-31,
0,2000000589,Maps from,2025-04-16,2099-12-31,
2000000481,40779420,Maps to,2025-04-16,2099-12-31,
40779420,2000000481,Maps from,2025-04-16,2099-12-31,
2000000590,0,Maps to,2025-04-16,2099-12-31,
0,2000000590,Maps from,2025-04-16,2099-12-31,
2000000502,37031553,Maps to,2025-04-16,2099-12-31,
37031553,2000000502,Maps from,2025-04-16,2099-12-31,
2000000591,0,Maps to,2025-04-16,2099-12-31,
0,2000000591,Maps from,2025-04-16,2099-12-31,
2000000504,40785946,Maps to,2025-04-16,2099-12-31,
40785946,2000000504,Maps from,2025-04-16,2099-12-31,
2000000592,0,Maps to,2025-04-16,2099-12-31,
0,2000000592,Maps from,2025-04-16,2099-12-31,
2000000593,0,Maps to,2025-04-16,2099-12-31,
0,2000000593,Maps from,2025-04-16,2099-12-31,
2000000594,0,Maps to,2025-04-16,2099-12-31,
0,2000000594,Maps from,2025-04-16,2099-12-31,
2000000595,0,Maps to,2025-04-16,2099-12-31,
0,2000000595,Maps from,2025-04-16,2099-12-31,
2000000596,0,Maps to,2025-04-16,2099-12-31,
0,2000000596,Maps from,2025-04-16,2099-12-31,
2000000597,40786492,Maps to,2025-04-16,2099-12-31,
40786492,2000000597,Maps from,2025-04-16,2099-12-31,
2000000505,40795826,Maps to,2025-04-16,2099-12-31,
40795826,2000000505,Maps from,2025-04-16,2099-12-31,
2000000598,0,Maps to,2025-04-16,2099-12-31,
0,2000000598,Maps from,2025-04-16,2099-12-31,
2000000586,40775921,Maps to,2025-04-16,2099-12-31,
40775921,2000000586,Maps from,2025-04-16,2099-12-31,
2000000587,40786177,Maps to,2025-04-16,2099-12-31,
40786177,2000000587,Maps from,2025-04-16,2099-12-31,
2000000599,0,Maps to,2025-04-16,2099-12-31,
0,2000000599,Maps from,2025-04-16,2099-12-31,
2000000600,0,Maps to,2025-04-16,2099-12-31,
0,2000000600,Maps from,2025-04-16,2099-12-31,
2000000511,40789181,Maps to,2025-04-16,2099-12-31,
40789181,2000000511,Maps from,2025-04-16,2099-12-31,
2000000512,0,Maps to,2025-04-16,2099-12-31,
0,2000000512,Maps from,2025-04-16,2099-12-31,
2000000513,0,Maps to,2025-04-16,2099-12-31,
0,2000000513,Maps from,2025-04-16,2099-12-31,
2000000514,0,Maps to,2025-04-16,2099-12-31,
0,2000000514,Maps from,2025-04-16,2099-12-31,
2000000515,0,Maps to,2025-04-16,2099-12-31,
0,2000000515,Maps from,2025-04-16,2099-12-31,
2000000517,0,Maps to,2025-04-16,2099-12-31,
0,2000000517,Maps from,2025-04-16,2099-12-31,
2000000516,0,Maps to,2025-04-16,2099-12-31,
0,2000000516,Maps from,2025-04-16,2099-12-31,
2000000478,40789544,Maps to,2025-04-16,2099-12-31,
40789544,2000000478,Maps from,2025-04-16,2099-12-31,
2000000468,40796246,Maps to,2025-04-16,2099-12-31,
40796246,2000000468,Maps from,2025-04-16,2099-12-31,
2000000506,40795754,Maps to,2025-04-16,2099-12-31,
40795754,2000000506,Maps from,2025-04-16,2099-12-31,
2000000507,40782534,Maps to,2025-04-16,2099-12-31,
40782534,2000000507,Maps from,2025-04-16,2099-12-31,
2000000508,40783119,Maps to,2025-04-16,2099-12-31,
40783119,2000000508,Maps from,2025-04-16,2099-12-31,
2000000151,0,Maps to,2025-04-16,2099-12-31,
0,2000000151,Maps from,2025-04-16,2099-12-31,
2000000509,40779787,Maps to,2025-04-16,2099-12-31,
40779787,2000000509,Maps from,2025-04-16,2099-12-31,
2000000518,0,Maps to,2025-04-16,2099-12-31,
0,2000000518,Maps from,2025-04-16,2099-12-31,
2000000519,0,Maps to,2025-04-16,2099-12-31,
0,2000000519,Maps from,2025-04-16,2099-12-31,
2000000521,0,Maps to,2025-04-16,2099-12-31,
0,2000000521,Maps from,2025-04-16,2099-12-31,
2000000520,0,Maps to,2025-04-16,2099-12-31,
0,2000000520,Maps from,2025-04-16,2099-12-31,
2000000425,40796255,Maps to,2025-04-16,2099-12-31,
40796255,2000000425,Maps from,2025-04-16,2099-12-31,
2000000522,0,Maps to,2025-04-16,2099-12-31,
0,2000000522,Maps from,2025-04-16,2099-12-31,
2000000438,37045117,Maps to,2025-04-16,2099-12-31,
37045117,2000000438,Maps from,2025-04-16,2099-12-31,
2000000533,0,Maps to,2025-04-16,2099-12-31,
0,2000000533,Maps from,2025-04-16,2099-12-31,
2000000534,0,Maps to,2025-04-16,2099-12-31,
0,2000000534,Maps from,2025-04-16,2099-12-31,
2000000535,0,Maps to,2025-04-16,2099-12-31,
0,2000000535,Maps from,2025-04-16,2099-12-31,
2000000011,40779147,Maps to,2025-04-16,2099-12-31,
40779147,2000000011,Maps from,2025-04-16,2099-12-31,
2000000536,0,Maps to,2025-04-16,2099-12-31,
0,2000000536,Maps from,2025-04-16,2099-12-31,
2000000523,40782525,Maps to,2025-04-16,2099-12-31,
40782525,2000000523,Maps from,2025-04-16,2099-12-31,
2000000524,37075093,Maps to,2025-04-16,2099-12-31,
37075093,2000000524,Maps from,2025-04-16,2099-12-31,
2000000525,37053652,Maps to,2025-04-16,2099-12-31,
37053652,2000000525,Maps from,2025-04-16,2099-12-31,
2000000526,21497004,Maps to,2025-04-16,2099-12-31,
21497004,2000000526,Maps from,2025-04-16,2099-12-31,
2000000527,21496196,Maps to,2025-04-16,2099-12-31,
21496196,2000000527,Maps from,2025-04-16,2099-12-31,
2000000528,37075295,Maps to,2025-04-16,2099-12-31,
37075295,2000000528,Maps from,2025-04-16,2099-12-31,
2000000529,37072224,Maps to,2025-04-16,2099-12-31,
37072224,2000000529,Maps from,2025-04-16,2099-12-31,
2000000530,40789266,Maps to,2025-04-16,2099-12-31,
40789266,2000000530,Maps from,2025-04-16,2099-12-31,
2000000152,0,Maps to,2025-04-16,2099-12-31,
0,2000000152,Maps from,2025-04-16,2099-12-31,
2000000415,37031130,Maps to,2025-04-16,2099-12-31,
37031130,2000000415,Maps from,2025-04-16,2099-12-31,
2000000043,40772531,Maps to,2025-04-16,2099-12-31,
40772531,2000000043,Maps from,2025-04-16,2099-12-31,
2000000537,0,Maps to,2025-04-16,2099-12-31,
0,2000000537,Maps from,2025-04-16,2099-12-31,
2000000531,40776474,Maps to,2025-04-16,2099-12-31,
40776474,2000000531,Maps from,2025-04-16,2099-12-31,
2000000532,40792455,Maps to,2025-04-16,2099-12-31,
40792455,2000000532,Maps from,2025-04-16,2099-12-31,
2000000411,40775918,Maps to,2025-04-16,2099-12-31,
40775918,2000000411,Maps from,2025-04-16,2099-12-31,
2000000153,0,Maps to,2025-04-16,2099-12-31,
0,2000000153,Maps from,2025-04-16,2099-12-31,
2000000539,40779122,Maps to,2025-04-16,2099-12-31,
40779122,2000000539,Maps from,2025-04-16,2099-12-31,
2000000547,0,Maps to,2025-04-16,2099-12-31,
0,2000000547,Maps from,2025-04-16,2099-12-31,
2000000002,40782521,Maps to,2025-04-16,2099-12-31,
40782521,2000000002,Maps from,2025-04-16,2099-12-31,
2000000016,40779159,Maps to,2025-04-16,2099-12-31,
40779159,2000000016,Maps from,2025-04-16,2099-12-31,
2000000540,40785907,Maps to,2025-04-16,2099-12-31,
40785907,2000000540,Maps from,2025-04-16,2099-12-31,
2000000548,0,Maps to,2025-04-16,2099-12-31,
0,2000000548,Maps from,2025-04-16,2099-12-31,
2000000549,0,Maps to,2025-04-16,2099-12-31,
0,2000000549,Maps from,2025-04-16,2099-12-31,
2000000543,40779116,Maps to,2025-04-16,2099-12-31,
40779116,2000000543,Maps from,2025-04-16,2099-12-31,
2000000544,40779305,Maps to,2025-04-16,2099-12-31,
40779305,2000000544,Maps from,2025-04-16,2099-12-31,
2000000545,40772660,Maps to,2025-04-16,2099-12-31,
40772660,2000000545,Maps from,2025-04-16,2099-12-31,
2000000546,40792373,Maps to,2025-04-16,2099-12-31,
40792373,2000000546,Maps from,2025-04-16,2099-12-31,
2000000550,0,Maps to,2025-04-16,2099-12-31,
0,2000000550,Maps from,2025-04-16,2099-12-31,
2000000551,40779503,Maps to,2025-04-16,2099-12-31,
40779503,2000000551,Maps from,2025-04-16,2099-12-31,
2000000552,0,Maps to,2025-04-16,2099-12-31,
0,2000000552,Maps from,2025-04-16,2099-12-31,
2000000553,0,Maps to,2025-04-16,2099-12-31,
0,2000000553,Maps from,2025-04-16,2099-12-31,
2000000554,0,Maps to,2025-04-16,2099-12-31,
0,2000000554,Maps from,2025-04-16,2099-12-31,
2000000555,0,Maps to,2025-04-16,2099-12-31,
0,2000000555,Maps from,2025-04-16,2099-12-31,
2000000538,40779729,Maps to,2025-04-16,2099-12-31,
40779729,2000000538,Maps from,2025-04-16,2099-12-31,
2000000556,40789660,Maps to,2025-04-16,2099-12-31,
40789660,2000000556,Maps from,2025-04-16,2099-12-31,
2000000566,0,Maps to,2025-04-16,2099-12-31,
0,2000000566,Maps from,2025-04-16,2099-12-31,
2000000473,40792356,Maps to,2025-04-16,2099-12-31,
40792356,2000000473,Maps from,2025-04-16,2099-12-31,
2000000567,0,Maps to,2025-04-16,2099-12-31,
0,2000000567,Maps from,2025-04-16,2099-12-31,
2000000557,1033761,Maps to,2025-04-16,2099-12-31,
1033761,2000000557,Maps from,2025-04-16,2099-12-31,
2000000558,1012755,Maps to,2025-04-16,2099-12-31,
1012755,2000000558,Maps from,2025-04-16,2099-12-31,
2000000559,21496993,Maps to,2025-04-16,2099-12-31,
21496993,2000000559,Maps from,2025-04-16,2099-12-31,
2000000154,0,Maps to,2025-04-16,2099-12-31,
0,2000000154,Maps from,2025-04-16,2099-12-31,
2000000568,0,Maps to,2025-04-16,2099-12-31,
0,2000000568,Maps from,2025-04-16,2099-12-31,
2000000569,0,Maps to,2025-04-16,2099-12-31,
0,2000000569,Maps from,2025-04-16,2099-12-31,
2000000560,40785815,Maps to,2025-04-16,2099-12-31,
40785815,2000000560,Maps from,2025-04-16,2099-12-31,
2000000570,0,Maps to,2025-04-16,2099-12-31,
0,2000000570,Maps from,2025-04-16,2099-12-31,
2000000571,0,Maps to,2025-04-16,2099-12-31,
0,2000000571,Maps from,2025-04-16,2099-12-31,
2000000572,0,Maps to,2025-04-16,2099-12-31,
0,2000000572,Maps from,2025-04-16,2099-12-31,
2000000573,0,Maps to,2025-04-16,2099-12-31,
0,2000000573,Maps from,2025-04-16,2099-12-31,
2000000574,37033277,Maps to,2025-04-16,2099-12-31,
37033277,2000000574,Maps from,2025-04-16,2099-12-31,
2000000575,0,Maps to,2025-04-16,2099-12-31,
0,2000000575,Maps from,2025-04-16,2099-12-31,
2000000028,0,Maps to,2025-04-16,2099-12-31,
0,2000000028,Maps from,2025-04-16,2099-12-31,
2000000469,40783106,Maps to,2025-04-16,2099-12-31,
40783106,2000000469,Maps from,2025-04-16,2099-12-31,
2000000561,40795863,Maps to,2025-04-16,2099-12-31,
40795863,2000000561,Maps from,2025-04-16,2099-12-31,
2000000603,0,Maps to,2025-04-16,2099-12-31,
0,2000000603,Maps from,2025-04-16,2099-12-31,
2000000604,0,Maps to,2025-04-16,2099-12-31,
0,2000000604,Maps from,2025-04-16,2099-12-31,
2000000576,40772603,Maps to,2025-04-16,2099-12-31,
40772603,2000000576,Maps from,2025-04-16,2099-12-31,
2000000577,40775936,Maps to,2025-04-16,2099-12-31,
40775936,2000000577,Maps from,2025-04-16,2099-12-31,
2000000605,0,Maps to,2025-04-16,2099-12-31,
0,2000000605,Maps from,2025-04-16,2099-12-31,
2000000578,40796053,Maps to,2025-04-16,2099-12-31,
40796053,2000000578,Maps from,2025-04-16,2099-12-31,
2000000606,0,Maps to,2025-04-16,2099-12-31,
0,2000000606,Maps from,2025-04-16,2099-12-31,
2000000073,3968605,Maps to,2025-04-16,2099-12-31,
3968605,2000000073,Maps from,2025-04-16,2099-12-31,
2000000607,0,Maps to,2025-04-16,2099-12-31,
0,2000000607,Maps from,2025-04-16,2099-12-31,
2000000155,0,Maps to,2025-04-16,2099-12-31,
0,2000000155,Maps from,2025-04-16,2099-12-31,
2000000608,0,Maps to,2025-04-16,2099-12-31,
0,2000000608,Maps from,2025-04-16,2099-12-31,
2000000601,40782528,Maps to,2025-04-16,2099-12-31,
40782528,2000000601,Maps from,2025-04-16,2099-12-31,
2000000609,0,Maps to,2025-04-16,2099-12-31,
0,2000000609,Maps from,2025-04-16,2099-12-31,
2000000387,40779364,Maps to,2025-04-16,2099-12-31,
40779364,2000000387,Maps from,2025-04-16,2099-12-31,
2000000602,40775776,Maps to,2025-04-16,2099-12-31,
40775776,2000000602,Maps from,2025-04-16,2099-12-31,
2000000156,0,Maps to,2025-04-16,2099-12-31,
0,2000000156,Maps from,2025-04-16,2099-12-31,
2000000610,0,Maps to,2025-04-16,2099-12-31,
0,2000000610,Maps from,2025-04-16,2099-12-31,
2000000157,0,Maps to,2025-04-16,2099-12-31,
0,2000000157,Maps from,2025-04-16,2099-12-31,
2000000611,0,Maps to,2025-04-16,2099-12-31,
0,2000000611,Maps from,2025-04-16,2099-12-31,
2000000612,0,Maps to,2025-04-16,2099-12-31,
0,2000000612,Maps from,2025-04-16,2099-12-31,
2000000158,0,Maps to,2025-04-16,2099-12-31,
0,2000000158,Maps from,2025-04-16,2099-12-31,
2000000613,40783165,Maps to,2025-04-16,2099-12-31,
40783165,2000000613,Maps from,2025-04-16,2099-12-31,
2000000614,40783137,Maps to,2025-04-16,2099-12-31,
40783137,2000000614,Maps from,2025-04-16,2099-12-31,
2000000020,40795725,Maps to,2025-04-16,2099-12-31,
40795725,2000000020,Maps from,2025-04-16,2099-12-31,
2000000624,0,Maps to,2025-04-16,2099-12-31,
0,2000000624,Maps from,2025-04-16,2099-12-31,
2000000625,0,Maps to,2025-04-16,2099-12-31,
0,2000000625,Maps from,2025-04-16,2099-12-31,
2000000615,40789181,Maps to,2025-04-16,2099-12-31,
40789181,2000000615,Maps from,2025-04-16,2099-12-31,
2000000159,0,Maps to,2025-04-16,2099-12-31,
0,2000000159,Maps from,2025-04-16,2099-12-31,
2000000616,40775775,Maps to,2025-04-16,2099-12-31,
40775775,2000000616,Maps from,2025-04-16,2099-12-31,
2000000160,0,Maps to,2025-04-16,2099-12-31,
0,2000000160,Maps from,2025-04-16,2099-12-31,
2000000617,37064734,Maps to,2025-04-16,2099-12-31,
37064734,2000000617,Maps from,2025-04-16,2099-12-31,
2000000626,0,Maps to,2025-04-16,2099-12-31,
0,2000000626,Maps from,2025-04-16,2099-12-31,
2000000627,0,Maps to,2025-04-16,2099-12-31,
0,2000000627,Maps from,2025-04-16,2099-12-31,
2000000618,40786394,Maps to,2025-04-16,2099-12-31,
40786394,2000000618,Maps from,2025-04-16,2099-12-31,
2000000628,0,Maps to,2025-04-16,2099-12-31,
0,2000000628,Maps from,2025-04-16,2099-12-31,
2000000619,40786397,Maps to,2025-04-16,2099-12-31,
40786397,2000000619,Maps from,2025-04-16,2099-12-31,
2000000620,40783120,Maps to,2025-04-16,2099-12-31,
40783120,2000000620,Maps from,2025-04-16,2099-12-31,
2000000621,37057415,Maps to,2025-04-16,2099-12-31,
37057415,2000000621,Maps from,2025-04-16,2099-12-31,
2000000622,1017318,Maps to,2025-04-16,2099-12-31,
1017318,2000000622,Maps from,2025-04-16,2099-12-31,
2000000623,40786436,Maps to,2025-04-16,2099-12-31,
40786436,2000000623,Maps from,2025-04-16,2099-12-31,
2000000629,40789698,Maps to,2025-04-16,2099-12-31,
40789698,2000000629,Maps from,2025-04-16,2099-12-31,
2000000630,40773034,Maps to,2025-04-16,2099-12-31,
40773034,2000000630,Maps from,2025-04-16,2099-12-31,
2000000631,40779837,Maps to,2025-04-16,2099-12-31,
40779837,2000000631,Maps from,2025-04-16,2099-12-31,
2000000640,0,Maps to,2025-04-16,2099-12-31,
0,2000000640,Maps from,2025-04-16,2099-12-31,
2000000161,0,Maps to,2025-04-16,2099-12-31,
0,2000000161,Maps from,2025-04-16,2099-12-31,
2000000641,0,Maps to,2025-04-16,2099-12-31,
0,2000000641,Maps from,2025-04-16,2099-12-31,
2000000632,36661950,Maps to,2025-04-16,2099-12-31,
36661950,2000000632,Maps from,2025-04-16,2099-12-31,
2000000642,0,Maps to,2025-04-16,2099-12-31,
0,2000000642,Maps from,2025-04-16,2099-12-31,
2000000633,40776457,Maps to,2025-04-16,2099-12-31,
40776457,2000000633,Maps from,2025-04-16,2099-12-31,
2000000643,0,Maps to,2025-04-16,2099-12-31,
0,2000000643,Maps from,2025-04-16,2099-12-31,
2000000644,40786397,Maps to,2025-04-16,2099-12-31,
40786397,2000000644,Maps from,2025-04-16,2099-12-31,
2000000395,40781629,Maps to,2025-04-16,2099-12-31,
40781629,2000000395,Maps from,2025-04-16,2099-12-31,
2000000645,0,Maps to,2025-04-16,2099-12-31,
0,2000000645,Maps from,2025-04-16,2099-12-31,
2000000646,0,Maps to,2025-04-16,2099-12-31,
0,2000000646,Maps from,2025-04-16,2099-12-31,
2000000647,0,Maps to,2025-04-16,2099-12-31,
0,2000000647,Maps from,2025-04-16,2099-12-31,
2000000634,40779190,Maps to,2025-04-16,2099-12-31,
40779190,2000000634,Maps from,2025-04-16,2099-12-31,
2000000635,40792960,Maps to,2025-04-16,2099-12-31,
40792960,2000000635,Maps from,2025-04-16,2099-12-31,
2000000648,0,Maps to,2025-04-16,2099-12-31,
0,2000000648,Maps from,2025-04-16,2099-12-31,
2000000636,40789526,Maps to,2025-04-16,2099-12-31,
40789526,2000000636,Maps from,2025-04-16,2099-12-31,
2000000649,0,Maps to,2025-04-16,2099-12-31,
0,2000000649,Maps from,2025-04-16,2099-12-31,
2000000657,0,Maps to,2025-04-16,2099-12-31,
0,2000000657,Maps from,2025-04-16,2099-12-31,
2000000658,0,Maps to,2025-04-16,2099-12-31,
0,2000000658,Maps from,2025-04-16,2099-12-31,
2000000638,40773136,Maps to,2025-04-16,2099-12-31,
40773136,2000000638,Maps from,2025-04-16,2099-12-31,
2000000659,0,Maps to,2025-04-16,2099-12-31,
0,2000000659,Maps from,2025-04-16,2099-12-31,
2000000660,0,Maps to,2025-04-16,2099-12-31,
0,2000000660,Maps from,2025-04-16,2099-12-31,
2000000661,0,Maps to,2025-04-16,2099-12-31,
0,2000000661,Maps from,2025-04-16,2099-12-31,
2000000662,0,Maps to,2025-04-16,2099-12-31,
0,2000000662,Maps from,2025-04-16,2099-12-31,
2000000031,0,Maps to,2025-04-16,2099-12-31,
0,2000000031,Maps from,2025-04-16,2099-12-31,
2000000029,40785788,Maps to,2025-04-16,2099-12-31,
40785788,2000000029,Maps from,2025-04-16,2099-12-31,
2000000034,40772748,Maps to,2025-04-16,2099-12-31,
40772748,2000000034,Maps from,2025-04-16,2099-12-31,
2000000035,0,Maps to,2025-04-16,2099-12-31,
0,2000000035,Maps from,2025-04-16,2099-12-31,
2000000036,40789182,Maps to,2025-04-16,2099-12-31,
40789182,2000000036,Maps from,2025-04-16,2099-12-31,
2000000049,40785793,Maps to,2025-04-16,2099-12-31,
40785793,2000000049,Maps from,2025-04-16,2099-12-31,
2000000095,40785796,Maps to,2025-04-16,2099-12-31,
40785796,2000000095,Maps from,2025-04-16,2099-12-31,
2000000062,40795733,Maps to,2025-04-16,2099-12-31,
40795733,2000000062,Maps from,2025-04-16,2099-12-31,
2000000663,0,Maps to,2025-04-16,2099-12-31,
0,2000000663,Maps from,2025-04-16,2099-12-31,
2000000664,0,Maps to,2025-04-16,2099-12-31,
0,2000000664,Maps from,2025-04-16,2099-12-31,
2000000655,40772603,Maps to,2025-04-16,2099-12-31,
40772603,2000000655,Maps from,2025-04-16,2099-12-31,
2000000656,36661507,Maps to,2025-04-16,2099-12-31,
36661507,2000000656,Maps from,2025-04-16,2099-12-31,
2000000162,0,Maps to,2025-04-16,2099-12-31,
0,2000000162,Maps from,2025-04-16,2099-12-31,
2000000672,0,Maps to,2025-04-16,2099-12-31,
0,2000000672,Maps from,2025-04-16,2099-12-31,
2000000673,0,Maps to,2025-04-16,2099-12-31,
0,2000000673,Maps from,2025-04-16,2099-12-31,
2000000674,0,Maps to,2025-04-16,2099-12-31,
0,2000000674,Maps from,2025-04-16,2099-12-31,
2000000675,0,Maps to,2025-04-16,2099-12-31,
0,2000000675,Maps from,2025-04-16,2099-12-31,
2000000665,40776008,Maps to,2025-04-16,2099-12-31,
40776008,2000000665,Maps from,2025-04-16,2099-12-31,
2000000666,40779191,Maps to,2025-04-16,2099-12-31,
40779191,2000000666,Maps from,2025-04-16,2099-12-31,
2000000667,40779185,Maps to,2025-04-16,2099-12-31,
40779185,2000000667,Maps from,2025-04-16,2099-12-31,
2000000668,40782555,Maps to,2025-04-16,2099-12-31,
40782555,2000000668,Maps from,2025-04-16,2099-12-31,
2000000669,37052214,Maps to,2025-04-16,2099-12-31,
37052214,2000000669,Maps from,2025-04-16,2099-12-31,
2000000676,0,Maps to,2025-04-16,2099-12-31,
0,2000000676,Maps from,2025-04-16,2099-12-31,
2000000670,40779503,Maps to,2025-04-16,2099-12-31,
40779503,2000000670,Maps from,2025-04-16,2099-12-31,
2000000163,0,Maps to,2025-04-16,2099-12-31,
0,2000000163,Maps from,2025-04-16,2099-12-31,
2000000671,40776003,Maps to,2025-04-16,2099-12-31,
40776003,2000000671,Maps from,2025-04-16,2099-12-31,
2000000677,0,Maps to,2025-04-16,2099-12-31,
0,2000000677,Maps from,2025-04-16,2099-12-31,
2000000164,0,Maps to,2025-04-16,2099-12-31,
0,2000000164,Maps from,2025-04-16,2099-12-31,
2000000678,0,Maps to,2025-04-16,2099-12-31,
0,2000000678,Maps from,2025-04-16,2099-12-31,
2000000584,40779503,Maps to,2025-04-16,2099-12-31,
40779503,2000000584,Maps from,2025-04-16,2099-12-31,
2000000165,0,Maps to,2025-04-16,2099-12-31,
0,2000000165,Maps from,2025-04-16,2099-12-31,
2000000007,40789120,Maps to,2025-04-16,2099-12-31,
40789120,2000000007,Maps from,2025-04-16,2099-12-31,
2000000003,40782521,Maps to,2025-04-16,2099-12-31,
40782521,2000000003,Maps from,2025-04-16,2099-12-31,
2000000024,40795725,Maps to,2025-04-16,2099-12-31,
40795725,2000000024,Maps from,2025-04-16,2099-12-31,
2000000044,40772531,Maps to,2025-04-16,2099-12-31,
40772531,2000000044,Maps from,2025-04-16,2099-12-31,
2000000012,40779159,Maps to,2025-04-16,2099-12-31,
40779159,2000000012,Maps from,2025-04-16,2099-12-31,
2000000687,0,Maps to,2025-04-16,2099-12-31,
0,2000000687,Maps from,2025-04-16,2099-12-31,
2000000688,0,Maps to,2025-04-16,2099-12-31,
0,2000000688,Maps from,2025-04-16,2099-12-31,
2000000679,40779194,Maps to,2025-04-16,2099-12-31,
40779194,2000000679,Maps from,2025-04-16,2099-12-31,
2000000680,40779194,Maps to,2025-04-16,2099-12-31,
40779194,2000000680,Maps from,2025-04-16,2099-12-31,
2000000689,0,Maps to,2025-04-16,2099-12-31,
0,2000000689,Maps from,2025-04-16,2099-12-31,
2000000690,0,Maps to,2025-04-16,2099-12-31,
0,2000000690,Maps from,2025-04-16,2099-12-31,
2000000681,37053968,Maps to,2025-04-16,2099-12-31,
37053968,2000000681,Maps from,2025-04-16,2099-12-31,
2000000682,37053968,Maps to,2025-04-16,2099-12-31,
37053968,2000000682,Maps from,2025-04-16,2099-12-31,
2000000691,0,Maps to,2025-04-16,2099-12-31,
0,2000000691,Maps from,2025-04-16,2099-12-31,
2000000166,0,Maps to,2025-04-16,2099-12-31,
0,2000000166,Maps from,2025-04-16,2099-12-31,
2000000683,40792998,Maps to,2025-04-16,2099-12-31,
40792998,2000000683,Maps from,2025-04-16,2099-12-31,
2000000692,0,Maps to,2025-04-16,2099-12-31,
0,2000000692,Maps from,2025-04-16,2099-12-31,
2000000167,0,Maps to,2025-04-16,2099-12-31,
0,2000000167,Maps from,2025-04-16,2099-12-31,
2000000684,40789359,Maps to,2025-04-16,2099-12-31,
40789359,2000000684,Maps from,2025-04-16,2099-12-31,
2000000685,40789359,Maps to,2025-04-16,2099-12-31,
40789359,2000000685,Maps from,2025-04-16,2099-12-31,
2000000686,40783083,Maps to,2025-04-16,2099-12-31,
40783083,2000000686,Maps from,2025-04-16,2099-12-31,
2000000693,0,Maps to,2025-04-16,2099-12-31,
0,2000000693,Maps from,2025-04-16,2099-12-31,
2000000694,37034855,Maps to,2025-04-16,2099-12-31,
37034855,2000000694,Maps from,2025-04-16,2099-12-31,
2000000695,40789734,Maps to,2025-04-16,2099-12-31,
40789734,2000000695,Maps from,2025-04-16,2099-12-31,
2000000711,0,Maps to,2025-04-16,2099-12-31,
0,2000000711,Maps from,2025-04-16,2099-12-31,
2000000712,0,Maps to,2025-04-16,2099-12-31,
0,2000000712,Maps from,2025-04-16,2099-12-31,
2000000696,40786436,Maps to,2025-04-16,2099-12-31,
40786436,2000000696,Maps from,2025-04-16,2099-12-31,
2000000697,40773069,Maps to,2025-04-16,2099-12-31,
40773069,2000000697,Maps from,2025-04-16,2099-12-31,
2000000698,37065188,Maps to,2025-04-16,2099-12-31,
37065188,2000000698,Maps from,2025-04-16,2099-12-31,
2000000699,40779837,Maps to,2025-04-16,2099-12-31,
40779837,2000000699,Maps from,2025-04-16,2099-12-31,
2000000700,37057415,Maps to,2025-04-16,2099-12-31,
37057415,2000000700,Maps from,2025-04-16,2099-12-31,
2000000701,36307283,Maps to,2025-04-16,2099-12-31,
36307283,2000000701,Maps from,2025-04-16,2099-12-31,
2000000702,40789698,Maps to,2025-04-16,2099-12-31,
40789698,2000000702,Maps from,2025-04-16,2099-12-31,
2000000703,40779123,Maps to,2025-04-16,2099-12-31,
40779123,2000000703,Maps from,2025-04-16,2099-12-31,
2000000704,40773034,Maps to,2025-04-16,2099-12-31,
40773034,2000000704,Maps from,2025-04-16,2099-12-31,
2000000713,37039113,Maps to,2025-04-16,2099-12-31,
37039113,2000000713,Maps from,2025-04-16,2099-12-31,
2000000705,40783120,Maps to,2025-04-16,2099-12-31,
40783120,2000000705,Maps from,2025-04-16,2099-12-31,
2000000706,40786361,Maps to,2025-04-16,2099-12-31,
40786361,2000000706,Maps from,2025-04-16,2099-12-31,
2000000707,37065146,Maps to,2025-04-16,2099-12-31,
37065146,2000000707,Maps from,2025-04-16,2099-12-31,
2000000708,40783093,Maps to,2025-04-16,2099-12-31,
40783093,2000000708,Maps from,2025-04-16,2099-12-31,
2000000709,40779784,Maps to,2025-04-16,2099-12-31,
40779784,2000000709,Maps from,2025-04-16,2099-12-31,
2000000710,1017318,Maps to,2025-04-16,2099-12-31,
1017318,2000000710,Maps from,2025-04-16,2099-12-31,
2000000714,40779816,Maps to,2025-04-16,2099-12-31,
40779816,2000000714,Maps from,2025-04-16,2099-12-31,
2000000721,0,Maps to,2025-04-16,2099-12-31,
0,2000000721,Maps from,2025-04-16,2099-12-31,
2000000722,0,Maps to,2025-04-16,2099-12-31,
0,2000000722,Maps from,2025-04-16,2099-12-31,
2000000715,40772621,Maps to,2025-04-16,2099-12-31,
40772621,2000000715,Maps from,2025-04-16,2099-12-31,
2000000476,40779258,Maps to,2025-04-16,2099-12-31,
40779258,2000000476,Maps from,2025-04-16,2099-12-31,
2000000716,40779784,Maps to,2025-04-16,2099-12-31,
40779784,2000000716,Maps from,2025-04-16,2099-12-31,
2000000723,0,Maps to,2025-04-16,2099-12-31,
0,2000000723,Maps from,2025-04-16,2099-12-31,
2000000717,37047565,Maps to,2025-04-16,2099-12-31,
37047565,2000000717,Maps from,2025-04-16,2099-12-31,
2000000724,0,Maps to,2025-04-16,2099-12-31,
0,2000000724,Maps from,2025-04-16,2099-12-31,
2000000725,0,Maps to,2025-04-16,2099-12-31,
0,2000000725,Maps from,2025-04-16,2099-12-31,
2000000475,1992114,Maps to,2025-04-16,2099-12-31,
1992114,2000000475,Maps from,2025-04-16,2099-12-31,
2000000168,0,Maps to,2025-04-16,2099-12-31,
0,2000000168,Maps from,2025-04-16,2099-12-31,
2000000726,1619931,Maps to,2025-04-16,2099-12-31,
1619931,2000000726,Maps from,2025-04-16,2099-12-31,
2000000718,40792997,Maps to,2025-04-16,2099-12-31,
40792997,2000000718,Maps from,2025-04-16,2099-12-31,
2000000719,1017246,Maps to,2025-04-16,2099-12-31,
1017246,2000000719,Maps from,2025-04-16,2099-12-31,
2000000720,40792455,Maps to,2025-04-16,2099-12-31,
40792455,2000000720,Maps from,2025-04-16,2099-12-31,
2000000728,0,Maps to,2025-04-16,2099-12-31,
0,2000000728,Maps from,2025-04-16,2099-12-31,
2000000727,0,Maps to,2025-04-16,2099-12-31,
0,2000000727,Maps from,2025-04-16,2099-12-31,
2000000729,0,Maps to,2025-04-16,2099-12-31,
0,2000000729,Maps from,2025-04-16,2099-12-31,
2000000730,0,Maps to,2025-04-16,2099-12-31,
0,2000000730,Maps from,2025-04-16,2099-12-31,
2000000738,0,Maps to,2025-04-16,2099-12-31,
0,2000000738,Maps from,2025-04-16,2099-12-31,
2000000731,40786492,Maps to,2025-04-16,2099-12-31,
40786492,2000000731,Maps from,2025-04-16,2099-12-31,
2000000739,0,Maps to,2025-04-16,2099-12-31,
0,2000000739,Maps from,2025-04-16,2099-12-31,
2000000741,0,Maps to,2025-04-16,2099-12-31,
0,2000000741,Maps from,2025-04-16,2099-12-31,
2000000740,0,Maps to,2025-04-16,2099-12-31,
0,2000000740,Maps from,2025-04-16,2099-12-31,
2000000733,40776013,Maps to,2025-04-16,2099-12-31,
40776013,2000000733,Maps from,2025-04-16,2099-12-31,
2000000169,0,Maps to,2025-04-16,2099-12-31,
0,2000000169,Maps from,2025-04-16,2099-12-31,
2000000734,40775879,Maps to,2025-04-16,2099-12-31,
40775879,2000000734,Maps from,2025-04-16,2099-12-31,
2000000735,40792386,Maps to,2025-04-16,2099-12-31,
40792386,2000000735,Maps from,2025-04-16,2099-12-31,
2000000736,40792466,Maps to,2025-04-16,2099-12-31,
40792466,2000000736,Maps from,2025-04-16,2099-12-31,
2000000742,0,Maps to,2025-04-16,2099-12-31,
0,2000000742,Maps from,2025-04-16,2099-12-31,
2000000743,0,Maps to,2025-04-16,2099-12-31,
0,2000000743,Maps from,2025-04-16,2099-12-31,
2000000744,0,Maps to,2025-04-16,2099-12-31,
0,2000000744,Maps from,2025-04-16,2099-12-31,
2000000170,0,Maps to,2025-04-16,2099-12-31,
0,2000000170,Maps from,2025-04-16,2099-12-31,
2000000418,40789150,Maps to,2025-04-16,2099-12-31,
40789150,2000000418,Maps from,2025-04-16,2099-12-31,
2000000745,0,Maps to,2025-04-16,2099-12-31,
0,2000000745,Maps from,2025-04-16,2099-12-31,
2000000737,40782788,Maps to,2025-04-16,2099-12-31,
40782788,2000000737,Maps from,2025-04-16,2099-12-31,
2000000746,0,Maps to,2025-04-16,2099-12-31,
0,2000000746,Maps from,2025-04-16,2099-12-31,
2000000748,0,Maps to,2025-04-16,2099-12-31,
0,2000000748,Maps from,2025-04-16,2099-12-31,
2000000747,0,Maps to,2025-04-16,2099-12-31,
0,2000000747,Maps from,2025-04-16,2099-12-31,
2000000759,0,Maps to,2025-04-16,2099-12-31,
0,2000000759,Maps from,2025-04-16,2099-12-31,
2000000749,40775895,Maps to,2025-04-16,2099-12-31,
40775895,2000000749,Maps from,2025-04-16,2099-12-31,
2000000750,0,Maps to,2025-04-16,2099-12-31,
0,2000000750,Maps from,2025-04-16,2099-12-31,
2000000171,0,Maps to,2025-04-16,2099-12-31,
0,2000000171,Maps from,2025-04-16,2099-12-31,
2000000760,0,Maps to,2025-04-16,2099-12-31,
0,2000000760,Maps from,2025-04-16,2099-12-31,
2000000172,0,Maps to,2025-04-16,2099-12-31,
0,2000000172,Maps from,2025-04-16,2099-12-31,
2000000761,0,Maps to,2025-04-16,2099-12-31,
0,2000000761,Maps from,2025-04-16,2099-12-31,
2000000751,40795711,Maps to,2025-04-16,2099-12-31,
40795711,2000000751,Maps from,2025-04-16,2099-12-31,
2000000762,0,Maps to,2025-04-16,2099-12-31,
0,2000000762,Maps from,2025-04-16,2099-12-31,
2000000752,40795711,Maps to,2025-04-16,2099-12-31,
40795711,2000000752,Maps from,2025-04-16,2099-12-31,
2000000753,40795711,Maps to,2025-04-16,2099-12-31,
40795711,2000000753,Maps from,2025-04-16,2099-12-31,
2000000763,0,Maps to,2025-04-16,2099-12-31,
0,2000000763,Maps from,2025-04-16,2099-12-31,
2000000754,40786495,Maps to,2025-04-16,2099-12-31,
40786495,2000000754,Maps from,2025-04-16,2099-12-31,
2000000075,3968605,Maps to,2025-04-16,2099-12-31,
3968605,2000000075,Maps from,2025-04-16,2099-12-31,
2000000173,0,Maps to,2025-04-16,2099-12-31,
0,2000000173,Maps from,2025-04-16,2099-12-31,
2000000756,40776003,Maps to,2025-04-16,2099-12-31,
40776003,2000000756,Maps from,2025-04-16,2099-12-31,
2000000755,40776003,Maps to,2025-04-16,2099-12-31,
40776003,2000000755,Maps from,2025-04-16,2099-12-31,
2000000758,40773131,Maps to,2025-04-16,2099-12-31,
40773131,2000000758,Maps from,2025-04-16,2099-12-31,
2000000757,40779730,Maps to,2025-04-16,2099-12-31,
40779730,2000000757,Maps from,2025-04-16,2099-12-31,
2000000174,0,Maps to,2025-04-16,2099-12-31,
0,2000000174,Maps from,2025-04-16,2099-12-31,
2000000398,1027727,Maps to,2025-04-16,2099-12-31,
1027727,2000000398,Maps from,2025-04-16,2099-12-31,
2000000764,40796120,Maps to,2025-04-16,2099-12-31,
40796120,2000000764,Maps from,2025-04-16,2099-12-31,
2000000076,3968605,Maps to,2025-04-16,2099-12-31,
3968605,2000000076,Maps from,2025-04-16,2099-12-31,
2000000765,40772799,Maps to,2025-04-16,2099-12-31,
40772799,2000000765,Maps from,2025-04-16,2099-12-31,
2000000766,40792973,Maps to,2025-04-16,2099-12-31,
40792973,2000000766,Maps from,2025-04-16,2099-12-31,
2000000788,0,Maps to,2025-04-16,2099-12-31,
0,2000000788,Maps from,2025-04-16,2099-12-31,
2000000767,40783154,Maps to,2025-04-16,2099-12-31,
40783154,2000000767,Maps from,2025-04-16,2099-12-31,
2000000768,40789151,Maps to,2025-04-16,2099-12-31,
40789151,2000000768,Maps from,2025-04-16,2099-12-31,
2000000789,0,Maps to,2025-04-16,2099-12-31,
0,2000000789,Maps from,2025-04-16,2099-12-31,
2000000769,40776478,Maps to,2025-04-16,2099-12-31,
40776478,2000000769,Maps from,2025-04-16,2099-12-31,
2000000783,40785817,Maps to,2025-04-16,2099-12-31,
40785817,2000000783,Maps from,2025-04-16,2099-12-31,
2000000056,40792413,Maps to,2025-04-16,2099-12-31,
40792413,2000000056,Maps from,2025-04-16,2099-12-31,
2000000784,1176934,Maps to,2025-04-16,2099-12-31,
1176934,2000000784,Maps from,2025-04-16,2099-12-31,
2000000790,0,Maps to,2025-04-16,2099-12-31,
0,2000000790,Maps from,2025-04-16,2099-12-31,
2000000785,40779772,Maps to,2025-04-16,2099-12-31,
40779772,2000000785,Maps from,2025-04-16,2099-12-31,
2000000786,40795795,Maps to,2025-04-16,2099-12-31,
40795795,2000000786,Maps from,2025-04-16,2099-12-31,
2000000135,40792440,Maps to,2025-04-16,2099-12-31,
40792440,2000000135,Maps from,2025-04-16,2099-12-31,
2000000791,0,Maps to,2025-04-16,2099-12-31,
0,2000000791,Maps from,2025-04-16,2099-12-31,
2000000792,0,Maps to,2025-04-16,2099-12-31,
0,2000000792,Maps from,2025-04-16,2099-12-31,
2000000787,40795792,Maps to,2025-04-16,2099-12-31,
40795792,2000000787,Maps from,2025-04-16,2099-12-31,
2000000793,40792425,Maps to,2025-04-16,2099-12-31,
40792425,2000000793,Maps from,2025-04-16,2099-12-31,
2000000794,40789180,Maps to,2025-04-16,2099-12-31,
40789180,2000000794,Maps from,2025-04-16,2099-12-31,
2000000107,40775880,Maps to,2025-04-16,2099-12-31,
40775880,2000000107,Maps from,2025-04-16,2099-12-31,
2000000795,40786174,Maps to,2025-04-16,2099-12-31,
40786174,2000000795,Maps from,2025-04-16,2099-12-31,
2000000796,40775815,Maps to,2025-04-16,2099-12-31,
40775815,2000000796,Maps from,2025-04-16,2099-12-31,
2000000797,40785884,Maps to,2025-04-16,2099-12-31,
40785884,2000000797,Maps from,2025-04-16,2099-12-31,
2000000804,0,Maps to,2025-04-16,2099-12-31,
0,2000000804,Maps from,2025-04-16,2099-12-31,
2000000799,40773045,Maps to,2025-04-16,2099-12-31,
40773045,2000000799,Maps from,2025-04-16,2099-12-31,
2000000798,40786358,Maps to,2025-04-16,2099-12-31,
40786358,2000000798,Maps from,2025-04-16,2099-12-31,
2000000770,40789748,Maps to,2025-04-16,2099-12-31,
40789748,2000000770,Maps from,2025-04-16,2099-12-31,
2000000800,40776486,Maps to,2025-04-16,2099-12-31,
40776486,2000000800,Maps from,2025-04-16,2099-12-31,
2000000805,0,Maps to,2025-04-16,2099-12-31,
0,2000000805,Maps from,2025-04-16,2099-12-31,
2000000801,40789193,Maps to,2025-04-16,2099-12-31,
40789193,2000000801,Maps from,2025-04-16,2099-12-31,
2000000806,0,Maps to,2025-04-16,2099-12-31,
0,2000000806,Maps from,2025-04-16,2099-12-31,
2000000802,40785812,Maps to,2025-04-16,2099-12-31,
40785812,2000000802,Maps from,2025-04-16,2099-12-31,
2000000807,0,Maps to,2025-04-16,2099-12-31,
0,2000000807,Maps from,2025-04-16,2099-12-31,
2000000021,40795725,Maps to,2025-04-16,2099-12-31,
40795725,2000000021,Maps from,2025-04-16,2099-12-31,
2000000808,0,Maps to,2025-04-16,2099-12-31,
0,2000000808,Maps from,2025-04-16,2099-12-31,
2000000772,40789747,Maps to,2025-04-16,2099-12-31,
40789747,2000000772,Maps from,2025-04-16,2099-12-31,
2000000803,40779503,Maps to,2025-04-16,2099-12-31,
40779503,2000000803,Maps from,2025-04-16,2099-12-31,
2000000809,37028478,Maps to,2025-04-16,2099-12-31,
37028478,2000000809,Maps from,2025-04-16,2099-12-31,
2000000175,0,Maps to,2025-04-16,2099-12-31,
0,2000000175,Maps from,2025-04-16,2099-12-31,
2000000771,40773111,Maps to,2025-04-16,2099-12-31,
40773111,2000000771,Maps from,2025-04-16,2099-12-31,
2000000810,40772593,Maps to,2025-04-16,2099-12-31,
40772593,2000000810,Maps from,2025-04-16,2099-12-31,
2000000811,40779816,Maps to,2025-04-16,2099-12-31,
40779816,2000000811,Maps from,2025-04-16,2099-12-31,
2000000812,37035867,Maps to,2025-04-16,2099-12-31,
37035867,2000000812,Maps from,2025-04-16,2099-12-31,
2000000816,0,Maps to,2025-04-16,2099-12-31,
0,2000000816,Maps from,2025-04-16,2099-12-31,
2000000817,0,Maps to,2025-04-16,2099-12-31,
0,2000000817,Maps from,2025-04-16,2099-12-31,
2000000813,40779503,Maps to,2025-04-16,2099-12-31,
40779503,2000000813,Maps from,2025-04-16,2099-12-31,
2000000818,0,Maps to,2025-04-16,2099-12-31,
0,2000000818,Maps from,2025-04-16,2099-12-31,
2000000819,0,Maps to,2025-04-16,2099-12-31,
0,2000000819,Maps from,2025-04-16,2099-12-31,
2000000814,40776400,Maps to,2025-04-16,2099-12-31,
40776400,2000000814,Maps from,2025-04-16,2099-12-31,
2000000176,0,Maps to,2025-04-16,2099-12-31,
0,2000000176,Maps from,2025-04-16,2099-12-31,
2000000820,0,Maps to,2025-04-16,2099-12-31,
0,2000000820,Maps from,2025-04-16,2099-12-31,
2000000177,0,Maps to,2025-04-16,2099-12-31,
0,2000000177,Maps from,2025-04-16,2099-12-31,
2000000821,0,Maps to,2025-04-16,2099-12-31,
0,2000000821,Maps from,2025-04-16,2099-12-31,
2000000822,0,Maps to,2025-04-16,2099-12-31,
0,2000000822,Maps from,2025-04-16,2099-12-31,
2000000773,40779761,Maps to,2025-04-16,2099-12-31,
40779761,2000000773,Maps from,2025-04-16,2099-12-31,
2000000815,36661886,Maps to,2025-04-16,2099-12-31,
36661886,2000000815,Maps from,2025-04-16,2099-12-31,
2000000399,1027727,Maps to,2025-04-16,2099-12-31,
1027727,2000000399,Maps from,2025-04-16,2099-12-31,
2000000823,37033277,Maps to,2025-04-16,2099-12-31,
37033277,2000000823,Maps from,2025-04-16,2099-12-31,
2000000824,37033277,Maps to,2025-04-16,2099-12-31,
37033277,2000000824,Maps from,2025-04-16,2099-12-31,
2000000837,0,Maps to,2025-04-16,2099-12-31,
0,2000000837,Maps from,2025-04-16,2099-12-31,
2000000825,37033277,Maps to,2025-04-16,2099-12-31,
37033277,2000000825,Maps from,2025-04-16,2099-12-31,
2000000838,0,Maps to,2025-04-16,2099-12-31,
0,2000000838,Maps from,2025-04-16,2099-12-31,
2000000827,40786361,Maps to,2025-04-16,2099-12-31,
40786361,2000000827,Maps from,2025-04-16,2099-12-31,
2000000839,0,Maps to,2025-04-16,2099-12-31,
0,2000000839,Maps from,2025-04-16,2099-12-31,
2000000828,40783120,Maps to,2025-04-16,2099-12-31,
40783120,2000000828,Maps from,2025-04-16,2099-12-31,
2000000829,40786436,Maps to,2025-04-16,2099-12-31,
40786436,2000000829,Maps from,2025-04-16,2099-12-31,
2000000830,36661507,Maps to,2025-04-16,2099-12-31,
36661507,2000000830,Maps from,2025-04-16,2099-12-31,
2000000831,1619931,Maps to,2025-04-16,2099-12-31,
1619931,2000000831,Maps from,2025-04-16,2099-12-31,
2000000461,37073332,Maps to,2025-04-16,2099-12-31,
37073332,2000000461,Maps from,2025-04-16,2099-12-31,
2000000835,1012755,Maps to,2025-04-16,2099-12-31,
1012755,2000000835,Maps from,2025-04-16,2099-12-31,
2000000840,0,Maps to,2025-04-16,2099-12-31,
0,2000000840,Maps from,2025-04-16,2099-12-31,
2000000178,0,Maps to,2025-04-16,2099-12-31,
0,2000000178,Maps from,2025-04-16,2099-12-31,
2000000833,1012755,Maps to,2025-04-16,2099-12-31,
1012755,2000000833,Maps from,2025-04-16,2099-12-31,
2000000836,37045106,Maps to,2025-04-16,2099-12-31,
37045106,2000000836,Maps from,2025-04-16,2099-12-31,
2000000834,1012755,Maps to,2025-04-16,2099-12-31,
1012755,2000000834,Maps from,2025-04-16,2099-12-31,
2000000841,0,Maps to,2025-04-16,2099-12-31,
0,2000000841,Maps from,2025-04-16,2099-12-31,
2000000842,0,Maps to,2025-04-16,2099-12-31,
0,2000000842,Maps from,2025-04-16,2099-12-31,
2000000843,40773062,Maps to,2025-04-16,2099-12-31,
40773062,2000000843,Maps from,2025-04-16,2099-12-31,
2000000853,0,Maps to,2025-04-16,2099-12-31,
0,2000000853,Maps from,2025-04-16,2099-12-31,
2000000854,0,Maps to,2025-04-16,2099-12-31,
0,2000000854,Maps from,2025-04-16,2099-12-31,
2000000844,40785884,Maps to,2025-04-16,2099-12-31,
40785884,2000000844,Maps from,2025-04-16,2099-12-31,
2000000845,40775921,Maps to,2025-04-16,2099-12-31,
40775921,2000000845,Maps from,2025-04-16,2099-12-31,
2000000774,40779846,Maps to,2025-04-16,2099-12-31,
40779846,2000000774,Maps from,2025-04-16,2099-12-31,
2000000775,40789748,Maps to,2025-04-16,2099-12-31,
40789748,2000000775,Maps from,2025-04-16,2099-12-31,
2000000846,36661507,Maps to,2025-04-16,2099-12-31,
36661507,2000000846,Maps from,2025-04-16,2099-12-31,
2000000855,0,Maps to,2025-04-16,2099-12-31,
0,2000000855,Maps from,2025-04-16,2099-12-31,
2000000847,40795711,Maps to,2025-04-16,2099-12-31,
40795711,2000000847,Maps from,2025-04-16,2099-12-31,
2000000848,40795711,Maps to,2025-04-16,2099-12-31,
40795711,2000000848,Maps from,2025-04-16,2099-12-31,
2000000849,40795711,Maps to,2025-04-16,2099-12-31,
40795711,2000000849,Maps from,2025-04-16,2099-12-31,
2000000856,0,Maps to,2025-04-16,2099-12-31,
0,2000000856,Maps from,2025-04-16,2099-12-31,
2000000852,40775826,Maps to,2025-04-16,2099-12-31,
40775826,2000000852,Maps from,2025-04-16,2099-12-31,
2000000426,40796255,Maps to,2025-04-16,2099-12-31,
40796255,2000000426,Maps from,2025-04-16,2099-12-31,
2000000857,0,Maps to,2025-04-16,2099-12-31,
0,2000000857,Maps from,2025-04-16,2099-12-31,
2000000858,0,Maps to,2025-04-16,2099-12-31,
0,2000000858,Maps from,2025-04-16,2099-12-31,
2000000850,40796230,Maps to,2025-04-16,2099-12-31,
40796230,2000000850,Maps from,2025-04-16,2099-12-31,
2000000851,1029782,Maps to,2025-04-16,2099-12-31,
1029782,2000000851,Maps from,2025-04-16,2099-12-31,
2000000859,0,Maps to,2025-04-16,2099-12-31,
0,2000000859,Maps from,2025-04-16,2099-12-31,
2000000860,40772580,Maps to,2025-04-16,2099-12-31,
40772580,2000000860,Maps from,2025-04-16,2099-12-31,
2000000861,40795797,Maps to,2025-04-16,2099-12-31,
40795797,2000000861,Maps from,2025-04-16,2099-12-31,
2000000868,0,Maps to,2025-04-16,2099-12-31,
0,2000000868,Maps from,2025-04-16,2099-12-31,
2000000862,37024265,Maps to,2025-04-16,2099-12-31,
37024265,2000000862,Maps from,2025-04-16,2099-12-31,
2000000863,40782538,Maps to,2025-04-16,2099-12-31,
40782538,2000000863,Maps from,2025-04-16,2099-12-31,
2000000179,0,Maps to,2025-04-16,2099-12-31,
0,2000000179,Maps from,2025-04-16,2099-12-31,
2000000869,0,Maps to,2025-04-16,2099-12-31,
0,2000000869,Maps from,2025-04-16,2099-12-31,
2000000059,40782562,Maps to,2025-04-16,2099-12-31,
40782562,2000000059,Maps from,2025-04-16,2099-12-31,
2000000870,0,Maps to,2025-04-16,2099-12-31,
0,2000000870,Maps from,2025-04-16,2099-12-31,
2000000864,40786419,Maps to,2025-04-16,2099-12-31,
40786419,2000000864,Maps from,2025-04-16,2099-12-31,
2000000541,40785907,Maps to,2025-04-16,2099-12-31,
40785907,2000000541,Maps from,2025-04-16,2099-12-31,
2000000865,37035754,Maps to,2025-04-16,2099-12-31,
37035754,2000000865,Maps from,2025-04-16,2099-12-31,
2000000074,3968605,Maps to,2025-04-16,2099-12-31,
3968605,2000000074,Maps from,2025-04-16,2099-12-31,
2000000871,0,Maps to,2025-04-16,2099-12-31,
0,2000000871,Maps from,2025-04-16,2099-12-31,
2000000866,40779160,Maps to,2025-04-16,2099-12-31,
40779160,2000000866,Maps from,2025-04-16,2099-12-31,
2000000542,40785907,Maps to,2025-04-16,2099-12-31,
40785907,2000000542,Maps from,2025-04-16,2099-12-31,
2000000872,0,Maps to,2025-04-16,2099-12-31,
0,2000000872,Maps from,2025-04-16,2099-12-31,
2000000873,0,Maps to,2025-04-16,2099-12-31,
0,2000000873,Maps from,2025-04-16,2099-12-31,
2000000874,0,Maps to,2025-04-16,2099-12-31,
0,2000000874,Maps from,2025-04-16,2099-12-31,
2000000867,40782594,Maps to,2025-04-16,2099-12-31,
40782594,2000000867,Maps from,2025-04-16,2099-12-31,
2000000879,0,Maps to,2025-04-16,2099-12-31,
0,2000000879,Maps from,2025-04-16,2099-12-31,
2000000875,37048123,Maps to,2025-04-16,2099-12-31,
37048123,2000000875,Maps from,2025-04-16,2099-12-31,
2000000876,40796092,Maps to,2025-04-16,2099-12-31,
40796092,2000000876,Maps from,2025-04-16,2099-12-31,
2000000880,0,Maps to,2025-04-16,2099-12-31,
0,2000000880,Maps from,2025-04-16,2099-12-31,
2000000877,40795153,Maps to,2025-04-16,2099-12-31,
40795153,2000000877,Maps from,2025-04-16,2099-12-31,
2000000881,0,Maps to,2025-04-16,2099-12-31,
0,2000000881,Maps from,2025-04-16,2099-12-31,
2000000878,40789148,Maps to,2025-04-16,2099-12-31,
40789148,2000000878,Maps from,2025-04-16,2099-12-31,
2000000882,0,Maps to,2025-04-16,2099-12-31,
0,2000000882,Maps from,2025-04-16,2099-12-31,
2000000883,0,Maps to,2025-04-16,2099-12-31,
0,2000000883,Maps from,2025-04-16,2099-12-31,
2000000884,0,Maps to,2025-04-16,2099-12-31,
0,2000000884,Maps from,2025-04-16,2099-12-31,
2000000885,0,Maps to,2025-04-16,2099-12-31,
0,2000000885,Maps from,2025-04-16,2099-12-31,
2000000886,0,Maps to,2025-04-16,2099-12-31,
0,2000000886,Maps from,2025-04-16,2099-12-31,
2000000887,0,Maps to,2025-04-16,2099-12-31,
0,2000000887,Maps from,2025-04-16,2099-12-31,
2000000888,0,Maps to,2025-04-16,2099-12-31,
0,2000000888,Maps from,2025-04-16,2099-12-31,
2000000889,0,Maps to,2025-04-16,2099-12-31,
0,2000000889,Maps from,2025-04-16,2099-12-31,
2000000890,0,Maps to,2025-04-16,2099-12-31,
0,2000000890,Maps from,2025-04-16,2099-12-31,
2000000892,0,Maps to,2025-04-16,2099-12-31,
0,2000000892,Maps from,2025-04-16,2099-12-31,
2000000891,0,Maps to,2025-04-16,2099-12-31,
0,2000000891,Maps from,2025-04-16,2099-12-31,
2000000893,0,Maps to,2025-04-16,2099-12-31,
0,2000000893,Maps from,2025-04-16,2099-12-31,
2000000180,0,Maps to,2025-04-16,2099-12-31,
0,2000000180,Maps from,2025-04-16,2099-12-31,
2000000900,0,Maps to,2025-04-16,2099-12-31,
0,2000000900,Maps from,2025-04-16,2099-12-31,
2000000901,0,Maps to,2025-04-16,2099-12-31,
0,2000000901,Maps from,2025-04-16,2099-12-31,
2000000894,40796245,Maps to,2025-04-16,2099-12-31,
40796245,2000000894,Maps from,2025-04-16,2099-12-31,
2000000895,1029774,Maps to,2025-04-16,2099-12-31,
1029774,2000000895,Maps from,2025-04-16,2099-12-31,
2000000902,0,Maps to,2025-04-16,2099-12-31,
0,2000000902,Maps from,2025-04-16,2099-12-31,
2000000903,0,Maps to,2025-04-16,2099-12-31,
0,2000000903,Maps from,2025-04-16,2099-12-31,
2000000904,0,Maps to,2025-04-16,2099-12-31,
0,2000000904,Maps from,2025-04-16,2099-12-31,
2000000905,0,Maps to,2025-04-16,2099-12-31,
0,2000000905,Maps from,2025-04-16,2099-12-31,
2000000906,0,Maps to,2025-04-16,2099-12-31,
0,2000000906,Maps from,2025-04-16,2099-12-31,
2000000896,40789565,Maps to,2025-04-16,2099-12-31,
40789565,2000000896,Maps from,2025-04-16,2099-12-31,
2000000897,40779195,Maps to,2025-04-16,2099-12-31,
40779195,2000000897,Maps from,2025-04-16,2099-12-31,
2000000907,0,Maps to,2025-04-16,2099-12-31,
0,2000000907,Maps from,2025-04-16,2099-12-31,
2000000908,0,Maps to,2025-04-16,2099-12-31,
0,2000000908,Maps from,2025-04-16,2099-12-31,
2000000898,40786151,Maps to,2025-04-16,2099-12-31,
40786151,2000000898,Maps from,2025-04-16,2099-12-31,
2000000899,40776463,Maps to,2025-04-16,2099-12-31,
40776463,2000000899,Maps from,2025-04-16,2099-12-31,
2000000909,0,Maps to,2025-04-16,2099-12-31,
0,2000000909,Maps from,2025-04-16,2099-12-31,
2000000776,36208173,Maps to,2025-04-16,2099-12-31,
36208173,2000000776,Maps from,2025-04-16,2099-12-31,
2000000910,0,Maps to,2025-04-16,2099-12-31,
0,2000000910,Maps from,2025-04-16,2099-12-31,
2000000181,0,Maps to,2025-04-16,2099-12-31,
0,2000000181,Maps from,2025-04-16,2099-12-31,
2000000911,0,Maps to,2025-04-16,2099-12-31,
0,2000000911,Maps from,2025-04-16,2099-12-31,
2000000912,40779118,Maps to,2025-04-16,2099-12-31,
40779118,2000000912,Maps from,2025-04-16,2099-12-31,
2000000923,0,Maps to,2025-04-16,2099-12-31,
0,2000000923,Maps from,2025-04-16,2099-12-31,
2000000913,40795858,Maps to,2025-04-16,2099-12-31,
40795858,2000000913,Maps from,2025-04-16,2099-12-31,
2000000924,0,Maps to,2025-04-16,2099-12-31,
0,2000000924,Maps from,2025-04-16,2099-12-31,
2000000914,37053497,Maps to,2025-04-16,2099-12-31,
37053497,2000000914,Maps from,2025-04-16,2099-12-31,
2000000915,40785811,Maps to,2025-04-16,2099-12-31,
40785811,2000000915,Maps from,2025-04-16,2099-12-31,
2000000916,40789166,Maps to,2025-04-16,2099-12-31,
40789166,2000000916,Maps from,2025-04-16,2099-12-31,
2000000925,0,Maps to,2025-04-16,2099-12-31,
0,2000000925,Maps from,2025-04-16,2099-12-31,
2000000917,40792997,Maps to,2025-04-16,2099-12-31,
40792997,2000000917,Maps from,2025-04-16,2099-12-31,
2000000926,0,Maps to,2025-04-16,2099-12-31,
0,2000000926,Maps from,2025-04-16,2099-12-31,
2000000927,0,Maps to,2025-04-16,2099-12-31,
0,2000000927,Maps from,2025-04-16,2099-12-31,
2000000928,0,Maps to,2025-04-16,2099-12-31,
0,2000000928,Maps from,2025-04-16,2099-12-31,
2000000918,40773164,Maps to,2025-04-16,2099-12-31,
40773164,2000000918,Maps from,2025-04-16,2099-12-31,
2000000919,40792997,Maps to,2025-04-16,2099-12-31,
40792997,2000000919,Maps from,2025-04-16,2099-12-31,
2000000920,40772539,Maps to,2025-04-16,2099-12-31,
40772539,2000000920,Maps from,2025-04-16,2099-12-31,
2000000929,0,Maps to,2025-04-16,2099-12-31,
0,2000000929,Maps from,2025-04-16,2099-12-31,
2000000930,0,Maps to,2025-04-16,2099-12-31,
0,2000000930,Maps from,2025-04-16,2099-12-31,
2000000921,40789440,Maps to,2025-04-16,2099-12-31,
40789440,2000000921,Maps from,2025-04-16,2099-12-31,
2000000931,0,Maps to,2025-04-16,2099-12-31,
0,2000000931,Maps from,2025-04-16,2099-12-31,
2000000922,37036734,Maps to,2025-04-16,2099-12-31,
37036734,2000000922,Maps from,2025-04-16,2099-12-31,
2000000938,0,Maps to,2025-04-16,2099-12-31,
0,2000000938,Maps from,2025-04-16,2099-12-31,
2000000939,0,Maps to,2025-04-16,2099-12-31,
0,2000000939,Maps from,2025-04-16,2099-12-31,
2000000940,0,Maps to,2025-04-16,2099-12-31,
0,2000000940,Maps from,2025-04-16,2099-12-31,
2000000932,40779182,Maps to,2025-04-16,2099-12-31,
40779182,2000000932,Maps from,2025-04-16,2099-12-31,
2000000637,40789526,Maps to,2025-04-16,2099-12-31,
40789526,2000000637,Maps from,2025-04-16,2099-12-31,
2000000933,37060496,Maps to,2025-04-16,2099-12-31,
37060496,2000000933,Maps from,2025-04-16,2099-12-31,
2000000182,0,Maps to,2025-04-16,2099-12-31,
0,2000000182,Maps from,2025-04-16,2099-12-31,
2000000183,0,Maps to,2025-04-16,2099-12-31,
0,2000000183,Maps from,2025-04-16,2099-12-31,
2000000941,0,Maps to,2025-04-16,2099-12-31,
0,2000000941,Maps from,2025-04-16,2099-12-31,
2000000942,0,Maps to,2025-04-16,2099-12-31,
0,2000000942,Maps from,2025-04-16,2099-12-31,
2000000943,3968528,Maps to,2025-04-16,2099-12-31,
3968528,2000000943,Maps from,2025-04-16,2099-12-31,
2000000934,40795799,Maps to,2025-04-16,2099-12-31,
40795799,2000000934,Maps from,2025-04-16,2099-12-31,
2000000944,0,Maps to,2025-04-16,2099-12-31,
0,2000000944,Maps from,2025-04-16,2099-12-31,
2000000935,37041657,Maps to,2025-04-16,2099-12-31,
37041657,2000000935,Maps from,2025-04-16,2099-12-31,
2000000184,0,Maps to,2025-04-16,2099-12-31,
0,2000000184,Maps from,2025-04-16,2099-12-31,
2000000389,40779364,Maps to,2025-04-16,2099-12-31,
40779364,2000000389,Maps from,2025-04-16,2099-12-31,
2000000945,0,Maps to,2025-04-16,2099-12-31,
0,2000000945,Maps from,2025-04-16,2099-12-31,
2000000936,37028478,Maps to,2025-04-16,2099-12-31,
37028478,2000000936,Maps from,2025-04-16,2099-12-31,
2000000937,40772571,Maps to,2025-04-16,2099-12-31,
40772571,2000000937,Maps from,2025-04-16,2099-12-31,
2000000185,0,Maps to,2025-04-16,2099-12-31,
0,2000000185,Maps from,2025-04-16,2099-12-31,
2000000955,0,Maps to,2025-04-16,2099-12-31,
0,2000000955,Maps from,2025-04-16,2099-12-31,
2000000956,0,Maps to,2025-04-16,2099-12-31,
0,2000000956,Maps from,2025-04-16,2099-12-31,
2000000778,40779761,Maps to,2025-04-16,2099-12-31,
40779761,2000000778,Maps from,2025-04-16,2099-12-31,
2000000946,40772600,Maps to,2025-04-16,2099-12-31,
40772600,2000000946,Maps from,2025-04-16,2099-12-31,
2000000947,44817685,Maps to,2025-04-16,2099-12-31,
44817685,2000000947,Maps from,2025-04-16,2099-12-31,
2000000948,40782603,Maps to,2025-04-16,2099-12-31,
40782603,2000000948,Maps from,2025-04-16,2099-12-31,
2000000957,0,Maps to,2025-04-16,2099-12-31,
0,2000000957,Maps from,2025-04-16,2099-12-31,
2000000958,0,Maps to,2025-04-16,2099-12-31,
0,2000000958,Maps from,2025-04-16,2099-12-31,
2000000949,37031569,Maps to,2025-04-16,2099-12-31,
37031569,2000000949,Maps from,2025-04-16,2099-12-31,
2000000950,40779773,Maps to,2025-04-16,2099-12-31,
40779773,2000000950,Maps from,2025-04-16,2099-12-31,
2000000437,40795800,Maps to,2025-04-16,2099-12-31,
40795800,2000000437,Maps from,2025-04-16,2099-12-31,
2000000951,40789689,Maps to,2025-04-16,2099-12-31,
40789689,2000000951,Maps from,2025-04-16,2099-12-31,
2000000959,0,Maps to,2025-04-16,2099-12-31,
0,2000000959,Maps from,2025-04-16,2099-12-31,
2000000077,3968605,Maps to,2025-04-16,2099-12-31,
3968605,2000000077,Maps from,2025-04-16,2099-12-31,
2000000960,0,Maps to,2025-04-16,2099-12-31,
0,2000000960,Maps from,2025-04-16,2099-12-31,
2000000952,40776411,Maps to,2025-04-16,2099-12-31,
40776411,2000000952,Maps from,2025-04-16,2099-12-31,
2000000953,40795817,Maps to,2025-04-16,2099-12-31,
40795817,2000000953,Maps from,2025-04-16,2099-12-31,
2000000954,40792461,Maps to,2025-04-16,2099-12-31,
40792461,2000000954,Maps from,2025-04-16,2099-12-31,
2000000078,3968605,Maps to,2025-04-16,2099-12-31,
3968605,2000000078,Maps from,2025-04-16,2099-12-31,
2000000961,0,Maps to,2025-04-16,2099-12-31,
0,2000000961,Maps from,2025-04-16,2099-12-31,
2000000975,0,Maps to,2025-04-16,2099-12-31,
0,2000000975,Maps from,2025-04-16,2099-12-31,
2000000428,37064081,Maps to,2025-04-16,2099-12-31,
37064081,2000000428,Maps from,2025-04-16,2099-12-31,
2000000976,0,Maps to,2025-04-16,2099-12-31,
0,2000000976,Maps from,2025-04-16,2099-12-31,
2000000962,40785880,Maps to,2025-04-16,2099-12-31,
40785880,2000000962,Maps from,2025-04-16,2099-12-31,
2000000963,37068680,Maps to,2025-04-16,2099-12-31,
37068680,2000000963,Maps from,2025-04-16,2099-12-31,
2000000964,37062069,Maps to,2025-04-16,2099-12-31,
37062069,2000000964,Maps from,2025-04-16,2099-12-31,
2000000965,37034855,Maps to,2025-04-16,2099-12-31,
37034855,2000000965,Maps from,2025-04-16,2099-12-31,
2000000977,0,Maps to,2025-04-16,2099-12-31,
0,2000000977,Maps from,2025-04-16,2099-12-31,
2000000974,40775825,Maps to,2025-04-16,2099-12-31,
40775825,2000000974,Maps from,2025-04-16,2099-12-31,
2000000967,40779757,Maps to,2025-04-16,2099-12-31,
40779757,2000000967,Maps from,2025-04-16,2099-12-31,
2000000978,0,Maps to,2025-04-16,2099-12-31,
0,2000000978,Maps from,2025-04-16,2099-12-31,
2000000979,0,Maps to,2025-04-16,2099-12-31,
0,2000000979,Maps from,2025-04-16,2099-12-31,
2000000966,40779308,Maps to,2025-04-16,2099-12-31,
40779308,2000000966,Maps from,2025-04-16,2099-12-31,
2000000970,40792434,Maps to,2025-04-16,2099-12-31,
40792434,2000000970,Maps from,2025-04-16,2099-12-31,
2000000980,0,Maps to,2025-04-16,2099-12-31,
0,2000000980,Maps from,2025-04-16,2099-12-31,
2000000968,40792361,Maps to,2025-04-16,2099-12-31,
40792361,2000000968,Maps from,2025-04-16,2099-12-31,
2000000981,0,Maps to,2025-04-16,2099-12-31,
0,2000000981,Maps from,2025-04-16,2099-12-31,
2000000969,40782692,Maps to,2025-04-16,2099-12-31,
40782692,2000000969,Maps from,2025-04-16,2099-12-31,
2000000982,0,Maps to,2025-04-16,2099-12-31,
0,2000000982,Maps from,2025-04-16,2099-12-31,
2000000983,0,Maps to,2025-04-16,2099-12-31,
0,2000000983,Maps from,2025-04-16,2099-12-31,
2000000984,40789205,Maps to,2025-04-16,2099-12-31,
40789205,2000000984,Maps from,2025-04-16,2099-12-31,
2000000985,40776389,Maps to,2025-04-16,2099-12-31,
40776389,2000000985,Maps from,2025-04-16,2099-12-31,
2000000986,40773130,Maps to,2025-04-16,2099-12-31,
40773130,2000000986,Maps from,2025-04-16,2099-12-31,
2000001220,0,Maps to,2025-04-16,2099-12-31,
0,2000001220,Maps from,2025-04-16,2099-12-31,
2000001221,0,Maps to,2025-04-16,2099-12-31,
0,2000001221,Maps from,2025-04-16,2099-12-31,
2000001222,0,Maps to,2025-04-16,2099-12-31,
0,2000001222,Maps from,2025-04-16,2099-12-31,
2000001223,0,Maps to,2025-04-16,2099-12-31,
0,2000001223,Maps from,2025-04-16,2099-12-31,
2000001224,0,Maps to,2025-04-16,2099-12-31,
0,2000001224,Maps from,2025-04-16,2099-12-31,
2000001225,0,Maps to,2025-04-16,2099-12-31,
0,2000001225,Maps from,2025-04-16,2099-12-31,
2000000987,40786157,Maps to,2025-04-16,2099-12-31,
40786157,2000000987,Maps from,2025-04-16,2099-12-31,
2000000988,40792895,Maps to,2025-04-16,2099-12-31,
40792895,2000000988,Maps from,2025-04-16,2099-12-31,
2000001226,0,Maps to,2025-04-16,2099-12-31,
0,2000001226,Maps from,2025-04-16,2099-12-31,
2000001227,0,Maps to,2025-04-16,2099-12-31,
0,2000001227,Maps from,2025-04-16,2099-12-31,
2000000989,40772595,Maps to,2025-04-16,2099-12-31,
40772595,2000000989,Maps from,2025-04-16,2099-12-31,
2000000990,40792429,Maps to,2025-04-16,2099-12-31,
40792429,2000000990,Maps from,2025-04-16,2099-12-31,
2000000991,40789217,Maps to,2025-04-16,2099-12-31,
40789217,2000000991,Maps from,2025-04-16,2099-12-31,
2000000992,40792458,Maps to,2025-04-16,2099-12-31,
40792458,2000000992,Maps from,2025-04-16,2099-12-31,
2000000993,40785871,Maps to,2025-04-16,2099-12-31,
40785871,2000000993,Maps from,2025-04-16,2099-12-31,
2000000994,40772614,Maps to,2025-04-16,2099-12-31,
40772614,2000000994,Maps from,2025-04-16,2099-12-31,
2000000995,40779238,Maps to,2025-04-16,2099-12-31,
40779238,2000000995,Maps from,2025-04-16,2099-12-31,
2000000996,40779221,Maps to,2025-04-16,2099-12-31,
40779221,2000000996,Maps from,2025-04-16,2099-12-31,
2000000997,40779257,Maps to,2025-04-16,2099-12-31,
40779257,2000000997,Maps from,2025-04-16,2099-12-31,
2000001005,0,Maps to,2025-04-16,2099-12-31,
0,2000001005,Maps from,2025-04-16,2099-12-31,
2000001006,0,Maps to,2025-04-16,2099-12-31,
0,2000001006,Maps from,2025-04-16,2099-12-31,
2000000998,40789203,Maps to,2025-04-16,2099-12-31,
40789203,2000000998,Maps from,2025-04-16,2099-12-31,
2000000999,40775913,Maps to,2025-04-16,2099-12-31,
40775913,2000000999,Maps from,2025-04-16,2099-12-31,
2000001000,40795819,Maps to,2025-04-16,2099-12-31,
40795819,2000001000,Maps from,2025-04-16,2099-12-31,
2000000113,1013450,Maps to,2025-04-16,2099-12-31,
1013450,2000000113,Maps from,2025-04-16,2099-12-31,
2000001001,3968528,Maps to,2025-04-16,2099-12-31,
3968528,2000001001,Maps from,2025-04-16,2099-12-31,
2000000122,1013451,Maps to,2025-04-16,2099-12-31,
1013451,2000000122,Maps from,2025-04-16,2099-12-31,
2000001007,0,Maps to,2025-04-16,2099-12-31,
0,2000001007,Maps from,2025-04-16,2099-12-31,
2000000650,1031770,Maps to,2025-04-16,2099-12-31,
1031770,2000000650,Maps from,2025-04-16,2099-12-31,
2000001002,40779232,Maps to,2025-04-16,2099-12-31,
40779232,2000001002,Maps from,2025-04-16,2099-12-31,
2000001008,0,Maps to,2025-04-16,2099-12-31,
0,2000001008,Maps from,2025-04-16,2099-12-31,
2000001003,40772603,Maps to,2025-04-16,2099-12-31,
40772603,2000001003,Maps from,2025-04-16,2099-12-31,
2000001009,0,Maps to,2025-04-16,2099-12-31,
0,2000001009,Maps from,2025-04-16,2099-12-31,
2000000123,1013451,Maps to,2025-04-16,2099-12-31,
1013451,2000000123,Maps from,2025-04-16,2099-12-31,
2000000114,1013450,Maps to,2025-04-16,2099-12-31,
1013450,2000000114,Maps from,2025-04-16,2099-12-31,
2000000503,37031553,Maps to,2025-04-16,2099-12-31,
37031553,2000000503,Maps from,2025-04-16,2099-12-31,
2000001004,3968528,Maps to,2025-04-16,2099-12-31,
3968528,2000001004,Maps from,2025-04-16,2099-12-31,
2000001014,0,Maps to,2025-04-16,2099-12-31,
0,2000001014,Maps from,2025-04-16,2099-12-31,
2000000651,1031770,Maps to,2025-04-16,2099-12-31,
1031770,2000000651,Maps from,2025-04-16,2099-12-31,
2000001015,0,Maps to,2025-04-16,2099-12-31,
0,2000001015,Maps from,2025-04-16,2099-12-31,
2000001016,0,Maps to,2025-04-16,2099-12-31,
0,2000001016,Maps from,2025-04-16,2099-12-31,
2000000405,0,Maps to,2025-04-16,2099-12-31,
0,2000000405,Maps from,2025-04-16,2099-12-31,
2000001017,0,Maps to,2025-04-16,2099-12-31,
0,2000001017,Maps from,2025-04-16,2099-12-31,
2000001018,0,Maps to,2025-04-16,2099-12-31,
0,2000001018,Maps from,2025-04-16,2099-12-31,
2000001019,0,Maps to,2025-04-16,2099-12-31,
0,2000001019,Maps from,2025-04-16,2099-12-31,
2000001020,0,Maps to,2025-04-16,2099-12-31,
0,2000001020,Maps from,2025-04-16,2099-12-31,
2000001021,0,Maps to,2025-04-16,2099-12-31,
0,2000001021,Maps from,2025-04-16,2099-12-31,
2000001010,37067548,Maps to,2025-04-16,2099-12-31,
37067548,2000001010,Maps from,2025-04-16,2099-12-31,
2000001011,37055478,Maps to,2025-04-16,2099-12-31,
37055478,2000001011,Maps from,2025-04-16,2099-12-31,
2000001022,0,Maps to,2025-04-16,2099-12-31,
0,2000001022,Maps from,2025-04-16,2099-12-31,
2000001023,0,Maps to,2025-04-16,2099-12-31,
0,2000001023,Maps from,2025-04-16,2099-12-31,
2000001024,0,Maps to,2025-04-16,2099-12-31,
0,2000001024,Maps from,2025-04-16,2099-12-31,
2000001012,40795863,Maps to,2025-04-16,2099-12-31,
40795863,2000001012,Maps from,2025-04-16,2099-12-31,
2000001025,0,Maps to,2025-04-16,2099-12-31,
0,2000001025,Maps from,2025-04-16,2099-12-31,
2000001026,0,Maps to,2025-04-16,2099-12-31,
0,2000001026,Maps from,2025-04-16,2099-12-31,
2000001013,40789355,Maps to,2025-04-16,2099-12-31,
40789355,2000001013,Maps from,2025-04-16,2099-12-31,
2000001027,0,Maps to,2025-04-16,2099-12-31,
0,2000001027,Maps from,2025-04-16,2099-12-31,
2000000145,40785869,Maps to,2025-04-16,2099-12-31,
40785869,2000000145,Maps from,2025-04-16,2099-12-31,
2000001034,0,Maps to,2025-04-16,2099-12-31,
0,2000001034,Maps from,2025-04-16,2099-12-31,
2000001035,0,Maps to,2025-04-16,2099-12-31,
0,2000001035,Maps from,2025-04-16,2099-12-31,
2000001036,0,Maps to,2025-04-16,2099-12-31,
0,2000001036,Maps from,2025-04-16,2099-12-31,
2000001037,0,Maps to,2025-04-16,2099-12-31,
0,2000001037,Maps from,2025-04-16,2099-12-31,
2000001038,0,Maps to,2025-04-16,2099-12-31,
0,2000001038,Maps from,2025-04-16,2099-12-31,
2000001039,0,Maps to,2025-04-16,2099-12-31,
0,2000001039,Maps from,2025-04-16,2099-12-31,
2000000186,0,Maps to,2025-04-16,2099-12-31,
0,2000000186,Maps from,2025-04-16,2099-12-31,
2000001040,0,Maps to,2025-04-16,2099-12-31,
0,2000001040,Maps from,2025-04-16,2099-12-31,
2000001028,40772662,Maps to,2025-04-16,2099-12-31,
40772662,2000001028,Maps from,2025-04-16,2099-12-31,
2000000187,0,Maps to,2025-04-16,2099-12-31,
0,2000000187,Maps from,2025-04-16,2099-12-31,
2000001041,0,Maps to,2025-04-16,2099-12-31,
0,2000001041,Maps from,2025-04-16,2099-12-31,
2000001029,40792548,Maps to,2025-04-16,2099-12-31,
40792548,2000001029,Maps from,2025-04-16,2099-12-31,
2000001042,0,Maps to,2025-04-16,2099-12-31,
0,2000001042,Maps from,2025-04-16,2099-12-31,
2000001030,40795863,Maps to,2025-04-16,2099-12-31,
40795863,2000001030,Maps from,2025-04-16,2099-12-31,
2000001031,40782508,Maps to,2025-04-16,2099-12-31,
40782508,2000001031,Maps from,2025-04-16,2099-12-31,
2000001043,0,Maps to,2025-04-16,2099-12-31,
0,2000001043,Maps from,2025-04-16,2099-12-31,
2000000410,40775918,Maps to,2025-04-16,2099-12-31,
40775918,2000000410,Maps from,2025-04-16,2099-12-31,
2000001033,37047534,Maps to,2025-04-16,2099-12-31,
37047534,2000001033,Maps from,2025-04-16,2099-12-31,
2000001032,40779853,Maps to,2025-04-16,2099-12-31,
40779853,2000001032,Maps from,2025-04-16,2099-12-31,
2000001047,40782610,Maps to,2025-04-16,2099-12-31,
40782610,2000001047,Maps from,2025-04-16,2099-12-31,
2000001046,40795726,Maps to,2025-04-16,2099-12-31,
40795726,2000001046,Maps from,2025-04-16,2099-12-31,
2000001045,40795733,Maps to,2025-04-16,2099-12-31,
40795733,2000001045,Maps from,2025-04-16,2099-12-31,
2000001044,40789164,Maps to,2025-04-16,2099-12-31,
40789164,2000001044,Maps from,2025-04-16,2099-12-31,
2000001048,0,Maps to,2025-04-16,2099-12-31,
0,2000001048,Maps from,2025-04-16,2099-12-31,
2000001049,0,Maps to,2025-04-16,2099-12-31,
0,2000001049,Maps from,2025-04-16,2099-12-31,
2000001050,0,Maps to,2025-04-16,2099-12-31,
0,2000001050,Maps from,2025-04-16,2099-12-31,
2000001051,0,Maps to,2025-04-16,2099-12-31,
0,2000001051,Maps from,2025-04-16,2099-12-31,
2000001052,0,Maps to,2025-04-16,2099-12-31,
0,2000001052,Maps from,2025-04-16,2099-12-31,
2000001053,0,Maps to,2025-04-16,2099-12-31,
0,2000001053,Maps from,2025-04-16,2099-12-31,
2000001054,0,Maps to,2025-04-16,2099-12-31,
0,2000001054,Maps from,2025-04-16,2099-12-31,
2000000427,40796255,Maps to,2025-04-16,2099-12-31,
40796255,2000000427,Maps from,2025-04-16,2099-12-31,
2000001055,0,Maps to,2025-04-16,2099-12-31,
0,2000001055,Maps from,2025-04-16,2099-12-31,
2000001056,0,Maps to,2025-04-16,2099-12-31,
0,2000001056,Maps from,2025-04-16,2099-12-31,
2000001058,0,Maps to,2025-04-16,2099-12-31,
0,2000001058,Maps from,2025-04-16,2099-12-31,
2000001057,0,Maps to,2025-04-16,2099-12-31,
0,2000001057,Maps from,2025-04-16,2099-12-31,
2000001059,0,Maps to,2025-04-16,2099-12-31,
0,2000001059,Maps from,2025-04-16,2099-12-31,
2000001060,0,Maps to,2025-04-16,2099-12-31,
0,2000001060,Maps from,2025-04-16,2099-12-31,
2000001061,0,Maps to,2025-04-16,2099-12-31,
0,2000001061,Maps from,2025-04-16,2099-12-31,
2000001062,0,Maps to,2025-04-16,2099-12-31,
0,2000001062,Maps from,2025-04-16,2099-12-31,
2000001078,0,Maps to,2025-04-16,2099-12-31,
0,2000001078,Maps from,2025-04-16,2099-12-31,
2000001079,0,Maps to,2025-04-16,2099-12-31,
0,2000001079,Maps from,2025-04-16,2099-12-31,
2000001080,0,Maps to,2025-04-16,2099-12-31,
0,2000001080,Maps from,2025-04-16,2099-12-31,
2000001081,0,Maps to,2025-04-16,2099-12-31,
0,2000001081,Maps from,2025-04-16,2099-12-31,
2000001082,0,Maps to,2025-04-16,2099-12-31,
0,2000001082,Maps from,2025-04-16,2099-12-31,
2000000188,0,Maps to,2025-04-16,2099-12-31,
0,2000000188,Maps from,2025-04-16,2099-12-31,
2000001063,40785865,Maps to,2025-04-16,2099-12-31,
40785865,2000001063,Maps from,2025-04-16,2099-12-31,
2000001064,44817310,Maps to,2025-04-16,2099-12-31,
44817310,2000001064,Maps from,2025-04-16,2099-12-31,
2000001083,0,Maps to,2025-04-16,2099-12-31,
0,2000001083,Maps from,2025-04-16,2099-12-31,
2000001084,0,Maps to,2025-04-16,2099-12-31,
0,2000001084,Maps from,2025-04-16,2099-12-31,
2000000971,40792434,Maps to,2025-04-16,2099-12-31,
40792434,2000000971,Maps from,2025-04-16,2099-12-31,
2000001074,3968070,Maps to,2025-04-16,2099-12-31,
3968070,2000001074,Maps from,2025-04-16,2099-12-31,
2000001075,3968070,Maps to,2025-04-16,2099-12-31,
3968070,2000001075,Maps from,2025-04-16,2099-12-31,
2000001085,0,Maps to,2025-04-16,2099-12-31,
0,2000001085,Maps from,2025-04-16,2099-12-31,
2000001066,40779708,Maps to,2025-04-16,2099-12-31,
40779708,2000001066,Maps from,2025-04-16,2099-12-31,
2000001086,0,Maps to,2025-04-16,2099-12-31,
0,2000001086,Maps from,2025-04-16,2099-12-31,
2000001065,1031282,Maps to,2025-04-16,2099-12-31,
1031282,2000001065,Maps from,2025-04-16,2099-12-31,
2000001087,40786397,Maps to,2025-04-16,2099-12-31,
40786397,2000001087,Maps from,2025-04-16,2099-12-31,
2000001088,0,Maps to,2025-04-16,2099-12-31,
0,2000001088,Maps from,2025-04-16,2099-12-31,
2000001089,0,Maps to,2025-04-16,2099-12-31,
0,2000001089,Maps from,2025-04-16,2099-12-31,
2000001091,0,Maps to,2025-04-16,2099-12-31,
0,2000001091,Maps from,2025-04-16,2099-12-31,
2000001092,0,Maps to,2025-04-16,2099-12-31,
0,2000001092,Maps from,2025-04-16,2099-12-31,
2000001094,0,Maps to,2025-04-16,2099-12-31,
0,2000001094,Maps from,2025-04-16,2099-12-31,
2000001093,0,Maps to,2025-04-16,2099-12-31,
0,2000001093,Maps from,2025-04-16,2099-12-31,
2000001095,0,Maps to,2025-04-16,2099-12-31,
0,2000001095,Maps from,2025-04-16,2099-12-31,
2000001096,0,Maps to,2025-04-16,2099-12-31,
0,2000001096,Maps from,2025-04-16,2099-12-31,
2000001098,0,Maps to,2025-04-16,2099-12-31,
0,2000001098,Maps from,2025-04-16,2099-12-31,
2000001097,0,Maps to,2025-04-16,2099-12-31,
0,2000001097,Maps from,2025-04-16,2099-12-31,
2000001099,0,Maps to,2025-04-16,2099-12-31,
0,2000001099,Maps from,2025-04-16,2099-12-31,
2000001100,0,Maps to,2025-04-16,2099-12-31,
0,2000001100,Maps from,2025-04-16,2099-12-31,
2000001102,0,Maps to,2025-04-16,2099-12-31,
0,2000001102,Maps from,2025-04-16,2099-12-31,
2000001101,0,Maps to,2025-04-16,2099-12-31,
0,2000001101,Maps from,2025-04-16,2099-12-31,
2000000189,0,Maps to,2025-04-16,2099-12-31,
0,2000000189,Maps from,2025-04-16,2099-12-31,
2000001103,0,Maps to,2025-04-16,2099-12-31,
0,2000001103,Maps from,2025-04-16,2099-12-31,
2000001090,40786489,Maps to,2025-04-16,2099-12-31,
40786489,2000001090,Maps from,2025-04-16,2099-12-31,
2000001104,0,Maps to,2025-04-16,2099-12-31,
0,2000001104,Maps from,2025-04-16,2099-12-31,
2000001105,0,Maps to,2025-04-16,2099-12-31,
0,2000001105,Maps from,2025-04-16,2099-12-31,
2000001106,0,Maps to,2025-04-16,2099-12-31,
0,2000001106,Maps from,2025-04-16,2099-12-31,
2000000190,0,Maps to,2025-04-16,2099-12-31,
0,2000000190,Maps from,2025-04-16,2099-12-31,
2000001107,0,Maps to,2025-04-16,2099-12-31,
0,2000001107,Maps from,2025-04-16,2099-12-31,
2000000191,0,Maps to,2025-04-16,2099-12-31,
0,2000000191,Maps from,2025-04-16,2099-12-31,
2000001113,0,Maps to,2025-04-16,2099-12-31,
0,2000001113,Maps from,2025-04-16,2099-12-31,
2000001114,0,Maps to,2025-04-16,2099-12-31,
0,2000001114,Maps from,2025-04-16,2099-12-31,
2000001115,0,Maps to,2025-04-16,2099-12-31,
0,2000001115,Maps from,2025-04-16,2099-12-31,
2000001116,0,Maps to,2025-04-16,2099-12-31,
0,2000001116,Maps from,2025-04-16,2099-12-31,
2000001117,0,Maps to,2025-04-16,2099-12-31,
0,2000001117,Maps from,2025-04-16,2099-12-31,
2000001108,40783093,Maps to,2025-04-16,2099-12-31,
40783093,2000001108,Maps from,2025-04-16,2099-12-31,
2000000457,1026198,Maps to,2025-04-16,2099-12-31,
1026198,2000000457,Maps from,2025-04-16,2099-12-31,
2000001118,0,Maps to,2025-04-16,2099-12-31,
0,2000001118,Maps from,2025-04-16,2099-12-31,
2000001119,0,Maps to,2025-04-16,2099-12-31,
0,2000001119,Maps from,2025-04-16,2099-12-31,
2000001109,40786394,Maps to,2025-04-16,2099-12-31,
40786394,2000001109,Maps from,2025-04-16,2099-12-31,
2000000192,0,Maps to,2025-04-16,2099-12-31,
0,2000000192,Maps from,2025-04-16,2099-12-31,
2000001120,0,Maps to,2025-04-16,2099-12-31,
0,2000001120,Maps from,2025-04-16,2099-12-31,
2000001122,0,Maps to,2025-04-16,2099-12-31,
0,2000001122,Maps from,2025-04-16,2099-12-31,
2000001121,0,Maps to,2025-04-16,2099-12-31,
0,2000001121,Maps from,2025-04-16,2099-12-31,
2000001123,0,Maps to,2025-04-16,2099-12-31,
0,2000001123,Maps from,2025-04-16,2099-12-31,
2000001124,0,Maps to,2025-04-16,2099-12-31,
0,2000001124,Maps from,2025-04-16,2099-12-31,
2000001125,0,Maps to,2025-04-16,2099-12-31,
0,2000001125,Maps from,2025-04-16,2099-12-31,
2000001112,40796242,Maps to,2025-04-16,2099-12-31,
40796242,2000001112,Maps from,2025-04-16,2099-12-31,
2000001126,0,Maps to,2025-04-16,2099-12-31,
0,2000001126,Maps from,2025-04-16,2099-12-31,
2000001134,0,Maps to,2025-04-16,2099-12-31,
0,2000001134,Maps from,2025-04-16,2099-12-31,
2000000193,0,Maps to,2025-04-16,2099-12-31,
0,2000000193,Maps from,2025-04-16,2099-12-31,
2000001136,0,Maps to,2025-04-16,2099-12-31,
0,2000001136,Maps from,2025-04-16,2099-12-31,
2000001135,0,Maps to,2025-04-16,2099-12-31,
0,2000001135,Maps from,2025-04-16,2099-12-31,
2000001137,0,Maps to,2025-04-16,2099-12-31,
0,2000001137,Maps from,2025-04-16,2099-12-31,
2000000194,0,Maps to,2025-04-16,2099-12-31,
0,2000000194,Maps from,2025-04-16,2099-12-31,
2000001138,0,Maps to,2025-04-16,2099-12-31,
0,2000001138,Maps from,2025-04-16,2099-12-31,
2000001139,0,Maps to,2025-04-16,2099-12-31,
0,2000001139,Maps from,2025-04-16,2099-12-31,
2000001127,40786157,Maps to,2025-04-16,2099-12-31,
40786157,2000001127,Maps from,2025-04-16,2099-12-31,
2000001128,40786157,Maps to,2025-04-16,2099-12-31,
40786157,2000001128,Maps from,2025-04-16,2099-12-31,
2000001129,40786157,Maps to,2025-04-16,2099-12-31,
40786157,2000001129,Maps from,2025-04-16,2099-12-31,
2000000579,37047615,Maps to,2025-04-16,2099-12-31,
37047615,2000000579,Maps from,2025-04-16,2099-12-31,
2000001140,0,Maps to,2025-04-16,2099-12-31,
0,2000001140,Maps from,2025-04-16,2099-12-31,
2000001141,0,Maps to,2025-04-16,2099-12-31,
0,2000001141,Maps from,2025-04-16,2099-12-31,
2000001142,0,Maps to,2025-04-16,2099-12-31,
0,2000001142,Maps from,2025-04-16,2099-12-31,
2000000429,40796253,Maps to,2025-04-16,2099-12-31,
40796253,2000000429,Maps from,2025-04-16,2099-12-31,
2000001130,1261019,Maps to,2025-04-16,2099-12-31,
1261019,2000001130,Maps from,2025-04-16,2099-12-31,
2000001131,1261019,Maps to,2025-04-16,2099-12-31,
1261019,2000001131,Maps from,2025-04-16,2099-12-31,
2000001132,1261019,Maps to,2025-04-16,2099-12-31,
1261019,2000001132,Maps from,2025-04-16,2099-12-31,
2000001133,40786497,Maps to,2025-04-16,2099-12-31,
40786497,2000001133,Maps from,2025-04-16,2099-12-31,
2000001228,0,Maps to,2025-04-16,2099-12-31,
0,2000001228,Maps from,2025-04-16,2099-12-31,
2000001229,0,Maps to,2025-04-16,2099-12-31,
0,2000001229,Maps from,2025-04-16,2099-12-31,
2000001231,0,Maps to,2025-04-16,2099-12-31,
0,2000001231,Maps from,2025-04-16,2099-12-31,
2000001230,0,Maps to,2025-04-16,2099-12-31,
0,2000001230,Maps from,2025-04-16,2099-12-31,
2000001232,0,Maps to,2025-04-16,2099-12-31,
0,2000001232,Maps from,2025-04-16,2099-12-31,
2000000195,0,Maps to,2025-04-16,2099-12-31,
0,2000000195,Maps from,2025-04-16,2099-12-31,
2000001233,0,Maps to,2025-04-16,2099-12-31,
0,2000001233,Maps from,2025-04-16,2099-12-31,
2000001234,0,Maps to,2025-04-16,2099-12-31,
0,2000001234,Maps from,2025-04-16,2099-12-31,
2000001235,0,Maps to,2025-04-16,2099-12-31,
0,2000001235,Maps from,2025-04-16,2099-12-31,
2000001236,0,Maps to,2025-04-16,2099-12-31,
0,2000001236,Maps from,2025-04-16,2099-12-31,
2000001238,0,Maps to,2025-04-16,2099-12-31,
0,2000001238,Maps from,2025-04-16,2099-12-31,
2000001237,0,Maps to,2025-04-16,2099-12-31,
0,2000001237,Maps from,2025-04-16,2099-12-31,
2000000196,0,Maps to,2025-04-16,2099-12-31,
0,2000000196,Maps from,2025-04-16,2099-12-31,
2000001184,40796242,Maps to,2025-04-16,2099-12-31,
40796242,2000001184,Maps from,2025-04-16,2099-12-31,
2000001239,0,Maps to,2025-04-16,2099-12-31,
0,2000001239,Maps from,2025-04-16,2099-12-31,
2000001240,0,Maps to,2025-04-16,2099-12-31,
0,2000001240,Maps from,2025-04-16,2099-12-31,
2000001143,40785853,Maps to,2025-04-16,2099-12-31,
40785853,2000001143,Maps from,2025-04-16,2099-12-31,
2000001241,0,Maps to,2025-04-16,2099-12-31,
0,2000001241,Maps from,2025-04-16,2099-12-31,
2000001242,0,Maps to,2025-04-16,2099-12-31,
0,2000001242,Maps from,2025-04-16,2099-12-31,
2000001243,0,Maps to,2025-04-16,2099-12-31,
0,2000001243,Maps from,2025-04-16,2099-12-31,
2000001245,0,Maps to,2025-04-16,2099-12-31,
0,2000001245,Maps from,2025-04-16,2099-12-31,
2000001244,0,Maps to,2025-04-16,2099-12-31,
0,2000001244,Maps from,2025-04-16,2099-12-31,
2000001246,0,Maps to,2025-04-16,2099-12-31,
0,2000001246,Maps from,2025-04-16,2099-12-31,
2000001247,0,Maps to,2025-04-16,2099-12-31,
0,2000001247,Maps from,2025-04-16,2099-12-31,
2000001248,0,Maps to,2025-04-16,2099-12-31,
0,2000001248,Maps from,2025-04-16,2099-12-31,
2000001249,0,Maps to,2025-04-16,2099-12-31,
0,2000001249,Maps from,2025-04-16,2099-12-31,
2000001251,0,Maps to,2025-04-16,2099-12-31,
0,2000001251,Maps from,2025-04-16,2099-12-31,
2000001250,0,Maps to,2025-04-16,2099-12-31,
0,2000001250,Maps from,2025-04-16,2099-12-31,
2000001252,0,Maps to,2025-04-16,2099-12-31,
0,2000001252,Maps from,2025-04-16,2099-12-31,
2000001254,0,Maps to,2025-04-16,2099-12-31,
0,2000001254,Maps from,2025-04-16,2099-12-31,
2000001253,0,Maps to,2025-04-16,2099-12-31,
0,2000001253,Maps from,2025-04-16,2099-12-31,
2000001255,0,Maps to,2025-04-16,2099-12-31,
0,2000001255,Maps from,2025-04-16,2099-12-31,
2000001257,0,Maps to,2025-04-16,2099-12-31,
0,2000001257,Maps from,2025-04-16,2099-12-31,
2000001256,0,Maps to,2025-04-16,2099-12-31,
0,2000001256,Maps from,2025-04-16,2099-12-31,
2000001258,0,Maps to,2025-04-16,2099-12-31,
0,2000001258,Maps from,2025-04-16,2099-12-31,
2000001260,0,Maps to,2025-04-16,2099-12-31,
0,2000001260,Maps from,2025-04-16,2099-12-31,
2000001259,0,Maps to,2025-04-16,2099-12-31,
0,2000001259,Maps from,2025-04-16,2099-12-31,
2000001261,0,Maps to,2025-04-16,2099-12-31,
0,2000001261,Maps from,2025-04-16,2099-12-31,
2000001262,0,Maps to,2025-04-16,2099-12-31,
0,2000001262,Maps from,2025-04-16,2099-12-31,
2000000197,0,Maps to,2025-04-16,2099-12-31,
0,2000000197,Maps from,2025-04-16,2099-12-31,
2000001263,0,Maps to,2025-04-16,2099-12-31,
0,2000001263,Maps from,2025-04-16,2099-12-31,
2000001264,0,Maps to,2025-04-16,2099-12-31,
0,2000001264,Maps from,2025-04-16,2099-12-31,
2000001265,0,Maps to,2025-04-16,2099-12-31,
0,2000001265,Maps from,2025-04-16,2099-12-31,
2000001266,0,Maps to,2025-04-16,2099-12-31,
0,2000001266,Maps from,2025-04-16,2099-12-31,
2000000198,0,Maps to,2025-04-16,2099-12-31,
0,2000000198,Maps from,2025-04-16,2099-12-31,
2000001185,40779757,Maps to,2025-04-16,2099-12-31,
40779757,2000001185,Maps from,2025-04-16,2099-12-31,
2000001267,0,Maps to,2025-04-16,2099-12-31,
0,2000001267,Maps from,2025-04-16,2099-12-31,
2000001268,0,Maps to,2025-04-16,2099-12-31,
0,2000001268,Maps from,2025-04-16,2099-12-31,
2000001269,0,Maps to,2025-04-16,2099-12-31,
0,2000001269,Maps from,2025-04-16,2099-12-31,
2000001270,0,Maps to,2025-04-16,2099-12-31,
0,2000001270,Maps from,2025-04-16,2099-12-31,
2000000199,0,Maps to,2025-04-16,2099-12-31,
0,2000000199,Maps from,2025-04-16,2099-12-31,
2000001271,0,Maps to,2025-04-16,2099-12-31,
0,2000001271,Maps from,2025-04-16,2099-12-31,
2000001272,0,Maps to,2025-04-16,2099-12-31,
0,2000001272,Maps from,2025-04-16,2099-12-31,
2000001273,0,Maps to,2025-04-16,2099-12-31,
0,2000001273,Maps from,2025-04-16,2099-12-31,
2000001274,0,Maps to,2025-04-16,2099-12-31,
0,2000001274,Maps from,2025-04-16,2099-12-31,
2000001275,0,Maps to,2025-04-16,2099-12-31,
0,2000001275,Maps from,2025-04-16,2099-12-31,
2000001276,0,Maps to,2025-04-16,2099-12-31,
0,2000001276,Maps from,2025-04-16,2099-12-31,
2000001277,0,Maps to,2025-04-16,2099-12-31,
0,2000001277,Maps from,2025-04-16,2099-12-31,
2000001278,0,Maps to,2025-04-16,2099-12-31,
0,2000001278,Maps from,2025-04-16,2099-12-31,
2000001279,0,Maps to,2025-04-16,2099-12-31,
0,2000001279,Maps from,2025-04-16,2099-12-31,
2000001280,0,Maps to,2025-04-16,2099-12-31,
0,2000001280,Maps from,2025-04-16,2099-12-31,
2000001281,0,Maps to,2025-04-16,2099-12-31,
0,2000001281,Maps from,2025-04-16,2099-12-31,
2000001283,0,Maps to,2025-04-16,2099-12-31,
0,2000001283,Maps from,2025-04-16,2099-12-31,
2000001282,0,Maps to,2025-04-16,2099-12-31,
0,2000001282,Maps from,2025-04-16,2099-12-31,
2000001284,0,Maps to,2025-04-16,2099-12-31,
0,2000001284,Maps from,2025-04-16,2099-12-31,
2000001285,0,Maps to,2025-04-16,2099-12-31,
0,2000001285,Maps from,2025-04-16,2099-12-31,
2000001286,0,Maps to,2025-04-16,2099-12-31,
0,2000001286,Maps from,2025-04-16,2099-12-31,
2000000200,0,Maps to,2025-04-16,2099-12-31,
0,2000000200,Maps from,2025-04-16,2099-12-31,
2000001287,0,Maps to,2025-04-16,2099-12-31,
0,2000001287,Maps from,2025-04-16,2099-12-31,
2000001288,0,Maps to,2025-04-16,2099-12-31,
0,2000001288,Maps from,2025-04-16,2099-12-31,
2000000201,0,Maps to,2025-04-16,2099-12-31,
0,2000000201,Maps from,2025-04-16,2099-12-31,
2000000202,0,Maps to,2025-04-16,2099-12-31,
0,2000000202,Maps from,2025-04-16,2099-12-31,
2000001289,0,Maps to,2025-04-16,2099-12-31,
0,2000001289,Maps from,2025-04-16,2099-12-31,
2000001290,0,Maps to,2025-04-16,2099-12-31,
0,2000001290,Maps from,2025-04-16,2099-12-31,
2000001291,0,Maps to,2025-04-16,2099-12-31,
0,2000001291,Maps from,2025-04-16,2099-12-31,
2000001292,0,Maps to,2025-04-16,2099-12-31,
0,2000001292,Maps from,2025-04-16,2099-12-31,
2000001293,0,Maps to,2025-04-16,2099-12-31,
0,2000001293,Maps from,2025-04-16,2099-12-31,
2000001294,0,Maps to,2025-04-16,2099-12-31,
0,2000001294,Maps from,2025-04-16,2099-12-31,
2000001295,0,Maps to,2025-04-16,2099-12-31,
0,2000001295,Maps from,2025-04-16,2099-12-31,
2000001297,0,Maps to,2025-04-16,2099-12-31,
0,2000001297,Maps from,2025-04-16,2099-12-31,
2000001296,0,Maps to,2025-04-16,2099-12-31,
0,2000001296,Maps from,2025-04-16,2099-12-31,
2000001298,0,Maps to,2025-04-16,2099-12-31,
0,2000001298,Maps from,2025-04-16,2099-12-31,
2000001300,0,Maps to,2025-04-16,2099-12-31,
0,2000001300,Maps from,2025-04-16,2099-12-31,
2000001299,0,Maps to,2025-04-16,2099-12-31,
0,2000001299,Maps from,2025-04-16,2099-12-31,
2000001301,0,Maps to,2025-04-16,2099-12-31,
0,2000001301,Maps from,2025-04-16,2099-12-31,
2000001302,0,Maps to,2025-04-16,2099-12-31,
0,2000001302,Maps from,2025-04-16,2099-12-31,
2000001303,0,Maps to,2025-04-16,2099-12-31,
0,2000001303,Maps from,2025-04-16,2099-12-31,
2000001305,0,Maps to,2025-04-16,2099-12-31,
0,2000001305,Maps from,2025-04-16,2099-12-31,
2000001304,0,Maps to,2025-04-16,2099-12-31,
0,2000001304,Maps from,2025-04-16,2099-12-31,
2000001306,0,Maps to,2025-04-16,2099-12-31,
0,2000001306,Maps from,2025-04-16,2099-12-31,
2000001307,0,Maps to,2025-04-16,2099-12-31,
0,2000001307,Maps from,2025-04-16,2099-12-31,
2000001309,0,Maps to,2025-04-16,2099-12-31,
0,2000001309,Maps from,2025-04-16,2099-12-31,
2000001308,0,Maps to,2025-04-16,2099-12-31,
0,2000001308,Maps from,2025-04-16,2099-12-31,
2000001310,0,Maps to,2025-04-16,2099-12-31,
0,2000001310,Maps from,2025-04-16,2099-12-31,
2000001312,0,Maps to,2025-04-16,2099-12-31,
0,2000001312,Maps from,2025-04-16,2099-12-31,
2000001311,0,Maps to,2025-04-16,2099-12-31,
0,2000001311,Maps from,2025-04-16,2099-12-31,
2000000203,0,Maps to,2025-04-16,2099-12-31,
0,2000000203,Maps from,2025-04-16,2099-12-31,
2000001313,0,Maps to,2025-04-16,2099-12-31,
0,2000001313,Maps from,2025-04-16,2099-12-31,
2000000204,0,Maps to,2025-04-16,2099-12-31,
0,2000000204,Maps from,2025-04-16,2099-12-31,
2000001314,0,Maps to,2025-04-16,2099-12-31,
0,2000001314,Maps from,2025-04-16,2099-12-31,
2000000205,0,Maps to,2025-04-16,2099-12-31,
0,2000000205,Maps from,2025-04-16,2099-12-31,
2000001315,0,Maps to,2025-04-16,2099-12-31,
0,2000001315,Maps from,2025-04-16,2099-12-31,
2000001316,0,Maps to,2025-04-16,2099-12-31,
0,2000001316,Maps from,2025-04-16,2099-12-31,
2000001317,0,Maps to,2025-04-16,2099-12-31,
0,2000001317,Maps from,2025-04-16,2099-12-31,
2000001318,0,Maps to,2025-04-16,2099-12-31,
0,2000001318,Maps from,2025-04-16,2099-12-31,
2000000779,40776469,Maps to,2025-04-16,2099-12-31,
40776469,2000000779,Maps from,2025-04-16,2099-12-31,
2000000388,40779364,Maps to,2025-04-16,2099-12-31,
40779364,2000000388,Maps from,2025-04-16,2099-12-31,
2000001319,0,Maps to,2025-04-16,2099-12-31,
0,2000001319,Maps from,2025-04-16,2099-12-31,
2000000777,40779846,Maps to,2025-04-16,2099-12-31,
40779846,2000000777,Maps from,2025-04-16,2099-12-31,
2000001145,40782964,Maps to,2025-04-16,2099-12-31,
40782964,2000001145,Maps from,2025-04-16,2099-12-31,
2000001321,0,Maps to,2025-04-16,2099-12-31,
0,2000001321,Maps from,2025-04-16,2099-12-31,
2000001320,0,Maps to,2025-04-16,2099-12-31,
0,2000001320,Maps from,2025-04-16,2099-12-31,
2000001323,0,Maps to,2025-04-16,2099-12-31,
0,2000001323,Maps from,2025-04-16,2099-12-31,
2000001322,0,Maps to,2025-04-16,2099-12-31,
0,2000001322,Maps from,2025-04-16,2099-12-31,
2000001324,0,Maps to,2025-04-16,2099-12-31,
0,2000001324,Maps from,2025-04-16,2099-12-31,
2000001326,0,Maps to,2025-04-16,2099-12-31,
0,2000001326,Maps from,2025-04-16,2099-12-31,
2000001325,0,Maps to,2025-04-16,2099-12-31,
0,2000001325,Maps from,2025-04-16,2099-12-31,
2000001327,0,Maps to,2025-04-16,2099-12-31,
0,2000001327,Maps from,2025-04-16,2099-12-31,
2000001328,0,Maps to,2025-04-16,2099-12-31,
0,2000001328,Maps from,2025-04-16,2099-12-31,
2000001329,0,Maps to,2025-04-16,2099-12-31,
0,2000001329,Maps from,2025-04-16,2099-12-31,
2000001191,40796304,Maps to,2025-04-16,2099-12-31,
40796304,2000001191,Maps from,2025-04-16,2099-12-31,
2000001330,0,Maps to,2025-04-16,2099-12-31,
0,2000001330,Maps from,2025-04-16,2099-12-31,
2000001331,0,Maps to,2025-04-16,2099-12-31,
0,2000001331,Maps from,2025-04-16,2099-12-31,
2000001332,0,Maps to,2025-04-16,2099-12-31,
0,2000001332,Maps from,2025-04-16,2099-12-31,
2000001333,0,Maps to,2025-04-16,2099-12-31,
0,2000001333,Maps from,2025-04-16,2099-12-31,
2000001335,0,Maps to,2025-04-16,2099-12-31,
0,2000001335,Maps from,2025-04-16,2099-12-31,
2000001334,0,Maps to,2025-04-16,2099-12-31,
0,2000001334,Maps from,2025-04-16,2099-12-31,
2000001336,0,Maps to,2025-04-16,2099-12-31,
0,2000001336,Maps from,2025-04-16,2099-12-31,
2000001338,0,Maps to,2025-04-16,2099-12-31,
0,2000001338,Maps from,2025-04-16,2099-12-31,
2000001337,0,Maps to,2025-04-16,2099-12-31,
0,2000001337,Maps from,2025-04-16,2099-12-31,
2000001339,0,Maps to,2025-04-16,2099-12-31,
0,2000001339,Maps from,2025-04-16,2099-12-31,
2000001340,0,Maps to,2025-04-16,2099-12-31,
0,2000001340,Maps from,2025-04-16,2099-12-31,
2000001341,0,Maps to,2025-04-16,2099-12-31,
0,2000001341,Maps from,2025-04-16,2099-12-31,
2000001342,0,Maps to,2025-04-16,2099-12-31,
0,2000001342,Maps from,2025-04-16,2099-12-31,
2000001343,0,Maps to,2025-04-16,2099-12-31,
0,2000001343,Maps from,2025-04-16,2099-12-31,
2000001344,0,Maps to,2025-04-16,2099-12-31,
0,2000001344,Maps from,2025-04-16,2099-12-31,
2000001345,0,Maps to,2025-04-16,2099-12-31,
0,2000001345,Maps from,2025-04-16,2099-12-31,
2000001347,0,Maps to,2025-04-16,2099-12-31,
0,2000001347,Maps from,2025-04-16,2099-12-31,
2000001346,0,Maps to,2025-04-16,2099-12-31,
0,2000001346,Maps from,2025-04-16,2099-12-31,
2000001348,0,Maps to,2025-04-16,2099-12-31,
0,2000001348,Maps from,2025-04-16,2099-12-31,
2000001349,0,Maps to,2025-04-16,2099-12-31,
0,2000001349,Maps from,2025-04-16,2099-12-31,
2000001350,0,Maps to,2025-04-16,2099-12-31,
0,2000001350,Maps from,2025-04-16,2099-12-31,
2000001351,0,Maps to,2025-04-16,2099-12-31,
0,2000001351,Maps from,2025-04-16,2099-12-31,
2000001352,0,Maps to,2025-04-16,2099-12-31,
0,2000001352,Maps from,2025-04-16,2099-12-31,
2000000008,40789120,Maps to,2025-04-16,2099-12-31,
40789120,2000000008,Maps from,2025-04-16,2099-12-31,
2000000045,40772531,Maps to,2025-04-16,2099-12-31,
40772531,2000000045,Maps from,2025-04-16,2099-12-31,
2000001354,0,Maps to,2025-04-16,2099-12-31,
0,2000001354,Maps from,2025-04-16,2099-12-31,
2000001353,0,Maps to,2025-04-16,2099-12-31,
0,2000001353,Maps from,2025-04-16,2099-12-31,
2000001355,0,Maps to,2025-04-16,2099-12-31,
0,2000001355,Maps from,2025-04-16,2099-12-31,
2000001357,0,Maps to,2025-04-16,2099-12-31,
0,2000001357,Maps from,2025-04-16,2099-12-31,
2000001356,0,Maps to,2025-04-16,2099-12-31,
0,2000001356,Maps from,2025-04-16,2099-12-31,
2000000206,0,Maps to,2025-04-16,2099-12-31,
0,2000000206,Maps from,2025-04-16,2099-12-31,
2000001358,0,Maps to,2025-04-16,2099-12-31,
0,2000001358,Maps from,2025-04-16,2099-12-31,
2000001359,0,Maps to,2025-04-16,2099-12-31,
0,2000001359,Maps from,2025-04-16,2099-12-31,
2000001361,0,Maps to,2025-04-16,2099-12-31,
0,2000001361,Maps from,2025-04-16,2099-12-31,
2000001360,0,Maps to,2025-04-16,2099-12-31,
0,2000001360,Maps from,2025-04-16,2099-12-31,
2000001362,0,Maps to,2025-04-16,2099-12-31,
0,2000001362,Maps from,2025-04-16,2099-12-31,
2000001363,0,Maps to,2025-04-16,2099-12-31,
0,2000001363,Maps from,2025-04-16,2099-12-31,
2000001364,0,Maps to,2025-04-16,2099-12-31,
0,2000001364,Maps from,2025-04-16,2099-12-31,
2000001111,40795711,Maps to,2025-04-16,2099-12-31,
40795711,2000001111,Maps from,2025-04-16,2099-12-31,
2000001110,40786394,Maps to,2025-04-16,2099-12-31,
40786394,2000001110,Maps from,2025-04-16,2099-12-31,
2000001365,0,Maps to,2025-04-16,2099-12-31,
0,2000001365,Maps from,2025-04-16,2099-12-31,
2000001366,0,Maps to,2025-04-16,2099-12-31,
0,2000001366,Maps from,2025-04-16,2099-12-31,
2000001367,0,Maps to,2025-04-16,2099-12-31,
0,2000001367,Maps from,2025-04-16,2099-12-31,
2000001368,0,Maps to,2025-04-16,2099-12-31,
0,2000001368,Maps from,2025-04-16,2099-12-31,
2000001369,0,Maps to,2025-04-16,2099-12-31,
0,2000001369,Maps from,2025-04-16,2099-12-31,
2000001370,0,Maps to,2025-04-16,2099-12-31,
0,2000001370,Maps from,2025-04-16,2099-12-31,
2000001371,0,Maps to,2025-04-16,2099-12-31,
0,2000001371,Maps from,2025-04-16,2099-12-31,
2000001372,0,Maps to,2025-04-16,2099-12-31,
0,2000001372,Maps from,2025-04-16,2099-12-31,
2000001373,0,Maps to,2025-04-16,2099-12-31,
0,2000001373,Maps from,2025-04-16,2099-12-31,
2000000022,40795725,Maps to,2025-04-16,2099-12-31,
40795725,2000000022,Maps from,2025-04-16,2099-12-31,
2000001374,0,Maps to,2025-04-16,2099-12-31,
0,2000001374,Maps from,2025-04-16,2099-12-31,
2000001375,0,Maps to,2025-04-16,2099-12-31,
0,2000001375,Maps from,2025-04-16,2099-12-31,
2000001376,0,Maps to,2025-04-16,2099-12-31,
0,2000001376,Maps from,2025-04-16,2099-12-31,
2000000207,0,Maps to,2025-04-16,2099-12-31,
0,2000000207,Maps from,2025-04-16,2099-12-31,
2000001377,0,Maps to,2025-04-16,2099-12-31,
0,2000001377,Maps from,2025-04-16,2099-12-31,
2000001378,0,Maps to,2025-04-16,2099-12-31,
0,2000001378,Maps from,2025-04-16,2099-12-31,
2000001379,0,Maps to,2025-04-16,2099-12-31,
0,2000001379,Maps from,2025-04-16,2099-12-31,
2000001381,0,Maps to,2025-04-16,2099-12-31,
0,2000001381,Maps from,2025-04-16,2099-12-31,
2000001380,0,Maps to,2025-04-16,2099-12-31,
0,2000001380,Maps from,2025-04-16,2099-12-31,
2000001382,0,Maps to,2025-04-16,2099-12-31,
0,2000001382,Maps from,2025-04-16,2099-12-31,
2000001384,0,Maps to,2025-04-16,2099-12-31,
0,2000001384,Maps from,2025-04-16,2099-12-31,
2000001383,0,Maps to,2025-04-16,2099-12-31,
0,2000001383,Maps from,2025-04-16,2099-12-31,
2000001385,0,Maps to,2025-04-16,2099-12-31,
0,2000001385,Maps from,2025-04-16,2099-12-31,
2000001387,0,Maps to,2025-04-16,2099-12-31,
0,2000001387,Maps from,2025-04-16,2099-12-31,
2000001386,0,Maps to,2025-04-16,2099-12-31,
0,2000001386,Maps from,2025-04-16,2099-12-31,
2000001388,0,Maps to,2025-04-16,2099-12-31,
0,2000001388,Maps from,2025-04-16,2099-12-31,
2000001389,0,Maps to,2025-04-16,2099-12-31,
0,2000001389,Maps from,2025-04-16,2099-12-31,
2000001390,0,Maps to,2025-04-16,2099-12-31,
0,2000001390,Maps from,2025-04-16,2099-12-31,
2000001391,0,Maps to,2025-04-16,2099-12-31,
0,2000001391,Maps from,2025-04-16,2099-12-31,
2000001392,0,Maps to,2025-04-16,2099-12-31,
0,2000001392,Maps from,2025-04-16,2099-12-31,
2000001393,0,Maps to,2025-04-16,2099-12-31,
0,2000001393,Maps from,2025-04-16,2099-12-31,
2000001394,0,Maps to,2025-04-16,2099-12-31,
0,2000001394,Maps from,2025-04-16,2099-12-31,
2000001396,0,Maps to,2025-04-16,2099-12-31,
0,2000001396,Maps from,2025-04-16,2099-12-31,
2000001395,0,Maps to,2025-04-16,2099-12-31,
0,2000001395,Maps from,2025-04-16,2099-12-31,
2000001397,0,Maps to,2025-04-16,2099-12-31,
0,2000001397,Maps from,2025-04-16,2099-12-31,
2000001398,0,Maps to,2025-04-16,2099-12-31,
0,2000001398,Maps from,2025-04-16,2099-12-31,
2000001399,0,Maps to,2025-04-16,2099-12-31,
0,2000001399,Maps from,2025-04-16,2099-12-31,
2000001400,0,Maps to,2025-04-16,2099-12-31,
0,2000001400,Maps from,2025-04-16,2099-12-31,
2000001401,0,Maps to,2025-04-16,2099-12-31,
0,2000001401,Maps from,2025-04-16,2099-12-31,
2000001402,0,Maps to,2025-04-16,2099-12-31,
0,2000001402,Maps from,2025-04-16,2099-12-31,
2000001403,0,Maps to,2025-04-16,2099-12-31,
0,2000001403,Maps from,2025-04-16,2099-12-31,
2000001404,0,Maps to,2025-04-16,2099-12-31,
0,2000001404,Maps from,2025-04-16,2099-12-31,
2000001405,0,Maps to,2025-04-16,2099-12-31,
0,2000001405,Maps from,2025-04-16,2099-12-31,
2000001407,0,Maps to,2025-04-16,2099-12-31,
0,2000001407,Maps from,2025-04-16,2099-12-31,
2000001149,40772619,Maps to,2025-04-16,2099-12-31,
40772619,2000001149,Maps from,2025-04-16,2099-12-31,
2000001406,0,Maps to,2025-04-16,2099-12-31,
0,2000001406,Maps from,2025-04-16,2099-12-31,
2000001408,0,Maps to,2025-04-16,2099-12-31,
0,2000001408,Maps from,2025-04-16,2099-12-31,
2000001410,0,Maps to,2025-04-16,2099-12-31,
0,2000001410,Maps from,2025-04-16,2099-12-31,
2000001409,0,Maps to,2025-04-16,2099-12-31,
0,2000001409,Maps from,2025-04-16,2099-12-31,
2000001411,0,Maps to,2025-04-16,2099-12-31,
0,2000001411,Maps from,2025-04-16,2099-12-31,
2000001413,0,Maps to,2025-04-16,2099-12-31,
0,2000001413,Maps from,2025-04-16,2099-12-31,
2000001412,0,Maps to,2025-04-16,2099-12-31,
0,2000001412,Maps from,2025-04-16,2099-12-31,
2000000208,0,Maps to,2025-04-16,2099-12-31,
0,2000000208,Maps from,2025-04-16,2099-12-31,
2000001414,0,Maps to,2025-04-16,2099-12-31,
0,2000001414,Maps from,2025-04-16,2099-12-31,
2000001415,0,Maps to,2025-04-16,2099-12-31,
0,2000001415,Maps from,2025-04-16,2099-12-31,
2000001417,0,Maps to,2025-04-16,2099-12-31,
0,2000001417,Maps from,2025-04-16,2099-12-31,
2000001416,0,Maps to,2025-04-16,2099-12-31,
0,2000001416,Maps from,2025-04-16,2099-12-31,
2000001418,0,Maps to,2025-04-16,2099-12-31,
0,2000001418,Maps from,2025-04-16,2099-12-31,
2000001420,0,Maps to,2025-04-16,2099-12-31,
0,2000001420,Maps from,2025-04-16,2099-12-31,
2000001419,0,Maps to,2025-04-16,2099-12-31,
0,2000001419,Maps from,2025-04-16,2099-12-31,
2000001421,0,Maps to,2025-04-16,2099-12-31,
0,2000001421,Maps from,2025-04-16,2099-12-31,
2000001422,0,Maps to,2025-04-16,2099-12-31,
0,2000001422,Maps from,2025-04-16,2099-12-31,
2000001423,0,Maps to,2025-04-16,2099-12-31,
0,2000001423,Maps from,2025-04-16,2099-12-31,
2000001424,0,Maps to,2025-04-16,2099-12-31,
0,2000001424,Maps from,2025-04-16,2099-12-31,
2000000209,0,Maps to,2025-04-16,2099-12-31,
0,2000000209,Maps from,2025-04-16,2099-12-31,
2000001426,0,Maps to,2025-04-16,2099-12-31,
0,2000001426,Maps from,2025-04-16,2099-12-31,
2000001425,0,Maps to,2025-04-16,2099-12-31,
0,2000001425,Maps from,2025-04-16,2099-12-31,
2000001427,0,Maps to,2025-04-16,2099-12-31,
0,2000001427,Maps from,2025-04-16,2099-12-31,
2000001428,0,Maps to,2025-04-16,2099-12-31,
0,2000001428,Maps from,2025-04-16,2099-12-31,
2000001429,0,Maps to,2025-04-16,2099-12-31,
0,2000001429,Maps from,2025-04-16,2099-12-31,
2000001067,40779708,Maps to,2025-04-16,2099-12-31,
40779708,2000001067,Maps from,2025-04-16,2099-12-31,
2000001430,0,Maps to,2025-04-16,2099-12-31,
0,2000001430,Maps from,2025-04-16,2099-12-31,
2000001431,0,Maps to,2025-04-16,2099-12-31,
0,2000001431,Maps from,2025-04-16,2099-12-31,
2000001433,0,Maps to,2025-04-16,2099-12-31,
0,2000001433,Maps from,2025-04-16,2099-12-31,
2000001432,0,Maps to,2025-04-16,2099-12-31,
0,2000001432,Maps from,2025-04-16,2099-12-31,
2000001434,0,Maps to,2025-04-16,2099-12-31,
0,2000001434,Maps from,2025-04-16,2099-12-31,
2000001435,0,Maps to,2025-04-16,2099-12-31,
0,2000001435,Maps from,2025-04-16,2099-12-31,
2000001437,0,Maps to,2025-04-16,2099-12-31,
0,2000001437,Maps from,2025-04-16,2099-12-31,
2000001436,0,Maps to,2025-04-16,2099-12-31,
0,2000001436,Maps from,2025-04-16,2099-12-31,
2000001438,0,Maps to,2025-04-16,2099-12-31,
0,2000001438,Maps from,2025-04-16,2099-12-31,
2000001440,0,Maps to,2025-04-16,2099-12-31,
0,2000001440,Maps from,2025-04-16,2099-12-31,
2000001439,0,Maps to,2025-04-16,2099-12-31,
0,2000001439,Maps from,2025-04-16,2099-12-31,
2000001441,0,Maps to,2025-04-16,2099-12-31,
0,2000001441,Maps from,2025-04-16,2099-12-31,
2000000409,40775918,Maps to,2025-04-16,2099-12-31,
40775918,2000000409,Maps from,2025-04-16,2099-12-31,
2000001443,0,Maps to,2025-04-16,2099-12-31,
0,2000001443,Maps from,2025-04-16,2099-12-31,
2000001442,0,Maps to,2025-04-16,2099-12-31,
0,2000001442,Maps from,2025-04-16,2099-12-31,
2000001444,0,Maps to,2025-04-16,2099-12-31,
0,2000001444,Maps from,2025-04-16,2099-12-31,
2000001445,0,Maps to,2025-04-16,2099-12-31,
0,2000001445,Maps from,2025-04-16,2099-12-31,
2000001446,0,Maps to,2025-04-16,2099-12-31,
0,2000001446,Maps from,2025-04-16,2099-12-31,
2000001447,0,Maps to,2025-04-16,2099-12-31,
0,2000001447,Maps from,2025-04-16,2099-12-31,
2000001448,0,Maps to,2025-04-16,2099-12-31,
0,2000001448,Maps from,2025-04-16,2099-12-31,
2000001449,0,Maps to,2025-04-16,2099-12-31,
0,2000001449,Maps from,2025-04-16,2099-12-31,
2000001450,0,Maps to,2025-04-16,2099-12-31,
0,2000001450,Maps from,2025-04-16,2099-12-31,
2000000106,1023100,Maps to,2025-04-16,2099-12-31,
1023100,2000000106,Maps from,2025-04-16,2099-12-31,
2000001451,0,Maps to,2025-04-16,2099-12-31,
0,2000001451,Maps from,2025-04-16,2099-12-31,
2000001453,0,Maps to,2025-04-16,2099-12-31,
0,2000001453,Maps from,2025-04-16,2099-12-31,
2000001452,0,Maps to,2025-04-16,2099-12-31,
0,2000001452,Maps from,2025-04-16,2099-12-31,
2000001454,0,Maps to,2025-04-16,2099-12-31,
0,2000001454,Maps from,2025-04-16,2099-12-31,
2000001456,0,Maps to,2025-04-16,2099-12-31,
0,2000001456,Maps from,2025-04-16,2099-12-31,
2000001455,0,Maps to,2025-04-16,2099-12-31,
0,2000001455,Maps from,2025-04-16,2099-12-31,
2000001457,0,Maps to,2025-04-16,2099-12-31,
0,2000001457,Maps from,2025-04-16,2099-12-31,
2000001459,0,Maps to,2025-04-16,2099-12-31,
0,2000001459,Maps from,2025-04-16,2099-12-31,
2000001458,0,Maps to,2025-04-16,2099-12-31,
0,2000001458,Maps from,2025-04-16,2099-12-31,
2000001460,0,Maps to,2025-04-16,2099-12-31,
0,2000001460,Maps from,2025-04-16,2099-12-31,
2000001461,0,Maps to,2025-04-16,2099-12-31,
0,2000001461,Maps from,2025-04-16,2099-12-31,
2000001462,0,Maps to,2025-04-16,2099-12-31,
0,2000001462,Maps from,2025-04-16,2099-12-31,
2000001463,0,Maps to,2025-04-16,2099-12-31,
0,2000001463,Maps from,2025-04-16,2099-12-31,
2000000480,40785866,Maps to,2025-04-16,2099-12-31,
40785866,2000000480,Maps from,2025-04-16,2099-12-31,
2000000017,40779159,Maps to,2025-04-16,2099-12-31,
40779159,2000000017,Maps from,2025-04-16,2099-12-31,
2000000210,0,Maps to,2025-04-16,2099-12-31,
0,2000000210,Maps from,2025-04-16,2099-12-31,
2000001464,0,Maps to,2025-04-16,2099-12-31,
0,2000001464,Maps from,2025-04-16,2099-12-31,
2000001466,0,Maps to,2025-04-16,2099-12-31,
0,2000001466,Maps from,2025-04-16,2099-12-31,
2000001465,0,Maps to,2025-04-16,2099-12-31,
0,2000001465,Maps from,2025-04-16,2099-12-31,
2000001467,0,Maps to,2025-04-16,2099-12-31,
0,2000001467,Maps from,2025-04-16,2099-12-31,
2000001468,0,Maps to,2025-04-16,2099-12-31,
0,2000001468,Maps from,2025-04-16,2099-12-31,
2000001469,0,Maps to,2025-04-16,2099-12-31,
0,2000001469,Maps from,2025-04-16,2099-12-31,
2000001470,0,Maps to,2025-04-16,2099-12-31,
0,2000001470,Maps from,2025-04-16,2099-12-31,
2000001472,0,Maps to,2025-04-16,2099-12-31,
0,2000001472,Maps from,2025-04-16,2099-12-31,
2000001471,0,Maps to,2025-04-16,2099-12-31,
0,2000001471,Maps from,2025-04-16,2099-12-31,
2000000211,0,Maps to,2025-04-16,2099-12-31,
0,2000000211,Maps from,2025-04-16,2099-12-31,
2000001473,0,Maps to,2025-04-16,2099-12-31,
0,2000001473,Maps from,2025-04-16,2099-12-31,
2000001474,0,Maps to,2025-04-16,2099-12-31,
0,2000001474,Maps from,2025-04-16,2099-12-31,
2000001475,0,Maps to,2025-04-16,2099-12-31,
0,2000001475,Maps from,2025-04-16,2099-12-31,
2000001476,0,Maps to,2025-04-16,2099-12-31,
0,2000001476,Maps from,2025-04-16,2099-12-31,
2000001477,0,Maps to,2025-04-16,2099-12-31,
0,2000001477,Maps from,2025-04-16,2099-12-31,
2000001478,0,Maps to,2025-04-16,2099-12-31,
0,2000001478,Maps from,2025-04-16,2099-12-31,
2000001479,0,Maps to,2025-04-16,2099-12-31,
0,2000001479,Maps from,2025-04-16,2099-12-31,
2000001480,0,Maps to,2025-04-16,2099-12-31,
0,2000001480,Maps from,2025-04-16,2099-12-31,
2000000212,0,Maps to,2025-04-16,2099-12-31,
0,2000000212,Maps from,2025-04-16,2099-12-31,
2000001481,0,Maps to,2025-04-16,2099-12-31,
0,2000001481,Maps from,2025-04-16,2099-12-31,
2000001482,0,Maps to,2025-04-16,2099-12-31,
0,2000001482,Maps from,2025-04-16,2099-12-31,
2000001170,37031464,Maps to,2025-04-16,2099-12-31,
37031464,2000001170,Maps from,2025-04-16,2099-12-31,
2000000213,0,Maps to,2025-04-16,2099-12-31,
0,2000000213,Maps from,2025-04-16,2099-12-31,
2000001484,0,Maps to,2025-04-16,2099-12-31,
0,2000001484,Maps from,2025-04-16,2099-12-31,
2000001483,0,Maps to,2025-04-16,2099-12-31,
0,2000001483,Maps from,2025-04-16,2099-12-31,
2000001485,0,Maps to,2025-04-16,2099-12-31,
0,2000001485,Maps from,2025-04-16,2099-12-31,
2000000214,0,Maps to,2025-04-16,2099-12-31,
0,2000000214,Maps from,2025-04-16,2099-12-31,
2000001486,0,Maps to,2025-04-16,2099-12-31,
0,2000001486,Maps from,2025-04-16,2099-12-31,
2000001487,0,Maps to,2025-04-16,2099-12-31,
0,2000001487,Maps from,2025-04-16,2099-12-31,
2000000652,1031770,Maps to,2025-04-16,2099-12-31,
1031770,2000000652,Maps from,2025-04-16,2099-12-31,
2000001489,0,Maps to,2025-04-16,2099-12-31,
0,2000001489,Maps from,2025-04-16,2099-12-31,
2000001488,0,Maps to,2025-04-16,2099-12-31,
0,2000001488,Maps from,2025-04-16,2099-12-31,
2000001490,0,Maps to,2025-04-16,2099-12-31,
0,2000001490,Maps from,2025-04-16,2099-12-31,
2000001186,40779757,Maps to,2025-04-16,2099-12-31,
40779757,2000001186,Maps from,2025-04-16,2099-12-31,
2000001492,0,Maps to,2025-04-16,2099-12-31,
0,2000001492,Maps from,2025-04-16,2099-12-31,
2000001491,0,Maps to,2025-04-16,2099-12-31,
0,2000001491,Maps from,2025-04-16,2099-12-31,
2000001493,0,Maps to,2025-04-16,2099-12-31,
0,2000001493,Maps from,2025-04-16,2099-12-31,
2000001495,0,Maps to,2025-04-16,2099-12-31,
0,2000001495,Maps from,2025-04-16,2099-12-31,
2000001494,0,Maps to,2025-04-16,2099-12-31,
0,2000001494,Maps from,2025-04-16,2099-12-31,
2000001496,0,Maps to,2025-04-16,2099-12-31,
0,2000001496,Maps from,2025-04-16,2099-12-31,
2000001498,0,Maps to,2025-04-16,2099-12-31,
0,2000001498,Maps from,2025-04-16,2099-12-31,
2000001497,0,Maps to,2025-04-16,2099-12-31,
0,2000001497,Maps from,2025-04-16,2099-12-31,
2000000215,0,Maps to,2025-04-16,2099-12-31,
0,2000000215,Maps from,2025-04-16,2099-12-31,
2000001499,0,Maps to,2025-04-16,2099-12-31,
0,2000001499,Maps from,2025-04-16,2099-12-31,
2000001500,0,Maps to,2025-04-16,2099-12-31,
0,2000001500,Maps from,2025-04-16,2099-12-31,
2000001501,0,Maps to,2025-04-16,2099-12-31,
0,2000001501,Maps from,2025-04-16,2099-12-31,
2000001502,0,Maps to,2025-04-16,2099-12-31,
0,2000001502,Maps from,2025-04-16,2099-12-31,
2000001503,0,Maps to,2025-04-16,2099-12-31,
0,2000001503,Maps from,2025-04-16,2099-12-31,
2000001505,0,Maps to,2025-04-16,2099-12-31,
0,2000001505,Maps from,2025-04-16,2099-12-31,
2000001504,0,Maps to,2025-04-16,2099-12-31,
0,2000001504,Maps from,2025-04-16,2099-12-31,
2000001506,0,Maps to,2025-04-16,2099-12-31,
0,2000001506,Maps from,2025-04-16,2099-12-31,
2000001508,0,Maps to,2025-04-16,2099-12-31,
0,2000001508,Maps from,2025-04-16,2099-12-31,
2000001507,0,Maps to,2025-04-16,2099-12-31,
0,2000001507,Maps from,2025-04-16,2099-12-31,
2000001509,0,Maps to,2025-04-16,2099-12-31,
0,2000001509,Maps from,2025-04-16,2099-12-31,
2000001511,0,Maps to,2025-04-16,2099-12-31,
0,2000001511,Maps from,2025-04-16,2099-12-31,
2000001510,0,Maps to,2025-04-16,2099-12-31,
0,2000001510,Maps from,2025-04-16,2099-12-31,
2000001512,0,Maps to,2025-04-16,2099-12-31,
0,2000001512,Maps from,2025-04-16,2099-12-31,
2000001513,0,Maps to,2025-04-16,2099-12-31,
0,2000001513,Maps from,2025-04-16,2099-12-31,
2000001514,0,Maps to,2025-04-16,2099-12-31,
0,2000001514,Maps from,2025-04-16,2099-12-31,
2000001515,0,Maps to,2025-04-16,2099-12-31,
0,2000001515,Maps from,2025-04-16,2099-12-31,
2000001517,0,Maps to,2025-04-16,2099-12-31,
0,2000001517,Maps from,2025-04-16,2099-12-31,
2000001516,0,Maps to,2025-04-16,2099-12-31,
0,2000001516,Maps from,2025-04-16,2099-12-31,
2000001518,0,Maps to,2025-04-16,2099-12-31,
0,2000001518,Maps from,2025-04-16,2099-12-31,
2000001519,0,Maps to,2025-04-16,2099-12-31,
0,2000001519,Maps from,2025-04-16,2099-12-31,
2000001520,0,Maps to,2025-04-16,2099-12-31,
0,2000001520,Maps from,2025-04-16,2099-12-31,
2000001521,0,Maps to,2025-04-16,2099-12-31,
0,2000001521,Maps from,2025-04-16,2099-12-31,
2000001522,0,Maps to,2025-04-16,2099-12-31,
0,2000001522,Maps from,2025-04-16,2099-12-31,
2000001523,0,Maps to,2025-04-16,2099-12-31,
0,2000001523,Maps from,2025-04-16,2099-12-31,
2000001524,0,Maps to,2025-04-16,2099-12-31,
0,2000001524,Maps from,2025-04-16,2099-12-31,
2000001526,0,Maps to,2025-04-16,2099-12-31,
0,2000001526,Maps from,2025-04-16,2099-12-31,
2000001525,0,Maps to,2025-04-16,2099-12-31,
0,2000001525,Maps from,2025-04-16,2099-12-31,
2000001527,0,Maps to,2025-04-16,2099-12-31,
0,2000001527,Maps from,2025-04-16,2099-12-31,
2000001529,0,Maps to,2025-04-16,2099-12-31,
0,2000001529,Maps from,2025-04-16,2099-12-31,
2000001528,0,Maps to,2025-04-16,2099-12-31,
0,2000001528,Maps from,2025-04-16,2099-12-31,
2000001530,0,Maps to,2025-04-16,2099-12-31,
0,2000001530,Maps from,2025-04-16,2099-12-31,
2000001531,0,Maps to,2025-04-16,2099-12-31,
0,2000001531,Maps from,2025-04-16,2099-12-31,
2000001532,0,Maps to,2025-04-16,2099-12-31,
0,2000001532,Maps from,2025-04-16,2099-12-31,
2000001533,0,Maps to,2025-04-16,2099-12-31,
0,2000001533,Maps from,2025-04-16,2099-12-31,
2000001535,0,Maps to,2025-04-16,2099-12-31,
0,2000001535,Maps from,2025-04-16,2099-12-31,
2000001534,0,Maps to,2025-04-16,2099-12-31,
0,2000001534,Maps from,2025-04-16,2099-12-31,
2000001536,0,Maps to,2025-04-16,2099-12-31,
0,2000001536,Maps from,2025-04-16,2099-12-31,
2000001537,0,Maps to,2025-04-16,2099-12-31,
0,2000001537,Maps from,2025-04-16,2099-12-31,
2000001538,0,Maps to,2025-04-16,2099-12-31,
0,2000001538,Maps from,2025-04-16,2099-12-31,
2000001539,0,Maps to,2025-04-16,2099-12-31,
0,2000001539,Maps from,2025-04-16,2099-12-31,
2000001540,0,Maps to,2025-04-16,2099-12-31,
0,2000001540,Maps from,2025-04-16,2099-12-31,
2000001542,0,Maps to,2025-04-16,2099-12-31,
0,2000001542,Maps from,2025-04-16,2099-12-31,
2000001541,0,Maps to,2025-04-16,2099-12-31,
0,2000001541,Maps from,2025-04-16,2099-12-31,
2000000004,40782521,Maps to,2025-04-16,2099-12-31,
40782521,2000000004,Maps from,2025-04-16,2099-12-31,
2000001543,0,Maps to,2025-04-16,2099-12-31,
0,2000001543,Maps from,2025-04-16,2099-12-31,
2000001544,0,Maps to,2025-04-16,2099-12-31,
0,2000001544,Maps from,2025-04-16,2099-12-31,
2000001546,0,Maps to,2025-04-16,2099-12-31,
0,2000001546,Maps from,2025-04-16,2099-12-31,
2000001545,0,Maps to,2025-04-16,2099-12-31,
0,2000001545,Maps from,2025-04-16,2099-12-31,
2000001547,0,Maps to,2025-04-16,2099-12-31,
0,2000001547,Maps from,2025-04-16,2099-12-31,
2000001549,0,Maps to,2025-04-16,2099-12-31,
0,2000001549,Maps from,2025-04-16,2099-12-31,
2000001548,0,Maps to,2025-04-16,2099-12-31,
0,2000001548,Maps from,2025-04-16,2099-12-31,
2000001550,0,Maps to,2025-04-16,2099-12-31,
0,2000001550,Maps from,2025-04-16,2099-12-31,
2000001551,0,Maps to,2025-04-16,2099-12-31,
0,2000001551,Maps from,2025-04-16,2099-12-31,
2000000216,0,Maps to,2025-04-16,2099-12-31,
0,2000000216,Maps from,2025-04-16,2099-12-31,
2000001553,0,Maps to,2025-04-16,2099-12-31,
0,2000001553,Maps from,2025-04-16,2099-12-31,
2000001552,0,Maps to,2025-04-16,2099-12-31,
0,2000001552,Maps from,2025-04-16,2099-12-31,
2000001554,0,Maps to,2025-04-16,2099-12-31,
0,2000001554,Maps from,2025-04-16,2099-12-31,
2000001556,0,Maps to,2025-04-16,2099-12-31,
0,2000001556,Maps from,2025-04-16,2099-12-31,
2000001555,0,Maps to,2025-04-16,2099-12-31,
0,2000001555,Maps from,2025-04-16,2099-12-31,
2000001557,0,Maps to,2025-04-16,2099-12-31,
0,2000001557,Maps from,2025-04-16,2099-12-31,
2000001558,0,Maps to,2025-04-16,2099-12-31,
0,2000001558,Maps from,2025-04-16,2099-12-31,
2000001559,0,Maps to,2025-04-16,2099-12-31,
0,2000001559,Maps from,2025-04-16,2099-12-31,
2000001560,0,Maps to,2025-04-16,2099-12-31,
0,2000001560,Maps from,2025-04-16,2099-12-31,
2000001561,0,Maps to,2025-04-16,2099-12-31,
0,2000001561,Maps from,2025-04-16,2099-12-31,
2000001562,0,Maps to,2025-04-16,2099-12-31,
0,2000001562,Maps from,2025-04-16,2099-12-31,
2000001563,0,Maps to,2025-04-16,2099-12-31,
0,2000001563,Maps from,2025-04-16,2099-12-31,
2000001564,0,Maps to,2025-04-16,2099-12-31,
0,2000001564,Maps from,2025-04-16,2099-12-31,
2000001565,0,Maps to,2025-04-16,2099-12-31,
0,2000001565,Maps from,2025-04-16,2099-12-31,
2000001566,0,Maps to,2025-04-16,2099-12-31,
0,2000001566,Maps from,2025-04-16,2099-12-31,
2000001567,0,Maps to,2025-04-16,2099-12-31,
0,2000001567,Maps from,2025-04-16,2099-12-31,
2000001569,0,Maps to,2025-04-16,2099-12-31,
0,2000001569,Maps from,2025-04-16,2099-12-31,
2000001568,0,Maps to,2025-04-16,2099-12-31,
0,2000001568,Maps from,2025-04-16,2099-12-31,
2000001570,0,Maps to,2025-04-16,2099-12-31,
0,2000001570,Maps from,2025-04-16,2099-12-31,
2000000025,40795725,Maps to,2025-04-16,2099-12-31,
40795725,2000000025,Maps from,2025-04-16,2099-12-31,
2000001571,0,Maps to,2025-04-16,2099-12-31,
0,2000001571,Maps from,2025-04-16,2099-12-31,
2000001572,0,Maps to,2025-04-16,2099-12-31,
0,2000001572,Maps from,2025-04-16,2099-12-31,
2000001573,0,Maps to,2025-04-16,2099-12-31,
0,2000001573,Maps from,2025-04-16,2099-12-31,
2000001199,40783165,Maps to,2025-04-16,2099-12-31,
40783165,2000001199,Maps from,2025-04-16,2099-12-31,
2000001574,0,Maps to,2025-04-16,2099-12-31,
0,2000001574,Maps from,2025-04-16,2099-12-31,
2000001576,0,Maps to,2025-04-16,2099-12-31,
0,2000001576,Maps from,2025-04-16,2099-12-31,
2000001575,0,Maps to,2025-04-16,2099-12-31,
0,2000001575,Maps from,2025-04-16,2099-12-31,
2000001577,0,Maps to,2025-04-16,2099-12-31,
0,2000001577,Maps from,2025-04-16,2099-12-31,
2000001579,0,Maps to,2025-04-16,2099-12-31,
0,2000001579,Maps from,2025-04-16,2099-12-31,
2000001578,0,Maps to,2025-04-16,2099-12-31,
0,2000001578,Maps from,2025-04-16,2099-12-31,
2000001580,0,Maps to,2025-04-16,2099-12-31,
0,2000001580,Maps from,2025-04-16,2099-12-31,
2000001582,0,Maps to,2025-04-16,2099-12-31,
0,2000001582,Maps from,2025-04-16,2099-12-31,
2000001581,0,Maps to,2025-04-16,2099-12-31,
0,2000001581,Maps from,2025-04-16,2099-12-31,
2000001583,0,Maps to,2025-04-16,2099-12-31,
0,2000001583,Maps from,2025-04-16,2099-12-31,
2000001585,0,Maps to,2025-04-16,2099-12-31,
0,2000001585,Maps from,2025-04-16,2099-12-31,
2000001584,0,Maps to,2025-04-16,2099-12-31,
0,2000001584,Maps from,2025-04-16,2099-12-31,
2000001586,0,Maps to,2025-04-16,2099-12-31,
0,2000001586,Maps from,2025-04-16,2099-12-31,
2000001587,0,Maps to,2025-04-16,2099-12-31,
0,2000001587,Maps from,2025-04-16,2099-12-31,
2000001588,0,Maps to,2025-04-16,2099-12-31,
0,2000001588,Maps from,2025-04-16,2099-12-31,
2000001589,0,Maps to,2025-04-16,2099-12-31,
0,2000001589,Maps from,2025-04-16,2099-12-31,
2000001590,0,Maps to,2025-04-16,2099-12-31,
0,2000001590,Maps from,2025-04-16,2099-12-31,
2000000217,0,Maps to,2025-04-16,2099-12-31,
0,2000000217,Maps from,2025-04-16,2099-12-31,
2000001591,0,Maps to,2025-04-16,2099-12-31,
0,2000001591,Maps from,2025-04-16,2099-12-31,
2000001592,0,Maps to,2025-04-16,2099-12-31,
0,2000001592,Maps from,2025-04-16,2099-12-31,
2000001593,0,Maps to,2025-04-16,2099-12-31,
0,2000001593,Maps from,2025-04-16,2099-12-31,
2000001594,0,Maps to,2025-04-16,2099-12-31,
0,2000001594,Maps from,2025-04-16,2099-12-31,
2000001596,0,Maps to,2025-04-16,2099-12-31,
0,2000001596,Maps from,2025-04-16,2099-12-31,
2000001595,0,Maps to,2025-04-16,2099-12-31,
0,2000001595,Maps from,2025-04-16,2099-12-31,
2000001597,0,Maps to,2025-04-16,2099-12-31,
0,2000001597,Maps from,2025-04-16,2099-12-31,
2000001598,0,Maps to,2025-04-16,2099-12-31,
0,2000001598,Maps from,2025-04-16,2099-12-31,
2000001599,0,Maps to,2025-04-16,2099-12-31,
0,2000001599,Maps from,2025-04-16,2099-12-31,
2000001600,0,Maps to,2025-04-16,2099-12-31,
0,2000001600,Maps from,2025-04-16,2099-12-31,
2000001601,0,Maps to,2025-04-16,2099-12-31,
0,2000001601,Maps from,2025-04-16,2099-12-31,
2000001602,0,Maps to,2025-04-16,2099-12-31,
0,2000001602,Maps from,2025-04-16,2099-12-31,
2000001603,0,Maps to,2025-04-16,2099-12-31,
0,2000001603,Maps from,2025-04-16,2099-12-31,
2000001604,0,Maps to,2025-04-16,2099-12-31,
0,2000001604,Maps from,2025-04-16,2099-12-31,
2000001605,0,Maps to,2025-04-16,2099-12-31,
0,2000001605,Maps from,2025-04-16,2099-12-31,
2000001606,0,Maps to,2025-04-16,2099-12-31,
0,2000001606,Maps from,2025-04-16,2099-12-31,
2000001607,0,Maps to,2025-04-16,2099-12-31,
0,2000001607,Maps from,2025-04-16,2099-12-31,
2000001608,0,Maps to,2025-04-16,2099-12-31,
0,2000001608,Maps from,2025-04-16,2099-12-31,
2000001609,0,Maps to,2025-04-16,2099-12-31,
0,2000001609,Maps from,2025-04-16,2099-12-31,
2000001611,0,Maps to,2025-04-16,2099-12-31,
0,2000001611,Maps from,2025-04-16,2099-12-31,
2000001610,0,Maps to,2025-04-16,2099-12-31,
0,2000001610,Maps from,2025-04-16,2099-12-31,
2000000218,0,Maps to,2025-04-16,2099-12-31,
0,2000000218,Maps from,2025-04-16,2099-12-31,
2000001612,0,Maps to,2025-04-16,2099-12-31,
0,2000001612,Maps from,2025-04-16,2099-12-31,
2000001613,0,Maps to,2025-04-16,2099-12-31,
0,2000001613,Maps from,2025-04-16,2099-12-31,
2000001614,0,Maps to,2025-04-16,2099-12-31,
0,2000001614,Maps from,2025-04-16,2099-12-31,
2000001615,0,Maps to,2025-04-16,2099-12-31,
0,2000001615,Maps from,2025-04-16,2099-12-31,
2000001616,0,Maps to,2025-04-16,2099-12-31,
0,2000001616,Maps from,2025-04-16,2099-12-31,
2000001618,0,Maps to,2025-04-16,2099-12-31,
0,2000001618,Maps from,2025-04-16,2099-12-31,
2000001617,0,Maps to,2025-04-16,2099-12-31,
0,2000001617,Maps from,2025-04-16,2099-12-31,
2000000219,0,Maps to,2025-04-16,2099-12-31,
0,2000000219,Maps from,2025-04-16,2099-12-31,
2000001619,0,Maps to,2025-04-16,2099-12-31,
0,2000001619,Maps from,2025-04-16,2099-12-31,
2000001620,0,Maps to,2025-04-16,2099-12-31,
0,2000001620,Maps from,2025-04-16,2099-12-31,
2000001621,0,Maps to,2025-04-16,2099-12-31,
0,2000001621,Maps from,2025-04-16,2099-12-31,
2000001622,0,Maps to,2025-04-16,2099-12-31,
0,2000001622,Maps from,2025-04-16,2099-12-31,
2000001623,0,Maps to,2025-04-16,2099-12-31,
0,2000001623,Maps from,2025-04-16,2099-12-31,
2000001624,0,Maps to,2025-04-16,2099-12-31,
0,2000001624,Maps from,2025-04-16,2099-12-31,
2000000046,40772531,Maps to,2025-04-16,2099-12-31,
40772531,2000000046,Maps from,2025-04-16,2099-12-31,
2000001626,0,Maps to,2025-04-16,2099-12-31,
0,2000001626,Maps from,2025-04-16,2099-12-31,
2000001625,0,Maps to,2025-04-16,2099-12-31,
0,2000001625,Maps from,2025-04-16,2099-12-31,
2000001627,0,Maps to,2025-04-16,2099-12-31,
0,2000001627,Maps from,2025-04-16,2099-12-31,
2000001629,0,Maps to,2025-04-16,2099-12-31,
0,2000001629,Maps from,2025-04-16,2099-12-31,
2000001628,0,Maps to,2025-04-16,2099-12-31,
0,2000001628,Maps from,2025-04-16,2099-12-31,
2000001630,0,Maps to,2025-04-16,2099-12-31,
0,2000001630,Maps from,2025-04-16,2099-12-31,
2000001632,0,Maps to,2025-04-16,2099-12-31,
0,2000001632,Maps from,2025-04-16,2099-12-31,
2000001631,0,Maps to,2025-04-16,2099-12-31,
0,2000001631,Maps from,2025-04-16,2099-12-31,
2000000013,40779159,Maps to,2025-04-16,2099-12-31,
40779159,2000000013,Maps from,2025-04-16,2099-12-31,
2000001633,0,Maps to,2025-04-16,2099-12-31,
0,2000001633,Maps from,2025-04-16,2099-12-31,
2000001634,0,Maps to,2025-04-16,2099-12-31,
0,2000001634,Maps from,2025-04-16,2099-12-31,
2000001636,0,Maps to,2025-04-16,2099-12-31,
0,2000001636,Maps from,2025-04-16,2099-12-31,
2000001635,0,Maps to,2025-04-16,2099-12-31,
0,2000001635,Maps from,2025-04-16,2099-12-31,
2000001637,0,Maps to,2025-04-16,2099-12-31,
0,2000001637,Maps from,2025-04-16,2099-12-31,
2000001638,0,Maps to,2025-04-16,2099-12-31,
0,2000001638,Maps from,2025-04-16,2099-12-31,
2000001639,0,Maps to,2025-04-16,2099-12-31,
0,2000001639,Maps from,2025-04-16,2099-12-31,
2000001640,0,Maps to,2025-04-16,2099-12-31,
0,2000001640,Maps from,2025-04-16,2099-12-31,
2000001642,0,Maps to,2025-04-16,2099-12-31,
0,2000001642,Maps from,2025-04-16,2099-12-31,
2000001641,0,Maps to,2025-04-16,2099-12-31,
0,2000001641,Maps from,2025-04-16,2099-12-31,
2000001643,0,Maps to,2025-04-16,2099-12-31,
0,2000001643,Maps from,2025-04-16,2099-12-31,
2000001644,0,Maps to,2025-04-16,2099-12-31,
0,2000001644,Maps from,2025-04-16,2099-12-31,
2000001646,0,Maps to,2025-04-16,2099-12-31,
0,2000001646,Maps from,2025-04-16,2099-12-31,
2000001645,0,Maps to,2025-04-16,2099-12-31,
0,2000001645,Maps from,2025-04-16,2099-12-31,
2000001647,0,Maps to,2025-04-16,2099-12-31,
0,2000001647,Maps from,2025-04-16,2099-12-31,
2000001648,0,Maps to,2025-04-16,2099-12-31,
0,2000001648,Maps from,2025-04-16,2099-12-31,
2000001649,0,Maps to,2025-04-16,2099-12-31,
0,2000001649,Maps from,2025-04-16,2099-12-31,
2000001650,0,Maps to,2025-04-16,2099-12-31,
0,2000001650,Maps from,2025-04-16,2099-12-31,
2000001651,0,Maps to,2025-04-16,2099-12-31,
0,2000001651,Maps from,2025-04-16,2099-12-31,
2000000220,0,Maps to,2025-04-16,2099-12-31,
0,2000000220,Maps from,2025-04-16,2099-12-31,
2000000069,40779224,Maps to,2025-04-16,2099-12-31,
40779224,2000000069,Maps from,2025-04-16,2099-12-31,
2000001653,0,Maps to,2025-04-16,2099-12-31,
0,2000001653,Maps from,2025-04-16,2099-12-31,
2000001652,0,Maps to,2025-04-16,2099-12-31,
0,2000001652,Maps from,2025-04-16,2099-12-31,
2000001654,0,Maps to,2025-04-16,2099-12-31,
0,2000001654,Maps from,2025-04-16,2099-12-31,
2000000462,37073332,Maps to,2025-04-16,2099-12-31,
37073332,2000000462,Maps from,2025-04-16,2099-12-31,
2000001655,0,Maps to,2025-04-16,2099-12-31,
0,2000001655,Maps from,2025-04-16,2099-12-31,
2000001656,0,Maps to,2025-04-16,2099-12-31,
0,2000001656,Maps from,2025-04-16,2099-12-31,
2000001657,0,Maps to,2025-04-16,2099-12-31,
0,2000001657,Maps from,2025-04-16,2099-12-31,
2000001658,0,Maps to,2025-04-16,2099-12-31,
0,2000001658,Maps from,2025-04-16,2099-12-31,
2000001660,0,Maps to,2025-04-16,2099-12-31,
0,2000001660,Maps from,2025-04-16,2099-12-31,
2000001187,40779757,Maps to,2025-04-16,2099-12-31,
40779757,2000001187,Maps from,2025-04-16,2099-12-31,
2000001659,0,Maps to,2025-04-16,2099-12-31,
0,2000001659,Maps from,2025-04-16,2099-12-31,
2000001661,0,Maps to,2025-04-16,2099-12-31,
0,2000001661,Maps from,2025-04-16,2099-12-31,
2000000221,0,Maps to,2025-04-16,2099-12-31,
0,2000000221,Maps from,2025-04-16,2099-12-31,
2000001663,0,Maps to,2025-04-16,2099-12-31,
0,2000001663,Maps from,2025-04-16,2099-12-31,
2000001662,0,Maps to,2025-04-16,2099-12-31,
0,2000001662,Maps from,2025-04-16,2099-12-31,
2000001664,0,Maps to,2025-04-16,2099-12-31,
0,2000001664,Maps from,2025-04-16,2099-12-31,
2000001666,0,Maps to,2025-04-16,2099-12-31,
0,2000001666,Maps from,2025-04-16,2099-12-31,
2000001665,0,Maps to,2025-04-16,2099-12-31,
0,2000001665,Maps from,2025-04-16,2099-12-31,
2000001667,0,Maps to,2025-04-16,2099-12-31,
0,2000001667,Maps from,2025-04-16,2099-12-31,
2000001669,0,Maps to,2025-04-16,2099-12-31,
0,2000001669,Maps from,2025-04-16,2099-12-31,
2000001668,0,Maps to,2025-04-16,2099-12-31,
0,2000001668,Maps from,2025-04-16,2099-12-31,
2000001670,0,Maps to,2025-04-16,2099-12-31,
0,2000001670,Maps from,2025-04-16,2099-12-31,
2000000222,0,Maps to,2025-04-16,2099-12-31,
0,2000000222,Maps from,2025-04-16,2099-12-31,
2000001671,0,Maps to,2025-04-16,2099-12-31,
0,2000001671,Maps from,2025-04-16,2099-12-31,
2000001672,0,Maps to,2025-04-16,2099-12-31,
0,2000001672,Maps from,2025-04-16,2099-12-31,
2000001673,0,Maps to,2025-04-16,2099-12-31,
0,2000001673,Maps from,2025-04-16,2099-12-31,
2000001674,0,Maps to,2025-04-16,2099-12-31,
0,2000001674,Maps from,2025-04-16,2099-12-31,
2000001676,0,Maps to,2025-04-16,2099-12-31,
0,2000001676,Maps from,2025-04-16,2099-12-31,
2000001675,0,Maps to,2025-04-16,2099-12-31,
0,2000001675,Maps from,2025-04-16,2099-12-31,
2000001677,0,Maps to,2025-04-16,2099-12-31,
0,2000001677,Maps from,2025-04-16,2099-12-31,
2000001679,0,Maps to,2025-04-16,2099-12-31,
0,2000001679,Maps from,2025-04-16,2099-12-31,
2000001678,0,Maps to,2025-04-16,2099-12-31,
0,2000001678,Maps from,2025-04-16,2099-12-31,
2000001680,0,Maps to,2025-04-16,2099-12-31,
0,2000001680,Maps from,2025-04-16,2099-12-31,
2000000223,0,Maps to,2025-04-16,2099-12-31,
0,2000000223,Maps from,2025-04-16,2099-12-31,
2000001681,0,Maps to,2025-04-16,2099-12-31,
0,2000001681,Maps from,2025-04-16,2099-12-31,
2000001682,0,Maps to,2025-04-16,2099-12-31,
0,2000001682,Maps from,2025-04-16,2099-12-31,
2000001683,0,Maps to,2025-04-16,2099-12-31,
0,2000001683,Maps from,2025-04-16,2099-12-31,
2000001684,0,Maps to,2025-04-16,2099-12-31,
0,2000001684,Maps from,2025-04-16,2099-12-31,
2000001685,0,Maps to,2025-04-16,2099-12-31,
0,2000001685,Maps from,2025-04-16,2099-12-31,
2000001686,0,Maps to,2025-04-16,2099-12-31,
0,2000001686,Maps from,2025-04-16,2099-12-31,
2000001687,0,Maps to,2025-04-16,2099-12-31,
0,2000001687,Maps from,2025-04-16,2099-12-31,
2000001688,0,Maps to,2025-04-16,2099-12-31,
0,2000001688,Maps from,2025-04-16,2099-12-31,
2000001689,0,Maps to,2025-04-16,2099-12-31,
0,2000001689,Maps from,2025-04-16,2099-12-31,
2000001690,0,Maps to,2025-04-16,2099-12-31,
0,2000001690,Maps from,2025-04-16,2099-12-31,
2000001691,0,Maps to,2025-04-16,2099-12-31,
0,2000001691,Maps from,2025-04-16,2099-12-31,
2000001692,0,Maps to,2025-04-16,2099-12-31,
0,2000001692,Maps from,2025-04-16,2099-12-31,
2000001693,0,Maps to,2025-04-16,2099-12-31,
0,2000001693,Maps from,2025-04-16,2099-12-31,
2000001695,0,Maps to,2025-04-16,2099-12-31,
0,2000001695,Maps from,2025-04-16,2099-12-31,
2000001694,0,Maps to,2025-04-16,2099-12-31,
0,2000001694,Maps from,2025-04-16,2099-12-31,
2000001696,0,Maps to,2025-04-16,2099-12-31,
0,2000001696,Maps from,2025-04-16,2099-12-31,
2000001697,0,Maps to,2025-04-16,2099-12-31,
0,2000001697,Maps from,2025-04-16,2099-12-31,
2000001698,0,Maps to,2025-04-16,2099-12-31,
0,2000001698,Maps from,2025-04-16,2099-12-31,
2000001699,0,Maps to,2025-04-16,2099-12-31,
0,2000001699,Maps from,2025-04-16,2099-12-31,
2000001152,40786174,Maps to,2025-04-16,2099-12-31,
40786174,2000001152,Maps from,2025-04-16,2099-12-31,
2000001701,0,Maps to,2025-04-16,2099-12-31,
0,2000001701,Maps from,2025-04-16,2099-12-31,
2000001700,0,Maps to,2025-04-16,2099-12-31,
0,2000001700,Maps from,2025-04-16,2099-12-31,
2000001702,0,Maps to,2025-04-16,2099-12-31,
0,2000001702,Maps from,2025-04-16,2099-12-31,
2000001704,0,Maps to,2025-04-16,2099-12-31,
0,2000001704,Maps from,2025-04-16,2099-12-31,
2000001703,0,Maps to,2025-04-16,2099-12-31,
0,2000001703,Maps from,2025-04-16,2099-12-31,
2000001705,0,Maps to,2025-04-16,2099-12-31,
0,2000001705,Maps from,2025-04-16,2099-12-31,
2000001707,0,Maps to,2025-04-16,2099-12-31,
0,2000001707,Maps from,2025-04-16,2099-12-31,
2000001706,0,Maps to,2025-04-16,2099-12-31,
0,2000001706,Maps from,2025-04-16,2099-12-31,
2000001708,0,Maps to,2025-04-16,2099-12-31,
0,2000001708,Maps from,2025-04-16,2099-12-31,
2000001710,0,Maps to,2025-04-16,2099-12-31,
0,2000001710,Maps from,2025-04-16,2099-12-31,
2000001709,0,Maps to,2025-04-16,2099-12-31,
0,2000001709,Maps from,2025-04-16,2099-12-31,
2000001711,0,Maps to,2025-04-16,2099-12-31,
0,2000001711,Maps from,2025-04-16,2099-12-31,
2000001713,0,Maps to,2025-04-16,2099-12-31,
0,2000001713,Maps from,2025-04-16,2099-12-31,
2000001202,40789687,Maps to,2025-04-16,2099-12-31,
40789687,2000001202,Maps from,2025-04-16,2099-12-31,
2000001712,0,Maps to,2025-04-16,2099-12-31,
0,2000001712,Maps from,2025-04-16,2099-12-31,
2000001714,0,Maps to,2025-04-16,2099-12-31,
0,2000001714,Maps from,2025-04-16,2099-12-31,
2000001716,0,Maps to,2025-04-16,2099-12-31,
0,2000001716,Maps from,2025-04-16,2099-12-31,
2000001715,0,Maps to,2025-04-16,2099-12-31,
0,2000001715,Maps from,2025-04-16,2099-12-31,
2000000408,40775918,Maps to,2025-04-16,2099-12-31,
40775918,2000000408,Maps from,2025-04-16,2099-12-31,
2000001717,0,Maps to,2025-04-16,2099-12-31,
0,2000001717,Maps from,2025-04-16,2099-12-31,
2000001718,0,Maps to,2025-04-16,2099-12-31,
0,2000001718,Maps from,2025-04-16,2099-12-31,
2000001720,0,Maps to,2025-04-16,2099-12-31,
0,2000001720,Maps from,2025-04-16,2099-12-31,
2000000580,37047615,Maps to,2025-04-16,2099-12-31,
37047615,2000000580,Maps from,2025-04-16,2099-12-31,
2000001719,0,Maps to,2025-04-16,2099-12-31,
0,2000001719,Maps from,2025-04-16,2099-12-31,
2000001721,0,Maps to,2025-04-16,2099-12-31,
0,2000001721,Maps from,2025-04-16,2099-12-31,
2000001723,0,Maps to,2025-04-16,2099-12-31,
0,2000001723,Maps from,2025-04-16,2099-12-31,
2000001722,0,Maps to,2025-04-16,2099-12-31,
0,2000001722,Maps from,2025-04-16,2099-12-31,
2000001724,0,Maps to,2025-04-16,2099-12-31,
0,2000001724,Maps from,2025-04-16,2099-12-31,
2000001725,0,Maps to,2025-04-16,2099-12-31,
0,2000001725,Maps from,2025-04-16,2099-12-31,
2000001726,0,Maps to,2025-04-16,2099-12-31,
0,2000001726,Maps from,2025-04-16,2099-12-31,
2000001727,0,Maps to,2025-04-16,2099-12-31,
0,2000001727,Maps from,2025-04-16,2099-12-31,
2000001729,0,Maps to,2025-04-16,2099-12-31,
0,2000001729,Maps from,2025-04-16,2099-12-31,
2000001728,0,Maps to,2025-04-16,2099-12-31,
0,2000001728,Maps from,2025-04-16,2099-12-31,
2000001730,0,Maps to,2025-04-16,2099-12-31,
0,2000001730,Maps from,2025-04-16,2099-12-31,
2000001732,0,Maps to,2025-04-16,2099-12-31,
0,2000001732,Maps from,2025-04-16,2099-12-31,
2000001731,0,Maps to,2025-04-16,2099-12-31,
0,2000001731,Maps from,2025-04-16,2099-12-31,
2000001733,0,Maps to,2025-04-16,2099-12-31,
0,2000001733,Maps from,2025-04-16,2099-12-31,
2000001735,0,Maps to,2025-04-16,2099-12-31,
0,2000001735,Maps from,2025-04-16,2099-12-31,
2000001734,0,Maps to,2025-04-16,2099-12-31,
0,2000001734,Maps from,2025-04-16,2099-12-31,
2000001736,0,Maps to,2025-04-16,2099-12-31,
0,2000001736,Maps from,2025-04-16,2099-12-31,
2000001738,0,Maps to,2025-04-16,2099-12-31,
0,2000001738,Maps from,2025-04-16,2099-12-31,
2000001737,0,Maps to,2025-04-16,2099-12-31,
0,2000001737,Maps from,2025-04-16,2099-12-31,
2000001739,0,Maps to,2025-04-16,2099-12-31,
0,2000001739,Maps from,2025-04-16,2099-12-31,
2000001740,0,Maps to,2025-04-16,2099-12-31,
0,2000001740,Maps from,2025-04-16,2099-12-31,
2000001741,0,Maps to,2025-04-16,2099-12-31,
0,2000001741,Maps from,2025-04-16,2099-12-31,
2000001742,0,Maps to,2025-04-16,2099-12-31,
0,2000001742,Maps from,2025-04-16,2099-12-31,
2000001743,0,Maps to,2025-04-16,2099-12-31,
0,2000001743,Maps from,2025-04-16,2099-12-31,
2000001744,0,Maps to,2025-04-16,2099-12-31,
0,2000001744,Maps from,2025-04-16,2099-12-31,
2000001745,0,Maps to,2025-04-16,2099-12-31,
0,2000001745,Maps from,2025-04-16,2099-12-31,
2000001747,0,Maps to,2025-04-16,2099-12-31,
0,2000001747,Maps from,2025-04-16,2099-12-31,
2000001171,37031464,Maps to,2025-04-16,2099-12-31,
37031464,2000001171,Maps from,2025-04-16,2099-12-31,
2000001746,0,Maps to,2025-04-16,2099-12-31,
0,2000001746,Maps from,2025-04-16,2099-12-31,
2000001748,0,Maps to,2025-04-16,2099-12-31,
0,2000001748,Maps from,2025-04-16,2099-12-31,
2000001749,0,Maps to,2025-04-16,2099-12-31,
0,2000001749,Maps from,2025-04-16,2099-12-31,
2000001750,0,Maps to,2025-04-16,2099-12-31,
0,2000001750,Maps from,2025-04-16,2099-12-31,
2000001751,0,Maps to,2025-04-16,2099-12-31,
0,2000001751,Maps from,2025-04-16,2099-12-31,
2000001752,0,Maps to,2025-04-16,2099-12-31,
0,2000001752,Maps from,2025-04-16,2099-12-31,
2000001753,0,Maps to,2025-04-16,2099-12-31,
0,2000001753,Maps from,2025-04-16,2099-12-31,
2000001754,0,Maps to,2025-04-16,2099-12-31,
0,2000001754,Maps from,2025-04-16,2099-12-31,
2000001755,0,Maps to,2025-04-16,2099-12-31,
0,2000001755,Maps from,2025-04-16,2099-12-31,
2000000224,0,Maps to,2025-04-16,2099-12-31,
0,2000000224,Maps from,2025-04-16,2099-12-31,
2000001757,0,Maps to,2025-04-16,2099-12-31,
0,2000001757,Maps from,2025-04-16,2099-12-31,
2000001756,0,Maps to,2025-04-16,2099-12-31,
0,2000001756,Maps from,2025-04-16,2099-12-31,
2000001758,0,Maps to,2025-04-16,2099-12-31,
0,2000001758,Maps from,2025-04-16,2099-12-31,
2000001760,0,Maps to,2025-04-16,2099-12-31,
0,2000001760,Maps from,2025-04-16,2099-12-31,
2000001759,0,Maps to,2025-04-16,2099-12-31,
0,2000001759,Maps from,2025-04-16,2099-12-31,
2000001761,0,Maps to,2025-04-16,2099-12-31,
0,2000001761,Maps from,2025-04-16,2099-12-31,
2000001762,0,Maps to,2025-04-16,2099-12-31,
0,2000001762,Maps from,2025-04-16,2099-12-31,
2000001763,0,Maps to,2025-04-16,2099-12-31,
0,2000001763,Maps from,2025-04-16,2099-12-31,
2000001764,0,Maps to,2025-04-16,2099-12-31,
0,2000001764,Maps from,2025-04-16,2099-12-31,
2000001765,0,Maps to,2025-04-16,2099-12-31,
0,2000001765,Maps from,2025-04-16,2099-12-31,
2000001767,0,Maps to,2025-04-16,2099-12-31,
0,2000001767,Maps from,2025-04-16,2099-12-31,
2000001766,0,Maps to,2025-04-16,2099-12-31,
0,2000001766,Maps from,2025-04-16,2099-12-31,
2000001768,0,Maps to,2025-04-16,2099-12-31,
0,2000001768,Maps from,2025-04-16,2099-12-31,
2000001769,0,Maps to,2025-04-16,2099-12-31,
0,2000001769,Maps from,2025-04-16,2099-12-31,
2000001770,0,Maps to,2025-04-16,2099-12-31,
0,2000001770,Maps from,2025-04-16,2099-12-31,
2000001771,0,Maps to,2025-04-16,2099-12-31,
0,2000001771,Maps from,2025-04-16,2099-12-31,
2000001772,0,Maps to,2025-04-16,2099-12-31,
0,2000001772,Maps from,2025-04-16,2099-12-31,
2000000639,40773136,Maps to,2025-04-16,2099-12-31,
40773136,2000000639,Maps from,2025-04-16,2099-12-31,
2000001773,0,Maps to,2025-04-16,2099-12-31,
0,2000001773,Maps from,2025-04-16,2099-12-31,
2000001774,0,Maps to,2025-04-16,2099-12-31,
0,2000001774,Maps from,2025-04-16,2099-12-31,
2000001775,0,Maps to,2025-04-16,2099-12-31,
0,2000001775,Maps from,2025-04-16,2099-12-31,
2000001776,0,Maps to,2025-04-16,2099-12-31,
0,2000001776,Maps from,2025-04-16,2099-12-31,
2000001777,0,Maps to,2025-04-16,2099-12-31,
0,2000001777,Maps from,2025-04-16,2099-12-31,
2000001778,0,Maps to,2025-04-16,2099-12-31,
0,2000001778,Maps from,2025-04-16,2099-12-31,
2000001779,0,Maps to,2025-04-16,2099-12-31,
0,2000001779,Maps from,2025-04-16,2099-12-31,
2000001153,40786174,Maps to,2025-04-16,2099-12-31,
40786174,2000001153,Maps from,2025-04-16,2099-12-31,
2000001780,0,Maps to,2025-04-16,2099-12-31,
0,2000001780,Maps from,2025-04-16,2099-12-31,
2000001781,0,Maps to,2025-04-16,2099-12-31,
0,2000001781,Maps from,2025-04-16,2099-12-31,
2000000225,0,Maps to,2025-04-16,2099-12-31,
0,2000000225,Maps from,2025-04-16,2099-12-31,
2000001783,0,Maps to,2025-04-16,2099-12-31,
0,2000001783,Maps from,2025-04-16,2099-12-31,
2000001782,0,Maps to,2025-04-16,2099-12-31,
0,2000001782,Maps from,2025-04-16,2099-12-31,
2000001784,0,Maps to,2025-04-16,2099-12-31,
0,2000001784,Maps from,2025-04-16,2099-12-31,
2000001786,0,Maps to,2025-04-16,2099-12-31,
0,2000001786,Maps from,2025-04-16,2099-12-31,
2000001785,0,Maps to,2025-04-16,2099-12-31,
0,2000001785,Maps from,2025-04-16,2099-12-31,
2000001787,0,Maps to,2025-04-16,2099-12-31,
0,2000001787,Maps from,2025-04-16,2099-12-31,
2000001789,0,Maps to,2025-04-16,2099-12-31,
0,2000001789,Maps from,2025-04-16,2099-12-31,
2000001788,0,Maps to,2025-04-16,2099-12-31,
0,2000001788,Maps from,2025-04-16,2099-12-31,
2000001790,0,Maps to,2025-04-16,2099-12-31,
0,2000001790,Maps from,2025-04-16,2099-12-31,
2000001791,0,Maps to,2025-04-16,2099-12-31,
0,2000001791,Maps from,2025-04-16,2099-12-31,
2000001792,0,Maps to,2025-04-16,2099-12-31,
0,2000001792,Maps from,2025-04-16,2099-12-31,
2000001793,0,Maps to,2025-04-16,2099-12-31,
0,2000001793,Maps from,2025-04-16,2099-12-31,
2000001794,0,Maps to,2025-04-16,2099-12-31,
0,2000001794,Maps from,2025-04-16,2099-12-31,
2000001795,0,Maps to,2025-04-16,2099-12-31,
0,2000001795,Maps from,2025-04-16,2099-12-31,
2000000226,0,Maps to,2025-04-16,2099-12-31,
0,2000000226,Maps from,2025-04-16,2099-12-31,
2000000780,40789748,Maps to,2025-04-16,2099-12-31,
40789748,2000000780,Maps from,2025-04-16,2099-12-31,
2000001197,40796242,Maps to,2025-04-16,2099-12-31,
40796242,2000001197,Maps from,2025-04-16,2099-12-31,
2000001796,0,Maps to,2025-04-16,2099-12-31,
0,2000001796,Maps from,2025-04-16,2099-12-31,
2000001797,0,Maps to,2025-04-16,2099-12-31,
0,2000001797,Maps from,2025-04-16,2099-12-31,
2000001798,0,Maps to,2025-04-16,2099-12-31,
0,2000001798,Maps from,2025-04-16,2099-12-31,
2000001800,0,Maps to,2025-04-16,2099-12-31,
0,2000001800,Maps from,2025-04-16,2099-12-31,
2000001799,0,Maps to,2025-04-16,2099-12-31,
0,2000001799,Maps from,2025-04-16,2099-12-31,
2000001801,0,Maps to,2025-04-16,2099-12-31,
0,2000001801,Maps from,2025-04-16,2099-12-31,
2000001802,0,Maps to,2025-04-16,2099-12-31,
0,2000001802,Maps from,2025-04-16,2099-12-31,
2000001803,0,Maps to,2025-04-16,2099-12-31,
0,2000001803,Maps from,2025-04-16,2099-12-31,
2000001804,0,Maps to,2025-04-16,2099-12-31,
0,2000001804,Maps from,2025-04-16,2099-12-31,
2000001805,0,Maps to,2025-04-16,2099-12-31,
0,2000001805,Maps from,2025-04-16,2099-12-31,
2000001807,0,Maps to,2025-04-16,2099-12-31,
0,2000001807,Maps from,2025-04-16,2099-12-31,
2000001806,0,Maps to,2025-04-16,2099-12-31,
0,2000001806,Maps from,2025-04-16,2099-12-31,
2000001203,40789687,Maps to,2025-04-16,2099-12-31,
40789687,2000001203,Maps from,2025-04-16,2099-12-31,
2000001808,0,Maps to,2025-04-16,2099-12-31,
0,2000001808,Maps from,2025-04-16,2099-12-31,
2000001809,0,Maps to,2025-04-16,2099-12-31,
0,2000001809,Maps from,2025-04-16,2099-12-31,
2000001810,0,Maps to,2025-04-16,2099-12-31,
0,2000001810,Maps from,2025-04-16,2099-12-31,
2000001811,0,Maps to,2025-04-16,2099-12-31,
0,2000001811,Maps from,2025-04-16,2099-12-31,
2000001813,0,Maps to,2025-04-16,2099-12-31,
0,2000001813,Maps from,2025-04-16,2099-12-31,
2000001812,0,Maps to,2025-04-16,2099-12-31,
0,2000001812,Maps from,2025-04-16,2099-12-31,
2000001814,0,Maps to,2025-04-16,2099-12-31,
0,2000001814,Maps from,2025-04-16,2099-12-31,
2000001815,0,Maps to,2025-04-16,2099-12-31,
0,2000001815,Maps from,2025-04-16,2099-12-31,
2000001816,0,Maps to,2025-04-16,2099-12-31,
0,2000001816,Maps from,2025-04-16,2099-12-31,
2000001817,0,Maps to,2025-04-16,2099-12-31,
0,2000001817,Maps from,2025-04-16,2099-12-31,
2000001819,0,Maps to,2025-04-16,2099-12-31,
0,2000001819,Maps from,2025-04-16,2099-12-31,
2000001818,0,Maps to,2025-04-16,2099-12-31,
0,2000001818,Maps from,2025-04-16,2099-12-31,
2000001820,0,Maps to,2025-04-16,2099-12-31,
0,2000001820,Maps from,2025-04-16,2099-12-31,
2000001822,0,Maps to,2025-04-16,2099-12-31,
0,2000001822,Maps from,2025-04-16,2099-12-31,
2000001172,40785905,Maps to,2025-04-16,2099-12-31,
40785905,2000001172,Maps from,2025-04-16,2099-12-31,
2000001821,0,Maps to,2025-04-16,2099-12-31,
0,2000001821,Maps from,2025-04-16,2099-12-31,
2000001173,40785905,Maps to,2025-04-16,2099-12-31,
40785905,2000001173,Maps from,2025-04-16,2099-12-31,
2000001823,0,Maps to,2025-04-16,2099-12-31,
0,2000001823,Maps from,2025-04-16,2099-12-31,
2000001824,0,Maps to,2025-04-16,2099-12-31,
0,2000001824,Maps from,2025-04-16,2099-12-31,
2000001826,0,Maps to,2025-04-16,2099-12-31,
0,2000001826,Maps from,2025-04-16,2099-12-31,
2000001825,0,Maps to,2025-04-16,2099-12-31,
0,2000001825,Maps from,2025-04-16,2099-12-31,
2000001179,40783137,Maps to,2025-04-16,2099-12-31,
40783137,2000001179,Maps from,2025-04-16,2099-12-31,
2000001180,40783137,Maps to,2025-04-16,2099-12-31,
40783137,2000001180,Maps from,2025-04-16,2099-12-31,
2000001827,0,Maps to,2025-04-16,2099-12-31,
0,2000001827,Maps from,2025-04-16,2099-12-31,
2000001828,0,Maps to,2025-04-16,2099-12-31,
0,2000001828,Maps from,2025-04-16,2099-12-31,
2000001829,0,Maps to,2025-04-16,2099-12-31,
0,2000001829,Maps from,2025-04-16,2099-12-31,
2000001830,0,Maps to,2025-04-16,2099-12-31,
0,2000001830,Maps from,2025-04-16,2099-12-31,
2000001832,0,Maps to,2025-04-16,2099-12-31,
0,2000001832,Maps from,2025-04-16,2099-12-31,
2000001831,0,Maps to,2025-04-16,2099-12-31,
0,2000001831,Maps from,2025-04-16,2099-12-31,
2000001833,0,Maps to,2025-04-16,2099-12-31,
0,2000001833,Maps from,2025-04-16,2099-12-31,
2000001834,0,Maps to,2025-04-16,2099-12-31,
0,2000001834,Maps from,2025-04-16,2099-12-31,
2000001835,0,Maps to,2025-04-16,2099-12-31,
0,2000001835,Maps from,2025-04-16,2099-12-31,
2000001836,0,Maps to,2025-04-16,2099-12-31,
0,2000001836,Maps from,2025-04-16,2099-12-31,
2000001837,0,Maps to,2025-04-16,2099-12-31,
0,2000001837,Maps from,2025-04-16,2099-12-31,
2000000227,0,Maps to,2025-04-16,2099-12-31,
0,2000000227,Maps from,2025-04-16,2099-12-31,
2000001838,0,Maps to,2025-04-16,2099-12-31,
0,2000001838,Maps from,2025-04-16,2099-12-31,
2000001839,0,Maps to,2025-04-16,2099-12-31,
0,2000001839,Maps from,2025-04-16,2099-12-31,
2000001840,0,Maps to,2025-04-16,2099-12-31,
0,2000001840,Maps from,2025-04-16,2099-12-31,
2000001842,0,Maps to,2025-04-16,2099-12-31,
0,2000001842,Maps from,2025-04-16,2099-12-31,
2000001841,0,Maps to,2025-04-16,2099-12-31,
0,2000001841,Maps from,2025-04-16,2099-12-31,
2000000052,40775801,Maps to,2025-04-16,2099-12-31,
40775801,2000000052,Maps from,2025-04-16,2099-12-31,
2000000138,40786050,Maps to,2025-04-16,2099-12-31,
40786050,2000000138,Maps from,2025-04-16,2099-12-31,
2000001843,0,Maps to,2025-04-16,2099-12-31,
0,2000001843,Maps from,2025-04-16,2099-12-31,
2000001844,0,Maps to,2025-04-16,2099-12-31,
0,2000001844,Maps from,2025-04-16,2099-12-31,
2000001846,0,Maps to,2025-04-16,2099-12-31,
0,2000001846,Maps from,2025-04-16,2099-12-31,
2000001845,0,Maps to,2025-04-16,2099-12-31,
0,2000001845,Maps from,2025-04-16,2099-12-31,
2000001847,0,Maps to,2025-04-16,2099-12-31,
0,2000001847,Maps from,2025-04-16,2099-12-31,
2000001849,0,Maps to,2025-04-16,2099-12-31,
0,2000001849,Maps from,2025-04-16,2099-12-31,
2000001848,0,Maps to,2025-04-16,2099-12-31,
0,2000001848,Maps from,2025-04-16,2099-12-31,
2000001850,0,Maps to,2025-04-16,2099-12-31,
0,2000001850,Maps from,2025-04-16,2099-12-31,
2000000228,0,Maps to,2025-04-16,2099-12-31,
0,2000000228,Maps from,2025-04-16,2099-12-31,
2000001852,0,Maps to,2025-04-16,2099-12-31,
0,2000001852,Maps from,2025-04-16,2099-12-31,
2000001851,0,Maps to,2025-04-16,2099-12-31,
0,2000001851,Maps from,2025-04-16,2099-12-31,
2000001853,0,Maps to,2025-04-16,2099-12-31,
0,2000001853,Maps from,2025-04-16,2099-12-31,
2000001855,0,Maps to,2025-04-16,2099-12-31,
0,2000001855,Maps from,2025-04-16,2099-12-31,
2000001854,0,Maps to,2025-04-16,2099-12-31,
0,2000001854,Maps from,2025-04-16,2099-12-31,
2000001856,0,Maps to,2025-04-16,2099-12-31,
0,2000001856,Maps from,2025-04-16,2099-12-31,
2000001857,0,Maps to,2025-04-16,2099-12-31,
0,2000001857,Maps from,2025-04-16,2099-12-31,
2000001858,0,Maps to,2025-04-16,2099-12-31,
0,2000001858,Maps from,2025-04-16,2099-12-31,
2000001859,0,Maps to,2025-04-16,2099-12-31,
0,2000001859,Maps from,2025-04-16,2099-12-31,
2000001860,0,Maps to,2025-04-16,2099-12-31,
0,2000001860,Maps from,2025-04-16,2099-12-31,
2000001862,0,Maps to,2025-04-16,2099-12-31,
0,2000001862,Maps from,2025-04-16,2099-12-31,
2000001861,0,Maps to,2025-04-16,2099-12-31,
0,2000001861,Maps from,2025-04-16,2099-12-31,
2000001863,0,Maps to,2025-04-16,2099-12-31,
0,2000001863,Maps from,2025-04-16,2099-12-31,
2000001865,0,Maps to,2025-04-16,2099-12-31,
0,2000001865,Maps from,2025-04-16,2099-12-31,
2000001864,0,Maps to,2025-04-16,2099-12-31,
0,2000001864,Maps from,2025-04-16,2099-12-31,
2000001866,0,Maps to,2025-04-16,2099-12-31,
0,2000001866,Maps from,2025-04-16,2099-12-31,
2000001868,0,Maps to,2025-04-16,2099-12-31,
0,2000001868,Maps from,2025-04-16,2099-12-31,
2000001867,0,Maps to,2025-04-16,2099-12-31,
0,2000001867,Maps from,2025-04-16,2099-12-31,
2000001869,0,Maps to,2025-04-16,2099-12-31,
0,2000001869,Maps from,2025-04-16,2099-12-31,
2000001870,0,Maps to,2025-04-16,2099-12-31,
0,2000001870,Maps from,2025-04-16,2099-12-31,
2000001871,0,Maps to,2025-04-16,2099-12-31,
0,2000001871,Maps from,2025-04-16,2099-12-31,
2000001872,0,Maps to,2025-04-16,2099-12-31,
0,2000001872,Maps from,2025-04-16,2099-12-31,
2000001874,0,Maps to,2025-04-16,2099-12-31,
0,2000001874,Maps from,2025-04-16,2099-12-31,
2000000066,40791227,Maps to,2025-04-16,2099-12-31,
40791227,2000000066,Maps from,2025-04-16,2099-12-31,
2000001873,0,Maps to,2025-04-16,2099-12-31,
0,2000001873,Maps from,2025-04-16,2099-12-31,
2000001875,0,Maps to,2025-04-16,2099-12-31,
0,2000001875,Maps from,2025-04-16,2099-12-31,
2000001876,0,Maps to,2025-04-16,2099-12-31,
0,2000001876,Maps from,2025-04-16,2099-12-31,
2000001878,0,Maps to,2025-04-16,2099-12-31,
0,2000001878,Maps from,2025-04-16,2099-12-31,
2000001877,0,Maps to,2025-04-16,2099-12-31,
0,2000001877,Maps from,2025-04-16,2099-12-31,
2000001879,0,Maps to,2025-04-16,2099-12-31,
0,2000001879,Maps from,2025-04-16,2099-12-31,
2000001880,0,Maps to,2025-04-16,2099-12-31,
0,2000001880,Maps from,2025-04-16,2099-12-31,
2000001881,0,Maps to,2025-04-16,2099-12-31,
0,2000001881,Maps from,2025-04-16,2099-12-31,
2000001882,0,Maps to,2025-04-16,2099-12-31,
0,2000001882,Maps from,2025-04-16,2099-12-31,
2000001883,0,Maps to,2025-04-16,2099-12-31,
0,2000001883,Maps from,2025-04-16,2099-12-31,
2000001884,0,Maps to,2025-04-16,2099-12-31,
0,2000001884,Maps from,2025-04-16,2099-12-31,
2000000079,3968605,Maps to,2025-04-16,2099-12-31,
3968605,2000000079,Maps from,2025-04-16,2099-12-31,
2000001885,0,Maps to,2025-04-16,2099-12-31,
0,2000001885,Maps from,2025-04-16,2099-12-31,
2000001886,0,Maps to,2025-04-16,2099-12-31,
0,2000001886,Maps from,2025-04-16,2099-12-31,
2000001887,0,Maps to,2025-04-16,2099-12-31,
0,2000001887,Maps from,2025-04-16,2099-12-31,
2000001888,0,Maps to,2025-04-16,2099-12-31,
0,2000001888,Maps from,2025-04-16,2099-12-31,
2000001889,0,Maps to,2025-04-16,2099-12-31,
0,2000001889,Maps from,2025-04-16,2099-12-31,
2000001890,0,Maps to,2025-04-16,2099-12-31,
0,2000001890,Maps from,2025-04-16,2099-12-31,
2000001891,0,Maps to,2025-04-16,2099-12-31,
0,2000001891,Maps from,2025-04-16,2099-12-31,
2000001893,0,Maps to,2025-04-16,2099-12-31,
0,2000001893,Maps from,2025-04-16,2099-12-31,
2000001892,0,Maps to,2025-04-16,2099-12-31,
0,2000001892,Maps from,2025-04-16,2099-12-31,
2000001894,0,Maps to,2025-04-16,2099-12-31,
0,2000001894,Maps from,2025-04-16,2099-12-31,
2000001895,0,Maps to,2025-04-16,2099-12-31,
0,2000001895,Maps from,2025-04-16,2099-12-31,
2000001896,0,Maps to,2025-04-16,2099-12-31,
0,2000001896,Maps from,2025-04-16,2099-12-31,
2000001897,0,Maps to,2025-04-16,2099-12-31,
0,2000001897,Maps from,2025-04-16,2099-12-31,
2000001899,0,Maps to,2025-04-16,2099-12-31,
0,2000001899,Maps from,2025-04-16,2099-12-31,
2000001898,0,Maps to,2025-04-16,2099-12-31,
0,2000001898,Maps from,2025-04-16,2099-12-31,
2000001900,0,Maps to,2025-04-16,2099-12-31,
0,2000001900,Maps from,2025-04-16,2099-12-31,
2000001901,0,Maps to,2025-04-16,2099-12-31,
0,2000001901,Maps from,2025-04-16,2099-12-31,
2000001902,0,Maps to,2025-04-16,2099-12-31,
0,2000001902,Maps from,2025-04-16,2099-12-31,
2000001903,0,Maps to,2025-04-16,2099-12-31,
0,2000001903,Maps from,2025-04-16,2099-12-31,
2000001904,0,Maps to,2025-04-16,2099-12-31,
0,2000001904,Maps from,2025-04-16,2099-12-31,
2000001905,0,Maps to,2025-04-16,2099-12-31,
0,2000001905,Maps from,2025-04-16,2099-12-31,
2000000229,0,Maps to,2025-04-16,2099-12-31,
0,2000000229,Maps from,2025-04-16,2099-12-31,
2000001906,0,Maps to,2025-04-16,2099-12-31,
0,2000001906,Maps from,2025-04-16,2099-12-31,
2000001907,0,Maps to,2025-04-16,2099-12-31,
0,2000001907,Maps from,2025-04-16,2099-12-31,
2000001210,40796316,Maps to,2025-04-16,2099-12-31,
40796316,2000001210,Maps from,2025-04-16,2099-12-31,
2000001212,42870764,Maps to,2025-04-16,2099-12-31,
42870764,2000001212,Maps from,2025-04-16,2099-12-31,
2000001213,42871106,Maps to,2025-04-16,2099-12-31,
42871106,2000001213,Maps from,2025-04-16,2099-12-31,
2000001908,0,Maps to,2025-04-16,2099-12-31,
0,2000001908,Maps from,2025-04-16,2099-12-31,
2000001909,0,Maps to,2025-04-16,2099-12-31,
0,2000001909,Maps from,2025-04-16,2099-12-31,
2000001910,0,Maps to,2025-04-16,2099-12-31,
0,2000001910,Maps from,2025-04-16,2099-12-31,
2000001911,0,Maps to,2025-04-16,2099-12-31,
0,2000001911,Maps from,2025-04-16,2099-12-31,
2000001913,0,Maps to,2025-04-16,2099-12-31,
0,2000001913,Maps from,2025-04-16,2099-12-31,
2000001912,0,Maps to,2025-04-16,2099-12-31,
0,2000001912,Maps from,2025-04-16,2099-12-31,
2000001914,0,Maps to,2025-04-16,2099-12-31,
0,2000001914,Maps from,2025-04-16,2099-12-31,
2000001204,40789687,Maps to,2025-04-16,2099-12-31,
40789687,2000001204,Maps from,2025-04-16,2099-12-31,
2000001916,0,Maps to,2025-04-16,2099-12-31,
0,2000001916,Maps from,2025-04-16,2099-12-31,
2000001915,0,Maps to,2025-04-16,2099-12-31,
0,2000001915,Maps from,2025-04-16,2099-12-31,
2000001917,0,Maps to,2025-04-16,2099-12-31,
0,2000001917,Maps from,2025-04-16,2099-12-31,
2000001918,0,Maps to,2025-04-16,2099-12-31,
0,2000001918,Maps from,2025-04-16,2099-12-31,
2000001919,0,Maps to,2025-04-16,2099-12-31,
0,2000001919,Maps from,2025-04-16,2099-12-31,
2000000115,1013450,Maps to,2025-04-16,2099-12-31,
1013450,2000000115,Maps from,2025-04-16,2099-12-31,
2000000124,1013451,Maps to,2025-04-16,2099-12-31,
1013451,2000000124,Maps from,2025-04-16,2099-12-31,
2000001920,0,Maps to,2025-04-16,2099-12-31,
0,2000001920,Maps from,2025-04-16,2099-12-31,
2000000037,40789182,Maps to,2025-04-16,2099-12-31,
40789182,2000000037,Maps from,2025-04-16,2099-12-31,
2000000047,40772531,Maps to,2025-04-16,2099-12-31,
40772531,2000000047,Maps from,2025-04-16,2099-12-31,
2000000018,40779159,Maps to,2025-04-16,2099-12-31,
40779159,2000000018,Maps from,2025-04-16,2099-12-31,
2000000040,40789356,Maps to,2025-04-16,2099-12-31,
40789356,2000000040,Maps from,2025-04-16,2099-12-31,
2000000023,40795725,Maps to,2025-04-16,2099-12-31,
40795725,2000000023,Maps from,2025-04-16,2099-12-31,
2000000050,40785793,Maps to,2025-04-16,2099-12-31,
40785793,2000000050,Maps from,2025-04-16,2099-12-31,
2000001922,0,Maps to,2025-04-16,2099-12-31,
0,2000001922,Maps from,2025-04-16,2099-12-31,
2000001921,0,Maps to,2025-04-16,2099-12-31,
0,2000001921,Maps from,2025-04-16,2099-12-31,
2000000005,40782521,Maps to,2025-04-16,2099-12-31,
40782521,2000000005,Maps from,2025-04-16,2099-12-31,
2000000009,40789120,Maps to,2025-04-16,2099-12-31,
40789120,2000000009,Maps from,2025-04-16,2099-12-31,
2000001923,0,Maps to,2025-04-16,2099-12-31,
0,2000001923,Maps from,2025-04-16,2099-12-31,
2000001924,0,Maps to,2025-04-16,2099-12-31,
0,2000001924,Maps from,2025-04-16,2099-12-31,
2000001925,0,Maps to,2025-04-16,2099-12-31,
0,2000001925,Maps from,2025-04-16,2099-12-31,
2000001926,0,Maps to,2025-04-16,2099-12-31,
0,2000001926,Maps from,2025-04-16,2099-12-31,
2000001927,0,Maps to,2025-04-16,2099-12-31,
0,2000001927,Maps from,2025-04-16,2099-12-31,
2000001928,0,Maps to,2025-04-16,2099-12-31,
0,2000001928,Maps from,2025-04-16,2099-12-31,
2000001929,0,Maps to,2025-04-16,2099-12-31,
0,2000001929,Maps from,2025-04-16,2099-12-31,
2000001930,0,Maps to,2025-04-16,2099-12-31,
0,2000001930,Maps from,2025-04-16,2099-12-31,
2000001931,0,Maps to,2025-04-16,2099-12-31,
0,2000001931,Maps from,2025-04-16,2099-12-31,
2000001933,0,Maps to,2025-04-16,2099-12-31,
0,2000001933,Maps from,2025-04-16,2099-12-31,
2000001932,0,Maps to,2025-04-16,2099-12-31,
0,2000001932,Maps from,2025-04-16,2099-12-31,
2000000230,0,Maps to,2025-04-16,2099-12-31,
0,2000000230,Maps from,2025-04-16,2099-12-31,
2000001934,0,Maps to,2025-04-16,2099-12-31,
0,2000001934,Maps from,2025-04-16,2099-12-31,
2000001935,0,Maps to,2025-04-16,2099-12-31,
0,2000001935,Maps from,2025-04-16,2099-12-31,
2000000093,40779184,Maps to,2025-04-16,2099-12-31,
40779184,2000000093,Maps from,2025-04-16,2099-12-31,
2000001937,0,Maps to,2025-04-16,2099-12-31,
0,2000001937,Maps from,2025-04-16,2099-12-31,
2000001936,0,Maps to,2025-04-16,2099-12-31,
0,2000001936,Maps from,2025-04-16,2099-12-31,
2000001938,0,Maps to,2025-04-16,2099-12-31,
0,2000001938,Maps from,2025-04-16,2099-12-31,
2000000231,0,Maps to,2025-04-16,2099-12-31,
0,2000000231,Maps from,2025-04-16,2099-12-31,
2000001939,0,Maps to,2025-04-16,2099-12-31,
0,2000001939,Maps from,2025-04-16,2099-12-31,
2000000232,0,Maps to,2025-04-16,2099-12-31,
0,2000000232,Maps from,2025-04-16,2099-12-31,
2000001940,0,Maps to,2025-04-16,2099-12-31,
0,2000001940,Maps from,2025-04-16,2099-12-31,
2000001942,0,Maps to,2025-04-16,2099-12-31,
0,2000001942,Maps from,2025-04-16,2099-12-31,
2000001941,0,Maps to,2025-04-16,2099-12-31,
0,2000001941,Maps from,2025-04-16,2099-12-31,
2000001943,0,Maps to,2025-04-16,2099-12-31,
0,2000001943,Maps from,2025-04-16,2099-12-31,
2000001214,1992430,Maps to,2025-04-16,2099-12-31,
1992430,2000001214,Maps from,2025-04-16,2099-12-31,
2000001215,40782864,Maps to,2025-04-16,2099-12-31,
40782864,2000001215,Maps from,2025-04-16,2099-12-31,
2000001945,0,Maps to,2025-04-16,2099-12-31,
0,2000001945,Maps from,2025-04-16,2099-12-31,
2000001944,0,Maps to,2025-04-16,2099-12-31,
0,2000001944,Maps from,2025-04-16,2099-12-31,
2000001946,0,Maps to,2025-04-16,2099-12-31,
0,2000001946,Maps from,2025-04-16,2099-12-31,
2000001947,0,Maps to,2025-04-16,2099-12-31,
0,2000001947,Maps from,2025-04-16,2099-12-31,
2000001948,0,Maps to,2025-04-16,2099-12-31,
0,2000001948,Maps from,2025-04-16,2099-12-31,
2000001949,0,Maps to,2025-04-16,2099-12-31,
0,2000001949,Maps from,2025-04-16,2099-12-31,
2000001950,0,Maps to,2025-04-16,2099-12-31,
0,2000001950,Maps from,2025-04-16,2099-12-31,
2000001951,0,Maps to,2025-04-16,2099-12-31,
0,2000001951,Maps from,2025-04-16,2099-12-31,
2000001952,0,Maps to,2025-04-16,2099-12-31,
0,2000001952,Maps from,2025-04-16,2099-12-31,
2000001953,0,Maps to,2025-04-16,2099-12-31,
0,2000001953,Maps from,2025-04-16,2099-12-31,
2000001954,0,Maps to,2025-04-16,2099-12-31,
0,2000001954,Maps from,2025-04-16,2099-12-31,
2000001955,0,Maps to,2025-04-16,2099-12-31,
0,2000001955,Maps from,2025-04-16,2099-12-31,
2000001956,0,Maps to,2025-04-16,2099-12-31,
0,2000001956,Maps from,2025-04-16,2099-12-31,
2000001958,0,Maps to,2025-04-16,2099-12-31,
0,2000001958,Maps from,2025-04-16,2099-12-31,
2000001957,0,Maps to,2025-04-16,2099-12-31,
0,2000001957,Maps from,2025-04-16,2099-12-31,
2000001959,0,Maps to,2025-04-16,2099-12-31,
0,2000001959,Maps from,2025-04-16,2099-12-31,
2000001960,0,Maps to,2025-04-16,2099-12-31,
0,2000001960,Maps from,2025-04-16,2099-12-31,
2000001961,0,Maps to,2025-04-16,2099-12-31,
0,2000001961,Maps from,2025-04-16,2099-12-31,
2000001962,0,Maps to,2025-04-16,2099-12-31,
0,2000001962,Maps from,2025-04-16,2099-12-31,
2000001963,0,Maps to,2025-04-16,2099-12-31,
0,2000001963,Maps from,2025-04-16,2099-12-31,
2000001964,0,Maps to,2025-04-16,2099-12-31,
0,2000001964,Maps from,2025-04-16,2099-12-31,
2000001965,0,Maps to,2025-04-16,2099-12-31,
0,2000001965,Maps from,2025-04-16,2099-12-31,
2000001967,0,Maps to,2025-04-16,2099-12-31,
0,2000001967,Maps from,2025-04-16,2099-12-31,
2000001966,0,Maps to,2025-04-16,2099-12-31,
0,2000001966,Maps from,2025-04-16,2099-12-31,
2000001968,0,Maps to,2025-04-16,2099-12-31,
0,2000001968,Maps from,2025-04-16,2099-12-31,
2000001969,0,Maps to,2025-04-16,2099-12-31,
0,2000001969,Maps from,2025-04-16,2099-12-31,
2000001174,40795831,Maps to,2025-04-16,2099-12-31,
40795831,2000001174,Maps from,2025-04-16,2099-12-31,
2000001970,0,Maps to,2025-04-16,2099-12-31,
0,2000001970,Maps from,2025-04-16,2099-12-31,
2000001971,0,Maps to,2025-04-16,2099-12-31,
0,2000001971,Maps from,2025-04-16,2099-12-31,
2000001972,0,Maps to,2025-04-16,2099-12-31,
0,2000001972,Maps from,2025-04-16,2099-12-31,
2000000233,0,Maps to,2025-04-16,2099-12-31,
0,2000000233,Maps from,2025-04-16,2099-12-31,
2000000583,37047615,Maps to,2025-04-16,2099-12-31,
37047615,2000000583,Maps from,2025-04-16,2099-12-31,
2000001974,0,Maps to,2025-04-16,2099-12-31,
0,2000001974,Maps from,2025-04-16,2099-12-31,
2000001973,0,Maps to,2025-04-16,2099-12-31,
0,2000001973,Maps from,2025-04-16,2099-12-31,
2000001975,0,Maps to,2025-04-16,2099-12-31,
0,2000001975,Maps from,2025-04-16,2099-12-31,
2000001976,0,Maps to,2025-04-16,2099-12-31,
0,2000001976,Maps from,2025-04-16,2099-12-31,
2000001977,0,Maps to,2025-04-16,2099-12-31,
0,2000001977,Maps from,2025-04-16,2099-12-31,
2000001978,0,Maps to,2025-04-16,2099-12-31,
0,2000001978,Maps from,2025-04-16,2099-12-31,
2000001979,0,Maps to,2025-04-16,2099-12-31,
0,2000001979,Maps from,2025-04-16,2099-12-31,
2000001980,0,Maps to,2025-04-16,2099-12-31,
0,2000001980,Maps from,2025-04-16,2099-12-31,
2000001195,40796242,Maps to,2025-04-16,2099-12-31,
40796242,2000001195,Maps from,2025-04-16,2099-12-31,
2000001196,40796242,Maps to,2025-04-16,2099-12-31,
40796242,2000001196,Maps from,2025-04-16,2099-12-31,
2000001981,0,Maps to,2025-04-16,2099-12-31,
0,2000001981,Maps from,2025-04-16,2099-12-31,
2000001982,0,Maps to,2025-04-16,2099-12-31,
0,2000001982,Maps from,2025-04-16,2099-12-31,
2000001983,0,Maps to,2025-04-16,2099-12-31,
0,2000001983,Maps from,2025-04-16,2099-12-31,
2000001984,0,Maps to,2025-04-16,2099-12-31,
0,2000001984,Maps from,2025-04-16,2099-12-31,
2000001985,0,Maps to,2025-04-16,2099-12-31,
0,2000001985,Maps from,2025-04-16,2099-12-31,
2000001986,0,Maps to,2025-04-16,2099-12-31,
0,2000001986,Maps from,2025-04-16,2099-12-31,
2000000390,40779364,Maps to,2025-04-16,2099-12-31,
40779364,2000000390,Maps from,2025-04-16,2099-12-31,
2000001988,0,Maps to,2025-04-16,2099-12-31,
0,2000001988,Maps from,2025-04-16,2099-12-31,
2000001987,0,Maps to,2025-04-16,2099-12-31,
0,2000001987,Maps from,2025-04-16,2099-12-31,
2000001989,0,Maps to,2025-04-16,2099-12-31,
0,2000001989,Maps from,2025-04-16,2099-12-31,
2000001991,0,Maps to,2025-04-16,2099-12-31,
0,2000001991,Maps from,2025-04-16,2099-12-31,
2000001990,0,Maps to,2025-04-16,2099-12-31,
0,2000001990,Maps from,2025-04-16,2099-12-31,
2000001992,0,Maps to,2025-04-16,2099-12-31,
0,2000001992,Maps from,2025-04-16,2099-12-31,
2000001994,0,Maps to,2025-04-16,2099-12-31,
0,2000001994,Maps from,2025-04-16,2099-12-31,
2000001993,0,Maps to,2025-04-16,2099-12-31,
0,2000001993,Maps from,2025-04-16,2099-12-31,
2000001995,0,Maps to,2025-04-16,2099-12-31,
0,2000001995,Maps from,2025-04-16,2099-12-31,
2000001996,0,Maps to,2025-04-16,2099-12-31,
0,2000001996,Maps from,2025-04-16,2099-12-31,
2000001997,0,Maps to,2025-04-16,2099-12-31,
0,2000001997,Maps from,2025-04-16,2099-12-31,
2000001998,0,Maps to,2025-04-16,2099-12-31,
0,2000001998,Maps from,2025-04-16,2099-12-31,
2000002000,0,Maps to,2025-04-16,2099-12-31,
0,2000002000,Maps from,2025-04-16,2099-12-31,
2000001999,0,Maps to,2025-04-16,2099-12-31,
0,2000001999,Maps from,2025-04-16,2099-12-31,
2000002001,0,Maps to,2025-04-16,2099-12-31,
0,2000002001,Maps from,2025-04-16,2099-12-31,
2000002002,0,Maps to,2025-04-16,2099-12-31,
0,2000002002,Maps from,2025-04-16,2099-12-31,
2000002003,0,Maps to,2025-04-16,2099-12-31,
0,2000002003,Maps from,2025-04-16,2099-12-31,
2000002004,0,Maps to,2025-04-16,2099-12-31,
0,2000002004,Maps from,2025-04-16,2099-12-31,
2000002005,0,Maps to,2025-04-16,2099-12-31,
0,2000002005,Maps from,2025-04-16,2099-12-31,
2000002006,0,Maps to,2025-04-16,2099-12-31,
0,2000002006,Maps from,2025-04-16,2099-12-31,
2000002007,0,Maps to,2025-04-16,2099-12-31,
0,2000002007,Maps from,2025-04-16,2099-12-31,
2000002009,0,Maps to,2025-04-16,2099-12-31,
0,2000002009,Maps from,2025-04-16,2099-12-31,
2000002008,0,Maps to,2025-04-16,2099-12-31,
0,2000002008,Maps from,2025-04-16,2099-12-31,
2000002010,0,Maps to,2025-04-16,2099-12-31,
0,2000002010,Maps from,2025-04-16,2099-12-31,
2000002011,0,Maps to,2025-04-16,2099-12-31,
0,2000002011,Maps from,2025-04-16,2099-12-31,
2000002012,0,Maps to,2025-04-16,2099-12-31,
0,2000002012,Maps from,2025-04-16,2099-12-31,
2000002013,0,Maps to,2025-04-16,2099-12-31,
0,2000002013,Maps from,2025-04-16,2099-12-31,
2000001181,40783137,Maps to,2025-04-16,2099-12-31,
40783137,2000001181,Maps from,2025-04-16,2099-12-31,
2000001200,40783165,Maps to,2025-04-16,2099-12-31,
40783165,2000001200,Maps from,2025-04-16,2099-12-31,
2000002014,0,Maps to,2025-04-16,2099-12-31,
0,2000002014,Maps from,2025-04-16,2099-12-31,
2000002016,0,Maps to,2025-04-16,2099-12-31,
0,2000002016,Maps from,2025-04-16,2099-12-31,
2000002015,0,Maps to,2025-04-16,2099-12-31,
0,2000002015,Maps from,2025-04-16,2099-12-31,
2000002017,0,Maps to,2025-04-16,2099-12-31,
0,2000002017,Maps from,2025-04-16,2099-12-31,
2000002018,0,Maps to,2025-04-16,2099-12-31,
0,2000002018,Maps from,2025-04-16,2099-12-31,
2000002019,0,Maps to,2025-04-16,2099-12-31,
0,2000002019,Maps from,2025-04-16,2099-12-31,
2000002020,0,Maps to,2025-04-16,2099-12-31,
0,2000002020,Maps from,2025-04-16,2099-12-31,
2000002021,0,Maps to,2025-04-16,2099-12-31,
0,2000002021,Maps from,2025-04-16,2099-12-31,
2000002022,0,Maps to,2025-04-16,2099-12-31,
0,2000002022,Maps from,2025-04-16,2099-12-31,
2000002023,0,Maps to,2025-04-16,2099-12-31,
0,2000002023,Maps from,2025-04-16,2099-12-31,
2000002025,0,Maps to,2025-04-16,2099-12-31,
0,2000002025,Maps from,2025-04-16,2099-12-31,
2000002024,0,Maps to,2025-04-16,2099-12-31,
0,2000002024,Maps from,2025-04-16,2099-12-31,
2000002026,0,Maps to,2025-04-16,2099-12-31,
0,2000002026,Maps from,2025-04-16,2099-12-31,
2000002027,0,Maps to,2025-04-16,2099-12-31,
0,2000002027,Maps from,2025-04-16,2099-12-31,
2000002028,0,Maps to,2025-04-16,2099-12-31,
0,2000002028,Maps from,2025-04-16,2099-12-31,
2000002029,0,Maps to,2025-04-16,2099-12-31,
0,2000002029,Maps from,2025-04-16,2099-12-31,
2000002030,0,Maps to,2025-04-16,2099-12-31,
0,2000002030,Maps from,2025-04-16,2099-12-31,
2000002031,0,Maps to,2025-04-16,2099-12-31,
0,2000002031,Maps from,2025-04-16,2099-12-31,
2000002032,0,Maps to,2025-04-16,2099-12-31,
0,2000002032,Maps from,2025-04-16,2099-12-31,
2000002033,0,Maps to,2025-04-16,2099-12-31,
0,2000002033,Maps from,2025-04-16,2099-12-31,
2000002035,0,Maps to,2025-04-16,2099-12-31,
0,2000002035,Maps from,2025-04-16,2099-12-31,
2000002034,0,Maps to,2025-04-16,2099-12-31,
0,2000002034,Maps from,2025-04-16,2099-12-31,
2000002036,0,Maps to,2025-04-16,2099-12-31,
0,2000002036,Maps from,2025-04-16,2099-12-31,
2000002037,0,Maps to,2025-04-16,2099-12-31,
0,2000002037,Maps from,2025-04-16,2099-12-31,
2000002038,0,Maps to,2025-04-16,2099-12-31,
0,2000002038,Maps from,2025-04-16,2099-12-31,
2000000234,0,Maps to,2025-04-16,2099-12-31,
0,2000000234,Maps from,2025-04-16,2099-12-31,
2000002039,0,Maps to,2025-04-16,2099-12-31,
0,2000002039,Maps from,2025-04-16,2099-12-31,
2000002040,0,Maps to,2025-04-16,2099-12-31,
0,2000002040,Maps from,2025-04-16,2099-12-31,
2000002041,0,Maps to,2025-04-16,2099-12-31,
0,2000002041,Maps from,2025-04-16,2099-12-31,
2000002042,0,Maps to,2025-04-16,2099-12-31,
0,2000002042,Maps from,2025-04-16,2099-12-31,
2000002043,0,Maps to,2025-04-16,2099-12-31,
0,2000002043,Maps from,2025-04-16,2099-12-31,
2000001192,40796304,Maps to,2025-04-16,2099-12-31,
40796304,2000001192,Maps from,2025-04-16,2099-12-31,
2000002045,0,Maps to,2025-04-16,2099-12-31,
0,2000002045,Maps from,2025-04-16,2099-12-31,
2000002044,0,Maps to,2025-04-16,2099-12-31,
0,2000002044,Maps from,2025-04-16,2099-12-31,
2000002046,0,Maps to,2025-04-16,2099-12-31,
0,2000002046,Maps from,2025-04-16,2099-12-31,
2000002048,0,Maps to,2025-04-16,2099-12-31,
0,2000002048,Maps from,2025-04-16,2099-12-31,
2000002047,0,Maps to,2025-04-16,2099-12-31,
0,2000002047,Maps from,2025-04-16,2099-12-31,
2000002049,0,Maps to,2025-04-16,2099-12-31,
0,2000002049,Maps from,2025-04-16,2099-12-31,
2000002051,0,Maps to,2025-04-16,2099-12-31,
0,2000002051,Maps from,2025-04-16,2099-12-31,
2000001175,40779261,Maps to,2025-04-16,2099-12-31,
40779261,2000001175,Maps from,2025-04-16,2099-12-31,
2000002050,0,Maps to,2025-04-16,2099-12-31,
0,2000002050,Maps from,2025-04-16,2099-12-31,
2000002052,0,Maps to,2025-04-16,2099-12-31,
0,2000002052,Maps from,2025-04-16,2099-12-31,
2000002054,0,Maps to,2025-04-16,2099-12-31,
0,2000002054,Maps from,2025-04-16,2099-12-31,
2000002053,0,Maps to,2025-04-16,2099-12-31,
0,2000002053,Maps from,2025-04-16,2099-12-31,
2000002055,0,Maps to,2025-04-16,2099-12-31,
0,2000002055,Maps from,2025-04-16,2099-12-31,
2000002056,0,Maps to,2025-04-16,2099-12-31,
0,2000002056,Maps from,2025-04-16,2099-12-31,
2000002057,0,Maps to,2025-04-16,2099-12-31,
0,2000002057,Maps from,2025-04-16,2099-12-31,
2000002058,0,Maps to,2025-04-16,2099-12-31,
0,2000002058,Maps from,2025-04-16,2099-12-31,
2000002059,0,Maps to,2025-04-16,2099-12-31,
0,2000002059,Maps from,2025-04-16,2099-12-31,
2000002060,0,Maps to,2025-04-16,2099-12-31,
0,2000002060,Maps from,2025-04-16,2099-12-31,
2000001205,40789687,Maps to,2025-04-16,2099-12-31,
40789687,2000001205,Maps from,2025-04-16,2099-12-31,
2000002061,0,Maps to,2025-04-16,2099-12-31,
0,2000002061,Maps from,2025-04-16,2099-12-31,
2000002062,0,Maps to,2025-04-16,2099-12-31,
0,2000002062,Maps from,2025-04-16,2099-12-31,
2000002064,0,Maps to,2025-04-16,2099-12-31,
0,2000002064,Maps from,2025-04-16,2099-12-31,
2000002063,0,Maps to,2025-04-16,2099-12-31,
0,2000002063,Maps from,2025-04-16,2099-12-31,
2000002065,0,Maps to,2025-04-16,2099-12-31,
0,2000002065,Maps from,2025-04-16,2099-12-31,
2000001216,40775977,Maps to,2025-04-16,2099-12-31,
40775977,2000001216,Maps from,2025-04-16,2099-12-31,
2000001217,40772929,Maps to,2025-04-16,2099-12-31,
40772929,2000001217,Maps from,2025-04-16,2099-12-31,
2000001176,37076690,Maps to,2025-04-16,2099-12-31,
37076690,2000001176,Maps from,2025-04-16,2099-12-31,
2000001218,40792636,Maps to,2025-04-16,2099-12-31,
40792636,2000001218,Maps from,2025-04-16,2099-12-31,
2000002067,0,Maps to,2025-04-16,2099-12-31,
0,2000002067,Maps from,2025-04-16,2099-12-31,
2000002066,0,Maps to,2025-04-16,2099-12-31,
0,2000002066,Maps from,2025-04-16,2099-12-31,
2000002068,0,Maps to,2025-04-16,2099-12-31,
0,2000002068,Maps from,2025-04-16,2099-12-31,
2000002069,0,Maps to,2025-04-16,2099-12-31,
0,2000002069,Maps from,2025-04-16,2099-12-31,
2000002070,0,Maps to,2025-04-16,2099-12-31,
0,2000002070,Maps from,2025-04-16,2099-12-31,
2000002071,0,Maps to,2025-04-16,2099-12-31,
0,2000002071,Maps from,2025-04-16,2099-12-31,
2000002072,0,Maps to,2025-04-16,2099-12-31,
0,2000002072,Maps from,2025-04-16,2099-12-31,
2000002073,0,Maps to,2025-04-16,2099-12-31,
0,2000002073,Maps from,2025-04-16,2099-12-31,
2000002074,0,Maps to,2025-04-16,2099-12-31,
0,2000002074,Maps from,2025-04-16,2099-12-31,
2000002075,0,Maps to,2025-04-16,2099-12-31,
0,2000002075,Maps from,2025-04-16,2099-12-31,
2000002076,0,Maps to,2025-04-16,2099-12-31,
0,2000002076,Maps from,2025-04-16,2099-12-31,
2000002077,0,Maps to,2025-04-16,2099-12-31,
0,2000002077,Maps from,2025-04-16,2099-12-31,
2000002078,0,Maps to,2025-04-16,2099-12-31,
0,2000002078,Maps from,2025-04-16,2099-12-31,
2000000235,0,Maps to,2025-04-16,2099-12-31,
0,2000000235,Maps from,2025-04-16,2099-12-31,
2000002079,0,Maps to,2025-04-16,2099-12-31,
0,2000002079,Maps from,2025-04-16,2099-12-31,
2000002080,0,Maps to,2025-04-16,2099-12-31,
0,2000002080,Maps from,2025-04-16,2099-12-31,
2000000130,3968528,Maps to,2025-04-16,2099-12-31,
3968528,2000000130,Maps from,2025-04-16,2099-12-31,
2000002081,0,Maps to,2025-04-16,2099-12-31,
0,2000002081,Maps from,2025-04-16,2099-12-31,
2000002082,0,Maps to,2025-04-16,2099-12-31,
0,2000002082,Maps from,2025-04-16,2099-12-31,
2000002083,0,Maps to,2025-04-16,2099-12-31,
0,2000002083,Maps from,2025-04-16,2099-12-31,
2000000131,3968528,Maps to,2025-04-16,2099-12-31,
3968528,2000000131,Maps from,2025-04-16,2099-12-31,
2000002084,0,Maps to,2025-04-16,2099-12-31,
0,2000002084,Maps from,2025-04-16,2099-12-31,
2000002085,0,Maps to,2025-04-16,2099-12-31,
0,2000002085,Maps from,2025-04-16,2099-12-31,
2000000236,0,Maps to,2025-04-16,2099-12-31,
0,2000000236,Maps from,2025-04-16,2099-12-31,
2000002086,0,Maps to,2025-04-16,2099-12-31,
0,2000002086,Maps from,2025-04-16,2099-12-31,
2000002087,0,Maps to,2025-04-16,2099-12-31,
0,2000002087,Maps from,2025-04-16,2099-12-31,
2000002089,0,Maps to,2025-04-16,2099-12-31,
0,2000002089,Maps from,2025-04-16,2099-12-31,
2000002088,0,Maps to,2025-04-16,2099-12-31,
0,2000002088,Maps from,2025-04-16,2099-12-31,
2000002090,0,Maps to,2025-04-16,2099-12-31,
0,2000002090,Maps from,2025-04-16,2099-12-31,
2000002092,0,Maps to,2025-04-16,2099-12-31,
0,2000002092,Maps from,2025-04-16,2099-12-31,
2000002091,0,Maps to,2025-04-16,2099-12-31,
0,2000002091,Maps from,2025-04-16,2099-12-31,
2000002093,0,Maps to,2025-04-16,2099-12-31,
0,2000002093,Maps from,2025-04-16,2099-12-31,
2000002094,0,Maps to,2025-04-16,2099-12-31,
0,2000002094,Maps from,2025-04-16,2099-12-31,
2000002095,0,Maps to,2025-04-16,2099-12-31,
0,2000002095,Maps from,2025-04-16,2099-12-31,
2000002096,0,Maps to,2025-04-16,2099-12-31,
0,2000002096,Maps from,2025-04-16,2099-12-31,
2000002098,0,Maps to,2025-04-16,2099-12-31,
0,2000002098,Maps from,2025-04-16,2099-12-31,
2000002097,0,Maps to,2025-04-16,2099-12-31,
0,2000002097,Maps from,2025-04-16,2099-12-31,
2000002099,0,Maps to,2025-04-16,2099-12-31,
0,2000002099,Maps from,2025-04-16,2099-12-31,
2000002100,0,Maps to,2025-04-16,2099-12-31,
0,2000002100,Maps from,2025-04-16,2099-12-31,
2000000237,0,Maps to,2025-04-16,2099-12-31,
0,2000000237,Maps from,2025-04-16,2099-12-31,
2000002101,0,Maps to,2025-04-16,2099-12-31,
0,2000002101,Maps from,2025-04-16,2099-12-31,
2000002102,0,Maps to,2025-04-16,2099-12-31,
0,2000002102,Maps from,2025-04-16,2099-12-31,
2000002103,0,Maps to,2025-04-16,2099-12-31,
0,2000002103,Maps from,2025-04-16,2099-12-31,
2000002104,0,Maps to,2025-04-16,2099-12-31,
0,2000002104,Maps from,2025-04-16,2099-12-31,
2000002105,0,Maps to,2025-04-16,2099-12-31,
0,2000002105,Maps from,2025-04-16,2099-12-31,
2000002107,0,Maps to,2025-04-16,2099-12-31,
0,2000002107,Maps from,2025-04-16,2099-12-31,
2000002106,0,Maps to,2025-04-16,2099-12-31,
0,2000002106,Maps from,2025-04-16,2099-12-31,
2000002108,0,Maps to,2025-04-16,2099-12-31,
0,2000002108,Maps from,2025-04-16,2099-12-31,
2000002109,0,Maps to,2025-04-16,2099-12-31,
0,2000002109,Maps from,2025-04-16,2099-12-31,
2000002111,0,Maps to,2025-04-16,2099-12-31,
0,2000002111,Maps from,2025-04-16,2099-12-31,
2000002110,0,Maps to,2025-04-16,2099-12-31,
0,2000002110,Maps from,2025-04-16,2099-12-31,
2000000041,40789356,Maps to,2025-04-16,2099-12-31,
40789356,2000000041,Maps from,2025-04-16,2099-12-31,
2000002112,0,Maps to,2025-04-16,2099-12-31,
0,2000002112,Maps from,2025-04-16,2099-12-31,
2000002114,0,Maps to,2025-04-16,2099-12-31,
0,2000002114,Maps from,2025-04-16,2099-12-31,
2000002113,0,Maps to,2025-04-16,2099-12-31,
0,2000002113,Maps from,2025-04-16,2099-12-31,
2000002115,0,Maps to,2025-04-16,2099-12-31,
0,2000002115,Maps from,2025-04-16,2099-12-31,
2000002116,0,Maps to,2025-04-16,2099-12-31,
0,2000002116,Maps from,2025-04-16,2099-12-31,
2000002117,0,Maps to,2025-04-16,2099-12-31,
0,2000002117,Maps from,2025-04-16,2099-12-31,
2000002118,0,Maps to,2025-04-16,2099-12-31,
0,2000002118,Maps from,2025-04-16,2099-12-31,
2000002119,0,Maps to,2025-04-16,2099-12-31,
0,2000002119,Maps from,2025-04-16,2099-12-31,
2000002120,0,Maps to,2025-04-16,2099-12-31,
0,2000002120,Maps from,2025-04-16,2099-12-31,
2000000238,0,Maps to,2025-04-16,2099-12-31,
0,2000000238,Maps from,2025-04-16,2099-12-31,
2000002121,0,Maps to,2025-04-16,2099-12-31,
0,2000002121,Maps from,2025-04-16,2099-12-31,
2000002122,0,Maps to,2025-04-16,2099-12-31,
0,2000002122,Maps from,2025-04-16,2099-12-31,
2000002124,0,Maps to,2025-04-16,2099-12-31,
0,2000002124,Maps from,2025-04-16,2099-12-31,
2000002123,0,Maps to,2025-04-16,2099-12-31,
0,2000002123,Maps from,2025-04-16,2099-12-31,
2000002125,0,Maps to,2025-04-16,2099-12-31,
0,2000002125,Maps from,2025-04-16,2099-12-31,
2000002126,0,Maps to,2025-04-16,2099-12-31,
0,2000002126,Maps from,2025-04-16,2099-12-31,
2000002127,0,Maps to,2025-04-16,2099-12-31,
0,2000002127,Maps from,2025-04-16,2099-12-31,
2000002129,0,Maps to,2025-04-16,2099-12-31,
0,2000002129,Maps from,2025-04-16,2099-12-31,
2000002128,0,Maps to,2025-04-16,2099-12-31,
0,2000002128,Maps from,2025-04-16,2099-12-31,
2000002130,0,Maps to,2025-04-16,2099-12-31,
0,2000002130,Maps from,2025-04-16,2099-12-31,
2000002132,0,Maps to,2025-04-16,2099-12-31,
0,2000002132,Maps from,2025-04-16,2099-12-31,
2000002131,0,Maps to,2025-04-16,2099-12-31,
0,2000002131,Maps from,2025-04-16,2099-12-31,
2000002133,0,Maps to,2025-04-16,2099-12-31,
0,2000002133,Maps from,2025-04-16,2099-12-31,
2000002135,0,Maps to,2025-04-16,2099-12-31,
0,2000002135,Maps from,2025-04-16,2099-12-31,
2000002134,0,Maps to,2025-04-16,2099-12-31,
0,2000002134,Maps from,2025-04-16,2099-12-31,
2000001144,40785853,Maps to,2025-04-16,2099-12-31,
40785853,2000001144,Maps from,2025-04-16,2099-12-31,
2000002136,0,Maps to,2025-04-16,2099-12-31,
0,2000002136,Maps from,2025-04-16,2099-12-31,
2000002137,0,Maps to,2025-04-16,2099-12-31,
0,2000002137,Maps from,2025-04-16,2099-12-31,
2000002138,0,Maps to,2025-04-16,2099-12-31,
0,2000002138,Maps from,2025-04-16,2099-12-31,
2000002139,0,Maps to,2025-04-16,2099-12-31,
0,2000002139,Maps from,2025-04-16,2099-12-31,
2000002140,0,Maps to,2025-04-16,2099-12-31,
0,2000002140,Maps from,2025-04-16,2099-12-31,
2000002141,0,Maps to,2025-04-16,2099-12-31,
0,2000002141,Maps from,2025-04-16,2099-12-31,
2000002142,0,Maps to,2025-04-16,2099-12-31,
0,2000002142,Maps from,2025-04-16,2099-12-31,
2000002143,0,Maps to,2025-04-16,2099-12-31,
0,2000002143,Maps from,2025-04-16,2099-12-31,
2000002145,0,Maps to,2025-04-16,2099-12-31,
0,2000002145,Maps from,2025-04-16,2099-12-31,
2000002144,0,Maps to,2025-04-16,2099-12-31,
0,2000002144,Maps from,2025-04-16,2099-12-31,
2000002146,0,Maps to,2025-04-16,2099-12-31,
0,2000002146,Maps from,2025-04-16,2099-12-31,
2000002148,0,Maps to,2025-04-16,2099-12-31,
0,2000002148,Maps from,2025-04-16,2099-12-31,
2000002147,0,Maps to,2025-04-16,2099-12-31,
0,2000002147,Maps from,2025-04-16,2099-12-31,
2000002149,0,Maps to,2025-04-16,2099-12-31,
0,2000002149,Maps from,2025-04-16,2099-12-31,
2000002151,0,Maps to,2025-04-16,2099-12-31,
0,2000002151,Maps from,2025-04-16,2099-12-31,
2000002150,0,Maps to,2025-04-16,2099-12-31,
0,2000002150,Maps from,2025-04-16,2099-12-31,
2000002152,0,Maps to,2025-04-16,2099-12-31,
0,2000002152,Maps from,2025-04-16,2099-12-31,
2000002153,0,Maps to,2025-04-16,2099-12-31,
0,2000002153,Maps from,2025-04-16,2099-12-31,
2000002154,0,Maps to,2025-04-16,2099-12-31,
0,2000002154,Maps from,2025-04-16,2099-12-31,
2000002155,0,Maps to,2025-04-16,2099-12-31,
0,2000002155,Maps from,2025-04-16,2099-12-31,
2000002156,0,Maps to,2025-04-16,2099-12-31,
0,2000002156,Maps from,2025-04-16,2099-12-31,
2000002157,0,Maps to,2025-04-16,2099-12-31,
0,2000002157,Maps from,2025-04-16,2099-12-31,
2000002158,0,Maps to,2025-04-16,2099-12-31,
0,2000002158,Maps from,2025-04-16,2099-12-31,
2000002159,0,Maps to,2025-04-16,2099-12-31,
0,2000002159,Maps from,2025-04-16,2099-12-31,
2000002160,0,Maps to,2025-04-16,2099-12-31,
0,2000002160,Maps from,2025-04-16,2099-12-31,
2000002161,0,Maps to,2025-04-16,2099-12-31,
0,2000002161,Maps from,2025-04-16,2099-12-31,
2000000653,1031770,Maps to,2025-04-16,2099-12-31,
1031770,2000000653,Maps from,2025-04-16,2099-12-31,
2000002162,0,Maps to,2025-04-16,2099-12-31,
0,2000002162,Maps from,2025-04-16,2099-12-31,
2000002164,0,Maps to,2025-04-16,2099-12-31,
0,2000002164,Maps from,2025-04-16,2099-12-31,
2000002163,0,Maps to,2025-04-16,2099-12-31,
0,2000002163,Maps from,2025-04-16,2099-12-31,
2000002165,0,Maps to,2025-04-16,2099-12-31,
0,2000002165,Maps from,2025-04-16,2099-12-31,
2000000654,1031770,Maps to,2025-04-16,2099-12-31,
1031770,2000000654,Maps from,2025-04-16,2099-12-31,
2000002166,0,Maps to,2025-04-16,2099-12-31,
0,2000002166,Maps from,2025-04-16,2099-12-31,
2000002167,0,Maps to,2025-04-16,2099-12-31,
0,2000002167,Maps from,2025-04-16,2099-12-31,
2000002168,0,Maps to,2025-04-16,2099-12-31,
0,2000002168,Maps from,2025-04-16,2099-12-31,
2000002170,0,Maps to,2025-04-16,2099-12-31,
0,2000002170,Maps from,2025-04-16,2099-12-31,
2000002169,0,Maps to,2025-04-16,2099-12-31,
0,2000002169,Maps from,2025-04-16,2099-12-31,
2000002171,0,Maps to,2025-04-16,2099-12-31,
0,2000002171,Maps from,2025-04-16,2099-12-31,
2000002172,0,Maps to,2025-04-16,2099-12-31,
0,2000002172,Maps from,2025-04-16,2099-12-31,
2000002173,0,Maps to,2025-04-16,2099-12-31,
0,2000002173,Maps from,2025-04-16,2099-12-31,
2000002174,0,Maps to,2025-04-16,2099-12-31,
0,2000002174,Maps from,2025-04-16,2099-12-31,
2000002175,0,Maps to,2025-04-16,2099-12-31,
0,2000002175,Maps from,2025-04-16,2099-12-31,
2000002176,0,Maps to,2025-04-16,2099-12-31,
0,2000002176,Maps from,2025-04-16,2099-12-31,
2000000125,1013451,Maps to,2025-04-16,2099-12-31,
1013451,2000000125,Maps from,2025-04-16,2099-12-31,
2000000116,1013450,Maps to,2025-04-16,2099-12-31,
1013450,2000000116,Maps from,2025-04-16,2099-12-31,
2000002177,0,Maps to,2025-04-16,2099-12-31,
0,2000002177,Maps from,2025-04-16,2099-12-31,
2000002178,0,Maps to,2025-04-16,2099-12-31,
0,2000002178,Maps from,2025-04-16,2099-12-31,
2000002180,0,Maps to,2025-04-16,2099-12-31,
0,2000002180,Maps from,2025-04-16,2099-12-31,
2000002179,0,Maps to,2025-04-16,2099-12-31,
0,2000002179,Maps from,2025-04-16,2099-12-31,
2000001177,40772537,Maps to,2025-04-16,2099-12-31,
40772537,2000001177,Maps from,2025-04-16,2099-12-31,
2000000391,40779364,Maps to,2025-04-16,2099-12-31,
40779364,2000000391,Maps from,2025-04-16,2099-12-31,
2000002181,0,Maps to,2025-04-16,2099-12-31,
0,2000002181,Maps from,2025-04-16,2099-12-31,
2000000498,37038872,Maps to,2025-04-16,2099-12-31,
37038872,2000000498,Maps from,2025-04-16,2099-12-31,
2000000392,40779364,Maps to,2025-04-16,2099-12-31,
40779364,2000000392,Maps from,2025-04-16,2099-12-31,
2000002182,0,Maps to,2025-04-16,2099-12-31,
0,2000002182,Maps from,2025-04-16,2099-12-31,
2000002183,0,Maps to,2025-04-16,2099-12-31,
0,2000002183,Maps from,2025-04-16,2099-12-31,
2000002185,0,Maps to,2025-04-16,2099-12-31,
0,2000002185,Maps from,2025-04-16,2099-12-31,
2000002184,0,Maps to,2025-04-16,2099-12-31,
0,2000002184,Maps from,2025-04-16,2099-12-31,
2000002186,0,Maps to,2025-04-16,2099-12-31,
0,2000002186,Maps from,2025-04-16,2099-12-31,
2000002188,0,Maps to,2025-04-16,2099-12-31,
0,2000002188,Maps from,2025-04-16,2099-12-31,
2000002187,0,Maps to,2025-04-16,2099-12-31,
0,2000002187,Maps from,2025-04-16,2099-12-31,
2000000239,0,Maps to,2025-04-16,2099-12-31,
0,2000000239,Maps from,2025-04-16,2099-12-31,
2000002189,0,Maps to,2025-04-16,2099-12-31,
0,2000002189,Maps from,2025-04-16,2099-12-31,
2000002190,0,Maps to,2025-04-16,2099-12-31,
0,2000002190,Maps from,2025-04-16,2099-12-31,
2000000407,40775918,Maps to,2025-04-16,2099-12-31,
40775918,2000000407,Maps from,2025-04-16,2099-12-31,
2000002191,0,Maps to,2025-04-16,2099-12-31,
0,2000002191,Maps from,2025-04-16,2099-12-31,
2000002192,0,Maps to,2025-04-16,2099-12-31,
0,2000002192,Maps from,2025-04-16,2099-12-31,
2000002193,0,Maps to,2025-04-16,2099-12-31,
0,2000002193,Maps from,2025-04-16,2099-12-31,
2000000240,0,Maps to,2025-04-16,2099-12-31,
0,2000000240,Maps from,2025-04-16,2099-12-31,
2000002195,0,Maps to,2025-04-16,2099-12-31,
0,2000002195,Maps from,2025-04-16,2099-12-31,
2000002194,0,Maps to,2025-04-16,2099-12-31,
0,2000002194,Maps from,2025-04-16,2099-12-31,
2000002196,0,Maps to,2025-04-16,2099-12-31,
0,2000002196,Maps from,2025-04-16,2099-12-31,
2000002197,0,Maps to,2025-04-16,2099-12-31,
0,2000002197,Maps from,2025-04-16,2099-12-31,
2000002198,0,Maps to,2025-04-16,2099-12-31,
0,2000002198,Maps from,2025-04-16,2099-12-31,
2000002199,0,Maps to,2025-04-16,2099-12-31,
0,2000002199,Maps from,2025-04-16,2099-12-31,
2000002200,0,Maps to,2025-04-16,2099-12-31,
0,2000002200,Maps from,2025-04-16,2099-12-31,
2000002202,0,Maps to,2025-04-16,2099-12-31,
0,2000002202,Maps from,2025-04-16,2099-12-31,
2000002201,0,Maps to,2025-04-16,2099-12-31,
0,2000002201,Maps from,2025-04-16,2099-12-31,
2000002203,0,Maps to,2025-04-16,2099-12-31,
0,2000002203,Maps from,2025-04-16,2099-12-31,
2000002204,0,Maps to,2025-04-16,2099-12-31,
0,2000002204,Maps from,2025-04-16,2099-12-31,
2000002205,0,Maps to,2025-04-16,2099-12-31,
0,2000002205,Maps from,2025-04-16,2099-12-31,
2000002206,0,Maps to,2025-04-16,2099-12-31,
0,2000002206,Maps from,2025-04-16,2099-12-31,
2000002208,0,Maps to,2025-04-16,2099-12-31,
0,2000002208,Maps from,2025-04-16,2099-12-31,
2000000419,40789150,Maps to,2025-04-16,2099-12-31,
40789150,2000000419,Maps from,2025-04-16,2099-12-31,
2000002207,0,Maps to,2025-04-16,2099-12-31,
0,2000002207,Maps from,2025-04-16,2099-12-31,
2000002209,0,Maps to,2025-04-16,2099-12-31,
0,2000002209,Maps from,2025-04-16,2099-12-31,
2000002210,0,Maps to,2025-04-16,2099-12-31,
0,2000002210,Maps from,2025-04-16,2099-12-31,
2000002211,0,Maps to,2025-04-16,2099-12-31,
0,2000002211,Maps from,2025-04-16,2099-12-31,
2000002212,0,Maps to,2025-04-16,2099-12-31,
0,2000002212,Maps from,2025-04-16,2099-12-31,
2000002214,0,Maps to,2025-04-16,2099-12-31,
0,2000002214,Maps from,2025-04-16,2099-12-31,
2000002213,0,Maps to,2025-04-16,2099-12-31,
0,2000002213,Maps from,2025-04-16,2099-12-31,
2000002215,0,Maps to,2025-04-16,2099-12-31,
0,2000002215,Maps from,2025-04-16,2099-12-31,
2000001178,40783137,Maps to,2025-04-16,2099-12-31,
40783137,2000001178,Maps from,2025-04-16,2099-12-31,
2000002217,0,Maps to,2025-04-16,2099-12-31,
0,2000002217,Maps from,2025-04-16,2099-12-31,
2000002216,0,Maps to,2025-04-16,2099-12-31,
0,2000002216,Maps from,2025-04-16,2099-12-31,
2000002218,0,Maps to,2025-04-16,2099-12-31,
0,2000002218,Maps from,2025-04-16,2099-12-31,
2000002220,0,Maps to,2025-04-16,2099-12-31,
0,2000002220,Maps from,2025-04-16,2099-12-31,
2000002219,0,Maps to,2025-04-16,2099-12-31,
0,2000002219,Maps from,2025-04-16,2099-12-31,
2000002221,0,Maps to,2025-04-16,2099-12-31,
0,2000002221,Maps from,2025-04-16,2099-12-31,
2000002222,0,Maps to,2025-04-16,2099-12-31,
0,2000002222,Maps from,2025-04-16,2099-12-31,
2000002223,0,Maps to,2025-04-16,2099-12-31,
0,2000002223,Maps from,2025-04-16,2099-12-31,
2000002224,0,Maps to,2025-04-16,2099-12-31,
0,2000002224,Maps from,2025-04-16,2099-12-31,
2000002226,0,Maps to,2025-04-16,2099-12-31,
0,2000002226,Maps from,2025-04-16,2099-12-31,
2000002225,0,Maps to,2025-04-16,2099-12-31,
0,2000002225,Maps from,2025-04-16,2099-12-31,
2000002227,0,Maps to,2025-04-16,2099-12-31,
0,2000002227,Maps from,2025-04-16,2099-12-31,
2000002228,0,Maps to,2025-04-16,2099-12-31,
0,2000002228,Maps from,2025-04-16,2099-12-31,
2000002229,0,Maps to,2025-04-16,2099-12-31,
0,2000002229,Maps from,2025-04-16,2099-12-31,
2000002230,0,Maps to,2025-04-16,2099-12-31,
0,2000002230,Maps from,2025-04-16,2099-12-31,
2000002231,0,Maps to,2025-04-16,2099-12-31,
0,2000002231,Maps from,2025-04-16,2099-12-31,
2000002232,0,Maps to,2025-04-16,2099-12-31,
0,2000002232,Maps from,2025-04-16,2099-12-31,
2000002233,0,Maps to,2025-04-16,2099-12-31,
0,2000002233,Maps from,2025-04-16,2099-12-31,
2000002234,0,Maps to,2025-04-16,2099-12-31,
0,2000002234,Maps from,2025-04-16,2099-12-31,
2000000241,0,Maps to,2025-04-16,2099-12-31,
0,2000000241,Maps from,2025-04-16,2099-12-31,
2000002236,0,Maps to,2025-04-16,2099-12-31,
0,2000002236,Maps from,2025-04-16,2099-12-31,
2000002235,0,Maps to,2025-04-16,2099-12-31,
0,2000002235,Maps from,2025-04-16,2099-12-31,
2000002237,0,Maps to,2025-04-16,2099-12-31,
0,2000002237,Maps from,2025-04-16,2099-12-31,
2000002238,0,Maps to,2025-04-16,2099-12-31,
0,2000002238,Maps from,2025-04-16,2099-12-31,
2000002239,0,Maps to,2025-04-16,2099-12-31,
0,2000002239,Maps from,2025-04-16,2099-12-31,
2000002240,0,Maps to,2025-04-16,2099-12-31,
0,2000002240,Maps from,2025-04-16,2099-12-31,
2000002242,0,Maps to,2025-04-16,2099-12-31,
0,2000002242,Maps from,2025-04-16,2099-12-31,
2000002241,0,Maps to,2025-04-16,2099-12-31,
0,2000002241,Maps from,2025-04-16,2099-12-31,
2000002243,0,Maps to,2025-04-16,2099-12-31,
0,2000002243,Maps from,2025-04-16,2099-12-31,
2000002244,0,Maps to,2025-04-16,2099-12-31,
0,2000002244,Maps from,2025-04-16,2099-12-31,
2000002245,0,Maps to,2025-04-16,2099-12-31,
0,2000002245,Maps from,2025-04-16,2099-12-31,
2000002246,0,Maps to,2025-04-16,2099-12-31,
0,2000002246,Maps from,2025-04-16,2099-12-31,
2000002247,0,Maps to,2025-04-16,2099-12-31,
0,2000002247,Maps from,2025-04-16,2099-12-31,
2000002249,0,Maps to,2025-04-16,2099-12-31,
0,2000002249,Maps from,2025-04-16,2099-12-31,
2000002248,0,Maps to,2025-04-16,2099-12-31,
0,2000002248,Maps from,2025-04-16,2099-12-31,
2000002250,0,Maps to,2025-04-16,2099-12-31,
0,2000002250,Maps from,2025-04-16,2099-12-31,
2000002252,0,Maps to,2025-04-16,2099-12-31,
0,2000002252,Maps from,2025-04-16,2099-12-31,
2000002251,0,Maps to,2025-04-16,2099-12-31,
0,2000002251,Maps from,2025-04-16,2099-12-31,
2000002253,0,Maps to,2025-04-16,2099-12-31,
0,2000002253,Maps from,2025-04-16,2099-12-31,
2000002254,0,Maps to,2025-04-16,2099-12-31,
0,2000002254,Maps from,2025-04-16,2099-12-31,
2000002256,0,Maps to,2025-04-16,2099-12-31,
0,2000002256,Maps from,2025-04-16,2099-12-31,
2000002255,0,Maps to,2025-04-16,2099-12-31,
0,2000002255,Maps from,2025-04-16,2099-12-31,
2000002257,0,Maps to,2025-04-16,2099-12-31,
0,2000002257,Maps from,2025-04-16,2099-12-31,
2000002258,0,Maps to,2025-04-16,2099-12-31,
0,2000002258,Maps from,2025-04-16,2099-12-31,
2000002259,0,Maps to,2025-04-16,2099-12-31,
0,2000002259,Maps from,2025-04-16,2099-12-31,
2000002260,0,Maps to,2025-04-16,2099-12-31,
0,2000002260,Maps from,2025-04-16,2099-12-31,
2000002261,0,Maps to,2025-04-16,2099-12-31,
0,2000002261,Maps from,2025-04-16,2099-12-31,
2000002262,0,Maps to,2025-04-16,2099-12-31,
0,2000002262,Maps from,2025-04-16,2099-12-31,
2000002263,0,Maps to,2025-04-16,2099-12-31,
0,2000002263,Maps from,2025-04-16,2099-12-31,
2000002264,0,Maps to,2025-04-16,2099-12-31,
0,2000002264,Maps from,2025-04-16,2099-12-31,
2000002265,0,Maps to,2025-04-16,2099-12-31,
0,2000002265,Maps from,2025-04-16,2099-12-31,
2000002266,0,Maps to,2025-04-16,2099-12-31,
0,2000002266,Maps from,2025-04-16,2099-12-31,
2000002267,0,Maps to,2025-04-16,2099-12-31,
0,2000002267,Maps from,2025-04-16,2099-12-31,
2000000242,0,Maps to,2025-04-16,2099-12-31,
0,2000000242,Maps from,2025-04-16,2099-12-31,
2000002269,0,Maps to,2025-04-16,2099-12-31,
0,2000002269,Maps from,2025-04-16,2099-12-31,
2000002268,0,Maps to,2025-04-16,2099-12-31,
0,2000002268,Maps from,2025-04-16,2099-12-31,
2000002270,0,Maps to,2025-04-16,2099-12-31,
0,2000002270,Maps from,2025-04-16,2099-12-31,
2000002271,0,Maps to,2025-04-16,2099-12-31,
0,2000002271,Maps from,2025-04-16,2099-12-31,
2000002272,0,Maps to,2025-04-16,2099-12-31,
0,2000002272,Maps from,2025-04-16,2099-12-31,
2000002273,0,Maps to,2025-04-16,2099-12-31,
0,2000002273,Maps from,2025-04-16,2099-12-31,
2000002275,0,Maps to,2025-04-16,2099-12-31,
0,2000002275,Maps from,2025-04-16,2099-12-31,
2000002274,0,Maps to,2025-04-16,2099-12-31,
0,2000002274,Maps from,2025-04-16,2099-12-31,
2000002276,0,Maps to,2025-04-16,2099-12-31,
0,2000002276,Maps from,2025-04-16,2099-12-31,
2000002277,0,Maps to,2025-04-16,2099-12-31,
0,2000002277,Maps from,2025-04-16,2099-12-31,
2000002278,0,Maps to,2025-04-16,2099-12-31,
0,2000002278,Maps from,2025-04-16,2099-12-31,
2000002279,0,Maps to,2025-04-16,2099-12-31,
0,2000002279,Maps from,2025-04-16,2099-12-31,
2000002280,0,Maps to,2025-04-16,2099-12-31,
0,2000002280,Maps from,2025-04-16,2099-12-31,
2000002281,0,Maps to,2025-04-16,2099-12-31,
0,2000002281,Maps from,2025-04-16,2099-12-31,
2000000097,40795713,Maps to,2025-04-16,2099-12-31,
40795713,2000000097,Maps from,2025-04-16,2099-12-31,
2000002282,0,Maps to,2025-04-16,2099-12-31,
0,2000002282,Maps from,2025-04-16,2099-12-31,
2000002283,0,Maps to,2025-04-16,2099-12-31,
0,2000002283,Maps from,2025-04-16,2099-12-31,
2000002284,0,Maps to,2025-04-16,2099-12-31,
0,2000002284,Maps from,2025-04-16,2099-12-31,
2000002285,0,Maps to,2025-04-16,2099-12-31,
0,2000002285,Maps from,2025-04-16,2099-12-31,
2000002286,0,Maps to,2025-04-16,2099-12-31,
0,2000002286,Maps from,2025-04-16,2099-12-31,
2000002287,0,Maps to,2025-04-16,2099-12-31,
0,2000002287,Maps from,2025-04-16,2099-12-31,
2000002288,0,Maps to,2025-04-16,2099-12-31,
0,2000002288,Maps from,2025-04-16,2099-12-31,
2000002289,0,Maps to,2025-04-16,2099-12-31,
0,2000002289,Maps from,2025-04-16,2099-12-31,
2000002290,0,Maps to,2025-04-16,2099-12-31,
0,2000002290,Maps from,2025-04-16,2099-12-31,
2000000463,3968341,Maps to,2025-04-16,2099-12-31,
3968341,2000000463,Maps from,2025-04-16,2099-12-31,
2000002292,0,Maps to,2025-04-16,2099-12-31,
0,2000002292,Maps from,2025-04-16,2099-12-31,
2000002291,0,Maps to,2025-04-16,2099-12-31,
0,2000002291,Maps from,2025-04-16,2099-12-31,
2000001182,40783137,Maps to,2025-04-16,2099-12-31,
40783137,2000001182,Maps from,2025-04-16,2099-12-31,
2000002293,0,Maps to,2025-04-16,2099-12-31,
0,2000002293,Maps from,2025-04-16,2099-12-31,
2000002295,0,Maps to,2025-04-16,2099-12-31,
0,2000002295,Maps from,2025-04-16,2099-12-31,
2000002294,0,Maps to,2025-04-16,2099-12-31,
0,2000002294,Maps from,2025-04-16,2099-12-31,
2000002296,0,Maps to,2025-04-16,2099-12-31,
0,2000002296,Maps from,2025-04-16,2099-12-31,
2000002297,0,Maps to,2025-04-16,2099-12-31,
0,2000002297,Maps from,2025-04-16,2099-12-31,
2000002298,0,Maps to,2025-04-16,2099-12-31,
0,2000002298,Maps from,2025-04-16,2099-12-31,
2000002299,0,Maps to,2025-04-16,2099-12-31,
0,2000002299,Maps from,2025-04-16,2099-12-31,
2000002300,0,Maps to,2025-04-16,2099-12-31,
0,2000002300,Maps from,2025-04-16,2099-12-31,
2000002301,0,Maps to,2025-04-16,2099-12-31,
0,2000002301,Maps from,2025-04-16,2099-12-31,
2000002302,0,Maps to,2025-04-16,2099-12-31,
0,2000002302,Maps from,2025-04-16,2099-12-31,
2000002303,0,Maps to,2025-04-16,2099-12-31,
0,2000002303,Maps from,2025-04-16,2099-12-31,
2000002304,0,Maps to,2025-04-16,2099-12-31,
0,2000002304,Maps from,2025-04-16,2099-12-31,
2000002305,0,Maps to,2025-04-16,2099-12-31,
0,2000002305,Maps from,2025-04-16,2099-12-31,
2000000972,40792434,Maps to,2025-04-16,2099-12-31,
40792434,2000000972,Maps from,2025-04-16,2099-12-31,
2000002306,0,Maps to,2025-04-16,2099-12-31,
0,2000002306,Maps from,2025-04-16,2099-12-31,
2000002307,0,Maps to,2025-04-16,2099-12-31,
0,2000002307,Maps from,2025-04-16,2099-12-31,
2000002308,0,Maps to,2025-04-16,2099-12-31,
0,2000002308,Maps from,2025-04-16,2099-12-31,
2000002309,0,Maps to,2025-04-16,2099-12-31,
0,2000002309,Maps from,2025-04-16,2099-12-31,
2000002310,0,Maps to,2025-04-16,2099-12-31,
0,2000002310,Maps from,2025-04-16,2099-12-31,
2000002312,0,Maps to,2025-04-16,2099-12-31,
0,2000002312,Maps from,2025-04-16,2099-12-31,
2000000243,0,Maps to,2025-04-16,2099-12-31,
0,2000000243,Maps from,2025-04-16,2099-12-31,
2000002311,0,Maps to,2025-04-16,2099-12-31,
0,2000002311,Maps from,2025-04-16,2099-12-31,
2000002313,0,Maps to,2025-04-16,2099-12-31,
0,2000002313,Maps from,2025-04-16,2099-12-31,
2000000117,1013450,Maps to,2025-04-16,2099-12-31,
1013450,2000000117,Maps from,2025-04-16,2099-12-31,
2000002314,0,Maps to,2025-04-16,2099-12-31,
0,2000002314,Maps from,2025-04-16,2099-12-31,
2000002316,0,Maps to,2025-04-16,2099-12-31,
0,2000002316,Maps from,2025-04-16,2099-12-31,
2000002315,0,Maps to,2025-04-16,2099-12-31,
0,2000002315,Maps from,2025-04-16,2099-12-31,
2000000126,1013451,Maps to,2025-04-16,2099-12-31,
1013451,2000000126,Maps from,2025-04-16,2099-12-31,
2000002317,0,Maps to,2025-04-16,2099-12-31,
0,2000002317,Maps from,2025-04-16,2099-12-31,
2000002318,0,Maps to,2025-04-16,2099-12-31,
0,2000002318,Maps from,2025-04-16,2099-12-31,
2000002319,0,Maps to,2025-04-16,2099-12-31,
0,2000002319,Maps from,2025-04-16,2099-12-31,
2000002320,0,Maps to,2025-04-16,2099-12-31,
0,2000002320,Maps from,2025-04-16,2099-12-31,
2000002322,0,Maps to,2025-04-16,2099-12-31,
0,2000002322,Maps from,2025-04-16,2099-12-31,
2000002321,0,Maps to,2025-04-16,2099-12-31,
0,2000002321,Maps from,2025-04-16,2099-12-31,
2000002323,0,Maps to,2025-04-16,2099-12-31,
0,2000002323,Maps from,2025-04-16,2099-12-31,
2000002324,0,Maps to,2025-04-16,2099-12-31,
0,2000002324,Maps from,2025-04-16,2099-12-31,
2000002326,0,Maps to,2025-04-16,2099-12-31,
0,2000002326,Maps from,2025-04-16,2099-12-31,
2000002325,0,Maps to,2025-04-16,2099-12-31,
0,2000002325,Maps from,2025-04-16,2099-12-31,
2000002327,0,Maps to,2025-04-16,2099-12-31,
0,2000002327,Maps from,2025-04-16,2099-12-31,
2000002329,0,Maps to,2025-04-16,2099-12-31,
0,2000002329,Maps from,2025-04-16,2099-12-31,
2000002328,0,Maps to,2025-04-16,2099-12-31,
0,2000002328,Maps from,2025-04-16,2099-12-31,
2000002330,0,Maps to,2025-04-16,2099-12-31,
0,2000002330,Maps from,2025-04-16,2099-12-31,
2000002331,0,Maps to,2025-04-16,2099-12-31,
0,2000002331,Maps from,2025-04-16,2099-12-31,
2000002332,0,Maps to,2025-04-16,2099-12-31,
0,2000002332,Maps from,2025-04-16,2099-12-31,
2000002333,0,Maps to,2025-04-16,2099-12-31,
0,2000002333,Maps from,2025-04-16,2099-12-31,
2000002334,0,Maps to,2025-04-16,2099-12-31,
0,2000002334,Maps from,2025-04-16,2099-12-31,
2000002335,0,Maps to,2025-04-16,2099-12-31,
0,2000002335,Maps from,2025-04-16,2099-12-31,
2000002336,0,Maps to,2025-04-16,2099-12-31,
0,2000002336,Maps from,2025-04-16,2099-12-31,
2000002338,0,Maps to,2025-04-16,2099-12-31,
0,2000002338,Maps from,2025-04-16,2099-12-31,
2000002337,0,Maps to,2025-04-16,2099-12-31,
0,2000002337,Maps from,2025-04-16,2099-12-31,
2000002339,0,Maps to,2025-04-16,2099-12-31,
0,2000002339,Maps from,2025-04-16,2099-12-31,
2000002340,0,Maps to,2025-04-16,2099-12-31,
0,2000002340,Maps from,2025-04-16,2099-12-31,
2000000420,40789150,Maps to,2025-04-16,2099-12-31,
40789150,2000000420,Maps from,2025-04-16,2099-12-31,
2000002341,0,Maps to,2025-04-16,2099-12-31,
0,2000002341,Maps from,2025-04-16,2099-12-31,
2000002342,0,Maps to,2025-04-16,2099-12-31,
0,2000002342,Maps from,2025-04-16,2099-12-31,
2000002343,0,Maps to,2025-04-16,2099-12-31,
0,2000002343,Maps from,2025-04-16,2099-12-31,
2000002345,0,Maps to,2025-04-16,2099-12-31,
0,2000002345,Maps from,2025-04-16,2099-12-31,
2000002344,0,Maps to,2025-04-16,2099-12-31,
0,2000002344,Maps from,2025-04-16,2099-12-31,
2000002346,0,Maps to,2025-04-16,2099-12-31,
0,2000002346,Maps from,2025-04-16,2099-12-31,
2000002347,0,Maps to,2025-04-16,2099-12-31,
0,2000002347,Maps from,2025-04-16,2099-12-31,
2000002348,0,Maps to,2025-04-16,2099-12-31,
0,2000002348,Maps from,2025-04-16,2099-12-31,
2000002349,0,Maps to,2025-04-16,2099-12-31,
0,2000002349,Maps from,2025-04-16,2099-12-31,
2000002351,0,Maps to,2025-04-16,2099-12-31,
0,2000002351,Maps from,2025-04-16,2099-12-31,
2000002350,0,Maps to,2025-04-16,2099-12-31,
0,2000002350,Maps from,2025-04-16,2099-12-31,
2000002352,0,Maps to,2025-04-16,2099-12-31,
0,2000002352,Maps from,2025-04-16,2099-12-31,
2000002354,0,Maps to,2025-04-16,2099-12-31,
0,2000002354,Maps from,2025-04-16,2099-12-31,
2000002353,0,Maps to,2025-04-16,2099-12-31,
0,2000002353,Maps from,2025-04-16,2099-12-31,
2000002355,0,Maps to,2025-04-16,2099-12-31,
0,2000002355,Maps from,2025-04-16,2099-12-31,
2000002357,0,Maps to,2025-04-16,2099-12-31,
0,2000002357,Maps from,2025-04-16,2099-12-31,
2000002356,0,Maps to,2025-04-16,2099-12-31,
0,2000002356,Maps from,2025-04-16,2099-12-31,
2000002358,0,Maps to,2025-04-16,2099-12-31,
0,2000002358,Maps from,2025-04-16,2099-12-31,
2000002360,0,Maps to,2025-04-16,2099-12-31,
0,2000002360,Maps from,2025-04-16,2099-12-31,
2000002359,0,Maps to,2025-04-16,2099-12-31,
0,2000002359,Maps from,2025-04-16,2099-12-31,
2000002361,0,Maps to,2025-04-16,2099-12-31,
0,2000002361,Maps from,2025-04-16,2099-12-31,
2000002363,0,Maps to,2025-04-16,2099-12-31,
0,2000002363,Maps from,2025-04-16,2099-12-31,
2000002362,0,Maps to,2025-04-16,2099-12-31,
0,2000002362,Maps from,2025-04-16,2099-12-31,
2000002364,0,Maps to,2025-04-16,2099-12-31,
0,2000002364,Maps from,2025-04-16,2099-12-31,
2000002365,0,Maps to,2025-04-16,2099-12-31,
0,2000002365,Maps from,2025-04-16,2099-12-31,
2000002367,0,Maps to,2025-04-16,2099-12-31,
0,2000002367,Maps from,2025-04-16,2099-12-31,
2000002366,0,Maps to,2025-04-16,2099-12-31,
0,2000002366,Maps from,2025-04-16,2099-12-31,
2000002368,0,Maps to,2025-04-16,2099-12-31,
0,2000002368,Maps from,2025-04-16,2099-12-31,
2000002370,0,Maps to,2025-04-16,2099-12-31,
0,2000002370,Maps from,2025-04-16,2099-12-31,
2000002369,0,Maps to,2025-04-16,2099-12-31,
0,2000002369,Maps from,2025-04-16,2099-12-31,
2000002371,0,Maps to,2025-04-16,2099-12-31,
0,2000002371,Maps from,2025-04-16,2099-12-31,
2000002372,0,Maps to,2025-04-16,2099-12-31,
0,2000002372,Maps from,2025-04-16,2099-12-31,
2000000244,0,Maps to,2025-04-16,2099-12-31,
0,2000000244,Maps from,2025-04-16,2099-12-31,
2000000080,3968605,Maps to,2025-04-16,2099-12-31,
3968605,2000000080,Maps from,2025-04-16,2099-12-31,
2000002374,0,Maps to,2025-04-16,2099-12-31,
0,2000002374,Maps from,2025-04-16,2099-12-31,
2000002373,0,Maps to,2025-04-16,2099-12-31,
0,2000002373,Maps from,2025-04-16,2099-12-31,
2000000582,40773136,Maps to,2025-04-16,2099-12-31,
40773136,2000000582,Maps from,2025-04-16,2099-12-31,
2000002375,0,Maps to,2025-04-16,2099-12-31,
0,2000002375,Maps from,2025-04-16,2099-12-31,
2000002376,0,Maps to,2025-04-16,2099-12-31,
0,2000002376,Maps from,2025-04-16,2099-12-31,
2000002377,0,Maps to,2025-04-16,2099-12-31,
0,2000002377,Maps from,2025-04-16,2099-12-31,
2000002378,0,Maps to,2025-04-16,2099-12-31,
0,2000002378,Maps from,2025-04-16,2099-12-31,
2000002379,0,Maps to,2025-04-16,2099-12-31,
0,2000002379,Maps from,2025-04-16,2099-12-31,
2000002380,0,Maps to,2025-04-16,2099-12-31,
0,2000002380,Maps from,2025-04-16,2099-12-31,
2000002381,0,Maps to,2025-04-16,2099-12-31,
0,2000002381,Maps from,2025-04-16,2099-12-31,
2000002382,0,Maps to,2025-04-16,2099-12-31,
0,2000002382,Maps from,2025-04-16,2099-12-31,
2000002384,0,Maps to,2025-04-16,2099-12-31,
0,2000002384,Maps from,2025-04-16,2099-12-31,
2000002383,0,Maps to,2025-04-16,2099-12-31,
0,2000002383,Maps from,2025-04-16,2099-12-31,
2000002385,0,Maps to,2025-04-16,2099-12-31,
0,2000002385,Maps from,2025-04-16,2099-12-31,
2000002387,0,Maps to,2025-04-16,2099-12-31,
0,2000002387,Maps from,2025-04-16,2099-12-31,
2000000081,3968605,Maps to,2025-04-16,2099-12-31,
3968605,2000000081,Maps from,2025-04-16,2099-12-31,
2000002386,0,Maps to,2025-04-16,2099-12-31,
0,2000002386,Maps from,2025-04-16,2099-12-31,
2000002388,0,Maps to,2025-04-16,2099-12-31,
0,2000002388,Maps from,2025-04-16,2099-12-31,
2000002389,0,Maps to,2025-04-16,2099-12-31,
0,2000002389,Maps from,2025-04-16,2099-12-31,
2000002391,0,Maps to,2025-04-16,2099-12-31,
0,2000002391,Maps from,2025-04-16,2099-12-31,
2000002390,0,Maps to,2025-04-16,2099-12-31,
0,2000002390,Maps from,2025-04-16,2099-12-31,
2000002392,0,Maps to,2025-04-16,2099-12-31,
0,2000002392,Maps from,2025-04-16,2099-12-31,
2000002394,0,Maps to,2025-04-16,2099-12-31,
0,2000002394,Maps from,2025-04-16,2099-12-31,
2000002393,0,Maps to,2025-04-16,2099-12-31,
0,2000002393,Maps from,2025-04-16,2099-12-31,
2000001154,40786174,Maps to,2025-04-16,2099-12-31,
40786174,2000001154,Maps from,2025-04-16,2099-12-31,
2000002395,0,Maps to,2025-04-16,2099-12-31,
0,2000002395,Maps from,2025-04-16,2099-12-31,
2000002396,0,Maps to,2025-04-16,2099-12-31,
0,2000002396,Maps from,2025-04-16,2099-12-31,
2000002397,0,Maps to,2025-04-16,2099-12-31,
0,2000002397,Maps from,2025-04-16,2099-12-31,
2000002398,0,Maps to,2025-04-16,2099-12-31,
0,2000002398,Maps from,2025-04-16,2099-12-31,
2000002399,0,Maps to,2025-04-16,2099-12-31,
0,2000002399,Maps from,2025-04-16,2099-12-31,
2000002400,0,Maps to,2025-04-16,2099-12-31,
0,2000002400,Maps from,2025-04-16,2099-12-31,
2000002401,0,Maps to,2025-04-16,2099-12-31,
0,2000002401,Maps from,2025-04-16,2099-12-31,
2000002402,0,Maps to,2025-04-16,2099-12-31,
0,2000002402,Maps from,2025-04-16,2099-12-31,
2000000499,37038872,Maps to,2025-04-16,2099-12-31,
37038872,2000000499,Maps from,2025-04-16,2099-12-31,
2000002403,0,Maps to,2025-04-16,2099-12-31,
0,2000002403,Maps from,2025-04-16,2099-12-31,
2000002404,0,Maps to,2025-04-16,2099-12-31,
0,2000002404,Maps from,2025-04-16,2099-12-31,
2000002405,0,Maps to,2025-04-16,2099-12-31,
0,2000002405,Maps from,2025-04-16,2099-12-31,
2000002406,0,Maps to,2025-04-16,2099-12-31,
0,2000002406,Maps from,2025-04-16,2099-12-31,
2000002407,0,Maps to,2025-04-16,2099-12-31,
0,2000002407,Maps from,2025-04-16,2099-12-31,
2000002408,0,Maps to,2025-04-16,2099-12-31,
0,2000002408,Maps from,2025-04-16,2099-12-31,
2000002409,0,Maps to,2025-04-16,2099-12-31,
0,2000002409,Maps from,2025-04-16,2099-12-31,
2000002410,0,Maps to,2025-04-16,2099-12-31,
0,2000002410,Maps from,2025-04-16,2099-12-31,
2000000245,0,Maps to,2025-04-16,2099-12-31,
0,2000000245,Maps from,2025-04-16,2099-12-31,
2000002411,0,Maps to,2025-04-16,2099-12-31,
0,2000002411,Maps from,2025-04-16,2099-12-31,
2000002412,0,Maps to,2025-04-16,2099-12-31,
0,2000002412,Maps from,2025-04-16,2099-12-31,
2000000246,0,Maps to,2025-04-16,2099-12-31,
0,2000000246,Maps from,2025-04-16,2099-12-31,
2000002413,0,Maps to,2025-04-16,2099-12-31,
0,2000002413,Maps from,2025-04-16,2099-12-31,
2000002414,0,Maps to,2025-04-16,2099-12-31,
0,2000002414,Maps from,2025-04-16,2099-12-31,
2000002415,0,Maps to,2025-04-16,2099-12-31,
0,2000002415,Maps from,2025-04-16,2099-12-31,
2000002417,0,Maps to,2025-04-16,2099-12-31,
0,2000002417,Maps from,2025-04-16,2099-12-31,
2000002416,0,Maps to,2025-04-16,2099-12-31,
0,2000002416,Maps from,2025-04-16,2099-12-31,
2000002418,0,Maps to,2025-04-16,2099-12-31,
0,2000002418,Maps from,2025-04-16,2099-12-31,
2000002420,0,Maps to,2025-04-16,2099-12-31,
0,2000002420,Maps from,2025-04-16,2099-12-31,
2000002419,0,Maps to,2025-04-16,2099-12-31,
0,2000002419,Maps from,2025-04-16,2099-12-31,
2000002421,0,Maps to,2025-04-16,2099-12-31,
0,2000002421,Maps from,2025-04-16,2099-12-31,
2000002422,0,Maps to,2025-04-16,2099-12-31,
0,2000002422,Maps from,2025-04-16,2099-12-31,
2000002423,0,Maps to,2025-04-16,2099-12-31,
0,2000002423,Maps from,2025-04-16,2099-12-31,
2000000247,0,Maps to,2025-04-16,2099-12-31,
0,2000000247,Maps from,2025-04-16,2099-12-31,
2000002424,0,Maps to,2025-04-16,2099-12-31,
0,2000002424,Maps from,2025-04-16,2099-12-31,
2000002425,0,Maps to,2025-04-16,2099-12-31,
0,2000002425,Maps from,2025-04-16,2099-12-31,
2000002426,0,Maps to,2025-04-16,2099-12-31,
0,2000002426,Maps from,2025-04-16,2099-12-31,
2000000412,40775918,Maps to,2025-04-16,2099-12-31,
40775918,2000000412,Maps from,2025-04-16,2099-12-31,
2000002427,0,Maps to,2025-04-16,2099-12-31,
0,2000002427,Maps from,2025-04-16,2099-12-31,
2000002428,0,Maps to,2025-04-16,2099-12-31,
0,2000002428,Maps from,2025-04-16,2099-12-31,
2000002429,0,Maps to,2025-04-16,2099-12-31,
0,2000002429,Maps from,2025-04-16,2099-12-31,
2000002430,0,Maps to,2025-04-16,2099-12-31,
0,2000002430,Maps from,2025-04-16,2099-12-31,
2000002431,0,Maps to,2025-04-16,2099-12-31,
0,2000002431,Maps from,2025-04-16,2099-12-31,
2000000248,0,Maps to,2025-04-16,2099-12-31,
0,2000000248,Maps from,2025-04-16,2099-12-31,
2000002432,0,Maps to,2025-04-16,2099-12-31,
0,2000002432,Maps from,2025-04-16,2099-12-31,
2000002433,0,Maps to,2025-04-16,2099-12-31,
0,2000002433,Maps from,2025-04-16,2099-12-31,
2000002434,0,Maps to,2025-04-16,2099-12-31,
0,2000002434,Maps from,2025-04-16,2099-12-31,
2000002435,0,Maps to,2025-04-16,2099-12-31,
0,2000002435,Maps from,2025-04-16,2099-12-31,
2000002436,0,Maps to,2025-04-16,2099-12-31,
0,2000002436,Maps from,2025-04-16,2099-12-31,
2000002438,0,Maps to,2025-04-16,2099-12-31,
0,2000002438,Maps from,2025-04-16,2099-12-31,
2000002437,0,Maps to,2025-04-16,2099-12-31,
0,2000002437,Maps from,2025-04-16,2099-12-31,
2000002439,0,Maps to,2025-04-16,2099-12-31,
0,2000002439,Maps from,2025-04-16,2099-12-31,
2000002440,0,Maps to,2025-04-16,2099-12-31,
0,2000002440,Maps from,2025-04-16,2099-12-31,
2000002441,0,Maps to,2025-04-16,2099-12-31,
0,2000002441,Maps from,2025-04-16,2099-12-31,
2000002442,0,Maps to,2025-04-16,2099-12-31,
0,2000002442,Maps from,2025-04-16,2099-12-31,
2000002444,0,Maps to,2025-04-16,2099-12-31,
0,2000002444,Maps from,2025-04-16,2099-12-31,
2000002443,0,Maps to,2025-04-16,2099-12-31,
0,2000002443,Maps from,2025-04-16,2099-12-31,
2000002445,0,Maps to,2025-04-16,2099-12-31,
0,2000002445,Maps from,2025-04-16,2099-12-31,
2000002446,0,Maps to,2025-04-16,2099-12-31,
0,2000002446,Maps from,2025-04-16,2099-12-31,
2000002447,0,Maps to,2025-04-16,2099-12-31,
0,2000002447,Maps from,2025-04-16,2099-12-31,
2000002448,0,Maps to,2025-04-16,2099-12-31,
0,2000002448,Maps from,2025-04-16,2099-12-31,
2000002449,0,Maps to,2025-04-16,2099-12-31,
0,2000002449,Maps from,2025-04-16,2099-12-31,
2000000139,40786050,Maps to,2025-04-16,2099-12-31,
40786050,2000000139,Maps from,2025-04-16,2099-12-31,
2000002451,0,Maps to,2025-04-16,2099-12-31,
0,2000002451,Maps from,2025-04-16,2099-12-31,
2000002450,0,Maps to,2025-04-16,2099-12-31,
0,2000002450,Maps from,2025-04-16,2099-12-31,
2000002452,0,Maps to,2025-04-16,2099-12-31,
0,2000002452,Maps from,2025-04-16,2099-12-31,
2000002453,0,Maps to,2025-04-16,2099-12-31,
0,2000002453,Maps from,2025-04-16,2099-12-31,
2000002454,0,Maps to,2025-04-16,2099-12-31,
0,2000002454,Maps from,2025-04-16,2099-12-31,
2000002455,0,Maps to,2025-04-16,2099-12-31,
0,2000002455,Maps from,2025-04-16,2099-12-31,
2000002457,0,Maps to,2025-04-16,2099-12-31,
0,2000002457,Maps from,2025-04-16,2099-12-31,
2000002456,0,Maps to,2025-04-16,2099-12-31,
0,2000002456,Maps from,2025-04-16,2099-12-31,
2000002458,0,Maps to,2025-04-16,2099-12-31,
0,2000002458,Maps from,2025-04-16,2099-12-31,
2000002459,0,Maps to,2025-04-16,2099-12-31,
0,2000002459,Maps from,2025-04-16,2099-12-31,
2000002460,0,Maps to,2025-04-16,2099-12-31,
0,2000002460,Maps from,2025-04-16,2099-12-31,
2000002461,0,Maps to,2025-04-16,2099-12-31,
0,2000002461,Maps from,2025-04-16,2099-12-31,
2000002462,0,Maps to,2025-04-16,2099-12-31,
0,2000002462,Maps from,2025-04-16,2099-12-31,
2000002463,0,Maps to,2025-04-16,2099-12-31,
0,2000002463,Maps from,2025-04-16,2099-12-31,
2000002464,0,Maps to,2025-04-16,2099-12-31,
0,2000002464,Maps from,2025-04-16,2099-12-31,
2000002465,0,Maps to,2025-04-16,2099-12-31,
0,2000002465,Maps from,2025-04-16,2099-12-31,
2000002466,0,Maps to,2025-04-16,2099-12-31,
0,2000002466,Maps from,2025-04-16,2099-12-31,
2000002467,0,Maps to,2025-04-16,2099-12-31,
0,2000002467,Maps from,2025-04-16,2099-12-31,
2000002469,0,Maps to,2025-04-16,2099-12-31,
0,2000002469,Maps from,2025-04-16,2099-12-31,
2000002468,0,Maps to,2025-04-16,2099-12-31,
0,2000002468,Maps from,2025-04-16,2099-12-31,
2000002470,0,Maps to,2025-04-16,2099-12-31,
0,2000002470,Maps from,2025-04-16,2099-12-31,
2000002471,0,Maps to,2025-04-16,2099-12-31,
0,2000002471,Maps from,2025-04-16,2099-12-31,
2000002472,0,Maps to,2025-04-16,2099-12-31,
0,2000002472,Maps from,2025-04-16,2099-12-31,
2000002473,0,Maps to,2025-04-16,2099-12-31,
0,2000002473,Maps from,2025-04-16,2099-12-31,
2000002475,0,Maps to,2025-04-16,2099-12-31,
0,2000002475,Maps from,2025-04-16,2099-12-31,
2000002474,0,Maps to,2025-04-16,2099-12-31,
0,2000002474,Maps from,2025-04-16,2099-12-31,
2000002476,0,Maps to,2025-04-16,2099-12-31,
0,2000002476,Maps from,2025-04-16,2099-12-31,
2000002478,0,Maps to,2025-04-16,2099-12-31,
0,2000002478,Maps from,2025-04-16,2099-12-31,
2000002477,0,Maps to,2025-04-16,2099-12-31,
0,2000002477,Maps from,2025-04-16,2099-12-31,
2000002479,0,Maps to,2025-04-16,2099-12-31,
0,2000002479,Maps from,2025-04-16,2099-12-31,
2000002480,0,Maps to,2025-04-16,2099-12-31,
0,2000002480,Maps from,2025-04-16,2099-12-31,
2000000500,37038872,Maps to,2025-04-16,2099-12-31,
37038872,2000000500,Maps from,2025-04-16,2099-12-31,
2000002481,0,Maps to,2025-04-16,2099-12-31,
0,2000002481,Maps from,2025-04-16,2099-12-31,
2000002482,0,Maps to,2025-04-16,2099-12-31,
0,2000002482,Maps from,2025-04-16,2099-12-31,
2000002483,0,Maps to,2025-04-16,2099-12-31,
0,2000002483,Maps from,2025-04-16,2099-12-31,
2000002484,0,Maps to,2025-04-16,2099-12-31,
0,2000002484,Maps from,2025-04-16,2099-12-31,
2000000249,0,Maps to,2025-04-16,2099-12-31,
0,2000000249,Maps from,2025-04-16,2099-12-31,
2000002485,0,Maps to,2025-04-16,2099-12-31,
0,2000002485,Maps from,2025-04-16,2099-12-31,
2000002486,0,Maps to,2025-04-16,2099-12-31,
0,2000002486,Maps from,2025-04-16,2099-12-31,
2000002487,0,Maps to,2025-04-16,2099-12-31,
0,2000002487,Maps from,2025-04-16,2099-12-31,
2000002488,0,Maps to,2025-04-16,2099-12-31,
0,2000002488,Maps from,2025-04-16,2099-12-31,
2000002489,0,Maps to,2025-04-16,2099-12-31,
0,2000002489,Maps from,2025-04-16,2099-12-31,
2000002490,0,Maps to,2025-04-16,2099-12-31,
0,2000002490,Maps from,2025-04-16,2099-12-31,
2000002492,0,Maps to,2025-04-16,2099-12-31,
0,2000002492,Maps from,2025-04-16,2099-12-31,
2000002491,0,Maps to,2025-04-16,2099-12-31,
0,2000002491,Maps from,2025-04-16,2099-12-31,
2000002493,0,Maps to,2025-04-16,2099-12-31,
0,2000002493,Maps from,2025-04-16,2099-12-31,
2000002495,0,Maps to,2025-04-16,2099-12-31,
0,2000002495,Maps from,2025-04-16,2099-12-31,
2000000250,0,Maps to,2025-04-16,2099-12-31,
0,2000000250,Maps from,2025-04-16,2099-12-31,
2000002494,0,Maps to,2025-04-16,2099-12-31,
0,2000002494,Maps from,2025-04-16,2099-12-31,
2000002496,0,Maps to,2025-04-16,2099-12-31,
0,2000002496,Maps from,2025-04-16,2099-12-31,
2000002497,0,Maps to,2025-04-16,2099-12-31,
0,2000002497,Maps from,2025-04-16,2099-12-31,
2000002498,0,Maps to,2025-04-16,2099-12-31,
0,2000002498,Maps from,2025-04-16,2099-12-31,
2000002499,0,Maps to,2025-04-16,2099-12-31,
0,2000002499,Maps from,2025-04-16,2099-12-31,
2000002500,0,Maps to,2025-04-16,2099-12-31,
0,2000002500,Maps from,2025-04-16,2099-12-31,
2000002501,0,Maps to,2025-04-16,2099-12-31,
0,2000002501,Maps from,2025-04-16,2099-12-31,
2000002502,0,Maps to,2025-04-16,2099-12-31,
0,2000002502,Maps from,2025-04-16,2099-12-31,
2000002503,0,Maps to,2025-04-16,2099-12-31,
0,2000002503,Maps from,2025-04-16,2099-12-31,
2000002504,0,Maps to,2025-04-16,2099-12-31,
0,2000002504,Maps from,2025-04-16,2099-12-31,
2000002505,0,Maps to,2025-04-16,2099-12-31,
0,2000002505,Maps from,2025-04-16,2099-12-31,
2000002506,0,Maps to,2025-04-16,2099-12-31,
0,2000002506,Maps from,2025-04-16,2099-12-31,
2000002507,0,Maps to,2025-04-16,2099-12-31,
0,2000002507,Maps from,2025-04-16,2099-12-31,
2000002508,0,Maps to,2025-04-16,2099-12-31,
0,2000002508,Maps from,2025-04-16,2099-12-31,
2000002509,0,Maps to,2025-04-16,2099-12-31,
0,2000002509,Maps from,2025-04-16,2099-12-31,
2000002510,0,Maps to,2025-04-16,2099-12-31,
0,2000002510,Maps from,2025-04-16,2099-12-31,
2000002511,0,Maps to,2025-04-16,2099-12-31,
0,2000002511,Maps from,2025-04-16,2099-12-31,
2000002512,0,Maps to,2025-04-16,2099-12-31,
0,2000002512,Maps from,2025-04-16,2099-12-31,
2000002513,0,Maps to,2025-04-16,2099-12-31,
0,2000002513,Maps from,2025-04-16,2099-12-31,
2000002514,0,Maps to,2025-04-16,2099-12-31,
0,2000002514,Maps from,2025-04-16,2099-12-31,
2000002515,0,Maps to,2025-04-16,2099-12-31,
0,2000002515,Maps from,2025-04-16,2099-12-31,
2000002516,0,Maps to,2025-04-16,2099-12-31,
0,2000002516,Maps from,2025-04-16,2099-12-31,
2000002517,0,Maps to,2025-04-16,2099-12-31,
0,2000002517,Maps from,2025-04-16,2099-12-31,
2000002519,0,Maps to,2025-04-16,2099-12-31,
0,2000002519,Maps from,2025-04-16,2099-12-31,
2000002518,0,Maps to,2025-04-16,2099-12-31,
0,2000002518,Maps from,2025-04-16,2099-12-31,
2000001207,40792973,Maps to,2025-04-16,2099-12-31,
40792973,2000001207,Maps from,2025-04-16,2099-12-31,
2000002520,0,Maps to,2025-04-16,2099-12-31,
0,2000002520,Maps from,2025-04-16,2099-12-31,
2000002521,0,Maps to,2025-04-16,2099-12-31,
0,2000002521,Maps from,2025-04-16,2099-12-31,
2000002523,0,Maps to,2025-04-16,2099-12-31,
0,2000002523,Maps from,2025-04-16,2099-12-31,
2000002522,0,Maps to,2025-04-16,2099-12-31,
0,2000002522,Maps from,2025-04-16,2099-12-31,
2000002524,0,Maps to,2025-04-16,2099-12-31,
0,2000002524,Maps from,2025-04-16,2099-12-31,
2000002525,0,Maps to,2025-04-16,2099-12-31,
0,2000002525,Maps from,2025-04-16,2099-12-31,
2000002526,0,Maps to,2025-04-16,2099-12-31,
0,2000002526,Maps from,2025-04-16,2099-12-31,
2000002527,0,Maps to,2025-04-16,2099-12-31,
0,2000002527,Maps from,2025-04-16,2099-12-31,
2000002529,0,Maps to,2025-04-16,2099-12-31,
0,2000002529,Maps from,2025-04-16,2099-12-31,
2000000251,0,Maps to,2025-04-16,2099-12-31,
0,2000000251,Maps from,2025-04-16,2099-12-31,
2000002528,0,Maps to,2025-04-16,2099-12-31,
0,2000002528,Maps from,2025-04-16,2099-12-31,
2000002530,0,Maps to,2025-04-16,2099-12-31,
0,2000002530,Maps from,2025-04-16,2099-12-31,
2000002532,0,Maps to,2025-04-16,2099-12-31,
0,2000002532,Maps from,2025-04-16,2099-12-31,
2000002531,0,Maps to,2025-04-16,2099-12-31,
0,2000002531,Maps from,2025-04-16,2099-12-31,
2000002533,0,Maps to,2025-04-16,2099-12-31,
0,2000002533,Maps from,2025-04-16,2099-12-31,
2000002534,0,Maps to,2025-04-16,2099-12-31,
0,2000002534,Maps from,2025-04-16,2099-12-31,
2000002535,0,Maps to,2025-04-16,2099-12-31,
0,2000002535,Maps from,2025-04-16,2099-12-31,
2000000098,40795713,Maps to,2025-04-16,2099-12-31,
40795713,2000000098,Maps from,2025-04-16,2099-12-31,
2000000252,0,Maps to,2025-04-16,2099-12-31,
0,2000000252,Maps from,2025-04-16,2099-12-31,
2000002536,0,Maps to,2025-04-16,2099-12-31,
0,2000002536,Maps from,2025-04-16,2099-12-31,
2000002537,0,Maps to,2025-04-16,2099-12-31,
0,2000002537,Maps from,2025-04-16,2099-12-31,
2000002538,0,Maps to,2025-04-16,2099-12-31,
0,2000002538,Maps from,2025-04-16,2099-12-31,
2000002539,0,Maps to,2025-04-16,2099-12-31,
0,2000002539,Maps from,2025-04-16,2099-12-31,
2000002540,0,Maps to,2025-04-16,2099-12-31,
0,2000002540,Maps from,2025-04-16,2099-12-31,
2000002541,0,Maps to,2025-04-16,2099-12-31,
0,2000002541,Maps from,2025-04-16,2099-12-31,
2000002543,0,Maps to,2025-04-16,2099-12-31,
0,2000002543,Maps from,2025-04-16,2099-12-31,
2000002542,0,Maps to,2025-04-16,2099-12-31,
0,2000002542,Maps from,2025-04-16,2099-12-31,
2000002544,0,Maps to,2025-04-16,2099-12-31,
0,2000002544,Maps from,2025-04-16,2099-12-31,
2000002545,0,Maps to,2025-04-16,2099-12-31,
0,2000002545,Maps from,2025-04-16,2099-12-31,
2000002546,0,Maps to,2025-04-16,2099-12-31,
0,2000002546,Maps from,2025-04-16,2099-12-31,
2000002547,0,Maps to,2025-04-16,2099-12-31,
0,2000002547,Maps from,2025-04-16,2099-12-31,
2000002549,0,Maps to,2025-04-16,2099-12-31,
0,2000002549,Maps from,2025-04-16,2099-12-31,
2000002548,0,Maps to,2025-04-16,2099-12-31,
0,2000002548,Maps from,2025-04-16,2099-12-31,
2000002550,0,Maps to,2025-04-16,2099-12-31,
0,2000002550,Maps from,2025-04-16,2099-12-31,
2000002552,0,Maps to,2025-04-16,2099-12-31,
0,2000002552,Maps from,2025-04-16,2099-12-31,
2000002551,0,Maps to,2025-04-16,2099-12-31,
0,2000002551,Maps from,2025-04-16,2099-12-31,
2000000099,40795713,Maps to,2025-04-16,2099-12-31,
40795713,2000000099,Maps from,2025-04-16,2099-12-31,
2000002553,0,Maps to,2025-04-16,2099-12-31,
0,2000002553,Maps from,2025-04-16,2099-12-31,
2000000100,40795713,Maps to,2025-04-16,2099-12-31,
40795713,2000000100,Maps from,2025-04-16,2099-12-31,
2000002554,0,Maps to,2025-04-16,2099-12-31,
0,2000002554,Maps from,2025-04-16,2099-12-31,
2000002555,0,Maps to,2025-04-16,2099-12-31,
0,2000002555,Maps from,2025-04-16,2099-12-31,
2000000101,40795713,Maps to,2025-04-16,2099-12-31,
40795713,2000000101,Maps from,2025-04-16,2099-12-31,
2000002556,0,Maps to,2025-04-16,2099-12-31,
0,2000002556,Maps from,2025-04-16,2099-12-31,
2000002557,0,Maps to,2025-04-16,2099-12-31,
0,2000002557,Maps from,2025-04-16,2099-12-31,
2000002558,0,Maps to,2025-04-16,2099-12-31,
0,2000002558,Maps from,2025-04-16,2099-12-31,
2000000465,40775876,Maps to,2025-04-16,2099-12-31,
40775876,2000000465,Maps from,2025-04-16,2099-12-31,
2000000466,40775876,Maps to,2025-04-16,2099-12-31,
40775876,2000000466,Maps from,2025-04-16,2099-12-31,
2000002560,0,Maps to,2025-04-16,2099-12-31,
0,2000002560,Maps from,2025-04-16,2099-12-31,
2000002559,0,Maps to,2025-04-16,2099-12-31,
0,2000002559,Maps from,2025-04-16,2099-12-31,
2000002561,0,Maps to,2025-04-16,2099-12-31,
0,2000002561,Maps from,2025-04-16,2099-12-31,
2000002562,0,Maps to,2025-04-16,2099-12-31,
0,2000002562,Maps from,2025-04-16,2099-12-31,
2000002563,0,Maps to,2025-04-16,2099-12-31,
0,2000002563,Maps from,2025-04-16,2099-12-31,
2000002564,0,Maps to,2025-04-16,2099-12-31,
0,2000002564,Maps from,2025-04-16,2099-12-31,
2000002566,0,Maps to,2025-04-16,2099-12-31,
0,2000002566,Maps from,2025-04-16,2099-12-31,
2000002565,0,Maps to,2025-04-16,2099-12-31,
0,2000002565,Maps from,2025-04-16,2099-12-31,
2000000102,40795713,Maps to,2025-04-16,2099-12-31,
40795713,2000000102,Maps from,2025-04-16,2099-12-31,
2000000253,0,Maps to,2025-04-16,2099-12-31,
0,2000000253,Maps from,2025-04-16,2099-12-31,
2000002567,0,Maps to,2025-04-16,2099-12-31,
0,2000002567,Maps from,2025-04-16,2099-12-31,
2000002568,0,Maps to,2025-04-16,2099-12-31,
0,2000002568,Maps from,2025-04-16,2099-12-31,
2000000103,40795713,Maps to,2025-04-16,2099-12-31,
40795713,2000000103,Maps from,2025-04-16,2099-12-31,
2000002569,0,Maps to,2025-04-16,2099-12-31,
0,2000002569,Maps from,2025-04-16,2099-12-31,
2000002570,0,Maps to,2025-04-16,2099-12-31,
0,2000002570,Maps from,2025-04-16,2099-12-31,
2000002571,0,Maps to,2025-04-16,2099-12-31,
0,2000002571,Maps from,2025-04-16,2099-12-31,
2000002572,0,Maps to,2025-04-16,2099-12-31,
0,2000002572,Maps from,2025-04-16,2099-12-31,
2000002573,0,Maps to,2025-04-16,2099-12-31,
0,2000002573,Maps from,2025-04-16,2099-12-31,
2000002574,0,Maps to,2025-04-16,2099-12-31,
0,2000002574,Maps from,2025-04-16,2099-12-31,
2000002575,0,Maps to,2025-04-16,2099-12-31,
0,2000002575,Maps from,2025-04-16,2099-12-31,
2000002577,0,Maps to,2025-04-16,2099-12-31,
0,2000002577,Maps from,2025-04-16,2099-12-31,
2000002576,0,Maps to,2025-04-16,2099-12-31,
0,2000002576,Maps from,2025-04-16,2099-12-31,
2000002578,0,Maps to,2025-04-16,2099-12-31,
0,2000002578,Maps from,2025-04-16,2099-12-31,
2000000254,0,Maps to,2025-04-16,2099-12-31,
0,2000000254,Maps from,2025-04-16,2099-12-31,
2000002580,0,Maps to,2025-04-16,2099-12-31,
0,2000002580,Maps from,2025-04-16,2099-12-31,
2000000255,0,Maps to,2025-04-16,2099-12-31,
0,2000000255,Maps from,2025-04-16,2099-12-31,
2000002579,0,Maps to,2025-04-16,2099-12-31,
0,2000002579,Maps from,2025-04-16,2099-12-31,
2000002581,0,Maps to,2025-04-16,2099-12-31,
0,2000002581,Maps from,2025-04-16,2099-12-31,
2000002582,0,Maps to,2025-04-16,2099-12-31,
0,2000002582,Maps from,2025-04-16,2099-12-31,
2000002583,0,Maps to,2025-04-16,2099-12-31,
0,2000002583,Maps from,2025-04-16,2099-12-31,
2000002584,0,Maps to,2025-04-16,2099-12-31,
0,2000002584,Maps from,2025-04-16,2099-12-31,
2000002585,0,Maps to,2025-04-16,2099-12-31,
0,2000002585,Maps from,2025-04-16,2099-12-31,
2000002586,0,Maps to,2025-04-16,2099-12-31,
0,2000002586,Maps from,2025-04-16,2099-12-31,
2000002587,0,Maps to,2025-04-16,2099-12-31,
0,2000002587,Maps from,2025-04-16,2099-12-31,
2000002588,0,Maps to,2025-04-16,2099-12-31,
0,2000002588,Maps from,2025-04-16,2099-12-31,
2000002589,0,Maps to,2025-04-16,2099-12-31,
0,2000002589,Maps from,2025-04-16,2099-12-31,
2000002590,0,Maps to,2025-04-16,2099-12-31,
0,2000002590,Maps from,2025-04-16,2099-12-31,
2000002591,0,Maps to,2025-04-16,2099-12-31,
0,2000002591,Maps from,2025-04-16,2099-12-31,
2000001155,40786174,Maps to,2025-04-16,2099-12-31,
40786174,2000001155,Maps from,2025-04-16,2099-12-31,
2000002592,0,Maps to,2025-04-16,2099-12-31,
0,2000002592,Maps from,2025-04-16,2099-12-31,
2000002593,0,Maps to,2025-04-16,2099-12-31,
0,2000002593,Maps from,2025-04-16,2099-12-31,
2000002594,0,Maps to,2025-04-16,2099-12-31,
0,2000002594,Maps from,2025-04-16,2099-12-31,
2000002595,0,Maps to,2025-04-16,2099-12-31,
0,2000002595,Maps from,2025-04-16,2099-12-31,
2000002596,0,Maps to,2025-04-16,2099-12-31,
0,2000002596,Maps from,2025-04-16,2099-12-31,
2000002597,0,Maps to,2025-04-16,2099-12-31,
0,2000002597,Maps from,2025-04-16,2099-12-31,
2000002598,0,Maps to,2025-04-16,2099-12-31,
0,2000002598,Maps from,2025-04-16,2099-12-31,
2000002599,0,Maps to,2025-04-16,2099-12-31,
0,2000002599,Maps from,2025-04-16,2099-12-31,
2000002601,0,Maps to,2025-04-16,2099-12-31,
0,2000002601,Maps from,2025-04-16,2099-12-31,
2000001193,40796304,Maps to,2025-04-16,2099-12-31,
40796304,2000001193,Maps from,2025-04-16,2099-12-31,
2000002600,0,Maps to,2025-04-16,2099-12-31,
0,2000002600,Maps from,2025-04-16,2099-12-31,
2000001194,40796304,Maps to,2025-04-16,2099-12-31,
40796304,2000001194,Maps from,2025-04-16,2099-12-31,
2000002602,0,Maps to,2025-04-16,2099-12-31,
0,2000002602,Maps from,2025-04-16,2099-12-31,
2000002603,0,Maps to,2025-04-16,2099-12-31,
0,2000002603,Maps from,2025-04-16,2099-12-31,
2000002604,0,Maps to,2025-04-16,2099-12-31,
0,2000002604,Maps from,2025-04-16,2099-12-31,
2000002605,0,Maps to,2025-04-16,2099-12-31,
0,2000002605,Maps from,2025-04-16,2099-12-31,
2000002607,0,Maps to,2025-04-16,2099-12-31,
0,2000002607,Maps from,2025-04-16,2099-12-31,
2000002606,0,Maps to,2025-04-16,2099-12-31,
0,2000002606,Maps from,2025-04-16,2099-12-31,
2000002608,0,Maps to,2025-04-16,2099-12-31,
0,2000002608,Maps from,2025-04-16,2099-12-31,
2000002610,0,Maps to,2025-04-16,2099-12-31,
0,2000002610,Maps from,2025-04-16,2099-12-31,
2000002609,0,Maps to,2025-04-16,2099-12-31,
0,2000002609,Maps from,2025-04-16,2099-12-31,
2000002611,0,Maps to,2025-04-16,2099-12-31,
0,2000002611,Maps from,2025-04-16,2099-12-31,
2000002612,0,Maps to,2025-04-16,2099-12-31,
0,2000002612,Maps from,2025-04-16,2099-12-31,
2000002613,0,Maps to,2025-04-16,2099-12-31,
0,2000002613,Maps from,2025-04-16,2099-12-31,
2000002614,0,Maps to,2025-04-16,2099-12-31,
0,2000002614,Maps from,2025-04-16,2099-12-31,
2000002615,0,Maps to,2025-04-16,2099-12-31,
0,2000002615,Maps from,2025-04-16,2099-12-31,
2000000082,3968605,Maps to,2025-04-16,2099-12-31,
3968605,2000000082,Maps from,2025-04-16,2099-12-31,
2000002616,0,Maps to,2025-04-16,2099-12-31,
0,2000002616,Maps from,2025-04-16,2099-12-31,
2000002617,0,Maps to,2025-04-16,2099-12-31,
0,2000002617,Maps from,2025-04-16,2099-12-31,
2000002618,0,Maps to,2025-04-16,2099-12-31,
0,2000002618,Maps from,2025-04-16,2099-12-31,
2000002619,0,Maps to,2025-04-16,2099-12-31,
0,2000002619,Maps from,2025-04-16,2099-12-31,
2000002620,0,Maps to,2025-04-16,2099-12-31,
0,2000002620,Maps from,2025-04-16,2099-12-31,
2000000083,3968605,Maps to,2025-04-16,2099-12-31,
3968605,2000000083,Maps from,2025-04-16,2099-12-31,
2000002621,0,Maps to,2025-04-16,2099-12-31,
0,2000002621,Maps from,2025-04-16,2099-12-31,
2000002623,0,Maps to,2025-04-16,2099-12-31,
0,2000002623,Maps from,2025-04-16,2099-12-31,
2000002622,0,Maps to,2025-04-16,2099-12-31,
0,2000002622,Maps from,2025-04-16,2099-12-31,
2000002624,0,Maps to,2025-04-16,2099-12-31,
0,2000002624,Maps from,2025-04-16,2099-12-31,
2000002626,0,Maps to,2025-04-16,2099-12-31,
0,2000002626,Maps from,2025-04-16,2099-12-31,
2000002625,0,Maps to,2025-04-16,2099-12-31,
0,2000002625,Maps from,2025-04-16,2099-12-31,
2000002627,0,Maps to,2025-04-16,2099-12-31,
0,2000002627,Maps from,2025-04-16,2099-12-31,
2000002628,0,Maps to,2025-04-16,2099-12-31,
0,2000002628,Maps from,2025-04-16,2099-12-31,
2000002630,0,Maps to,2025-04-16,2099-12-31,
0,2000002630,Maps from,2025-04-16,2099-12-31,
2000002629,0,Maps to,2025-04-16,2099-12-31,
0,2000002629,Maps from,2025-04-16,2099-12-31,
2000002631,0,Maps to,2025-04-16,2099-12-31,
0,2000002631,Maps from,2025-04-16,2099-12-31,
2000002633,0,Maps to,2025-04-16,2099-12-31,
0,2000002633,Maps from,2025-04-16,2099-12-31,
2000002632,0,Maps to,2025-04-16,2099-12-31,
0,2000002632,Maps from,2025-04-16,2099-12-31,
2000002634,0,Maps to,2025-04-16,2099-12-31,
0,2000002634,Maps from,2025-04-16,2099-12-31,
2000002636,0,Maps to,2025-04-16,2099-12-31,
0,2000002636,Maps from,2025-04-16,2099-12-31,
2000002635,0,Maps to,2025-04-16,2099-12-31,
0,2000002635,Maps from,2025-04-16,2099-12-31,
2000002637,0,Maps to,2025-04-16,2099-12-31,
0,2000002637,Maps from,2025-04-16,2099-12-31,
2000002638,0,Maps to,2025-04-16,2099-12-31,
0,2000002638,Maps from,2025-04-16,2099-12-31,
2000002639,0,Maps to,2025-04-16,2099-12-31,
0,2000002639,Maps from,2025-04-16,2099-12-31,
2000002640,0,Maps to,2025-04-16,2099-12-31,
0,2000002640,Maps from,2025-04-16,2099-12-31,
2000002641,0,Maps to,2025-04-16,2099-12-31,
0,2000002641,Maps from,2025-04-16,2099-12-31,
2000002642,0,Maps to,2025-04-16,2099-12-31,
0,2000002642,Maps from,2025-04-16,2099-12-31,
2000002643,0,Maps to,2025-04-16,2099-12-31,
0,2000002643,Maps from,2025-04-16,2099-12-31,
2000002644,0,Maps to,2025-04-16,2099-12-31,
0,2000002644,Maps from,2025-04-16,2099-12-31,
2000002645,0,Maps to,2025-04-16,2099-12-31,
0,2000002645,Maps from,2025-04-16,2099-12-31,
2000002646,0,Maps to,2025-04-16,2099-12-31,
0,2000002646,Maps from,2025-04-16,2099-12-31,
2000002647,0,Maps to,2025-04-16,2099-12-31,
0,2000002647,Maps from,2025-04-16,2099-12-31,
2000002648,0,Maps to,2025-04-16,2099-12-31,
0,2000002648,Maps from,2025-04-16,2099-12-31,
2000002649,0,Maps to,2025-04-16,2099-12-31,
0,2000002649,Maps from,2025-04-16,2099-12-31,
2000002650,0,Maps to,2025-04-16,2099-12-31,
0,2000002650,Maps from,2025-04-16,2099-12-31,
2000002651,0,Maps to,2025-04-16,2099-12-31,
0,2000002651,Maps from,2025-04-16,2099-12-31,
2000002652,0,Maps to,2025-04-16,2099-12-31,
0,2000002652,Maps from,2025-04-16,2099-12-31,
2000002653,0,Maps to,2025-04-16,2099-12-31,
0,2000002653,Maps from,2025-04-16,2099-12-31,
2000002654,0,Maps to,2025-04-16,2099-12-31,
0,2000002654,Maps from,2025-04-16,2099-12-31,
2000002655,0,Maps to,2025-04-16,2099-12-31,
0,2000002655,Maps from,2025-04-16,2099-12-31,
2000002657,0,Maps to,2025-04-16,2099-12-31,
0,2000002657,Maps from,2025-04-16,2099-12-31,
2000002656,0,Maps to,2025-04-16,2099-12-31,
0,2000002656,Maps from,2025-04-16,2099-12-31,
2000002658,0,Maps to,2025-04-16,2099-12-31,
0,2000002658,Maps from,2025-04-16,2099-12-31,
2000002659,0,Maps to,2025-04-16,2099-12-31,
0,2000002659,Maps from,2025-04-16,2099-12-31,
2000000256,0,Maps to,2025-04-16,2099-12-31,
0,2000000256,Maps from,2025-04-16,2099-12-31,
2000002660,0,Maps to,2025-04-16,2099-12-31,
0,2000002660,Maps from,2025-04-16,2099-12-31,
2000000257,0,Maps to,2025-04-16,2099-12-31,
0,2000000257,Maps from,2025-04-16,2099-12-31,
2000002662,0,Maps to,2025-04-16,2099-12-31,
0,2000002662,Maps from,2025-04-16,2099-12-31,
2000002661,0,Maps to,2025-04-16,2099-12-31,
0,2000002661,Maps from,2025-04-16,2099-12-31,
2000002663,0,Maps to,2025-04-16,2099-12-31,
0,2000002663,Maps from,2025-04-16,2099-12-31,
2000002664,0,Maps to,2025-04-16,2099-12-31,
0,2000002664,Maps from,2025-04-16,2099-12-31,
2000000421,40789150,Maps to,2025-04-16,2099-12-31,
40789150,2000000421,Maps from,2025-04-16,2099-12-31,
2000002665,0,Maps to,2025-04-16,2099-12-31,
0,2000002665,Maps from,2025-04-16,2099-12-31,
2000000258,0,Maps to,2025-04-16,2099-12-31,
0,2000000258,Maps from,2025-04-16,2099-12-31,
2000002666,0,Maps to,2025-04-16,2099-12-31,
0,2000002666,Maps from,2025-04-16,2099-12-31,
2000002667,0,Maps to,2025-04-16,2099-12-31,
0,2000002667,Maps from,2025-04-16,2099-12-31,
2000002668,0,Maps to,2025-04-16,2099-12-31,
0,2000002668,Maps from,2025-04-16,2099-12-31,
2000002669,0,Maps to,2025-04-16,2099-12-31,
0,2000002669,Maps from,2025-04-16,2099-12-31,
2000002671,0,Maps to,2025-04-16,2099-12-31,
0,2000002671,Maps from,2025-04-16,2099-12-31,
2000002670,0,Maps to,2025-04-16,2099-12-31,
0,2000002670,Maps from,2025-04-16,2099-12-31,
2000002672,0,Maps to,2025-04-16,2099-12-31,
0,2000002672,Maps from,2025-04-16,2099-12-31,
2000002674,0,Maps to,2025-04-16,2099-12-31,
0,2000002674,Maps from,2025-04-16,2099-12-31,
2000002673,0,Maps to,2025-04-16,2099-12-31,
0,2000002673,Maps from,2025-04-16,2099-12-31,
2000002675,0,Maps to,2025-04-16,2099-12-31,
0,2000002675,Maps from,2025-04-16,2099-12-31,
2000002676,0,Maps to,2025-04-16,2099-12-31,
0,2000002676,Maps from,2025-04-16,2099-12-31,
2000002678,0,Maps to,2025-04-16,2099-12-31,
0,2000002678,Maps from,2025-04-16,2099-12-31,
2000002677,0,Maps to,2025-04-16,2099-12-31,
0,2000002677,Maps from,2025-04-16,2099-12-31,
2000002679,0,Maps to,2025-04-16,2099-12-31,
0,2000002679,Maps from,2025-04-16,2099-12-31,
2000002680,0,Maps to,2025-04-16,2099-12-31,
0,2000002680,Maps from,2025-04-16,2099-12-31,
2000002681,0,Maps to,2025-04-16,2099-12-31,
0,2000002681,Maps from,2025-04-16,2099-12-31,
2000002682,0,Maps to,2025-04-16,2099-12-31,
0,2000002682,Maps from,2025-04-16,2099-12-31,
2000002684,0,Maps to,2025-04-16,2099-12-31,
0,2000002684,Maps from,2025-04-16,2099-12-31,
2000002683,0,Maps to,2025-04-16,2099-12-31,
0,2000002683,Maps from,2025-04-16,2099-12-31,
2000002685,0,Maps to,2025-04-16,2099-12-31,
0,2000002685,Maps from,2025-04-16,2099-12-31,
2000002686,0,Maps to,2025-04-16,2099-12-31,
0,2000002686,Maps from,2025-04-16,2099-12-31,
2000002687,0,Maps to,2025-04-16,2099-12-31,
0,2000002687,Maps from,2025-04-16,2099-12-31,
2000002688,0,Maps to,2025-04-16,2099-12-31,
0,2000002688,Maps from,2025-04-16,2099-12-31,
2000002689,0,Maps to,2025-04-16,2099-12-31,
0,2000002689,Maps from,2025-04-16,2099-12-31,
2000002690,0,Maps to,2025-04-16,2099-12-31,
0,2000002690,Maps from,2025-04-16,2099-12-31,
2000002691,0,Maps to,2025-04-16,2099-12-31,
0,2000002691,Maps from,2025-04-16,2099-12-31,
2000002692,0,Maps to,2025-04-16,2099-12-31,
0,2000002692,Maps from,2025-04-16,2099-12-31,
2000002693,0,Maps to,2025-04-16,2099-12-31,
0,2000002693,Maps from,2025-04-16,2099-12-31,
2000002694,0,Maps to,2025-04-16,2099-12-31,
0,2000002694,Maps from,2025-04-16,2099-12-31,
2000002696,0,Maps to,2025-04-16,2099-12-31,
0,2000002696,Maps from,2025-04-16,2099-12-31,
2000002695,0,Maps to,2025-04-16,2099-12-31,
0,2000002695,Maps from,2025-04-16,2099-12-31,
2000002697,0,Maps to,2025-04-16,2099-12-31,
0,2000002697,Maps from,2025-04-16,2099-12-31,
2000002698,0,Maps to,2025-04-16,2099-12-31,
0,2000002698,Maps from,2025-04-16,2099-12-31,
2000002699,0,Maps to,2025-04-16,2099-12-31,
0,2000002699,Maps from,2025-04-16,2099-12-31,
2000002700,0,Maps to,2025-04-16,2099-12-31,
0,2000002700,Maps from,2025-04-16,2099-12-31,
2000002701,0,Maps to,2025-04-16,2099-12-31,
0,2000002701,Maps from,2025-04-16,2099-12-31,
2000000259,0,Maps to,2025-04-16,2099-12-31,
0,2000000259,Maps from,2025-04-16,2099-12-31,
2000000510,0,Maps to,2025-04-16,2099-12-31,
0,2000000510,Maps from,2025-04-16,2099-12-31,
2000002702,0,Maps to,2025-04-16,2099-12-31,
0,2000002702,Maps from,2025-04-16,2099-12-31,
2000002704,0,Maps to,2025-04-16,2099-12-31,
0,2000002704,Maps from,2025-04-16,2099-12-31,
2000001188,40779757,Maps to,2025-04-16,2099-12-31,
40779757,2000001188,Maps from,2025-04-16,2099-12-31,
2000002703,0,Maps to,2025-04-16,2099-12-31,
0,2000002703,Maps from,2025-04-16,2099-12-31,
2000002705,0,Maps to,2025-04-16,2099-12-31,
0,2000002705,Maps from,2025-04-16,2099-12-31,
2000002707,0,Maps to,2025-04-16,2099-12-31,
0,2000002707,Maps from,2025-04-16,2099-12-31,
2000002706,0,Maps to,2025-04-16,2099-12-31,
0,2000002706,Maps from,2025-04-16,2099-12-31,
2000002708,0,Maps to,2025-04-16,2099-12-31,
0,2000002708,Maps from,2025-04-16,2099-12-31,
2000002709,0,Maps to,2025-04-16,2099-12-31,
0,2000002709,Maps from,2025-04-16,2099-12-31,
2000000443,40789263,Maps to,2025-04-16,2099-12-31,
40789263,2000000443,Maps from,2025-04-16,2099-12-31,
2000002711,0,Maps to,2025-04-16,2099-12-31,
0,2000002711,Maps from,2025-04-16,2099-12-31,
2000001068,40779708,Maps to,2025-04-16,2099-12-31,
40779708,2000001068,Maps from,2025-04-16,2099-12-31,
2000002710,0,Maps to,2025-04-16,2099-12-31,
0,2000002710,Maps from,2025-04-16,2099-12-31,
2000002712,0,Maps to,2025-04-16,2099-12-31,
0,2000002712,Maps from,2025-04-16,2099-12-31,
2000002714,0,Maps to,2025-04-16,2099-12-31,
0,2000002714,Maps from,2025-04-16,2099-12-31,
2000002713,0,Maps to,2025-04-16,2099-12-31,
0,2000002713,Maps from,2025-04-16,2099-12-31,
2000001183,40783137,Maps to,2025-04-16,2099-12-31,
40783137,2000001183,Maps from,2025-04-16,2099-12-31,
2000002715,0,Maps to,2025-04-16,2099-12-31,
0,2000002715,Maps from,2025-04-16,2099-12-31,
2000000732,40786492,Maps to,2025-04-16,2099-12-31,
40786492,2000000732,Maps from,2025-04-16,2099-12-31,
2000002716,0,Maps to,2025-04-16,2099-12-31,
0,2000002716,Maps from,2025-04-16,2099-12-31,
2000000562,40785815,Maps to,2025-04-16,2099-12-31,
40785815,2000000562,Maps from,2025-04-16,2099-12-31,
2000002718,0,Maps to,2025-04-16,2099-12-31,
0,2000002718,Maps from,2025-04-16,2099-12-31,
2000002717,0,Maps to,2025-04-16,2099-12-31,
0,2000002717,Maps from,2025-04-16,2099-12-31,
2000002719,0,Maps to,2025-04-16,2099-12-31,
0,2000002719,Maps from,2025-04-16,2099-12-31,
2000002720,0,Maps to,2025-04-16,2099-12-31,
0,2000002720,Maps from,2025-04-16,2099-12-31,
2000002721,0,Maps to,2025-04-16,2099-12-31,
0,2000002721,Maps from,2025-04-16,2099-12-31,
2000002722,0,Maps to,2025-04-16,2099-12-31,
0,2000002722,Maps from,2025-04-16,2099-12-31,
2000002723,0,Maps to,2025-04-16,2099-12-31,
0,2000002723,Maps from,2025-04-16,2099-12-31,
2000002724,0,Maps to,2025-04-16,2099-12-31,
0,2000002724,Maps from,2025-04-16,2099-12-31,
2000002725,0,Maps to,2025-04-16,2099-12-31,
0,2000002725,Maps from,2025-04-16,2099-12-31,
2000002726,0,Maps to,2025-04-16,2099-12-31,
0,2000002726,Maps from,2025-04-16,2099-12-31,
2000000084,3968605,Maps to,2025-04-16,2099-12-31,
3968605,2000000084,Maps from,2025-04-16,2099-12-31,
2000002728,0,Maps to,2025-04-16,2099-12-31,
0,2000002728,Maps from,2025-04-16,2099-12-31,
2000002727,0,Maps to,2025-04-16,2099-12-31,
0,2000002727,Maps from,2025-04-16,2099-12-31,
2000002729,0,Maps to,2025-04-16,2099-12-31,
0,2000002729,Maps from,2025-04-16,2099-12-31,
2000002730,0,Maps to,2025-04-16,2099-12-31,
0,2000002730,Maps from,2025-04-16,2099-12-31,
2000002731,0,Maps to,2025-04-16,2099-12-31,
0,2000002731,Maps from,2025-04-16,2099-12-31,
2000002732,0,Maps to,2025-04-16,2099-12-31,
0,2000002732,Maps from,2025-04-16,2099-12-31,
2000002733,0,Maps to,2025-04-16,2099-12-31,
0,2000002733,Maps from,2025-04-16,2099-12-31,
2000002734,0,Maps to,2025-04-16,2099-12-31,
0,2000002734,Maps from,2025-04-16,2099-12-31,
2000002735,0,Maps to,2025-04-16,2099-12-31,
0,2000002735,Maps from,2025-04-16,2099-12-31,
2000002737,0,Maps to,2025-04-16,2099-12-31,
0,2000002737,Maps from,2025-04-16,2099-12-31,
2000002736,0,Maps to,2025-04-16,2099-12-31,
0,2000002736,Maps from,2025-04-16,2099-12-31,
2000000260,0,Maps to,2025-04-16,2099-12-31,
0,2000000260,Maps from,2025-04-16,2099-12-31,
2000002738,0,Maps to,2025-04-16,2099-12-31,
0,2000002738,Maps from,2025-04-16,2099-12-31,
2000002739,0,Maps to,2025-04-16,2099-12-31,
0,2000002739,Maps from,2025-04-16,2099-12-31,
2000002741,0,Maps to,2025-04-16,2099-12-31,
0,2000002741,Maps from,2025-04-16,2099-12-31,
2000002740,0,Maps to,2025-04-16,2099-12-31,
0,2000002740,Maps from,2025-04-16,2099-12-31,
2000002742,0,Maps to,2025-04-16,2099-12-31,
0,2000002742,Maps from,2025-04-16,2099-12-31,
2000002743,0,Maps to,2025-04-16,2099-12-31,
0,2000002743,Maps from,2025-04-16,2099-12-31,
2000002744,0,Maps to,2025-04-16,2099-12-31,
0,2000002744,Maps from,2025-04-16,2099-12-31,
2000002745,0,Maps to,2025-04-16,2099-12-31,
0,2000002745,Maps from,2025-04-16,2099-12-31,
2000000261,0,Maps to,2025-04-16,2099-12-31,
0,2000000261,Maps from,2025-04-16,2099-12-31,
2000000262,0,Maps to,2025-04-16,2099-12-31,
0,2000000262,Maps from,2025-04-16,2099-12-31,
2000002746,0,Maps to,2025-04-16,2099-12-31,
0,2000002746,Maps from,2025-04-16,2099-12-31,
2000002748,0,Maps to,2025-04-16,2099-12-31,
0,2000002748,Maps from,2025-04-16,2099-12-31,
2000002747,0,Maps to,2025-04-16,2099-12-31,
0,2000002747,Maps from,2025-04-16,2099-12-31,
2000002749,0,Maps to,2025-04-16,2099-12-31,
0,2000002749,Maps from,2025-04-16,2099-12-31,
2000002750,0,Maps to,2025-04-16,2099-12-31,
0,2000002750,Maps from,2025-04-16,2099-12-31,
2000000085,3968605,Maps to,2025-04-16,2099-12-31,
3968605,2000000085,Maps from,2025-04-16,2099-12-31,
2000002752,0,Maps to,2025-04-16,2099-12-31,
0,2000002752,Maps from,2025-04-16,2099-12-31,
2000002751,0,Maps to,2025-04-16,2099-12-31,
0,2000002751,Maps from,2025-04-16,2099-12-31,
2000002753,0,Maps to,2025-04-16,2099-12-31,
0,2000002753,Maps from,2025-04-16,2099-12-31,
2000002754,0,Maps to,2025-04-16,2099-12-31,
0,2000002754,Maps from,2025-04-16,2099-12-31,
2000002756,0,Maps to,2025-04-16,2099-12-31,
0,2000002756,Maps from,2025-04-16,2099-12-31,
2000002755,0,Maps to,2025-04-16,2099-12-31,
0,2000002755,Maps from,2025-04-16,2099-12-31,
2000002757,0,Maps to,2025-04-16,2099-12-31,
0,2000002757,Maps from,2025-04-16,2099-12-31,
2000002758,0,Maps to,2025-04-16,2099-12-31,
0,2000002758,Maps from,2025-04-16,2099-12-31,
2000002759,0,Maps to,2025-04-16,2099-12-31,
0,2000002759,Maps from,2025-04-16,2099-12-31,
2000002760,0,Maps to,2025-04-16,2099-12-31,
0,2000002760,Maps from,2025-04-16,2099-12-31,
2000002761,0,Maps to,2025-04-16,2099-12-31,
0,2000002761,Maps from,2025-04-16,2099-12-31,
2000002762,0,Maps to,2025-04-16,2099-12-31,
0,2000002762,Maps from,2025-04-16,2099-12-31,
2000002763,0,Maps to,2025-04-16,2099-12-31,
0,2000002763,Maps from,2025-04-16,2099-12-31,
2000002765,0,Maps to,2025-04-16,2099-12-31,
0,2000002765,Maps from,2025-04-16,2099-12-31,
2000002764,0,Maps to,2025-04-16,2099-12-31,
0,2000002764,Maps from,2025-04-16,2099-12-31,
2000002766,0,Maps to,2025-04-16,2099-12-31,
0,2000002766,Maps from,2025-04-16,2099-12-31,
2000002768,0,Maps to,2025-04-16,2099-12-31,
0,2000002768,Maps from,2025-04-16,2099-12-31,
2000002767,0,Maps to,2025-04-16,2099-12-31,
0,2000002767,Maps from,2025-04-16,2099-12-31,
2000002769,0,Maps to,2025-04-16,2099-12-31,
0,2000002769,Maps from,2025-04-16,2099-12-31,
2000000263,0,Maps to,2025-04-16,2099-12-31,
0,2000000263,Maps from,2025-04-16,2099-12-31,
2000002770,0,Maps to,2025-04-16,2099-12-31,
0,2000002770,Maps from,2025-04-16,2099-12-31,
2000002771,0,Maps to,2025-04-16,2099-12-31,
0,2000002771,Maps from,2025-04-16,2099-12-31,
2000002772,0,Maps to,2025-04-16,2099-12-31,
0,2000002772,Maps from,2025-04-16,2099-12-31,
2000002773,0,Maps to,2025-04-16,2099-12-31,
0,2000002773,Maps from,2025-04-16,2099-12-31,
2000002774,0,Maps to,2025-04-16,2099-12-31,
0,2000002774,Maps from,2025-04-16,2099-12-31,
2000002775,0,Maps to,2025-04-16,2099-12-31,
0,2000002775,Maps from,2025-04-16,2099-12-31,
2000002776,0,Maps to,2025-04-16,2099-12-31,
0,2000002776,Maps from,2025-04-16,2099-12-31,
2000002778,0,Maps to,2025-04-16,2099-12-31,
0,2000002778,Maps from,2025-04-16,2099-12-31,
2000002777,0,Maps to,2025-04-16,2099-12-31,
0,2000002777,Maps from,2025-04-16,2099-12-31,
2000002779,0,Maps to,2025-04-16,2099-12-31,
0,2000002779,Maps from,2025-04-16,2099-12-31,
2000002780,0,Maps to,2025-04-16,2099-12-31,
0,2000002780,Maps from,2025-04-16,2099-12-31,
2000002781,0,Maps to,2025-04-16,2099-12-31,
0,2000002781,Maps from,2025-04-16,2099-12-31,
2000002782,0,Maps to,2025-04-16,2099-12-31,
0,2000002782,Maps from,2025-04-16,2099-12-31,
2000002783,0,Maps to,2025-04-16,2099-12-31,
0,2000002783,Maps from,2025-04-16,2099-12-31,
2000002784,0,Maps to,2025-04-16,2099-12-31,
0,2000002784,Maps from,2025-04-16,2099-12-31,
2000002785,0,Maps to,2025-04-16,2099-12-31,
0,2000002785,Maps from,2025-04-16,2099-12-31,
2000002786,0,Maps to,2025-04-16,2099-12-31,
0,2000002786,Maps from,2025-04-16,2099-12-31,
2000002787,0,Maps to,2025-04-16,2099-12-31,
0,2000002787,Maps from,2025-04-16,2099-12-31,
2000001219,1619263,Maps to,2025-04-16,2099-12-31,
1619263,2000001219,Maps from,2025-04-16,2099-12-31,
2000002788,0,Maps to,2025-04-16,2099-12-31,
0,2000002788,Maps from,2025-04-16,2099-12-31,
2000002789,0,Maps to,2025-04-16,2099-12-31,
0,2000002789,Maps from,2025-04-16,2099-12-31,
2000002791,0,Maps to,2025-04-16,2099-12-31,
0,2000002791,Maps from,2025-04-16,2099-12-31,
2000002790,0,Maps to,2025-04-16,2099-12-31,
0,2000002790,Maps from,2025-04-16,2099-12-31,
2000002792,0,Maps to,2025-04-16,2099-12-31,
0,2000002792,Maps from,2025-04-16,2099-12-31,
2000002794,0,Maps to,2025-04-16,2099-12-31,
0,2000002794,Maps from,2025-04-16,2099-12-31,
2000002793,0,Maps to,2025-04-16,2099-12-31,
0,2000002793,Maps from,2025-04-16,2099-12-31,
2000002795,0,Maps to,2025-04-16,2099-12-31,
0,2000002795,Maps from,2025-04-16,2099-12-31,
2000002796,0,Maps to,2025-04-16,2099-12-31,
0,2000002796,Maps from,2025-04-16,2099-12-31,
2000002797,0,Maps to,2025-04-16,2099-12-31,
0,2000002797,Maps from,2025-04-16,2099-12-31,
2000002798,0,Maps to,2025-04-16,2099-12-31,
0,2000002798,Maps from,2025-04-16,2099-12-31,
2000000264,0,Maps to,2025-04-16,2099-12-31,
0,2000000264,Maps from,2025-04-16,2099-12-31,
2000002799,0,Maps to,2025-04-16,2099-12-31,
0,2000002799,Maps from,2025-04-16,2099-12-31,
2000002801,0,Maps to,2025-04-16,2099-12-31,
0,2000002801,Maps from,2025-04-16,2099-12-31,
2000002800,0,Maps to,2025-04-16,2099-12-31,
0,2000002800,Maps from,2025-04-16,2099-12-31,
2000002802,0,Maps to,2025-04-16,2099-12-31,
0,2000002802,Maps from,2025-04-16,2099-12-31,
2000002803,0,Maps to,2025-04-16,2099-12-31,
0,2000002803,Maps from,2025-04-16,2099-12-31,
2000002804,0,Maps to,2025-04-16,2099-12-31,
0,2000002804,Maps from,2025-04-16,2099-12-31,
2000000265,0,Maps to,2025-04-16,2099-12-31,
0,2000000265,Maps from,2025-04-16,2099-12-31,
2000002805,0,Maps to,2025-04-16,2099-12-31,
0,2000002805,Maps from,2025-04-16,2099-12-31,
2000002806,0,Maps to,2025-04-16,2099-12-31,
0,2000002806,Maps from,2025-04-16,2099-12-31,
2000002807,0,Maps to,2025-04-16,2099-12-31,
0,2000002807,Maps from,2025-04-16,2099-12-31,
2000002808,0,Maps to,2025-04-16,2099-12-31,
0,2000002808,Maps from,2025-04-16,2099-12-31,
2000002809,0,Maps to,2025-04-16,2099-12-31,
0,2000002809,Maps from,2025-04-16,2099-12-31,
2000002810,0,Maps to,2025-04-16,2099-12-31,
0,2000002810,Maps from,2025-04-16,2099-12-31,
2000002811,0,Maps to,2025-04-16,2099-12-31,
0,2000002811,Maps from,2025-04-16,2099-12-31,
2000002813,0,Maps to,2025-04-16,2099-12-31,
0,2000002813,Maps from,2025-04-16,2099-12-31,
2000002812,0,Maps to,2025-04-16,2099-12-31,
0,2000002812,Maps from,2025-04-16,2099-12-31,
2000002814,0,Maps to,2025-04-16,2099-12-31,
0,2000002814,Maps from,2025-04-16,2099-12-31,
2000002815,0,Maps to,2025-04-16,2099-12-31,
0,2000002815,Maps from,2025-04-16,2099-12-31,
2000002816,0,Maps to,2025-04-16,2099-12-31,
0,2000002816,Maps from,2025-04-16,2099-12-31,
2000002817,0,Maps to,2025-04-16,2099-12-31,
0,2000002817,Maps from,2025-04-16,2099-12-31,
2000002818,0,Maps to,2025-04-16,2099-12-31,
0,2000002818,Maps from,2025-04-16,2099-12-31,
2000002819,0,Maps to,2025-04-16,2099-12-31,
0,2000002819,Maps from,2025-04-16,2099-12-31,
2000002820,0,Maps to,2025-04-16,2099-12-31,
0,2000002820,Maps from,2025-04-16,2099-12-31,
2000002821,0,Maps to,2025-04-16,2099-12-31,
0,2000002821,Maps from,2025-04-16,2099-12-31,
2000002822,0,Maps to,2025-04-16,2099-12-31,
0,2000002822,Maps from,2025-04-16,2099-12-31,
2000002823,0,Maps to,2025-04-16,2099-12-31,
0,2000002823,Maps from,2025-04-16,2099-12-31,
2000000266,0,Maps to,2025-04-16,2099-12-31,
0,2000000266,Maps from,2025-04-16,2099-12-31,
2000002824,0,Maps to,2025-04-16,2099-12-31,
0,2000002824,Maps from,2025-04-16,2099-12-31,
2000002825,0,Maps to,2025-04-16,2099-12-31,
0,2000002825,Maps from,2025-04-16,2099-12-31,
2000002826,0,Maps to,2025-04-16,2099-12-31,
0,2000002826,Maps from,2025-04-16,2099-12-31,
2000002827,0,Maps to,2025-04-16,2099-12-31,
0,2000002827,Maps from,2025-04-16,2099-12-31,
2000002828,0,Maps to,2025-04-16,2099-12-31,
0,2000002828,Maps from,2025-04-16,2099-12-31,
2000002829,0,Maps to,2025-04-16,2099-12-31,
0,2000002829,Maps from,2025-04-16,2099-12-31,
2000002830,0,Maps to,2025-04-16,2099-12-31,
0,2000002830,Maps from,2025-04-16,2099-12-31,
2000002831,0,Maps to,2025-04-16,2099-12-31,
0,2000002831,Maps from,2025-04-16,2099-12-31,
2000002832,0,Maps to,2025-04-16,2099-12-31,
0,2000002832,Maps from,2025-04-16,2099-12-31,
2000002833,0,Maps to,2025-04-16,2099-12-31,
0,2000002833,Maps from,2025-04-16,2099-12-31,
2000002834,0,Maps to,2025-04-16,2099-12-31,
0,2000002834,Maps from,2025-04-16,2099-12-31,
2000002835,0,Maps to,2025-04-16,2099-12-31,
0,2000002835,Maps from,2025-04-16,2099-12-31,
2000002836,0,Maps to,2025-04-16,2099-12-31,
0,2000002836,Maps from,2025-04-16,2099-12-31,
2000002837,0,Maps to,2025-04-16,2099-12-31,
0,2000002837,Maps from,2025-04-16,2099-12-31,
2000002838,0,Maps to,2025-04-16,2099-12-31,
0,2000002838,Maps from,2025-04-16,2099-12-31,
2000002839,0,Maps to,2025-04-16,2099-12-31,
0,2000002839,Maps from,2025-04-16,2099-12-31,
2000000267,0,Maps to,2025-04-16,2099-12-31,
0,2000000267,Maps from,2025-04-16,2099-12-31,
2000002840,0,Maps to,2025-04-16,2099-12-31,
0,2000002840,Maps from,2025-04-16,2099-12-31,
2000002841,0,Maps to,2025-04-16,2099-12-31,
0,2000002841,Maps from,2025-04-16,2099-12-31,
2000002842,0,Maps to,2025-04-16,2099-12-31,
0,2000002842,Maps from,2025-04-16,2099-12-31,
2000002843,0,Maps to,2025-04-16,2099-12-31,
0,2000002843,Maps from,2025-04-16,2099-12-31,
2000002844,0,Maps to,2025-04-16,2099-12-31,
0,2000002844,Maps from,2025-04-16,2099-12-31,
2000002846,0,Maps to,2025-04-16,2099-12-31,
0,2000002846,Maps from,2025-04-16,2099-12-31,
2000002845,0,Maps to,2025-04-16,2099-12-31,
0,2000002845,Maps from,2025-04-16,2099-12-31,
2000002847,0,Maps to,2025-04-16,2099-12-31,
0,2000002847,Maps from,2025-04-16,2099-12-31,
2000002848,0,Maps to,2025-04-16,2099-12-31,
0,2000002848,Maps from,2025-04-16,2099-12-31,
2000002849,0,Maps to,2025-04-16,2099-12-31,
0,2000002849,Maps from,2025-04-16,2099-12-31,
2000002850,0,Maps to,2025-04-16,2099-12-31,
0,2000002850,Maps from,2025-04-16,2099-12-31,
2000001148,40782964,Maps to,2025-04-16,2099-12-31,
40782964,2000001148,Maps from,2025-04-16,2099-12-31,
2000002851,0,Maps to,2025-04-16,2099-12-31,
0,2000002851,Maps from,2025-04-16,2099-12-31,
2000002852,0,Maps to,2025-04-16,2099-12-31,
0,2000002852,Maps from,2025-04-16,2099-12-31,
2000002853,0,Maps to,2025-04-16,2099-12-31,
0,2000002853,Maps from,2025-04-16,2099-12-31,
2000002855,0,Maps to,2025-04-16,2099-12-31,
0,2000002855,Maps from,2025-04-16,2099-12-31,
2000002854,0,Maps to,2025-04-16,2099-12-31,
0,2000002854,Maps from,2025-04-16,2099-12-31,
2000002856,0,Maps to,2025-04-16,2099-12-31,
0,2000002856,Maps from,2025-04-16,2099-12-31,
2000002858,0,Maps to,2025-04-16,2099-12-31,
0,2000002858,Maps from,2025-04-16,2099-12-31,
2000002857,0,Maps to,2025-04-16,2099-12-31,
0,2000002857,Maps from,2025-04-16,2099-12-31,
2000002859,0,Maps to,2025-04-16,2099-12-31,
0,2000002859,Maps from,2025-04-16,2099-12-31,
2000002861,0,Maps to,2025-04-16,2099-12-31,
0,2000002861,Maps from,2025-04-16,2099-12-31,
2000002860,0,Maps to,2025-04-16,2099-12-31,
0,2000002860,Maps from,2025-04-16,2099-12-31,
2000002862,0,Maps to,2025-04-16,2099-12-31,
0,2000002862,Maps from,2025-04-16,2099-12-31,
2000002863,0,Maps to,2025-04-16,2099-12-31,
0,2000002863,Maps from,2025-04-16,2099-12-31,
2000002864,0,Maps to,2025-04-16,2099-12-31,
0,2000002864,Maps from,2025-04-16,2099-12-31,
2000002865,0,Maps to,2025-04-16,2099-12-31,
0,2000002865,Maps from,2025-04-16,2099-12-31,
2000002867,0,Maps to,2025-04-16,2099-12-31,
0,2000002867,Maps from,2025-04-16,2099-12-31,
2000002866,0,Maps to,2025-04-16,2099-12-31,
0,2000002866,Maps from,2025-04-16,2099-12-31,
2000002868,0,Maps to,2025-04-16,2099-12-31,
0,2000002868,Maps from,2025-04-16,2099-12-31,
2000002869,0,Maps to,2025-04-16,2099-12-31,
0,2000002869,Maps from,2025-04-16,2099-12-31,
2000002870,0,Maps to,2025-04-16,2099-12-31,
0,2000002870,Maps from,2025-04-16,2099-12-31,
2000002871,0,Maps to,2025-04-16,2099-12-31,
0,2000002871,Maps from,2025-04-16,2099-12-31,
2000002872,0,Maps to,2025-04-16,2099-12-31,
0,2000002872,Maps from,2025-04-16,2099-12-31,
2000002874,0,Maps to,2025-04-16,2099-12-31,
0,2000002874,Maps from,2025-04-16,2099-12-31,
2000002873,0,Maps to,2025-04-16,2099-12-31,
0,2000002873,Maps from,2025-04-16,2099-12-31,
2000000086,3968605,Maps to,2025-04-16,2099-12-31,
3968605,2000000086,Maps from,2025-04-16,2099-12-31,
2000002875,0,Maps to,2025-04-16,2099-12-31,
0,2000002875,Maps from,2025-04-16,2099-12-31,
2000002877,0,Maps to,2025-04-16,2099-12-31,
0,2000002877,Maps from,2025-04-16,2099-12-31,
2000002876,0,Maps to,2025-04-16,2099-12-31,
0,2000002876,Maps from,2025-04-16,2099-12-31,
2000002878,0,Maps to,2025-04-16,2099-12-31,
0,2000002878,Maps from,2025-04-16,2099-12-31,
2000002880,0,Maps to,2025-04-16,2099-12-31,
0,2000002880,Maps from,2025-04-16,2099-12-31,
2000002879,0,Maps to,2025-04-16,2099-12-31,
0,2000002879,Maps from,2025-04-16,2099-12-31,
2000002881,0,Maps to,2025-04-16,2099-12-31,
0,2000002881,Maps from,2025-04-16,2099-12-31,
2000002883,0,Maps to,2025-04-16,2099-12-31,
0,2000002883,Maps from,2025-04-16,2099-12-31,
2000002882,0,Maps to,2025-04-16,2099-12-31,
0,2000002882,Maps from,2025-04-16,2099-12-31,
2000002884,0,Maps to,2025-04-16,2099-12-31,
0,2000002884,Maps from,2025-04-16,2099-12-31,
2000002885,0,Maps to,2025-04-16,2099-12-31,
0,2000002885,Maps from,2025-04-16,2099-12-31,
2000002886,0,Maps to,2025-04-16,2099-12-31,
0,2000002886,Maps from,2025-04-16,2099-12-31,
2000001156,40786174,Maps to,2025-04-16,2099-12-31,
40786174,2000001156,Maps from,2025-04-16,2099-12-31,
2000002887,0,Maps to,2025-04-16,2099-12-31,
0,2000002887,Maps from,2025-04-16,2099-12-31,
2000002888,0,Maps to,2025-04-16,2099-12-31,
0,2000002888,Maps from,2025-04-16,2099-12-31,
2000002890,0,Maps to,2025-04-16,2099-12-31,
0,2000002890,Maps from,2025-04-16,2099-12-31,
2000002889,0,Maps to,2025-04-16,2099-12-31,
0,2000002889,Maps from,2025-04-16,2099-12-31,
2000000973,40773036,Maps to,2025-04-16,2099-12-31,
40773036,2000000973,Maps from,2025-04-16,2099-12-31,
2000002891,0,Maps to,2025-04-16,2099-12-31,
0,2000002891,Maps from,2025-04-16,2099-12-31,
2000002893,0,Maps to,2025-04-16,2099-12-31,
0,2000002893,Maps from,2025-04-16,2099-12-31,
2000002892,0,Maps to,2025-04-16,2099-12-31,
0,2000002892,Maps from,2025-04-16,2099-12-31,
2000002894,0,Maps to,2025-04-16,2099-12-31,
0,2000002894,Maps from,2025-04-16,2099-12-31,
2000002896,0,Maps to,2025-04-16,2099-12-31,
0,2000002896,Maps from,2025-04-16,2099-12-31,
2000002895,0,Maps to,2025-04-16,2099-12-31,
0,2000002895,Maps from,2025-04-16,2099-12-31,
2000002897,0,Maps to,2025-04-16,2099-12-31,
0,2000002897,Maps from,2025-04-16,2099-12-31,
2000002898,0,Maps to,2025-04-16,2099-12-31,
0,2000002898,Maps from,2025-04-16,2099-12-31,
2000002899,0,Maps to,2025-04-16,2099-12-31,
0,2000002899,Maps from,2025-04-16,2099-12-31,
2000002900,0,Maps to,2025-04-16,2099-12-31,
0,2000002900,Maps from,2025-04-16,2099-12-31,
2000000268,0,Maps to,2025-04-16,2099-12-31,
0,2000000268,Maps from,2025-04-16,2099-12-31,
2000002901,0,Maps to,2025-04-16,2099-12-31,
0,2000002901,Maps from,2025-04-16,2099-12-31,
2000002902,0,Maps to,2025-04-16,2099-12-31,
0,2000002902,Maps from,2025-04-16,2099-12-31,
2000002903,0,Maps to,2025-04-16,2099-12-31,
0,2000002903,Maps from,2025-04-16,2099-12-31,
2000002904,0,Maps to,2025-04-16,2099-12-31,
0,2000002904,Maps from,2025-04-16,2099-12-31,
2000002906,0,Maps to,2025-04-16,2099-12-31,
0,2000002906,Maps from,2025-04-16,2099-12-31,
2000002905,0,Maps to,2025-04-16,2099-12-31,
0,2000002905,Maps from,2025-04-16,2099-12-31,
2000002907,0,Maps to,2025-04-16,2099-12-31,
0,2000002907,Maps from,2025-04-16,2099-12-31,
2000002909,0,Maps to,2025-04-16,2099-12-31,
0,2000002909,Maps from,2025-04-16,2099-12-31,
2000002908,0,Maps to,2025-04-16,2099-12-31,
0,2000002908,Maps from,2025-04-16,2099-12-31,
2000002910,0,Maps to,2025-04-16,2099-12-31,
0,2000002910,Maps from,2025-04-16,2099-12-31,
2000002911,0,Maps to,2025-04-16,2099-12-31,
0,2000002911,Maps from,2025-04-16,2099-12-31,
2000002912,0,Maps to,2025-04-16,2099-12-31,
0,2000002912,Maps from,2025-04-16,2099-12-31,
2000001157,40786174,Maps to,2025-04-16,2099-12-31,
40786174,2000001157,Maps from,2025-04-16,2099-12-31,
2000002913,0,Maps to,2025-04-16,2099-12-31,
0,2000002913,Maps from,2025-04-16,2099-12-31,
2000002914,0,Maps to,2025-04-16,2099-12-31,
0,2000002914,Maps from,2025-04-16,2099-12-31,
2000000782,40776478,Maps to,2025-04-16,2099-12-31,
40776478,2000000782,Maps from,2025-04-16,2099-12-31,
2000002916,0,Maps to,2025-04-16,2099-12-31,
0,2000002916,Maps from,2025-04-16,2099-12-31,
2000002915,0,Maps to,2025-04-16,2099-12-31,
0,2000002915,Maps from,2025-04-16,2099-12-31,
2000002917,0,Maps to,2025-04-16,2099-12-31,
0,2000002917,Maps from,2025-04-16,2099-12-31,
2000002918,0,Maps to,2025-04-16,2099-12-31,
0,2000002918,Maps from,2025-04-16,2099-12-31,
2000002919,0,Maps to,2025-04-16,2099-12-31,
0,2000002919,Maps from,2025-04-16,2099-12-31,
2000002920,0,Maps to,2025-04-16,2099-12-31,
0,2000002920,Maps from,2025-04-16,2099-12-31,
2000002921,0,Maps to,2025-04-16,2099-12-31,
0,2000002921,Maps from,2025-04-16,2099-12-31,
2000002922,0,Maps to,2025-04-16,2099-12-31,
0,2000002922,Maps from,2025-04-16,2099-12-31,
2000002923,0,Maps to,2025-04-16,2099-12-31,
0,2000002923,Maps from,2025-04-16,2099-12-31,
2000002924,0,Maps to,2025-04-16,2099-12-31,
0,2000002924,Maps from,2025-04-16,2099-12-31,
2000002925,0,Maps to,2025-04-16,2099-12-31,
0,2000002925,Maps from,2025-04-16,2099-12-31,
2000002926,0,Maps to,2025-04-16,2099-12-31,
0,2000002926,Maps from,2025-04-16,2099-12-31,
2000002927,0,Maps to,2025-04-16,2099-12-31,
0,2000002927,Maps from,2025-04-16,2099-12-31,
2000002928,0,Maps to,2025-04-16,2099-12-31,
0,2000002928,Maps from,2025-04-16,2099-12-31,
2000002929,0,Maps to,2025-04-16,2099-12-31,
0,2000002929,Maps from,2025-04-16,2099-12-31,
2000000269,0,Maps to,2025-04-16,2099-12-31,
0,2000000269,Maps from,2025-04-16,2099-12-31,
2000002930,0,Maps to,2025-04-16,2099-12-31,
0,2000002930,Maps from,2025-04-16,2099-12-31,
2000002931,0,Maps to,2025-04-16,2099-12-31,
0,2000002931,Maps from,2025-04-16,2099-12-31,
2000002932,0,Maps to,2025-04-16,2099-12-31,
0,2000002932,Maps from,2025-04-16,2099-12-31,
2000002933,0,Maps to,2025-04-16,2099-12-31,
0,2000002933,Maps from,2025-04-16,2099-12-31,
2000002934,0,Maps to,2025-04-16,2099-12-31,
0,2000002934,Maps from,2025-04-16,2099-12-31,
2000002936,0,Maps to,2025-04-16,2099-12-31,
0,2000002936,Maps from,2025-04-16,2099-12-31,
2000002935,0,Maps to,2025-04-16,2099-12-31,
0,2000002935,Maps from,2025-04-16,2099-12-31,
2000002937,0,Maps to,2025-04-16,2099-12-31,
0,2000002937,Maps from,2025-04-16,2099-12-31,
2000002938,0,Maps to,2025-04-16,2099-12-31,
0,2000002938,Maps from,2025-04-16,2099-12-31,
2000002939,0,Maps to,2025-04-16,2099-12-31,
0,2000002939,Maps from,2025-04-16,2099-12-31,
2000002940,0,Maps to,2025-04-16,2099-12-31,
0,2000002940,Maps from,2025-04-16,2099-12-31,
2000000270,0,Maps to,2025-04-16,2099-12-31,
0,2000000270,Maps from,2025-04-16,2099-12-31,
2000002941,0,Maps to,2025-04-16,2099-12-31,
0,2000002941,Maps from,2025-04-16,2099-12-31,
2000002943,0,Maps to,2025-04-16,2099-12-31,
0,2000002943,Maps from,2025-04-16,2099-12-31,
2000002942,0,Maps to,2025-04-16,2099-12-31,
0,2000002942,Maps from,2025-04-16,2099-12-31,
2000002944,0,Maps to,2025-04-16,2099-12-31,
0,2000002944,Maps from,2025-04-16,2099-12-31,
2000002945,0,Maps to,2025-04-16,2099-12-31,
0,2000002945,Maps from,2025-04-16,2099-12-31,
2000002946,0,Maps to,2025-04-16,2099-12-31,
0,2000002946,Maps from,2025-04-16,2099-12-31,
2000000271,0,Maps to,2025-04-16,2099-12-31,
0,2000000271,Maps from,2025-04-16,2099-12-31,
2000002947,0,Maps to,2025-04-16,2099-12-31,
0,2000002947,Maps from,2025-04-16,2099-12-31,
2000002948,0,Maps to,2025-04-16,2099-12-31,
0,2000002948,Maps from,2025-04-16,2099-12-31,
2000002949,0,Maps to,2025-04-16,2099-12-31,
0,2000002949,Maps from,2025-04-16,2099-12-31,
2000002950,0,Maps to,2025-04-16,2099-12-31,
0,2000002950,Maps from,2025-04-16,2099-12-31,
2000002951,0,Maps to,2025-04-16,2099-12-31,
0,2000002951,Maps from,2025-04-16,2099-12-31,
2000002953,0,Maps to,2025-04-16,2099-12-31,
0,2000002953,Maps from,2025-04-16,2099-12-31,
2000002952,0,Maps to,2025-04-16,2099-12-31,
0,2000002952,Maps from,2025-04-16,2099-12-31,
2000002954,0,Maps to,2025-04-16,2099-12-31,
0,2000002954,Maps from,2025-04-16,2099-12-31,
2000002956,0,Maps to,2025-04-16,2099-12-31,
0,2000002956,Maps from,2025-04-16,2099-12-31,
2000002955,0,Maps to,2025-04-16,2099-12-31,
0,2000002955,Maps from,2025-04-16,2099-12-31,
2000002957,0,Maps to,2025-04-16,2099-12-31,
0,2000002957,Maps from,2025-04-16,2099-12-31,
2000002958,0,Maps to,2025-04-16,2099-12-31,
0,2000002958,Maps from,2025-04-16,2099-12-31,
2000002959,0,Maps to,2025-04-16,2099-12-31,
0,2000002959,Maps from,2025-04-16,2099-12-31,
2000002960,0,Maps to,2025-04-16,2099-12-31,
0,2000002960,Maps from,2025-04-16,2099-12-31,
2000002961,0,Maps to,2025-04-16,2099-12-31,
0,2000002961,Maps from,2025-04-16,2099-12-31,
2000002962,0,Maps to,2025-04-16,2099-12-31,
0,2000002962,Maps from,2025-04-16,2099-12-31,
2000002963,0,Maps to,2025-04-16,2099-12-31,
0,2000002963,Maps from,2025-04-16,2099-12-31,
2000002964,0,Maps to,2025-04-16,2099-12-31,
0,2000002964,Maps from,2025-04-16,2099-12-31,
2000002965,0,Maps to,2025-04-16,2099-12-31,
0,2000002965,Maps from,2025-04-16,2099-12-31,
2000002966,0,Maps to,2025-04-16,2099-12-31,
0,2000002966,Maps from,2025-04-16,2099-12-31,
2000002967,0,Maps to,2025-04-16,2099-12-31,
0,2000002967,Maps from,2025-04-16,2099-12-31,
2000002969,0,Maps to,2025-04-16,2099-12-31,
0,2000002969,Maps from,2025-04-16,2099-12-31,
2000001069,40779708,Maps to,2025-04-16,2099-12-31,
40779708,2000001069,Maps from,2025-04-16,2099-12-31,
2000002968,0,Maps to,2025-04-16,2099-12-31,
0,2000002968,Maps from,2025-04-16,2099-12-31,
2000002970,0,Maps to,2025-04-16,2099-12-31,
0,2000002970,Maps from,2025-04-16,2099-12-31,
2000002971,0,Maps to,2025-04-16,2099-12-31,
0,2000002971,Maps from,2025-04-16,2099-12-31,
2000002972,0,Maps to,2025-04-16,2099-12-31,
0,2000002972,Maps from,2025-04-16,2099-12-31,
2000002973,0,Maps to,2025-04-16,2099-12-31,
0,2000002973,Maps from,2025-04-16,2099-12-31,
2000002975,0,Maps to,2025-04-16,2099-12-31,
0,2000002975,Maps from,2025-04-16,2099-12-31,
2000002974,0,Maps to,2025-04-16,2099-12-31,
0,2000002974,Maps from,2025-04-16,2099-12-31,
2000002976,0,Maps to,2025-04-16,2099-12-31,
0,2000002976,Maps from,2025-04-16,2099-12-31,
2000002977,0,Maps to,2025-04-16,2099-12-31,
0,2000002977,Maps from,2025-04-16,2099-12-31,
2000002978,0,Maps to,2025-04-16,2099-12-31,
0,2000002978,Maps from,2025-04-16,2099-12-31,
2000002979,0,Maps to,2025-04-16,2099-12-31,
0,2000002979,Maps from,2025-04-16,2099-12-31,
2000002980,0,Maps to,2025-04-16,2099-12-31,
0,2000002980,Maps from,2025-04-16,2099-12-31,
2000002982,0,Maps to,2025-04-16,2099-12-31,
0,2000002982,Maps from,2025-04-16,2099-12-31,
2000002981,0,Maps to,2025-04-16,2099-12-31,
0,2000002981,Maps from,2025-04-16,2099-12-31,
2000002983,0,Maps to,2025-04-16,2099-12-31,
0,2000002983,Maps from,2025-04-16,2099-12-31,
2000002984,0,Maps to,2025-04-16,2099-12-31,
0,2000002984,Maps from,2025-04-16,2099-12-31,
2000002985,0,Maps to,2025-04-16,2099-12-31,
0,2000002985,Maps from,2025-04-16,2099-12-31,
2000002986,0,Maps to,2025-04-16,2099-12-31,
0,2000002986,Maps from,2025-04-16,2099-12-31,
2000002987,0,Maps to,2025-04-16,2099-12-31,
0,2000002987,Maps from,2025-04-16,2099-12-31,
2000002988,0,Maps to,2025-04-16,2099-12-31,
0,2000002988,Maps from,2025-04-16,2099-12-31,
2000002989,0,Maps to,2025-04-16,2099-12-31,
0,2000002989,Maps from,2025-04-16,2099-12-31,
2000002990,0,Maps to,2025-04-16,2099-12-31,
0,2000002990,Maps from,2025-04-16,2099-12-31,
2000002991,0,Maps to,2025-04-16,2099-12-31,
0,2000002991,Maps from,2025-04-16,2099-12-31,
2000001147,40782964,Maps to,2025-04-16,2099-12-31,
40782964,2000001147,Maps from,2025-04-16,2099-12-31,
2000002992,0,Maps to,2025-04-16,2099-12-31,
0,2000002992,Maps from,2025-04-16,2099-12-31,
2000002993,0,Maps to,2025-04-16,2099-12-31,
0,2000002993,Maps from,2025-04-16,2099-12-31,
2000002995,0,Maps to,2025-04-16,2099-12-31,
0,2000002995,Maps from,2025-04-16,2099-12-31,
2000002994,0,Maps to,2025-04-16,2099-12-31,
0,2000002994,Maps from,2025-04-16,2099-12-31,
2000002996,0,Maps to,2025-04-16,2099-12-31,
0,2000002996,Maps from,2025-04-16,2099-12-31,
2000002998,0,Maps to,2025-04-16,2099-12-31,
0,2000002998,Maps from,2025-04-16,2099-12-31,
2000002997,0,Maps to,2025-04-16,2099-12-31,
0,2000002997,Maps from,2025-04-16,2099-12-31,
2000002999,0,Maps to,2025-04-16,2099-12-31,
0,2000002999,Maps from,2025-04-16,2099-12-31,
2000003001,0,Maps to,2025-04-16,2099-12-31,
0,2000003001,Maps from,2025-04-16,2099-12-31,
2000003000,0,Maps to,2025-04-16,2099-12-31,
0,2000003000,Maps from,2025-04-16,2099-12-31,
2000003002,0,Maps to,2025-04-16,2099-12-31,
0,2000003002,Maps from,2025-04-16,2099-12-31,
2000003003,0,Maps to,2025-04-16,2099-12-31,
0,2000003003,Maps from,2025-04-16,2099-12-31,
2000003004,0,Maps to,2025-04-16,2099-12-31,
0,2000003004,Maps from,2025-04-16,2099-12-31,
2000003005,0,Maps to,2025-04-16,2099-12-31,
0,2000003005,Maps from,2025-04-16,2099-12-31,
2000003007,0,Maps to,2025-04-16,2099-12-31,
0,2000003007,Maps from,2025-04-16,2099-12-31,
2000003006,0,Maps to,2025-04-16,2099-12-31,
0,2000003006,Maps from,2025-04-16,2099-12-31,
2000003008,0,Maps to,2025-04-16,2099-12-31,
0,2000003008,Maps from,2025-04-16,2099-12-31,
2000003009,0,Maps to,2025-04-16,2099-12-31,
0,2000003009,Maps from,2025-04-16,2099-12-31,
2000001201,40783165,Maps to,2025-04-16,2099-12-31,
40783165,2000001201,Maps from,2025-04-16,2099-12-31,
2000003010,0,Maps to,2025-04-16,2099-12-31,
0,2000003010,Maps from,2025-04-16,2099-12-31,
2000003011,0,Maps to,2025-04-16,2099-12-31,
0,2000003011,Maps from,2025-04-16,2099-12-31,
2000003012,0,Maps to,2025-04-16,2099-12-31,
0,2000003012,Maps from,2025-04-16,2099-12-31,
2000003013,0,Maps to,2025-04-16,2099-12-31,
0,2000003013,Maps from,2025-04-16,2099-12-31,
2000003014,0,Maps to,2025-04-16,2099-12-31,
0,2000003014,Maps from,2025-04-16,2099-12-31,
2000003016,0,Maps to,2025-04-16,2099-12-31,
0,2000003016,Maps from,2025-04-16,2099-12-31,
2000003015,0,Maps to,2025-04-16,2099-12-31,
0,2000003015,Maps from,2025-04-16,2099-12-31,
2000003017,0,Maps to,2025-04-16,2099-12-31,
0,2000003017,Maps from,2025-04-16,2099-12-31,
2000003019,0,Maps to,2025-04-16,2099-12-31,
0,2000003019,Maps from,2025-04-16,2099-12-31,
2000003018,0,Maps to,2025-04-16,2099-12-31,
0,2000003018,Maps from,2025-04-16,2099-12-31,
2000003020,0,Maps to,2025-04-16,2099-12-31,
0,2000003020,Maps from,2025-04-16,2099-12-31,
2000003021,0,Maps to,2025-04-16,2099-12-31,
0,2000003021,Maps from,2025-04-16,2099-12-31,
2000003022,0,Maps to,2025-04-16,2099-12-31,
0,2000003022,Maps from,2025-04-16,2099-12-31,
2000003023,0,Maps to,2025-04-16,2099-12-31,
0,2000003023,Maps from,2025-04-16,2099-12-31,
2000003024,0,Maps to,2025-04-16,2099-12-31,
0,2000003024,Maps from,2025-04-16,2099-12-31,
2000003026,0,Maps to,2025-04-16,2099-12-31,
0,2000003026,Maps from,2025-04-16,2099-12-31,
2000003025,0,Maps to,2025-04-16,2099-12-31,
0,2000003025,Maps from,2025-04-16,2099-12-31,
2000003027,0,Maps to,2025-04-16,2099-12-31,
0,2000003027,Maps from,2025-04-16,2099-12-31,
2000003029,0,Maps to,2025-04-16,2099-12-31,
0,2000003029,Maps from,2025-04-16,2099-12-31,
2000003028,0,Maps to,2025-04-16,2099-12-31,
0,2000003028,Maps from,2025-04-16,2099-12-31,
2000003030,0,Maps to,2025-04-16,2099-12-31,
0,2000003030,Maps from,2025-04-16,2099-12-31,
2000003032,0,Maps to,2025-04-16,2099-12-31,
0,2000003032,Maps from,2025-04-16,2099-12-31,
2000003031,0,Maps to,2025-04-16,2099-12-31,
0,2000003031,Maps from,2025-04-16,2099-12-31,
2000003033,0,Maps to,2025-04-16,2099-12-31,
0,2000003033,Maps from,2025-04-16,2099-12-31,
2000003034,0,Maps to,2025-04-16,2099-12-31,
0,2000003034,Maps from,2025-04-16,2099-12-31,
2000003035,0,Maps to,2025-04-16,2099-12-31,
0,2000003035,Maps from,2025-04-16,2099-12-31,
2000003036,0,Maps to,2025-04-16,2099-12-31,
0,2000003036,Maps from,2025-04-16,2099-12-31,
2000003037,0,Maps to,2025-04-16,2099-12-31,
0,2000003037,Maps from,2025-04-16,2099-12-31,
2000000272,0,Maps to,2025-04-16,2099-12-31,
0,2000000272,Maps from,2025-04-16,2099-12-31,
2000003039,0,Maps to,2025-04-16,2099-12-31,
0,2000003039,Maps from,2025-04-16,2099-12-31,
2000003038,0,Maps to,2025-04-16,2099-12-31,
0,2000003038,Maps from,2025-04-16,2099-12-31,
2000003040,0,Maps to,2025-04-16,2099-12-31,
0,2000003040,Maps from,2025-04-16,2099-12-31,
2000003041,0,Maps to,2025-04-16,2099-12-31,
0,2000003041,Maps from,2025-04-16,2099-12-31,
2000003042,0,Maps to,2025-04-16,2099-12-31,
0,2000003042,Maps from,2025-04-16,2099-12-31,
2000003043,0,Maps to,2025-04-16,2099-12-31,
0,2000003043,Maps from,2025-04-16,2099-12-31,
2000003044,0,Maps to,2025-04-16,2099-12-31,
0,2000003044,Maps from,2025-04-16,2099-12-31,
2000003045,0,Maps to,2025-04-16,2099-12-31,
0,2000003045,Maps from,2025-04-16,2099-12-31,
2000003046,0,Maps to,2025-04-16,2099-12-31,
0,2000003046,Maps from,2025-04-16,2099-12-31,
2000000781,40789748,Maps to,2025-04-16,2099-12-31,
40789748,2000000781,Maps from,2025-04-16,2099-12-31,
2000003047,0,Maps to,2025-04-16,2099-12-31,
0,2000003047,Maps from,2025-04-16,2099-12-31,
2000003049,0,Maps to,2025-04-16,2099-12-31,
0,2000003049,Maps from,2025-04-16,2099-12-31,
2000003048,0,Maps to,2025-04-16,2099-12-31,
0,2000003048,Maps from,2025-04-16,2099-12-31,
2000003050,0,Maps to,2025-04-16,2099-12-31,
0,2000003050,Maps from,2025-04-16,2099-12-31,
2000003052,0,Maps to,2025-04-16,2099-12-31,
0,2000003052,Maps from,2025-04-16,2099-12-31,
2000001158,40786174,Maps to,2025-04-16,2099-12-31,
40786174,2000001158,Maps from,2025-04-16,2099-12-31,
2000003051,0,Maps to,2025-04-16,2099-12-31,
0,2000003051,Maps from,2025-04-16,2099-12-31,
2000003053,0,Maps to,2025-04-16,2099-12-31,
0,2000003053,Maps from,2025-04-16,2099-12-31,
2000003054,0,Maps to,2025-04-16,2099-12-31,
0,2000003054,Maps from,2025-04-16,2099-12-31,
2000001159,40786174,Maps to,2025-04-16,2099-12-31,
40786174,2000001159,Maps from,2025-04-16,2099-12-31,
2000003055,0,Maps to,2025-04-16,2099-12-31,
0,2000003055,Maps from,2025-04-16,2099-12-31,
2000003056,0,Maps to,2025-04-16,2099-12-31,
0,2000003056,Maps from,2025-04-16,2099-12-31,
2000003058,0,Maps to,2025-04-16,2099-12-31,
0,2000003058,Maps from,2025-04-16,2099-12-31,
2000003057,0,Maps to,2025-04-16,2099-12-31,
0,2000003057,Maps from,2025-04-16,2099-12-31,
2000003059,0,Maps to,2025-04-16,2099-12-31,
0,2000003059,Maps from,2025-04-16,2099-12-31,
2000003061,0,Maps to,2025-04-16,2099-12-31,
0,2000003061,Maps from,2025-04-16,2099-12-31,
2000003060,0,Maps to,2025-04-16,2099-12-31,
0,2000003060,Maps from,2025-04-16,2099-12-31,
2000003062,0,Maps to,2025-04-16,2099-12-31,
0,2000003062,Maps from,2025-04-16,2099-12-31,
2000003063,0,Maps to,2025-04-16,2099-12-31,
0,2000003063,Maps from,2025-04-16,2099-12-31,
2000003064,0,Maps to,2025-04-16,2099-12-31,
0,2000003064,Maps from,2025-04-16,2099-12-31,
2000003065,0,Maps to,2025-04-16,2099-12-31,
0,2000003065,Maps from,2025-04-16,2099-12-31,
2000003066,0,Maps to,2025-04-16,2099-12-31,
0,2000003066,Maps from,2025-04-16,2099-12-31,
2000000273,0,Maps to,2025-04-16,2099-12-31,
0,2000000273,Maps from,2025-04-16,2099-12-31,
2000003068,0,Maps to,2025-04-16,2099-12-31,
0,2000003068,Maps from,2025-04-16,2099-12-31,
2000003067,0,Maps to,2025-04-16,2099-12-31,
0,2000003067,Maps from,2025-04-16,2099-12-31,
2000003069,0,Maps to,2025-04-16,2099-12-31,
0,2000003069,Maps from,2025-04-16,2099-12-31,
2000003070,0,Maps to,2025-04-16,2099-12-31,
0,2000003070,Maps from,2025-04-16,2099-12-31,
2000003071,0,Maps to,2025-04-16,2099-12-31,
0,2000003071,Maps from,2025-04-16,2099-12-31,
2000003072,0,Maps to,2025-04-16,2099-12-31,
0,2000003072,Maps from,2025-04-16,2099-12-31,
2000003073,0,Maps to,2025-04-16,2099-12-31,
0,2000003073,Maps from,2025-04-16,2099-12-31,
2000003075,0,Maps to,2025-04-16,2099-12-31,
0,2000003075,Maps from,2025-04-16,2099-12-31,
2000003074,0,Maps to,2025-04-16,2099-12-31,
0,2000003074,Maps from,2025-04-16,2099-12-31,
2000003076,0,Maps to,2025-04-16,2099-12-31,
0,2000003076,Maps from,2025-04-16,2099-12-31,
2000003077,0,Maps to,2025-04-16,2099-12-31,
0,2000003077,Maps from,2025-04-16,2099-12-31,
2000003078,0,Maps to,2025-04-16,2099-12-31,
0,2000003078,Maps from,2025-04-16,2099-12-31,
2000003079,0,Maps to,2025-04-16,2099-12-31,
0,2000003079,Maps from,2025-04-16,2099-12-31,
2000003081,0,Maps to,2025-04-16,2099-12-31,
0,2000003081,Maps from,2025-04-16,2099-12-31,
2000003080,0,Maps to,2025-04-16,2099-12-31,
0,2000003080,Maps from,2025-04-16,2099-12-31,
2000003082,0,Maps to,2025-04-16,2099-12-31,
0,2000003082,Maps from,2025-04-16,2099-12-31,
2000003084,0,Maps to,2025-04-16,2099-12-31,
0,2000003084,Maps from,2025-04-16,2099-12-31,
2000003083,0,Maps to,2025-04-16,2099-12-31,
0,2000003083,Maps from,2025-04-16,2099-12-31,
2000003085,0,Maps to,2025-04-16,2099-12-31,
0,2000003085,Maps from,2025-04-16,2099-12-31,
2000003087,0,Maps to,2025-04-16,2099-12-31,
0,2000003087,Maps from,2025-04-16,2099-12-31,
2000003086,0,Maps to,2025-04-16,2099-12-31,
0,2000003086,Maps from,2025-04-16,2099-12-31,
2000003088,0,Maps to,2025-04-16,2099-12-31,
0,2000003088,Maps from,2025-04-16,2099-12-31,
2000003090,0,Maps to,2025-04-16,2099-12-31,
0,2000003090,Maps from,2025-04-16,2099-12-31,
2000003089,0,Maps to,2025-04-16,2099-12-31,
0,2000003089,Maps from,2025-04-16,2099-12-31,
2000003091,0,Maps to,2025-04-16,2099-12-31,
0,2000003091,Maps from,2025-04-16,2099-12-31,
2000003093,0,Maps to,2025-04-16,2099-12-31,
0,2000003093,Maps from,2025-04-16,2099-12-31,
2000003092,0,Maps to,2025-04-16,2099-12-31,
0,2000003092,Maps from,2025-04-16,2099-12-31,
2000003094,0,Maps to,2025-04-16,2099-12-31,
0,2000003094,Maps from,2025-04-16,2099-12-31,
2000003095,0,Maps to,2025-04-16,2099-12-31,
0,2000003095,Maps from,2025-04-16,2099-12-31,
2000003096,0,Maps to,2025-04-16,2099-12-31,
0,2000003096,Maps from,2025-04-16,2099-12-31,
2000003097,0,Maps to,2025-04-16,2099-12-31,
0,2000003097,Maps from,2025-04-16,2099-12-31,
2000003098,0,Maps to,2025-04-16,2099-12-31,
0,2000003098,Maps from,2025-04-16,2099-12-31,
2000003099,0,Maps to,2025-04-16,2099-12-31,
0,2000003099,Maps from,2025-04-16,2099-12-31,
2000003100,0,Maps to,2025-04-16,2099-12-31,
0,2000003100,Maps from,2025-04-16,2099-12-31,
2000000274,0,Maps to,2025-04-16,2099-12-31,
0,2000000274,Maps from,2025-04-16,2099-12-31,
2000003101,0,Maps to,2025-04-16,2099-12-31,
0,2000003101,Maps from,2025-04-16,2099-12-31,
2000003103,0,Maps to,2025-04-16,2099-12-31,
0,2000003103,Maps from,2025-04-16,2099-12-31,
2000003102,0,Maps to,2025-04-16,2099-12-31,
0,2000003102,Maps from,2025-04-16,2099-12-31,
2000003104,0,Maps to,2025-04-16,2099-12-31,
0,2000003104,Maps from,2025-04-16,2099-12-31,
2000003105,0,Maps to,2025-04-16,2099-12-31,
0,2000003105,Maps from,2025-04-16,2099-12-31,
2000003106,0,Maps to,2025-04-16,2099-12-31,
0,2000003106,Maps from,2025-04-16,2099-12-31,
2000003107,0,Maps to,2025-04-16,2099-12-31,
0,2000003107,Maps from,2025-04-16,2099-12-31,
2000003108,0,Maps to,2025-04-16,2099-12-31,
0,2000003108,Maps from,2025-04-16,2099-12-31,
2000003109,0,Maps to,2025-04-16,2099-12-31,
0,2000003109,Maps from,2025-04-16,2099-12-31,
2000003110,0,Maps to,2025-04-16,2099-12-31,
0,2000003110,Maps from,2025-04-16,2099-12-31,
2000003112,0,Maps to,2025-04-16,2099-12-31,
0,2000003112,Maps from,2025-04-16,2099-12-31,
2000003111,0,Maps to,2025-04-16,2099-12-31,
0,2000003111,Maps from,2025-04-16,2099-12-31,
2000003113,0,Maps to,2025-04-16,2099-12-31,
0,2000003113,Maps from,2025-04-16,2099-12-31,
2000003114,0,Maps to,2025-04-16,2099-12-31,
0,2000003114,Maps from,2025-04-16,2099-12-31,
2000003115,0,Maps to,2025-04-16,2099-12-31,
0,2000003115,Maps from,2025-04-16,2099-12-31,
2000001208,40792973,Maps to,2025-04-16,2099-12-31,
40792973,2000001208,Maps from,2025-04-16,2099-12-31,
2000003116,0,Maps to,2025-04-16,2099-12-31,
0,2000003116,Maps from,2025-04-16,2099-12-31,
2000003117,0,Maps to,2025-04-16,2099-12-31,
0,2000003117,Maps from,2025-04-16,2099-12-31,
2000003118,0,Maps to,2025-04-16,2099-12-31,
0,2000003118,Maps from,2025-04-16,2099-12-31,
2000003119,0,Maps to,2025-04-16,2099-12-31,
0,2000003119,Maps from,2025-04-16,2099-12-31,
2000003120,0,Maps to,2025-04-16,2099-12-31,
0,2000003120,Maps from,2025-04-16,2099-12-31,
2000003121,0,Maps to,2025-04-16,2099-12-31,
0,2000003121,Maps from,2025-04-16,2099-12-31,
2000003122,0,Maps to,2025-04-16,2099-12-31,
0,2000003122,Maps from,2025-04-16,2099-12-31,
2000003123,0,Maps to,2025-04-16,2099-12-31,
0,2000003123,Maps from,2025-04-16,2099-12-31,
2000003124,0,Maps to,2025-04-16,2099-12-31,
0,2000003124,Maps from,2025-04-16,2099-12-31,
2000003125,0,Maps to,2025-04-16,2099-12-31,
0,2000003125,Maps from,2025-04-16,2099-12-31,
2000003126,0,Maps to,2025-04-16,2099-12-31,
0,2000003126,Maps from,2025-04-16,2099-12-31,
2000000275,0,Maps to,2025-04-16,2099-12-31,
0,2000000275,Maps from,2025-04-16,2099-12-31,
2000000276,0,Maps to,2025-04-16,2099-12-31,
0,2000000276,Maps from,2025-04-16,2099-12-31,
2000003127,0,Maps to,2025-04-16,2099-12-31,
0,2000003127,Maps from,2025-04-16,2099-12-31,
2000003129,0,Maps to,2025-04-16,2099-12-31,
0,2000003129,Maps from,2025-04-16,2099-12-31,
2000003128,0,Maps to,2025-04-16,2099-12-31,
0,2000003128,Maps from,2025-04-16,2099-12-31,
2000003130,0,Maps to,2025-04-16,2099-12-31,
0,2000003130,Maps from,2025-04-16,2099-12-31,
2000003132,0,Maps to,2025-04-16,2099-12-31,
0,2000003132,Maps from,2025-04-16,2099-12-31,
2000003131,0,Maps to,2025-04-16,2099-12-31,
0,2000003131,Maps from,2025-04-16,2099-12-31,
2000003133,0,Maps to,2025-04-16,2099-12-31,
0,2000003133,Maps from,2025-04-16,2099-12-31,
2000003134,0,Maps to,2025-04-16,2099-12-31,
0,2000003134,Maps from,2025-04-16,2099-12-31,
2000003135,0,Maps to,2025-04-16,2099-12-31,
0,2000003135,Maps from,2025-04-16,2099-12-31,
2000003136,0,Maps to,2025-04-16,2099-12-31,
0,2000003136,Maps from,2025-04-16,2099-12-31,
2000003138,0,Maps to,2025-04-16,2099-12-31,
0,2000003138,Maps from,2025-04-16,2099-12-31,
2000003137,0,Maps to,2025-04-16,2099-12-31,
0,2000003137,Maps from,2025-04-16,2099-12-31,
2000003139,0,Maps to,2025-04-16,2099-12-31,
0,2000003139,Maps from,2025-04-16,2099-12-31,
2000000032,0,Maps to,2025-04-16,2099-12-31,
0,2000000032,Maps from,2025-04-16,2099-12-31,
2000003141,0,Maps to,2025-04-16,2099-12-31,
0,2000003141,Maps from,2025-04-16,2099-12-31,
2000003140,0,Maps to,2025-04-16,2099-12-31,
0,2000003140,Maps from,2025-04-16,2099-12-31,
2000003142,0,Maps to,2025-04-16,2099-12-31,
0,2000003142,Maps from,2025-04-16,2099-12-31,
2000003143,0,Maps to,2025-04-16,2099-12-31,
0,2000003143,Maps from,2025-04-16,2099-12-31,
2000003144,0,Maps to,2025-04-16,2099-12-31,
0,2000003144,Maps from,2025-04-16,2099-12-31,
2000003145,0,Maps to,2025-04-16,2099-12-31,
0,2000003145,Maps from,2025-04-16,2099-12-31,
2000003147,0,Maps to,2025-04-16,2099-12-31,
0,2000003147,Maps from,2025-04-16,2099-12-31,
2000003146,0,Maps to,2025-04-16,2099-12-31,
0,2000003146,Maps from,2025-04-16,2099-12-31,
2000003148,0,Maps to,2025-04-16,2099-12-31,
0,2000003148,Maps from,2025-04-16,2099-12-31,
2000003149,0,Maps to,2025-04-16,2099-12-31,
0,2000003149,Maps from,2025-04-16,2099-12-31,
2000003150,0,Maps to,2025-04-16,2099-12-31,
0,2000003150,Maps from,2025-04-16,2099-12-31,
2000003151,0,Maps to,2025-04-16,2099-12-31,
0,2000003151,Maps from,2025-04-16,2099-12-31,
2000000277,0,Maps to,2025-04-16,2099-12-31,
0,2000000277,Maps from,2025-04-16,2099-12-31,
2000003152,0,Maps to,2025-04-16,2099-12-31,
0,2000003152,Maps from,2025-04-16,2099-12-31,
2000003153,0,Maps to,2025-04-16,2099-12-31,
0,2000003153,Maps from,2025-04-16,2099-12-31,
2000003154,0,Maps to,2025-04-16,2099-12-31,
0,2000003154,Maps from,2025-04-16,2099-12-31,
2000003155,0,Maps to,2025-04-16,2099-12-31,
0,2000003155,Maps from,2025-04-16,2099-12-31,
2000003156,0,Maps to,2025-04-16,2099-12-31,
0,2000003156,Maps from,2025-04-16,2099-12-31,
2000003157,0,Maps to,2025-04-16,2099-12-31,
0,2000003157,Maps from,2025-04-16,2099-12-31,
2000003158,0,Maps to,2025-04-16,2099-12-31,
0,2000003158,Maps from,2025-04-16,2099-12-31,
2000003159,0,Maps to,2025-04-16,2099-12-31,
0,2000003159,Maps from,2025-04-16,2099-12-31,
2000003160,0,Maps to,2025-04-16,2099-12-31,
0,2000003160,Maps from,2025-04-16,2099-12-31,
2000003161,0,Maps to,2025-04-16,2099-12-31,
0,2000003161,Maps from,2025-04-16,2099-12-31,
2000003162,0,Maps to,2025-04-16,2099-12-31,
0,2000003162,Maps from,2025-04-16,2099-12-31,
2000003163,0,Maps to,2025-04-16,2099-12-31,
0,2000003163,Maps from,2025-04-16,2099-12-31,
2000003165,0,Maps to,2025-04-16,2099-12-31,
0,2000003165,Maps from,2025-04-16,2099-12-31,
2000003164,0,Maps to,2025-04-16,2099-12-31,
0,2000003164,Maps from,2025-04-16,2099-12-31,
2000003166,0,Maps to,2025-04-16,2099-12-31,
0,2000003166,Maps from,2025-04-16,2099-12-31,
2000003167,0,Maps to,2025-04-16,2099-12-31,
0,2000003167,Maps from,2025-04-16,2099-12-31,
2000003168,0,Maps to,2025-04-16,2099-12-31,
0,2000003168,Maps from,2025-04-16,2099-12-31,
2000003169,0,Maps to,2025-04-16,2099-12-31,
0,2000003169,Maps from,2025-04-16,2099-12-31,
2000003170,0,Maps to,2025-04-16,2099-12-31,
0,2000003170,Maps from,2025-04-16,2099-12-31,
2000003171,0,Maps to,2025-04-16,2099-12-31,
0,2000003171,Maps from,2025-04-16,2099-12-31,
2000003172,0,Maps to,2025-04-16,2099-12-31,
0,2000003172,Maps from,2025-04-16,2099-12-31,
2000003173,0,Maps to,2025-04-16,2099-12-31,
0,2000003173,Maps from,2025-04-16,2099-12-31,
2000000278,0,Maps to,2025-04-16,2099-12-31,
0,2000000278,Maps from,2025-04-16,2099-12-31,
2000003174,0,Maps to,2025-04-16,2099-12-31,
0,2000003174,Maps from,2025-04-16,2099-12-31,
2000003175,0,Maps to,2025-04-16,2099-12-31,
0,2000003175,Maps from,2025-04-16,2099-12-31,
2000003176,0,Maps to,2025-04-16,2099-12-31,
0,2000003176,Maps from,2025-04-16,2099-12-31,
2000003178,0,Maps to,2025-04-16,2099-12-31,
0,2000003178,Maps from,2025-04-16,2099-12-31,
2000003177,0,Maps to,2025-04-16,2099-12-31,
0,2000003177,Maps from,2025-04-16,2099-12-31,
2000003179,0,Maps to,2025-04-16,2099-12-31,
0,2000003179,Maps from,2025-04-16,2099-12-31,
2000003181,0,Maps to,2025-04-16,2099-12-31,
0,2000003181,Maps from,2025-04-16,2099-12-31,
2000003180,0,Maps to,2025-04-16,2099-12-31,
0,2000003180,Maps from,2025-04-16,2099-12-31,
2000003182,0,Maps to,2025-04-16,2099-12-31,
0,2000003182,Maps from,2025-04-16,2099-12-31,
2000003184,0,Maps to,2025-04-16,2099-12-31,
0,2000003184,Maps from,2025-04-16,2099-12-31,
2000003183,0,Maps to,2025-04-16,2099-12-31,
0,2000003183,Maps from,2025-04-16,2099-12-31,
2000003185,0,Maps to,2025-04-16,2099-12-31,
0,2000003185,Maps from,2025-04-16,2099-12-31,
2000003186,0,Maps to,2025-04-16,2099-12-31,
0,2000003186,Maps from,2025-04-16,2099-12-31,
2000003187,0,Maps to,2025-04-16,2099-12-31,
0,2000003187,Maps from,2025-04-16,2099-12-31,
2000003188,0,Maps to,2025-04-16,2099-12-31,
0,2000003188,Maps from,2025-04-16,2099-12-31,
2000003189,0,Maps to,2025-04-16,2099-12-31,
0,2000003189,Maps from,2025-04-16,2099-12-31,
2000003190,0,Maps to,2025-04-16,2099-12-31,
0,2000003190,Maps from,2025-04-16,2099-12-31,
2000003191,0,Maps to,2025-04-16,2099-12-31,
0,2000003191,Maps from,2025-04-16,2099-12-31,
2000003192,0,Maps to,2025-04-16,2099-12-31,
0,2000003192,Maps from,2025-04-16,2099-12-31,
2000003193,0,Maps to,2025-04-16,2099-12-31,
0,2000003193,Maps from,2025-04-16,2099-12-31,
2000001070,40779708,Maps to,2025-04-16,2099-12-31,
40779708,2000001070,Maps from,2025-04-16,2099-12-31,
2000003194,0,Maps to,2025-04-16,2099-12-31,
0,2000003194,Maps from,2025-04-16,2099-12-31,
2000003195,0,Maps to,2025-04-16,2099-12-31,
0,2000003195,Maps from,2025-04-16,2099-12-31,
2000003197,0,Maps to,2025-04-16,2099-12-31,
0,2000003197,Maps from,2025-04-16,2099-12-31,
2000003196,0,Maps to,2025-04-16,2099-12-31,
0,2000003196,Maps from,2025-04-16,2099-12-31,
2000003198,0,Maps to,2025-04-16,2099-12-31,
0,2000003198,Maps from,2025-04-16,2099-12-31,
2000003199,0,Maps to,2025-04-16,2099-12-31,
0,2000003199,Maps from,2025-04-16,2099-12-31,
2000003200,0,Maps to,2025-04-16,2099-12-31,
0,2000003200,Maps from,2025-04-16,2099-12-31,
2000003201,0,Maps to,2025-04-16,2099-12-31,
0,2000003201,Maps from,2025-04-16,2099-12-31,
2000003202,0,Maps to,2025-04-16,2099-12-31,
0,2000003202,Maps from,2025-04-16,2099-12-31,
2000003204,0,Maps to,2025-04-16,2099-12-31,
0,2000003204,Maps from,2025-04-16,2099-12-31,
2000003203,0,Maps to,2025-04-16,2099-12-31,
0,2000003203,Maps from,2025-04-16,2099-12-31,
2000003205,0,Maps to,2025-04-16,2099-12-31,
0,2000003205,Maps from,2025-04-16,2099-12-31,
2000003207,0,Maps to,2025-04-16,2099-12-31,
0,2000003207,Maps from,2025-04-16,2099-12-31,
2000003206,0,Maps to,2025-04-16,2099-12-31,
0,2000003206,Maps from,2025-04-16,2099-12-31,
2000003208,0,Maps to,2025-04-16,2099-12-31,
0,2000003208,Maps from,2025-04-16,2099-12-31,
2000003209,0,Maps to,2025-04-16,2099-12-31,
0,2000003209,Maps from,2025-04-16,2099-12-31,
2000003210,0,Maps to,2025-04-16,2099-12-31,
0,2000003210,Maps from,2025-04-16,2099-12-31,
2000003211,0,Maps to,2025-04-16,2099-12-31,
0,2000003211,Maps from,2025-04-16,2099-12-31,
2000003213,0,Maps to,2025-04-16,2099-12-31,
0,2000003213,Maps from,2025-04-16,2099-12-31,
2000003212,0,Maps to,2025-04-16,2099-12-31,
0,2000003212,Maps from,2025-04-16,2099-12-31,
2000003214,0,Maps to,2025-04-16,2099-12-31,
0,2000003214,Maps from,2025-04-16,2099-12-31,
2000003216,0,Maps to,2025-04-16,2099-12-31,
0,2000003216,Maps from,2025-04-16,2099-12-31,
2000003215,0,Maps to,2025-04-16,2099-12-31,
0,2000003215,Maps from,2025-04-16,2099-12-31,
2000000026,40795725,Maps to,2025-04-16,2099-12-31,
40795725,2000000026,Maps from,2025-04-16,2099-12-31,
2000003217,0,Maps to,2025-04-16,2099-12-31,
0,2000003217,Maps from,2025-04-16,2099-12-31,
2000003218,0,Maps to,2025-04-16,2099-12-31,
0,2000003218,Maps from,2025-04-16,2099-12-31,
2000003219,0,Maps to,2025-04-16,2099-12-31,
0,2000003219,Maps from,2025-04-16,2099-12-31,
2000003220,0,Maps to,2025-04-16,2099-12-31,
0,2000003220,Maps from,2025-04-16,2099-12-31,
2000003221,0,Maps to,2025-04-16,2099-12-31,
0,2000003221,Maps from,2025-04-16,2099-12-31,
2000003222,0,Maps to,2025-04-16,2099-12-31,
0,2000003222,Maps from,2025-04-16,2099-12-31,
2000003223,0,Maps to,2025-04-16,2099-12-31,
0,2000003223,Maps from,2025-04-16,2099-12-31,
2000003224,0,Maps to,2025-04-16,2099-12-31,
0,2000003224,Maps from,2025-04-16,2099-12-31,
2000003225,0,Maps to,2025-04-16,2099-12-31,
0,2000003225,Maps from,2025-04-16,2099-12-31,
2000000279,0,Maps to,2025-04-16,2099-12-31,
0,2000000279,Maps from,2025-04-16,2099-12-31,
2000003226,0,Maps to,2025-04-16,2099-12-31,
0,2000003226,Maps from,2025-04-16,2099-12-31,
2000003227,0,Maps to,2025-04-16,2099-12-31,
0,2000003227,Maps from,2025-04-16,2099-12-31,
2000003228,0,Maps to,2025-04-16,2099-12-31,
0,2000003228,Maps from,2025-04-16,2099-12-31,
2000003229,0,Maps to,2025-04-16,2099-12-31,
0,2000003229,Maps from,2025-04-16,2099-12-31,
2000003230,0,Maps to,2025-04-16,2099-12-31,
0,2000003230,Maps from,2025-04-16,2099-12-31,
2000003232,0,Maps to,2025-04-16,2099-12-31,
0,2000003232,Maps from,2025-04-16,2099-12-31,
2000003231,0,Maps to,2025-04-16,2099-12-31,
0,2000003231,Maps from,2025-04-16,2099-12-31,
2000003233,0,Maps to,2025-04-16,2099-12-31,
0,2000003233,Maps from,2025-04-16,2099-12-31,
2000003234,0,Maps to,2025-04-16,2099-12-31,
0,2000003234,Maps from,2025-04-16,2099-12-31,
2000003235,0,Maps to,2025-04-16,2099-12-31,
0,2000003235,Maps from,2025-04-16,2099-12-31,
2000003236,0,Maps to,2025-04-16,2099-12-31,
0,2000003236,Maps from,2025-04-16,2099-12-31,
2000003238,0,Maps to,2025-04-16,2099-12-31,
0,2000003238,Maps from,2025-04-16,2099-12-31,
2000003237,0,Maps to,2025-04-16,2099-12-31,
0,2000003237,Maps from,2025-04-16,2099-12-31,
2000001160,40786174,Maps to,2025-04-16,2099-12-31,
40786174,2000001160,Maps from,2025-04-16,2099-12-31,
2000003239,0,Maps to,2025-04-16,2099-12-31,
0,2000003239,Maps from,2025-04-16,2099-12-31,
2000003240,0,Maps to,2025-04-16,2099-12-31,
0,2000003240,Maps from,2025-04-16,2099-12-31,
2000003241,0,Maps to,2025-04-16,2099-12-31,
0,2000003241,Maps from,2025-04-16,2099-12-31,
2000003242,0,Maps to,2025-04-16,2099-12-31,
0,2000003242,Maps from,2025-04-16,2099-12-31,
2000003243,0,Maps to,2025-04-16,2099-12-31,
0,2000003243,Maps from,2025-04-16,2099-12-31,
2000003244,0,Maps to,2025-04-16,2099-12-31,
0,2000003244,Maps from,2025-04-16,2099-12-31,
2000003245,0,Maps to,2025-04-16,2099-12-31,
0,2000003245,Maps from,2025-04-16,2099-12-31,
2000003246,0,Maps to,2025-04-16,2099-12-31,
0,2000003246,Maps from,2025-04-16,2099-12-31,
2000003248,0,Maps to,2025-04-16,2099-12-31,
0,2000003248,Maps from,2025-04-16,2099-12-31,
2000003247,0,Maps to,2025-04-16,2099-12-31,
0,2000003247,Maps from,2025-04-16,2099-12-31,
2000000140,40786050,Maps to,2025-04-16,2099-12-31,
40786050,2000000140,Maps from,2025-04-16,2099-12-31,
2000003249,0,Maps to,2025-04-16,2099-12-31,
0,2000003249,Maps from,2025-04-16,2099-12-31,
2000003250,0,Maps to,2025-04-16,2099-12-31,
0,2000003250,Maps from,2025-04-16,2099-12-31,
2000003251,0,Maps to,2025-04-16,2099-12-31,
0,2000003251,Maps from,2025-04-16,2099-12-31,
2000003252,0,Maps to,2025-04-16,2099-12-31,
0,2000003252,Maps from,2025-04-16,2099-12-31,
2000003253,0,Maps to,2025-04-16,2099-12-31,
0,2000003253,Maps from,2025-04-16,2099-12-31,
2000003254,0,Maps to,2025-04-16,2099-12-31,
0,2000003254,Maps from,2025-04-16,2099-12-31,
2000003255,0,Maps to,2025-04-16,2099-12-31,
0,2000003255,Maps from,2025-04-16,2099-12-31,
2000003256,0,Maps to,2025-04-16,2099-12-31,
0,2000003256,Maps from,2025-04-16,2099-12-31,
2000003257,0,Maps to,2025-04-16,2099-12-31,
0,2000003257,Maps from,2025-04-16,2099-12-31,
2000003258,0,Maps to,2025-04-16,2099-12-31,
0,2000003258,Maps from,2025-04-16,2099-12-31,
2000003259,0,Maps to,2025-04-16,2099-12-31,
0,2000003259,Maps from,2025-04-16,2099-12-31,
2000003261,0,Maps to,2025-04-16,2099-12-31,
0,2000003261,Maps from,2025-04-16,2099-12-31,
2000001161,40786174,Maps to,2025-04-16,2099-12-31,
40786174,2000001161,Maps from,2025-04-16,2099-12-31,
2000003260,0,Maps to,2025-04-16,2099-12-31,
0,2000003260,Maps from,2025-04-16,2099-12-31,
2000003262,0,Maps to,2025-04-16,2099-12-31,
0,2000003262,Maps from,2025-04-16,2099-12-31,
2000003263,0,Maps to,2025-04-16,2099-12-31,
0,2000003263,Maps from,2025-04-16,2099-12-31,
2000003264,0,Maps to,2025-04-16,2099-12-31,
0,2000003264,Maps from,2025-04-16,2099-12-31,
2000003265,0,Maps to,2025-04-16,2099-12-31,
0,2000003265,Maps from,2025-04-16,2099-12-31,
2000001071,40779708,Maps to,2025-04-16,2099-12-31,
40779708,2000001071,Maps from,2025-04-16,2099-12-31,
2000003266,0,Maps to,2025-04-16,2099-12-31,
0,2000003266,Maps from,2025-04-16,2099-12-31,
2000003267,0,Maps to,2025-04-16,2099-12-31,
0,2000003267,Maps from,2025-04-16,2099-12-31,
2000000280,0,Maps to,2025-04-16,2099-12-31,
0,2000000280,Maps from,2025-04-16,2099-12-31,
2000000087,3968605,Maps to,2025-04-16,2099-12-31,
3968605,2000000087,Maps from,2025-04-16,2099-12-31,
2000003269,0,Maps to,2025-04-16,2099-12-31,
0,2000003269,Maps from,2025-04-16,2099-12-31,
2000003268,0,Maps to,2025-04-16,2099-12-31,
0,2000003268,Maps from,2025-04-16,2099-12-31,
2000001162,40786174,Maps to,2025-04-16,2099-12-31,
40786174,2000001162,Maps from,2025-04-16,2099-12-31,
2000003270,0,Maps to,2025-04-16,2099-12-31,
0,2000003270,Maps from,2025-04-16,2099-12-31,
2000003272,0,Maps to,2025-04-16,2099-12-31,
0,2000003272,Maps from,2025-04-16,2099-12-31,
2000003271,0,Maps to,2025-04-16,2099-12-31,
0,2000003271,Maps from,2025-04-16,2099-12-31,
2000003273,0,Maps to,2025-04-16,2099-12-31,
0,2000003273,Maps from,2025-04-16,2099-12-31,
2000003275,0,Maps to,2025-04-16,2099-12-31,
0,2000003275,Maps from,2025-04-16,2099-12-31,
2000003274,0,Maps to,2025-04-16,2099-12-31,
0,2000003274,Maps from,2025-04-16,2099-12-31,
2000003276,0,Maps to,2025-04-16,2099-12-31,
0,2000003276,Maps from,2025-04-16,2099-12-31,
2000003277,0,Maps to,2025-04-16,2099-12-31,
0,2000003277,Maps from,2025-04-16,2099-12-31,
2000003278,0,Maps to,2025-04-16,2099-12-31,
0,2000003278,Maps from,2025-04-16,2099-12-31,
2000003279,0,Maps to,2025-04-16,2099-12-31,
0,2000003279,Maps from,2025-04-16,2099-12-31,
2000003280,0,Maps to,2025-04-16,2099-12-31,
0,2000003280,Maps from,2025-04-16,2099-12-31,
2000003282,0,Maps to,2025-04-16,2099-12-31,
0,2000003282,Maps from,2025-04-16,2099-12-31,
2000003281,0,Maps to,2025-04-16,2099-12-31,
0,2000003281,Maps from,2025-04-16,2099-12-31,
2000003284,0,Maps to,2025-04-16,2099-12-31,
0,2000003284,Maps from,2025-04-16,2099-12-31,
2000003283,0,Maps to,2025-04-16,2099-12-31,
0,2000003283,Maps from,2025-04-16,2099-12-31,
2000003285,0,Maps to,2025-04-16,2099-12-31,
0,2000003285,Maps from,2025-04-16,2099-12-31,
2000003286,0,Maps to,2025-04-16,2099-12-31,
0,2000003286,Maps from,2025-04-16,2099-12-31,
2000003287,0,Maps to,2025-04-16,2099-12-31,
0,2000003287,Maps from,2025-04-16,2099-12-31,
2000003288,0,Maps to,2025-04-16,2099-12-31,
0,2000003288,Maps from,2025-04-16,2099-12-31,
2000003289,0,Maps to,2025-04-16,2099-12-31,
0,2000003289,Maps from,2025-04-16,2099-12-31,
2000003290,0,Maps to,2025-04-16,2099-12-31,
0,2000003290,Maps from,2025-04-16,2099-12-31,
2000003291,0,Maps to,2025-04-16,2099-12-31,
0,2000003291,Maps from,2025-04-16,2099-12-31,
2000003292,0,Maps to,2025-04-16,2099-12-31,
0,2000003292,Maps from,2025-04-16,2099-12-31,
2000003294,0,Maps to,2025-04-16,2099-12-31,
0,2000003294,Maps from,2025-04-16,2099-12-31,
2000003293,0,Maps to,2025-04-16,2099-12-31,
0,2000003293,Maps from,2025-04-16,2099-12-31,
2000003295,0,Maps to,2025-04-16,2099-12-31,
0,2000003295,Maps from,2025-04-16,2099-12-31,
2000003297,0,Maps to,2025-04-16,2099-12-31,
0,2000003297,Maps from,2025-04-16,2099-12-31,
2000003296,0,Maps to,2025-04-16,2099-12-31,
0,2000003296,Maps from,2025-04-16,2099-12-31,
2000000444,40789263,Maps to,2025-04-16,2099-12-31,
40789263,2000000444,Maps from,2025-04-16,2099-12-31,
2000003298,0,Maps to,2025-04-16,2099-12-31,
0,2000003298,Maps from,2025-04-16,2099-12-31,
2000003299,0,Maps to,2025-04-16,2099-12-31,
0,2000003299,Maps from,2025-04-16,2099-12-31,
2000003300,0,Maps to,2025-04-16,2099-12-31,
0,2000003300,Maps from,2025-04-16,2099-12-31,
2000003301,0,Maps to,2025-04-16,2099-12-31,
0,2000003301,Maps from,2025-04-16,2099-12-31,
2000003302,0,Maps to,2025-04-16,2099-12-31,
0,2000003302,Maps from,2025-04-16,2099-12-31,
2000003304,0,Maps to,2025-04-16,2099-12-31,
0,2000003304,Maps from,2025-04-16,2099-12-31,
2000003303,0,Maps to,2025-04-16,2099-12-31,
0,2000003303,Maps from,2025-04-16,2099-12-31,
2000003305,0,Maps to,2025-04-16,2099-12-31,
0,2000003305,Maps from,2025-04-16,2099-12-31,
2000003306,0,Maps to,2025-04-16,2099-12-31,
0,2000003306,Maps from,2025-04-16,2099-12-31,
2000003307,0,Maps to,2025-04-16,2099-12-31,
0,2000003307,Maps from,2025-04-16,2099-12-31,
2000003308,0,Maps to,2025-04-16,2099-12-31,
0,2000003308,Maps from,2025-04-16,2099-12-31,
2000003309,0,Maps to,2025-04-16,2099-12-31,
0,2000003309,Maps from,2025-04-16,2099-12-31,
2000003310,0,Maps to,2025-04-16,2099-12-31,
0,2000003310,Maps from,2025-04-16,2099-12-31,
2000003311,0,Maps to,2025-04-16,2099-12-31,
0,2000003311,Maps from,2025-04-16,2099-12-31,
2000003312,0,Maps to,2025-04-16,2099-12-31,
0,2000003312,Maps from,2025-04-16,2099-12-31,
2000003313,0,Maps to,2025-04-16,2099-12-31,
0,2000003313,Maps from,2025-04-16,2099-12-31,
2000003314,0,Maps to,2025-04-16,2099-12-31,
0,2000003314,Maps from,2025-04-16,2099-12-31,
2000003316,0,Maps to,2025-04-16,2099-12-31,
0,2000003316,Maps from,2025-04-16,2099-12-31,
2000003315,0,Maps to,2025-04-16,2099-12-31,
0,2000003315,Maps from,2025-04-16,2099-12-31,
2000001198,40786397,Maps to,2025-04-16,2099-12-31,
40786397,2000001198,Maps from,2025-04-16,2099-12-31,
2000003317,0,Maps to,2025-04-16,2099-12-31,
0,2000003317,Maps from,2025-04-16,2099-12-31,
2000003318,0,Maps to,2025-04-16,2099-12-31,
0,2000003318,Maps from,2025-04-16,2099-12-31,
2000003319,0,Maps to,2025-04-16,2099-12-31,
0,2000003319,Maps from,2025-04-16,2099-12-31,
2000003320,0,Maps to,2025-04-16,2099-12-31,
0,2000003320,Maps from,2025-04-16,2099-12-31,
2000003322,0,Maps to,2025-04-16,2099-12-31,
0,2000003322,Maps from,2025-04-16,2099-12-31,
2000003321,0,Maps to,2025-04-16,2099-12-31,
0,2000003321,Maps from,2025-04-16,2099-12-31,
2000001163,40786174,Maps to,2025-04-16,2099-12-31,
40786174,2000001163,Maps from,2025-04-16,2099-12-31,
2000003323,0,Maps to,2025-04-16,2099-12-31,
0,2000003323,Maps from,2025-04-16,2099-12-31,
2000000281,0,Maps to,2025-04-16,2099-12-31,
0,2000000281,Maps from,2025-04-16,2099-12-31,
2000003324,0,Maps to,2025-04-16,2099-12-31,
0,2000003324,Maps from,2025-04-16,2099-12-31,
2000000088,3968605,Maps to,2025-04-16,2099-12-31,
3968605,2000000088,Maps from,2025-04-16,2099-12-31,
2000003326,0,Maps to,2025-04-16,2099-12-31,
0,2000003326,Maps from,2025-04-16,2099-12-31,
2000003325,0,Maps to,2025-04-16,2099-12-31,
0,2000003325,Maps from,2025-04-16,2099-12-31,
2000003327,0,Maps to,2025-04-16,2099-12-31,
0,2000003327,Maps from,2025-04-16,2099-12-31,
2000003329,0,Maps to,2025-04-16,2099-12-31,
0,2000003329,Maps from,2025-04-16,2099-12-31,
2000003328,0,Maps to,2025-04-16,2099-12-31,
0,2000003328,Maps from,2025-04-16,2099-12-31,
2000003330,0,Maps to,2025-04-16,2099-12-31,
0,2000003330,Maps from,2025-04-16,2099-12-31,
2000003331,0,Maps to,2025-04-16,2099-12-31,
0,2000003331,Maps from,2025-04-16,2099-12-31,
2000003332,0,Maps to,2025-04-16,2099-12-31,
0,2000003332,Maps from,2025-04-16,2099-12-31,
2000003333,0,Maps to,2025-04-16,2099-12-31,
0,2000003333,Maps from,2025-04-16,2099-12-31,
2000000282,0,Maps to,2025-04-16,2099-12-31,
0,2000000282,Maps from,2025-04-16,2099-12-31,
2000003334,0,Maps to,2025-04-16,2099-12-31,
0,2000003334,Maps from,2025-04-16,2099-12-31,
2000003335,0,Maps to,2025-04-16,2099-12-31,
0,2000003335,Maps from,2025-04-16,2099-12-31,
2000003336,0,Maps to,2025-04-16,2099-12-31,
0,2000003336,Maps from,2025-04-16,2099-12-31,
2000003337,0,Maps to,2025-04-16,2099-12-31,
0,2000003337,Maps from,2025-04-16,2099-12-31,
2000003339,0,Maps to,2025-04-16,2099-12-31,
0,2000003339,Maps from,2025-04-16,2099-12-31,
2000003338,0,Maps to,2025-04-16,2099-12-31,
0,2000003338,Maps from,2025-04-16,2099-12-31,
2000003340,0,Maps to,2025-04-16,2099-12-31,
0,2000003340,Maps from,2025-04-16,2099-12-31,
2000003341,0,Maps to,2025-04-16,2099-12-31,
0,2000003341,Maps from,2025-04-16,2099-12-31,
2000003342,0,Maps to,2025-04-16,2099-12-31,
0,2000003342,Maps from,2025-04-16,2099-12-31,
2000003343,0,Maps to,2025-04-16,2099-12-31,
0,2000003343,Maps from,2025-04-16,2099-12-31,
2000003344,0,Maps to,2025-04-16,2099-12-31,
0,2000003344,Maps from,2025-04-16,2099-12-31,
2000003345,0,Maps to,2025-04-16,2099-12-31,
0,2000003345,Maps from,2025-04-16,2099-12-31,
2000003346,0,Maps to,2025-04-16,2099-12-31,
0,2000003346,Maps from,2025-04-16,2099-12-31,
2000003347,0,Maps to,2025-04-16,2099-12-31,
0,2000003347,Maps from,2025-04-16,2099-12-31,
2000000283,0,Maps to,2025-04-16,2099-12-31,
0,2000000283,Maps from,2025-04-16,2099-12-31,
2000003348,0,Maps to,2025-04-16,2099-12-31,
0,2000003348,Maps from,2025-04-16,2099-12-31,
2000003349,0,Maps to,2025-04-16,2099-12-31,
0,2000003349,Maps from,2025-04-16,2099-12-31,
2000003350,0,Maps to,2025-04-16,2099-12-31,
0,2000003350,Maps from,2025-04-16,2099-12-31,
2000003351,0,Maps to,2025-04-16,2099-12-31,
0,2000003351,Maps from,2025-04-16,2099-12-31,
2000003352,0,Maps to,2025-04-16,2099-12-31,
0,2000003352,Maps from,2025-04-16,2099-12-31,
2000003353,0,Maps to,2025-04-16,2099-12-31,
0,2000003353,Maps from,2025-04-16,2099-12-31,
2000003354,0,Maps to,2025-04-16,2099-12-31,
0,2000003354,Maps from,2025-04-16,2099-12-31,
2000003355,0,Maps to,2025-04-16,2099-12-31,
0,2000003355,Maps from,2025-04-16,2099-12-31,
2000000284,0,Maps to,2025-04-16,2099-12-31,
0,2000000284,Maps from,2025-04-16,2099-12-31,
2000000285,0,Maps to,2025-04-16,2099-12-31,
0,2000000285,Maps from,2025-04-16,2099-12-31,
2000003356,0,Maps to,2025-04-16,2099-12-31,
0,2000003356,Maps from,2025-04-16,2099-12-31,
2000003357,0,Maps to,2025-04-16,2099-12-31,
0,2000003357,Maps from,2025-04-16,2099-12-31,
2000003359,0,Maps to,2025-04-16,2099-12-31,
0,2000003359,Maps from,2025-04-16,2099-12-31,
2000000286,0,Maps to,2025-04-16,2099-12-31,
0,2000000286,Maps from,2025-04-16,2099-12-31,
2000003358,0,Maps to,2025-04-16,2099-12-31,
0,2000003358,Maps from,2025-04-16,2099-12-31,
2000003360,0,Maps to,2025-04-16,2099-12-31,
0,2000003360,Maps from,2025-04-16,2099-12-31,
2000003362,0,Maps to,2025-04-16,2099-12-31,
0,2000003362,Maps from,2025-04-16,2099-12-31,
2000003361,0,Maps to,2025-04-16,2099-12-31,
0,2000003361,Maps from,2025-04-16,2099-12-31,
2000003363,0,Maps to,2025-04-16,2099-12-31,
0,2000003363,Maps from,2025-04-16,2099-12-31,
2000003364,0,Maps to,2025-04-16,2099-12-31,
0,2000003364,Maps from,2025-04-16,2099-12-31,
2000003365,0,Maps to,2025-04-16,2099-12-31,
0,2000003365,Maps from,2025-04-16,2099-12-31,
2000003366,0,Maps to,2025-04-16,2099-12-31,
0,2000003366,Maps from,2025-04-16,2099-12-31,
2000000287,0,Maps to,2025-04-16,2099-12-31,
0,2000000287,Maps from,2025-04-16,2099-12-31,
2000003367,0,Maps to,2025-04-16,2099-12-31,
0,2000003367,Maps from,2025-04-16,2099-12-31,
2000003368,0,Maps to,2025-04-16,2099-12-31,
0,2000003368,Maps from,2025-04-16,2099-12-31,
2000003369,0,Maps to,2025-04-16,2099-12-31,
0,2000003369,Maps from,2025-04-16,2099-12-31,
2000003370,0,Maps to,2025-04-16,2099-12-31,
0,2000003370,Maps from,2025-04-16,2099-12-31,
2000003371,0,Maps to,2025-04-16,2099-12-31,
0,2000003371,Maps from,2025-04-16,2099-12-31,
2000001164,40786174,Maps to,2025-04-16,2099-12-31,
40786174,2000001164,Maps from,2025-04-16,2099-12-31,
2000003372,0,Maps to,2025-04-16,2099-12-31,
0,2000003372,Maps from,2025-04-16,2099-12-31,
2000003373,0,Maps to,2025-04-16,2099-12-31,
0,2000003373,Maps from,2025-04-16,2099-12-31,
2000003375,0,Maps to,2025-04-16,2099-12-31,
0,2000003375,Maps from,2025-04-16,2099-12-31,
2000003374,0,Maps to,2025-04-16,2099-12-31,
0,2000003374,Maps from,2025-04-16,2099-12-31,
2000003376,0,Maps to,2025-04-16,2099-12-31,
0,2000003376,Maps from,2025-04-16,2099-12-31,
2000003378,0,Maps to,2025-04-16,2099-12-31,
0,2000003378,Maps from,2025-04-16,2099-12-31,
2000003377,0,Maps to,2025-04-16,2099-12-31,
0,2000003377,Maps from,2025-04-16,2099-12-31,
2000003379,0,Maps to,2025-04-16,2099-12-31,
0,2000003379,Maps from,2025-04-16,2099-12-31,
2000003380,0,Maps to,2025-04-16,2099-12-31,
0,2000003380,Maps from,2025-04-16,2099-12-31,
2000000288,0,Maps to,2025-04-16,2099-12-31,
0,2000000288,Maps from,2025-04-16,2099-12-31,
2000000053,40775801,Maps to,2025-04-16,2099-12-31,
40775801,2000000053,Maps from,2025-04-16,2099-12-31,
2000003382,0,Maps to,2025-04-16,2099-12-31,
0,2000003382,Maps from,2025-04-16,2099-12-31,
2000000289,0,Maps to,2025-04-16,2099-12-31,
0,2000000289,Maps from,2025-04-16,2099-12-31,
2000003381,0,Maps to,2025-04-16,2099-12-31,
0,2000003381,Maps from,2025-04-16,2099-12-31,
2000003383,0,Maps to,2025-04-16,2099-12-31,
0,2000003383,Maps from,2025-04-16,2099-12-31,
2000003385,0,Maps to,2025-04-16,2099-12-31,
0,2000003385,Maps from,2025-04-16,2099-12-31,
2000003384,0,Maps to,2025-04-16,2099-12-31,
0,2000003384,Maps from,2025-04-16,2099-12-31,
2000003386,0,Maps to,2025-04-16,2099-12-31,
0,2000003386,Maps from,2025-04-16,2099-12-31,
2000003387,0,Maps to,2025-04-16,2099-12-31,
0,2000003387,Maps from,2025-04-16,2099-12-31,
2000003388,0,Maps to,2025-04-16,2099-12-31,
0,2000003388,Maps from,2025-04-16,2099-12-31,
2000003389,0,Maps to,2025-04-16,2099-12-31,
0,2000003389,Maps from,2025-04-16,2099-12-31,
2000003391,0,Maps to,2025-04-16,2099-12-31,
0,2000003391,Maps from,2025-04-16,2099-12-31,
2000003390,0,Maps to,2025-04-16,2099-12-31,
0,2000003390,Maps from,2025-04-16,2099-12-31,
2000003392,0,Maps to,2025-04-16,2099-12-31,
0,2000003392,Maps from,2025-04-16,2099-12-31,
2000003393,0,Maps to,2025-04-16,2099-12-31,
0,2000003393,Maps from,2025-04-16,2099-12-31,
2000003394,0,Maps to,2025-04-16,2099-12-31,
0,2000003394,Maps from,2025-04-16,2099-12-31,
2000003395,0,Maps to,2025-04-16,2099-12-31,
0,2000003395,Maps from,2025-04-16,2099-12-31,
2000003397,0,Maps to,2025-04-16,2099-12-31,
0,2000003397,Maps from,2025-04-16,2099-12-31,
2000003396,0,Maps to,2025-04-16,2099-12-31,
0,2000003396,Maps from,2025-04-16,2099-12-31,
2000000290,0,Maps to,2025-04-16,2099-12-31,
0,2000000290,Maps from,2025-04-16,2099-12-31,
2000003398,0,Maps to,2025-04-16,2099-12-31,
0,2000003398,Maps from,2025-04-16,2099-12-31,
2000003399,0,Maps to,2025-04-16,2099-12-31,
0,2000003399,Maps from,2025-04-16,2099-12-31,
2000003400,0,Maps to,2025-04-16,2099-12-31,
0,2000003400,Maps from,2025-04-16,2099-12-31,
2000003401,0,Maps to,2025-04-16,2099-12-31,
0,2000003401,Maps from,2025-04-16,2099-12-31,
2000003402,0,Maps to,2025-04-16,2099-12-31,
0,2000003402,Maps from,2025-04-16,2099-12-31,
2000003403,0,Maps to,2025-04-16,2099-12-31,
0,2000003403,Maps from,2025-04-16,2099-12-31,
2000003404,0,Maps to,2025-04-16,2099-12-31,
0,2000003404,Maps from,2025-04-16,2099-12-31,
2000003405,0,Maps to,2025-04-16,2099-12-31,
0,2000003405,Maps from,2025-04-16,2099-12-31,
2000003406,0,Maps to,2025-04-16,2099-12-31,
0,2000003406,Maps from,2025-04-16,2099-12-31,
2000003407,0,Maps to,2025-04-16,2099-12-31,
0,2000003407,Maps from,2025-04-16,2099-12-31,
2000003408,0,Maps to,2025-04-16,2099-12-31,
0,2000003408,Maps from,2025-04-16,2099-12-31,
2000003409,0,Maps to,2025-04-16,2099-12-31,
0,2000003409,Maps from,2025-04-16,2099-12-31,
2000003410,0,Maps to,2025-04-16,2099-12-31,
0,2000003410,Maps from,2025-04-16,2099-12-31,
2000003411,0,Maps to,2025-04-16,2099-12-31,
0,2000003411,Maps from,2025-04-16,2099-12-31,
2000003412,0,Maps to,2025-04-16,2099-12-31,
0,2000003412,Maps from,2025-04-16,2099-12-31,
2000003413,0,Maps to,2025-04-16,2099-12-31,
0,2000003413,Maps from,2025-04-16,2099-12-31,
2000003414,0,Maps to,2025-04-16,2099-12-31,
0,2000003414,Maps from,2025-04-16,2099-12-31,
2000003415,0,Maps to,2025-04-16,2099-12-31,
0,2000003415,Maps from,2025-04-16,2099-12-31,
2000003417,0,Maps to,2025-04-16,2099-12-31,
0,2000003417,Maps from,2025-04-16,2099-12-31,
2000003416,0,Maps to,2025-04-16,2099-12-31,
0,2000003416,Maps from,2025-04-16,2099-12-31,
2000003418,0,Maps to,2025-04-16,2099-12-31,
0,2000003418,Maps from,2025-04-16,2099-12-31,
2000001150,40772619,Maps to,2025-04-16,2099-12-31,
40772619,2000001150,Maps from,2025-04-16,2099-12-31,
2000003419,0,Maps to,2025-04-16,2099-12-31,
0,2000003419,Maps from,2025-04-16,2099-12-31,
2000003420,0,Maps to,2025-04-16,2099-12-31,
0,2000003420,Maps from,2025-04-16,2099-12-31,
2000003421,0,Maps to,2025-04-16,2099-12-31,
0,2000003421,Maps from,2025-04-16,2099-12-31,
2000003423,0,Maps to,2025-04-16,2099-12-31,
0,2000003423,Maps from,2025-04-16,2099-12-31,
2000003422,0,Maps to,2025-04-16,2099-12-31,
0,2000003422,Maps from,2025-04-16,2099-12-31,
2000003424,0,Maps to,2025-04-16,2099-12-31,
0,2000003424,Maps from,2025-04-16,2099-12-31,
2000003425,0,Maps to,2025-04-16,2099-12-31,
0,2000003425,Maps from,2025-04-16,2099-12-31,
2000003426,0,Maps to,2025-04-16,2099-12-31,
0,2000003426,Maps from,2025-04-16,2099-12-31,
2000003427,0,Maps to,2025-04-16,2099-12-31,
0,2000003427,Maps from,2025-04-16,2099-12-31,
2000003429,0,Maps to,2025-04-16,2099-12-31,
0,2000003429,Maps from,2025-04-16,2099-12-31,
2000003428,0,Maps to,2025-04-16,2099-12-31,
0,2000003428,Maps from,2025-04-16,2099-12-31,
2000000064,37061620,Maps to,2025-04-16,2099-12-31,
37061620,2000000064,Maps from,2025-04-16,2099-12-31,
2000003430,0,Maps to,2025-04-16,2099-12-31,
0,2000003430,Maps from,2025-04-16,2099-12-31,
2000003431,0,Maps to,2025-04-16,2099-12-31,
0,2000003431,Maps from,2025-04-16,2099-12-31,
2000003432,0,Maps to,2025-04-16,2099-12-31,
0,2000003432,Maps from,2025-04-16,2099-12-31,
2000003433,0,Maps to,2025-04-16,2099-12-31,
0,2000003433,Maps from,2025-04-16,2099-12-31,
2000003434,0,Maps to,2025-04-16,2099-12-31,
0,2000003434,Maps from,2025-04-16,2099-12-31,
2000003435,0,Maps to,2025-04-16,2099-12-31,
0,2000003435,Maps from,2025-04-16,2099-12-31,
2000003436,0,Maps to,2025-04-16,2099-12-31,
0,2000003436,Maps from,2025-04-16,2099-12-31,
2000000291,0,Maps to,2025-04-16,2099-12-31,
0,2000000291,Maps from,2025-04-16,2099-12-31,
2000003437,0,Maps to,2025-04-16,2099-12-31,
0,2000003437,Maps from,2025-04-16,2099-12-31,
2000003438,0,Maps to,2025-04-16,2099-12-31,
0,2000003438,Maps from,2025-04-16,2099-12-31,
2000003440,0,Maps to,2025-04-16,2099-12-31,
0,2000003440,Maps from,2025-04-16,2099-12-31,
2000003439,0,Maps to,2025-04-16,2099-12-31,
0,2000003439,Maps from,2025-04-16,2099-12-31,
2000003441,0,Maps to,2025-04-16,2099-12-31,
0,2000003441,Maps from,2025-04-16,2099-12-31,
2000000292,0,Maps to,2025-04-16,2099-12-31,
0,2000000292,Maps from,2025-04-16,2099-12-31,
2000003442,0,Maps to,2025-04-16,2099-12-31,
0,2000003442,Maps from,2025-04-16,2099-12-31,
2000003443,0,Maps to,2025-04-16,2099-12-31,
0,2000003443,Maps from,2025-04-16,2099-12-31,
2000003445,0,Maps to,2025-04-16,2099-12-31,
0,2000003445,Maps from,2025-04-16,2099-12-31,
2000003444,0,Maps to,2025-04-16,2099-12-31,
0,2000003444,Maps from,2025-04-16,2099-12-31,
2000003446,0,Maps to,2025-04-16,2099-12-31,
0,2000003446,Maps from,2025-04-16,2099-12-31,
2000003447,0,Maps to,2025-04-16,2099-12-31,
0,2000003447,Maps from,2025-04-16,2099-12-31,
2000003448,0,Maps to,2025-04-16,2099-12-31,
0,2000003448,Maps from,2025-04-16,2099-12-31,
2000003449,0,Maps to,2025-04-16,2099-12-31,
0,2000003449,Maps from,2025-04-16,2099-12-31,
2000000563,40785815,Maps to,2025-04-16,2099-12-31,
40785815,2000000563,Maps from,2025-04-16,2099-12-31,
2000003450,0,Maps to,2025-04-16,2099-12-31,
0,2000003450,Maps from,2025-04-16,2099-12-31,
2000000564,40785815,Maps to,2025-04-16,2099-12-31,
40785815,2000000564,Maps from,2025-04-16,2099-12-31,
2000003452,0,Maps to,2025-04-16,2099-12-31,
0,2000003452,Maps from,2025-04-16,2099-12-31,
2000003451,0,Maps to,2025-04-16,2099-12-31,
0,2000003451,Maps from,2025-04-16,2099-12-31,
2000001165,40786174,Maps to,2025-04-16,2099-12-31,
40786174,2000001165,Maps from,2025-04-16,2099-12-31,
2000003453,0,Maps to,2025-04-16,2099-12-31,
0,2000003453,Maps from,2025-04-16,2099-12-31,
2000003454,0,Maps to,2025-04-16,2099-12-31,
0,2000003454,Maps from,2025-04-16,2099-12-31,
2000003455,0,Maps to,2025-04-16,2099-12-31,
0,2000003455,Maps from,2025-04-16,2099-12-31,
2000003456,0,Maps to,2025-04-16,2099-12-31,
0,2000003456,Maps from,2025-04-16,2099-12-31,
2000003457,0,Maps to,2025-04-16,2099-12-31,
0,2000003457,Maps from,2025-04-16,2099-12-31,
2000003458,0,Maps to,2025-04-16,2099-12-31,
0,2000003458,Maps from,2025-04-16,2099-12-31,
2000003459,0,Maps to,2025-04-16,2099-12-31,
0,2000003459,Maps from,2025-04-16,2099-12-31,
2000003460,0,Maps to,2025-04-16,2099-12-31,
0,2000003460,Maps from,2025-04-16,2099-12-31,
2000003461,0,Maps to,2025-04-16,2099-12-31,
0,2000003461,Maps from,2025-04-16,2099-12-31,
2000003462,0,Maps to,2025-04-16,2099-12-31,
0,2000003462,Maps from,2025-04-16,2099-12-31,
2000003463,0,Maps to,2025-04-16,2099-12-31,
0,2000003463,Maps from,2025-04-16,2099-12-31,
2000003464,0,Maps to,2025-04-16,2099-12-31,
0,2000003464,Maps from,2025-04-16,2099-12-31,
2000003465,0,Maps to,2025-04-16,2099-12-31,
0,2000003465,Maps from,2025-04-16,2099-12-31,
2000003466,0,Maps to,2025-04-16,2099-12-31,
0,2000003466,Maps from,2025-04-16,2099-12-31,
2000003467,0,Maps to,2025-04-16,2099-12-31,
0,2000003467,Maps from,2025-04-16,2099-12-31,
2000003468,0,Maps to,2025-04-16,2099-12-31,
0,2000003468,Maps from,2025-04-16,2099-12-31,
2000003469,0,Maps to,2025-04-16,2099-12-31,
0,2000003469,Maps from,2025-04-16,2099-12-31,
2000003470,0,Maps to,2025-04-16,2099-12-31,
0,2000003470,Maps from,2025-04-16,2099-12-31,
2000003471,0,Maps to,2025-04-16,2099-12-31,
0,2000003471,Maps from,2025-04-16,2099-12-31,
2000003472,0,Maps to,2025-04-16,2099-12-31,
0,2000003472,Maps from,2025-04-16,2099-12-31,
2000003473,0,Maps to,2025-04-16,2099-12-31,
0,2000003473,Maps from,2025-04-16,2099-12-31,
2000003475,0,Maps to,2025-04-16,2099-12-31,
0,2000003475,Maps from,2025-04-16,2099-12-31,
2000003474,0,Maps to,2025-04-16,2099-12-31,
0,2000003474,Maps from,2025-04-16,2099-12-31,
2000003476,0,Maps to,2025-04-16,2099-12-31,
0,2000003476,Maps from,2025-04-16,2099-12-31,
2000000581,37047615,Maps to,2025-04-16,2099-12-31,
37047615,2000000581,Maps from,2025-04-16,2099-12-31,
2000003477,0,Maps to,2025-04-16,2099-12-31,
0,2000003477,Maps from,2025-04-16,2099-12-31,
2000003478,0,Maps to,2025-04-16,2099-12-31,
0,2000003478,Maps from,2025-04-16,2099-12-31,
2000003479,0,Maps to,2025-04-16,2099-12-31,
0,2000003479,Maps from,2025-04-16,2099-12-31,
2000003480,0,Maps to,2025-04-16,2099-12-31,
0,2000003480,Maps from,2025-04-16,2099-12-31,
2000003481,0,Maps to,2025-04-16,2099-12-31,
0,2000003481,Maps from,2025-04-16,2099-12-31,
2000003482,0,Maps to,2025-04-16,2099-12-31,
0,2000003482,Maps from,2025-04-16,2099-12-31,
2000003483,0,Maps to,2025-04-16,2099-12-31,
0,2000003483,Maps from,2025-04-16,2099-12-31,
2000000293,0,Maps to,2025-04-16,2099-12-31,
0,2000000293,Maps from,2025-04-16,2099-12-31,
2000000294,0,Maps to,2025-04-16,2099-12-31,
0,2000000294,Maps from,2025-04-16,2099-12-31,
2000003484,0,Maps to,2025-04-16,2099-12-31,
0,2000003484,Maps from,2025-04-16,2099-12-31,
2000003485,0,Maps to,2025-04-16,2099-12-31,
0,2000003485,Maps from,2025-04-16,2099-12-31,
2000003486,0,Maps to,2025-04-16,2099-12-31,
0,2000003486,Maps from,2025-04-16,2099-12-31,
2000003488,0,Maps to,2025-04-16,2099-12-31,
0,2000003488,Maps from,2025-04-16,2099-12-31,
2000003487,0,Maps to,2025-04-16,2099-12-31,
0,2000003487,Maps from,2025-04-16,2099-12-31,
2000003489,0,Maps to,2025-04-16,2099-12-31,
0,2000003489,Maps from,2025-04-16,2099-12-31,
2000003491,0,Maps to,2025-04-16,2099-12-31,
0,2000003491,Maps from,2025-04-16,2099-12-31,
2000003490,0,Maps to,2025-04-16,2099-12-31,
0,2000003490,Maps from,2025-04-16,2099-12-31,
2000003492,0,Maps to,2025-04-16,2099-12-31,
0,2000003492,Maps from,2025-04-16,2099-12-31,
2000003494,0,Maps to,2025-04-16,2099-12-31,
0,2000003494,Maps from,2025-04-16,2099-12-31,
2000003493,0,Maps to,2025-04-16,2099-12-31,
0,2000003493,Maps from,2025-04-16,2099-12-31,
2000003495,0,Maps to,2025-04-16,2099-12-31,
0,2000003495,Maps from,2025-04-16,2099-12-31,
2000003496,0,Maps to,2025-04-16,2099-12-31,
0,2000003496,Maps from,2025-04-16,2099-12-31,
2000003497,0,Maps to,2025-04-16,2099-12-31,
0,2000003497,Maps from,2025-04-16,2099-12-31,
2000003498,0,Maps to,2025-04-16,2099-12-31,
0,2000003498,Maps from,2025-04-16,2099-12-31,
2000003499,0,Maps to,2025-04-16,2099-12-31,
0,2000003499,Maps from,2025-04-16,2099-12-31,
2000003501,0,Maps to,2025-04-16,2099-12-31,
0,2000003501,Maps from,2025-04-16,2099-12-31,
2000003500,0,Maps to,2025-04-16,2099-12-31,
0,2000003500,Maps from,2025-04-16,2099-12-31,
2000003502,0,Maps to,2025-04-16,2099-12-31,
0,2000003502,Maps from,2025-04-16,2099-12-31,
2000003503,0,Maps to,2025-04-16,2099-12-31,
0,2000003503,Maps from,2025-04-16,2099-12-31,
2000003504,0,Maps to,2025-04-16,2099-12-31,
0,2000003504,Maps from,2025-04-16,2099-12-31,
2000003505,0,Maps to,2025-04-16,2099-12-31,
0,2000003505,Maps from,2025-04-16,2099-12-31,
2000003507,0,Maps to,2025-04-16,2099-12-31,
0,2000003507,Maps from,2025-04-16,2099-12-31,
2000003506,0,Maps to,2025-04-16,2099-12-31,
0,2000003506,Maps from,2025-04-16,2099-12-31,
2000003508,0,Maps to,2025-04-16,2099-12-31,
0,2000003508,Maps from,2025-04-16,2099-12-31,
2000003509,0,Maps to,2025-04-16,2099-12-31,
0,2000003509,Maps from,2025-04-16,2099-12-31,
2000003510,0,Maps to,2025-04-16,2099-12-31,
0,2000003510,Maps from,2025-04-16,2099-12-31,
2000003511,0,Maps to,2025-04-16,2099-12-31,
0,2000003511,Maps from,2025-04-16,2099-12-31,
2000003513,0,Maps to,2025-04-16,2099-12-31,
0,2000003513,Maps from,2025-04-16,2099-12-31,
2000003512,0,Maps to,2025-04-16,2099-12-31,
0,2000003512,Maps from,2025-04-16,2099-12-31,
2000003514,0,Maps to,2025-04-16,2099-12-31,
0,2000003514,Maps from,2025-04-16,2099-12-31,
2000000460,3968341,Maps to,2025-04-16,2099-12-31,
3968341,2000000460,Maps from,2025-04-16,2099-12-31,
2000003515,0,Maps to,2025-04-16,2099-12-31,
0,2000003515,Maps from,2025-04-16,2099-12-31,
2000003517,0,Maps to,2025-04-16,2099-12-31,
0,2000003517,Maps from,2025-04-16,2099-12-31,
2000003516,0,Maps to,2025-04-16,2099-12-31,
0,2000003516,Maps from,2025-04-16,2099-12-31,
2000003518,0,Maps to,2025-04-16,2099-12-31,
0,2000003518,Maps from,2025-04-16,2099-12-31,
2000003520,0,Maps to,2025-04-16,2099-12-31,
0,2000003520,Maps from,2025-04-16,2099-12-31,
2000003519,0,Maps to,2025-04-16,2099-12-31,
0,2000003519,Maps from,2025-04-16,2099-12-31,
2000001146,40782964,Maps to,2025-04-16,2099-12-31,
40782964,2000001146,Maps from,2025-04-16,2099-12-31,
2000003521,0,Maps to,2025-04-16,2099-12-31,
0,2000003521,Maps from,2025-04-16,2099-12-31,
2000003522,0,Maps to,2025-04-16,2099-12-31,
0,2000003522,Maps from,2025-04-16,2099-12-31,
2000003523,0,Maps to,2025-04-16,2099-12-31,
0,2000003523,Maps from,2025-04-16,2099-12-31,
2000003524,0,Maps to,2025-04-16,2099-12-31,
0,2000003524,Maps from,2025-04-16,2099-12-31,
2000003525,0,Maps to,2025-04-16,2099-12-31,
0,2000003525,Maps from,2025-04-16,2099-12-31,
2000003527,0,Maps to,2025-04-16,2099-12-31,
0,2000003527,Maps from,2025-04-16,2099-12-31,
2000003526,0,Maps to,2025-04-16,2099-12-31,
0,2000003526,Maps from,2025-04-16,2099-12-31,
2000003528,0,Maps to,2025-04-16,2099-12-31,
0,2000003528,Maps from,2025-04-16,2099-12-31,
2000003529,0,Maps to,2025-04-16,2099-12-31,
0,2000003529,Maps from,2025-04-16,2099-12-31,
2000003530,0,Maps to,2025-04-16,2099-12-31,
0,2000003530,Maps from,2025-04-16,2099-12-31,
2000003531,0,Maps to,2025-04-16,2099-12-31,
0,2000003531,Maps from,2025-04-16,2099-12-31,
2000003533,0,Maps to,2025-04-16,2099-12-31,
0,2000003533,Maps from,2025-04-16,2099-12-31,
2000003532,0,Maps to,2025-04-16,2099-12-31,
0,2000003532,Maps from,2025-04-16,2099-12-31,
2000000295,0,Maps to,2025-04-16,2099-12-31,
0,2000000295,Maps from,2025-04-16,2099-12-31,
2000003534,0,Maps to,2025-04-16,2099-12-31,
0,2000003534,Maps from,2025-04-16,2099-12-31,
2000003535,0,Maps to,2025-04-16,2099-12-31,
0,2000003535,Maps from,2025-04-16,2099-12-31,
2000000296,0,Maps to,2025-04-16,2099-12-31,
0,2000000296,Maps from,2025-04-16,2099-12-31,
2000000297,0,Maps to,2025-04-16,2099-12-31,
0,2000000297,Maps from,2025-04-16,2099-12-31,
2000003536,0,Maps to,2025-04-16,2099-12-31,
0,2000003536,Maps from,2025-04-16,2099-12-31,
2000001076,3968070,Maps to,2025-04-16,2099-12-31,
3968070,2000001076,Maps from,2025-04-16,2099-12-31,
2000003538,0,Maps to,2025-04-16,2099-12-31,
0,2000003538,Maps from,2025-04-16,2099-12-31,
2000003537,0,Maps to,2025-04-16,2099-12-31,
0,2000003537,Maps from,2025-04-16,2099-12-31,
2000003539,0,Maps to,2025-04-16,2099-12-31,
0,2000003539,Maps from,2025-04-16,2099-12-31,
2000001077,3968070,Maps to,2025-04-16,2099-12-31,
3968070,2000001077,Maps from,2025-04-16,2099-12-31,
2000003540,0,Maps to,2025-04-16,2099-12-31,
0,2000003540,Maps from,2025-04-16,2099-12-31,
2000003541,0,Maps to,2025-04-16,2099-12-31,
0,2000003541,Maps from,2025-04-16,2099-12-31,
2000003542,0,Maps to,2025-04-16,2099-12-31,
0,2000003542,Maps from,2025-04-16,2099-12-31,
2000003543,0,Maps to,2025-04-16,2099-12-31,
0,2000003543,Maps from,2025-04-16,2099-12-31,
2000003545,0,Maps to,2025-04-16,2099-12-31,
0,2000003545,Maps from,2025-04-16,2099-12-31,
2000003544,0,Maps to,2025-04-16,2099-12-31,
0,2000003544,Maps from,2025-04-16,2099-12-31,
2000003546,0,Maps to,2025-04-16,2099-12-31,
0,2000003546,Maps from,2025-04-16,2099-12-31,
2000003548,0,Maps to,2025-04-16,2099-12-31,
0,2000003548,Maps from,2025-04-16,2099-12-31,
2000003547,0,Maps to,2025-04-16,2099-12-31,
0,2000003547,Maps from,2025-04-16,2099-12-31,
2000003549,0,Maps to,2025-04-16,2099-12-31,
0,2000003549,Maps from,2025-04-16,2099-12-31,
2000003551,0,Maps to,2025-04-16,2099-12-31,
0,2000003551,Maps from,2025-04-16,2099-12-31,
2000003550,0,Maps to,2025-04-16,2099-12-31,
0,2000003550,Maps from,2025-04-16,2099-12-31,
2000003552,0,Maps to,2025-04-16,2099-12-31,
0,2000003552,Maps from,2025-04-16,2099-12-31,
2000003554,0,Maps to,2025-04-16,2099-12-31,
0,2000003554,Maps from,2025-04-16,2099-12-31,
2000003553,0,Maps to,2025-04-16,2099-12-31,
0,2000003553,Maps from,2025-04-16,2099-12-31,
2000003555,0,Maps to,2025-04-16,2099-12-31,
0,2000003555,Maps from,2025-04-16,2099-12-31,
2000003557,0,Maps to,2025-04-16,2099-12-31,
0,2000003557,Maps from,2025-04-16,2099-12-31,
2000003556,0,Maps to,2025-04-16,2099-12-31,
0,2000003556,Maps from,2025-04-16,2099-12-31,
2000003558,0,Maps to,2025-04-16,2099-12-31,
0,2000003558,Maps from,2025-04-16,2099-12-31,
2000003560,0,Maps to,2025-04-16,2099-12-31,
0,2000003560,Maps from,2025-04-16,2099-12-31,
2000003559,0,Maps to,2025-04-16,2099-12-31,
0,2000003559,Maps from,2025-04-16,2099-12-31,
2000003561,0,Maps to,2025-04-16,2099-12-31,
0,2000003561,Maps from,2025-04-16,2099-12-31,
2000003562,0,Maps to,2025-04-16,2099-12-31,
0,2000003562,Maps from,2025-04-16,2099-12-31,
2000003563,0,Maps to,2025-04-16,2099-12-31,
0,2000003563,Maps from,2025-04-16,2099-12-31,
2000003564,0,Maps to,2025-04-16,2099-12-31,
0,2000003564,Maps from,2025-04-16,2099-12-31,
2000003565,0,Maps to,2025-04-16,2099-12-31,
0,2000003565,Maps from,2025-04-16,2099-12-31,
2000003566,0,Maps to,2025-04-16,2099-12-31,
0,2000003566,Maps from,2025-04-16,2099-12-31,
2000003567,0,Maps to,2025-04-16,2099-12-31,
0,2000003567,Maps from,2025-04-16,2099-12-31,
2000003568,0,Maps to,2025-04-16,2099-12-31,
0,2000003568,Maps from,2025-04-16,2099-12-31,
2000003569,0,Maps to,2025-04-16,2099-12-31,
0,2000003569,Maps from,2025-04-16,2099-12-31,
2000003570,0,Maps to,2025-04-16,2099-12-31,
0,2000003570,Maps from,2025-04-16,2099-12-31,
2000003572,0,Maps to,2025-04-16,2099-12-31,
0,2000003572,Maps from,2025-04-16,2099-12-31,
2000003571,0,Maps to,2025-04-16,2099-12-31,
0,2000003571,Maps from,2025-04-16,2099-12-31,
2000000298,0,Maps to,2025-04-16,2099-12-31,
0,2000000298,Maps from,2025-04-16,2099-12-31,
2000003573,0,Maps to,2025-04-16,2099-12-31,
0,2000003573,Maps from,2025-04-16,2099-12-31,
2000000299,0,Maps to,2025-04-16,2099-12-31,
0,2000000299,Maps from,2025-04-16,2099-12-31,
2000000118,1013450,Maps to,2025-04-16,2099-12-31,
1013450,2000000118,Maps from,2025-04-16,2099-12-31,
2000003574,0,Maps to,2025-04-16,2099-12-31,
0,2000003574,Maps from,2025-04-16,2099-12-31,
2000003575,0,Maps to,2025-04-16,2099-12-31,
0,2000003575,Maps from,2025-04-16,2099-12-31,
2000003576,0,Maps to,2025-04-16,2099-12-31,
0,2000003576,Maps from,2025-04-16,2099-12-31,
2000000127,1013451,Maps to,2025-04-16,2099-12-31,
1013451,2000000127,Maps from,2025-04-16,2099-12-31,
2000003577,0,Maps to,2025-04-16,2099-12-31,
0,2000003577,Maps from,2025-04-16,2099-12-31,
2000000300,0,Maps to,2025-04-16,2099-12-31,
0,2000000300,Maps from,2025-04-16,2099-12-31,
2000003578,0,Maps to,2025-04-16,2099-12-31,
0,2000003578,Maps from,2025-04-16,2099-12-31,
2000003579,0,Maps to,2025-04-16,2099-12-31,
0,2000003579,Maps from,2025-04-16,2099-12-31,
2000003580,0,Maps to,2025-04-16,2099-12-31,
0,2000003580,Maps from,2025-04-16,2099-12-31,
2000003581,0,Maps to,2025-04-16,2099-12-31,
0,2000003581,Maps from,2025-04-16,2099-12-31,
2000000089,3968605,Maps to,2025-04-16,2099-12-31,
3968605,2000000089,Maps from,2025-04-16,2099-12-31,
2000003582,0,Maps to,2025-04-16,2099-12-31,
0,2000003582,Maps from,2025-04-16,2099-12-31,
2000003583,0,Maps to,2025-04-16,2099-12-31,
0,2000003583,Maps from,2025-04-16,2099-12-31,
2000003584,0,Maps to,2025-04-16,2099-12-31,
0,2000003584,Maps from,2025-04-16,2099-12-31,
2000003585,0,Maps to,2025-04-16,2099-12-31,
0,2000003585,Maps from,2025-04-16,2099-12-31,
2000003586,0,Maps to,2025-04-16,2099-12-31,
0,2000003586,Maps from,2025-04-16,2099-12-31,
2000003587,0,Maps to,2025-04-16,2099-12-31,
0,2000003587,Maps from,2025-04-16,2099-12-31,
2000000301,0,Maps to,2025-04-16,2099-12-31,
0,2000000301,Maps from,2025-04-16,2099-12-31,
2000003588,0,Maps to,2025-04-16,2099-12-31,
0,2000003588,Maps from,2025-04-16,2099-12-31,
2000003589,0,Maps to,2025-04-16,2099-12-31,
0,2000003589,Maps from,2025-04-16,2099-12-31,
2000003591,0,Maps to,2025-04-16,2099-12-31,
0,2000003591,Maps from,2025-04-16,2099-12-31,
2000003590,0,Maps to,2025-04-16,2099-12-31,
0,2000003590,Maps from,2025-04-16,2099-12-31,
2000003592,0,Maps to,2025-04-16,2099-12-31,
0,2000003592,Maps from,2025-04-16,2099-12-31,
2000003593,0,Maps to,2025-04-16,2099-12-31,
0,2000003593,Maps from,2025-04-16,2099-12-31,
2000003594,0,Maps to,2025-04-16,2099-12-31,
0,2000003594,Maps from,2025-04-16,2099-12-31,
2000003595,0,Maps to,2025-04-16,2099-12-31,
0,2000003595,Maps from,2025-04-16,2099-12-31,
2000003596,0,Maps to,2025-04-16,2099-12-31,
0,2000003596,Maps from,2025-04-16,2099-12-31,
2000003597,0,Maps to,2025-04-16,2099-12-31,
0,2000003597,Maps from,2025-04-16,2099-12-31,
2000003598,0,Maps to,2025-04-16,2099-12-31,
0,2000003598,Maps from,2025-04-16,2099-12-31,
2000003599,0,Maps to,2025-04-16,2099-12-31,
0,2000003599,Maps from,2025-04-16,2099-12-31,
2000003600,0,Maps to,2025-04-16,2099-12-31,
0,2000003600,Maps from,2025-04-16,2099-12-31,
2000003601,0,Maps to,2025-04-16,2099-12-31,
0,2000003601,Maps from,2025-04-16,2099-12-31,
2000003602,0,Maps to,2025-04-16,2099-12-31,
0,2000003602,Maps from,2025-04-16,2099-12-31,
2000000302,0,Maps to,2025-04-16,2099-12-31,
0,2000000302,Maps from,2025-04-16,2099-12-31,
2000003604,0,Maps to,2025-04-16,2099-12-31,
0,2000003604,Maps from,2025-04-16,2099-12-31,
2000003603,0,Maps to,2025-04-16,2099-12-31,
0,2000003603,Maps from,2025-04-16,2099-12-31,
2000003605,0,Maps to,2025-04-16,2099-12-31,
0,2000003605,Maps from,2025-04-16,2099-12-31,
2000003607,0,Maps to,2025-04-16,2099-12-31,
0,2000003607,Maps from,2025-04-16,2099-12-31,
2000003606,0,Maps to,2025-04-16,2099-12-31,
0,2000003606,Maps from,2025-04-16,2099-12-31,
2000003608,0,Maps to,2025-04-16,2099-12-31,
0,2000003608,Maps from,2025-04-16,2099-12-31,
2000003609,0,Maps to,2025-04-16,2099-12-31,
0,2000003609,Maps from,2025-04-16,2099-12-31,
2000003610,0,Maps to,2025-04-16,2099-12-31,
0,2000003610,Maps from,2025-04-16,2099-12-31,
2000003611,0,Maps to,2025-04-16,2099-12-31,
0,2000003611,Maps from,2025-04-16,2099-12-31,
2000003613,0,Maps to,2025-04-16,2099-12-31,
0,2000003613,Maps from,2025-04-16,2099-12-31,
2000003612,0,Maps to,2025-04-16,2099-12-31,
0,2000003612,Maps from,2025-04-16,2099-12-31,
2000003614,0,Maps to,2025-04-16,2099-12-31,
0,2000003614,Maps from,2025-04-16,2099-12-31,
2000003615,0,Maps to,2025-04-16,2099-12-31,
0,2000003615,Maps from,2025-04-16,2099-12-31,
2000003617,0,Maps to,2025-04-16,2099-12-31,
0,2000003617,Maps from,2025-04-16,2099-12-31,
2000003616,0,Maps to,2025-04-16,2099-12-31,
0,2000003616,Maps from,2025-04-16,2099-12-31,
2000003618,0,Maps to,2025-04-16,2099-12-31,
0,2000003618,Maps from,2025-04-16,2099-12-31,
2000003620,0,Maps to,2025-04-16,2099-12-31,
0,2000003620,Maps from,2025-04-16,2099-12-31,
2000003619,0,Maps to,2025-04-16,2099-12-31,
0,2000003619,Maps from,2025-04-16,2099-12-31,
2000003621,0,Maps to,2025-04-16,2099-12-31,
0,2000003621,Maps from,2025-04-16,2099-12-31,
2000003623,0,Maps to,2025-04-16,2099-12-31,
0,2000003623,Maps from,2025-04-16,2099-12-31,
2000003622,0,Maps to,2025-04-16,2099-12-31,
0,2000003622,Maps from,2025-04-16,2099-12-31,
2000003624,0,Maps to,2025-04-16,2099-12-31,
0,2000003624,Maps from,2025-04-16,2099-12-31,
2000003626,0,Maps to,2025-04-16,2099-12-31,
0,2000003626,Maps from,2025-04-16,2099-12-31,
2000003625,0,Maps to,2025-04-16,2099-12-31,
0,2000003625,Maps from,2025-04-16,2099-12-31,
2000003627,0,Maps to,2025-04-16,2099-12-31,
0,2000003627,Maps from,2025-04-16,2099-12-31,
2000003628,0,Maps to,2025-04-16,2099-12-31,
0,2000003628,Maps from,2025-04-16,2099-12-31,
2000003630,0,Maps to,2025-04-16,2099-12-31,
0,2000003630,Maps from,2025-04-16,2099-12-31,
2000003629,0,Maps to,2025-04-16,2099-12-31,
0,2000003629,Maps from,2025-04-16,2099-12-31,
2000003631,0,Maps to,2025-04-16,2099-12-31,
0,2000003631,Maps from,2025-04-16,2099-12-31,
2000003633,0,Maps to,2025-04-16,2099-12-31,
0,2000003633,Maps from,2025-04-16,2099-12-31,
2000003632,0,Maps to,2025-04-16,2099-12-31,
0,2000003632,Maps from,2025-04-16,2099-12-31,
2000003634,0,Maps to,2025-04-16,2099-12-31,
0,2000003634,Maps from,2025-04-16,2099-12-31,
2000003635,0,Maps to,2025-04-16,2099-12-31,
0,2000003635,Maps from,2025-04-16,2099-12-31,
2000003636,0,Maps to,2025-04-16,2099-12-31,
0,2000003636,Maps from,2025-04-16,2099-12-31,
2000003637,0,Maps to,2025-04-16,2099-12-31,
0,2000003637,Maps from,2025-04-16,2099-12-31,
2000003638,0,Maps to,2025-04-16,2099-12-31,
0,2000003638,Maps from,2025-04-16,2099-12-31,
2000003639,0,Maps to,2025-04-16,2099-12-31,
0,2000003639,Maps from,2025-04-16,2099-12-31,
2000003640,0,Maps to,2025-04-16,2099-12-31,
0,2000003640,Maps from,2025-04-16,2099-12-31,
2000003641,0,Maps to,2025-04-16,2099-12-31,
0,2000003641,Maps from,2025-04-16,2099-12-31,
2000003642,0,Maps to,2025-04-16,2099-12-31,
0,2000003642,Maps from,2025-04-16,2099-12-31,
2000003643,0,Maps to,2025-04-16,2099-12-31,
0,2000003643,Maps from,2025-04-16,2099-12-31,
2000003644,0,Maps to,2025-04-16,2099-12-31,
0,2000003644,Maps from,2025-04-16,2099-12-31,
2000003646,0,Maps to,2025-04-16,2099-12-31,
0,2000003646,Maps from,2025-04-16,2099-12-31,
2000003645,0,Maps to,2025-04-16,2099-12-31,
0,2000003645,Maps from,2025-04-16,2099-12-31,
2000003647,0,Maps to,2025-04-16,2099-12-31,
0,2000003647,Maps from,2025-04-16,2099-12-31,
2000003648,0,Maps to,2025-04-16,2099-12-31,
0,2000003648,Maps from,2025-04-16,2099-12-31,
2000003649,0,Maps to,2025-04-16,2099-12-31,
0,2000003649,Maps from,2025-04-16,2099-12-31,
2000003650,0,Maps to,2025-04-16,2099-12-31,
0,2000003650,Maps from,2025-04-16,2099-12-31,
2000003651,0,Maps to,2025-04-16,2099-12-31,
0,2000003651,Maps from,2025-04-16,2099-12-31,
2000003652,0,Maps to,2025-04-16,2099-12-31,
0,2000003652,Maps from,2025-04-16,2099-12-31,
2000003654,0,Maps to,2025-04-16,2099-12-31,
0,2000003654,Maps from,2025-04-16,2099-12-31,
2000003653,0,Maps to,2025-04-16,2099-12-31,
0,2000003653,Maps from,2025-04-16,2099-12-31,
2000003655,0,Maps to,2025-04-16,2099-12-31,
0,2000003655,Maps from,2025-04-16,2099-12-31,
2000003656,0,Maps to,2025-04-16,2099-12-31,
0,2000003656,Maps from,2025-04-16,2099-12-31,
2000003657,0,Maps to,2025-04-16,2099-12-31,
0,2000003657,Maps from,2025-04-16,2099-12-31,
2000001189,40779757,Maps to,2025-04-16,2099-12-31,
40779757,2000001189,Maps from,2025-04-16,2099-12-31,
2000003658,0,Maps to,2025-04-16,2099-12-31,
0,2000003658,Maps from,2025-04-16,2099-12-31,
2000003659,0,Maps to,2025-04-16,2099-12-31,
0,2000003659,Maps from,2025-04-16,2099-12-31,
2000003660,0,Maps to,2025-04-16,2099-12-31,
0,2000003660,Maps from,2025-04-16,2099-12-31,
2000003661,0,Maps to,2025-04-16,2099-12-31,
0,2000003661,Maps from,2025-04-16,2099-12-31,
2000003662,0,Maps to,2025-04-16,2099-12-31,
0,2000003662,Maps from,2025-04-16,2099-12-31,
2000003663,0,Maps to,2025-04-16,2099-12-31,
0,2000003663,Maps from,2025-04-16,2099-12-31,
2000000303,0,Maps to,2025-04-16,2099-12-31,
0,2000000303,Maps from,2025-04-16,2099-12-31,
2000001190,40779757,Maps to,2025-04-16,2099-12-31,
40779757,2000001190,Maps from,2025-04-16,2099-12-31,
2000001211,40796316,Maps to,2025-04-16,2099-12-31,
40796316,2000001211,Maps from,2025-04-16,2099-12-31,
2000003664,0,Maps to,2025-04-16,2099-12-31,
0,2000003664,Maps from,2025-04-16,2099-12-31,
2000003665,0,Maps to,2025-04-16,2099-12-31,
0,2000003665,Maps from,2025-04-16,2099-12-31,
2000003666,0,Maps to,2025-04-16,2099-12-31,
0,2000003666,Maps from,2025-04-16,2099-12-31,
2000003668,0,Maps to,2025-04-16,2099-12-31,
0,2000003668,Maps from,2025-04-16,2099-12-31,
2000003667,0,Maps to,2025-04-16,2099-12-31,
0,2000003667,Maps from,2025-04-16,2099-12-31,
2000003669,0,Maps to,2025-04-16,2099-12-31,
0,2000003669,Maps from,2025-04-16,2099-12-31,
2000003671,0,Maps to,2025-04-16,2099-12-31,
0,2000003671,Maps from,2025-04-16,2099-12-31,
2000003670,0,Maps to,2025-04-16,2099-12-31,
0,2000003670,Maps from,2025-04-16,2099-12-31,
2000003672,0,Maps to,2025-04-16,2099-12-31,
0,2000003672,Maps from,2025-04-16,2099-12-31,
2000003673,0,Maps to,2025-04-16,2099-12-31,
0,2000003673,Maps from,2025-04-16,2099-12-31,
2000003674,0,Maps to,2025-04-16,2099-12-31,
0,2000003674,Maps from,2025-04-16,2099-12-31,
2000003675,0,Maps to,2025-04-16,2099-12-31,
0,2000003675,Maps from,2025-04-16,2099-12-31,
2000003676,0,Maps to,2025-04-16,2099-12-31,
0,2000003676,Maps from,2025-04-16,2099-12-31,
2000003677,0,Maps to,2025-04-16,2099-12-31,
0,2000003677,Maps from,2025-04-16,2099-12-31,
2000003678,0,Maps to,2025-04-16,2099-12-31,
0,2000003678,Maps from,2025-04-16,2099-12-31,
2000003679,0,Maps to,2025-04-16,2099-12-31,
0,2000003679,Maps from,2025-04-16,2099-12-31,
2000003680,0,Maps to,2025-04-16,2099-12-31,
0,2000003680,Maps from,2025-04-16,2099-12-31,
2000003681,0,Maps to,2025-04-16,2099-12-31,
0,2000003681,Maps from,2025-04-16,2099-12-31,
2000003683,0,Maps to,2025-04-16,2099-12-31,
0,2000003683,Maps from,2025-04-16,2099-12-31,
2000003682,0,Maps to,2025-04-16,2099-12-31,
0,2000003682,Maps from,2025-04-16,2099-12-31,
2000003684,0,Maps to,2025-04-16,2099-12-31,
0,2000003684,Maps from,2025-04-16,2099-12-31,
2000003685,0,Maps to,2025-04-16,2099-12-31,
0,2000003685,Maps from,2025-04-16,2099-12-31,
2000000304,0,Maps to,2025-04-16,2099-12-31,
0,2000000304,Maps from,2025-04-16,2099-12-31,
2000001166,40786174,Maps to,2025-04-16,2099-12-31,
40786174,2000001166,Maps from,2025-04-16,2099-12-31,
2000003686,0,Maps to,2025-04-16,2099-12-31,
0,2000003686,Maps from,2025-04-16,2099-12-31,
2000003687,0,Maps to,2025-04-16,2099-12-31,
0,2000003687,Maps from,2025-04-16,2099-12-31,
2000003688,0,Maps to,2025-04-16,2099-12-31,
0,2000003688,Maps from,2025-04-16,2099-12-31,
2000000090,3968605,Maps to,2025-04-16,2099-12-31,
3968605,2000000090,Maps from,2025-04-16,2099-12-31,
2000003690,0,Maps to,2025-04-16,2099-12-31,
0,2000003690,Maps from,2025-04-16,2099-12-31,
2000003689,0,Maps to,2025-04-16,2099-12-31,
0,2000003689,Maps from,2025-04-16,2099-12-31,
2000003691,0,Maps to,2025-04-16,2099-12-31,
0,2000003691,Maps from,2025-04-16,2099-12-31,
2000003693,0,Maps to,2025-04-16,2099-12-31,
0,2000003693,Maps from,2025-04-16,2099-12-31,
2000003692,0,Maps to,2025-04-16,2099-12-31,
0,2000003692,Maps from,2025-04-16,2099-12-31,
2000001167,40786174,Maps to,2025-04-16,2099-12-31,
40786174,2000001167,Maps from,2025-04-16,2099-12-31,
2000003694,0,Maps to,2025-04-16,2099-12-31,
0,2000003694,Maps from,2025-04-16,2099-12-31,
2000003695,0,Maps to,2025-04-16,2099-12-31,
0,2000003695,Maps from,2025-04-16,2099-12-31,
2000003696,0,Maps to,2025-04-16,2099-12-31,
0,2000003696,Maps from,2025-04-16,2099-12-31,
2000003697,0,Maps to,2025-04-16,2099-12-31,
0,2000003697,Maps from,2025-04-16,2099-12-31,
2000003698,0,Maps to,2025-04-16,2099-12-31,
0,2000003698,Maps from,2025-04-16,2099-12-31,
2000003699,0,Maps to,2025-04-16,2099-12-31,
0,2000003699,Maps from,2025-04-16,2099-12-31,
2000003700,0,Maps to,2025-04-16,2099-12-31,
0,2000003700,Maps from,2025-04-16,2099-12-31,
2000003701,0,Maps to,2025-04-16,2099-12-31,
0,2000003701,Maps from,2025-04-16,2099-12-31,
2000003702,0,Maps to,2025-04-16,2099-12-31,
0,2000003702,Maps from,2025-04-16,2099-12-31,
2000003703,0,Maps to,2025-04-16,2099-12-31,
0,2000003703,Maps from,2025-04-16,2099-12-31,
2000003705,0,Maps to,2025-04-16,2099-12-31,
0,2000003705,Maps from,2025-04-16,2099-12-31,
2000003704,0,Maps to,2025-04-16,2099-12-31,
0,2000003704,Maps from,2025-04-16,2099-12-31,
2000003706,0,Maps to,2025-04-16,2099-12-31,
0,2000003706,Maps from,2025-04-16,2099-12-31,
2000003707,0,Maps to,2025-04-16,2099-12-31,
0,2000003707,Maps from,2025-04-16,2099-12-31,
2000003708,0,Maps to,2025-04-16,2099-12-31,
0,2000003708,Maps from,2025-04-16,2099-12-31,
2000003709,0,Maps to,2025-04-16,2099-12-31,
0,2000003709,Maps from,2025-04-16,2099-12-31,
2000003710,0,Maps to,2025-04-16,2099-12-31,
0,2000003710,Maps from,2025-04-16,2099-12-31,
2000003711,0,Maps to,2025-04-16,2099-12-31,
0,2000003711,Maps from,2025-04-16,2099-12-31,
2000003712,0,Maps to,2025-04-16,2099-12-31,
0,2000003712,Maps from,2025-04-16,2099-12-31,
2000003713,0,Maps to,2025-04-16,2099-12-31,
0,2000003713,Maps from,2025-04-16,2099-12-31,
2000003714,0,Maps to,2025-04-16,2099-12-31,
0,2000003714,Maps from,2025-04-16,2099-12-31,
2000003715,0,Maps to,2025-04-16,2099-12-31,
0,2000003715,Maps from,2025-04-16,2099-12-31,
2000003716,0,Maps to,2025-04-16,2099-12-31,
0,2000003716,Maps from,2025-04-16,2099-12-31,
2000003717,0,Maps to,2025-04-16,2099-12-31,
0,2000003717,Maps from,2025-04-16,2099-12-31,
2000003719,0,Maps to,2025-04-16,2099-12-31,
0,2000003719,Maps from,2025-04-16,2099-12-31,
2000003718,0,Maps to,2025-04-16,2099-12-31,
0,2000003718,Maps from,2025-04-16,2099-12-31,
2000003720,0,Maps to,2025-04-16,2099-12-31,
0,2000003720,Maps from,2025-04-16,2099-12-31,
2000003722,0,Maps to,2025-04-16,2099-12-31,
0,2000003722,Maps from,2025-04-16,2099-12-31,
2000003721,0,Maps to,2025-04-16,2099-12-31,
0,2000003721,Maps from,2025-04-16,2099-12-31,
2000003723,0,Maps to,2025-04-16,2099-12-31,
0,2000003723,Maps from,2025-04-16,2099-12-31,
2000003725,0,Maps to,2025-04-16,2099-12-31,
0,2000003725,Maps from,2025-04-16,2099-12-31,
2000003724,0,Maps to,2025-04-16,2099-12-31,
0,2000003724,Maps from,2025-04-16,2099-12-31,
2000003726,0,Maps to,2025-04-16,2099-12-31,
0,2000003726,Maps from,2025-04-16,2099-12-31,
2000003727,0,Maps to,2025-04-16,2099-12-31,
0,2000003727,Maps from,2025-04-16,2099-12-31,
2000003728,0,Maps to,2025-04-16,2099-12-31,
0,2000003728,Maps from,2025-04-16,2099-12-31,
2000003729,0,Maps to,2025-04-16,2099-12-31,
0,2000003729,Maps from,2025-04-16,2099-12-31,
2000003730,0,Maps to,2025-04-16,2099-12-31,
0,2000003730,Maps from,2025-04-16,2099-12-31,
2000003732,0,Maps to,2025-04-16,2099-12-31,
0,2000003732,Maps from,2025-04-16,2099-12-31,
2000003731,0,Maps to,2025-04-16,2099-12-31,
0,2000003731,Maps from,2025-04-16,2099-12-31,
2000003733,0,Maps to,2025-04-16,2099-12-31,
0,2000003733,Maps from,2025-04-16,2099-12-31,
2000003735,0,Maps to,2025-04-16,2099-12-31,
0,2000003735,Maps from,2025-04-16,2099-12-31,
2000003734,0,Maps to,2025-04-16,2099-12-31,
0,2000003734,Maps from,2025-04-16,2099-12-31,
2000003736,0,Maps to,2025-04-16,2099-12-31,
0,2000003736,Maps from,2025-04-16,2099-12-31,
2000003737,0,Maps to,2025-04-16,2099-12-31,
0,2000003737,Maps from,2025-04-16,2099-12-31,
2000003739,0,Maps to,2025-04-16,2099-12-31,
0,2000003739,Maps from,2025-04-16,2099-12-31,
2000003738,0,Maps to,2025-04-16,2099-12-31,
0,2000003738,Maps from,2025-04-16,2099-12-31,
2000003740,0,Maps to,2025-04-16,2099-12-31,
0,2000003740,Maps from,2025-04-16,2099-12-31,
2000003741,0,Maps to,2025-04-16,2099-12-31,
0,2000003741,Maps from,2025-04-16,2099-12-31,
2000003742,0,Maps to,2025-04-16,2099-12-31,
0,2000003742,Maps from,2025-04-16,2099-12-31,
2000003743,0,Maps to,2025-04-16,2099-12-31,
0,2000003743,Maps from,2025-04-16,2099-12-31,
2000000305,0,Maps to,2025-04-16,2099-12-31,
0,2000000305,Maps from,2025-04-16,2099-12-31,
2000003744,0,Maps to,2025-04-16,2099-12-31,
0,2000003744,Maps from,2025-04-16,2099-12-31,
2000003745,0,Maps to,2025-04-16,2099-12-31,
0,2000003745,Maps from,2025-04-16,2099-12-31,
2000000054,40775801,Maps to,2025-04-16,2099-12-31,
40775801,2000000054,Maps from,2025-04-16,2099-12-31,
2000003746,0,Maps to,2025-04-16,2099-12-31,
0,2000003746,Maps from,2025-04-16,2099-12-31,
2000003747,0,Maps to,2025-04-16,2099-12-31,
0,2000003747,Maps from,2025-04-16,2099-12-31,
2000003748,0,Maps to,2025-04-16,2099-12-31,
0,2000003748,Maps from,2025-04-16,2099-12-31,
2000003750,0,Maps to,2025-04-16,2099-12-31,
0,2000003750,Maps from,2025-04-16,2099-12-31,
2000003749,0,Maps to,2025-04-16,2099-12-31,
0,2000003749,Maps from,2025-04-16,2099-12-31,
2000003751,0,Maps to,2025-04-16,2099-12-31,
0,2000003751,Maps from,2025-04-16,2099-12-31,
2000003752,0,Maps to,2025-04-16,2099-12-31,
0,2000003752,Maps from,2025-04-16,2099-12-31,
2000003754,0,Maps to,2025-04-16,2099-12-31,
0,2000003754,Maps from,2025-04-16,2099-12-31,
2000003753,0,Maps to,2025-04-16,2099-12-31,
0,2000003753,Maps from,2025-04-16,2099-12-31,
2000003755,0,Maps to,2025-04-16,2099-12-31,
0,2000003755,Maps from,2025-04-16,2099-12-31,
2000003756,0,Maps to,2025-04-16,2099-12-31,
0,2000003756,Maps from,2025-04-16,2099-12-31,
2000003757,0,Maps to,2025-04-16,2099-12-31,
0,2000003757,Maps from,2025-04-16,2099-12-31,
2000003758,0,Maps to,2025-04-16,2099-12-31,
0,2000003758,Maps from,2025-04-16,2099-12-31,
2000003760,0,Maps to,2025-04-16,2099-12-31,
0,2000003760,Maps from,2025-04-16,2099-12-31,
2000003759,0,Maps to,2025-04-16,2099-12-31,
0,2000003759,Maps from,2025-04-16,2099-12-31,
2000003761,0,Maps to,2025-04-16,2099-12-31,
0,2000003761,Maps from,2025-04-16,2099-12-31,
2000003762,0,Maps to,2025-04-16,2099-12-31,
0,2000003762,Maps from,2025-04-16,2099-12-31,
2000003763,0,Maps to,2025-04-16,2099-12-31,
0,2000003763,Maps from,2025-04-16,2099-12-31,
2000003764,0,Maps to,2025-04-16,2099-12-31,
0,2000003764,Maps from,2025-04-16,2099-12-31,
2000003766,0,Maps to,2025-04-16,2099-12-31,
0,2000003766,Maps from,2025-04-16,2099-12-31,
2000003765,0,Maps to,2025-04-16,2099-12-31,
0,2000003765,Maps from,2025-04-16,2099-12-31,
2000003767,0,Maps to,2025-04-16,2099-12-31,
0,2000003767,Maps from,2025-04-16,2099-12-31,
2000003768,0,Maps to,2025-04-16,2099-12-31,
0,2000003768,Maps from,2025-04-16,2099-12-31,
2000003770,0,Maps to,2025-04-16,2099-12-31,
0,2000003770,Maps from,2025-04-16,2099-12-31,
2000003769,0,Maps to,2025-04-16,2099-12-31,
0,2000003769,Maps from,2025-04-16,2099-12-31,
2000003771,0,Maps to,2025-04-16,2099-12-31,
0,2000003771,Maps from,2025-04-16,2099-12-31,
2000003773,0,Maps to,2025-04-16,2099-12-31,
0,2000003773,Maps from,2025-04-16,2099-12-31,
2000003772,0,Maps to,2025-04-16,2099-12-31,
0,2000003772,Maps from,2025-04-16,2099-12-31,
2000003774,0,Maps to,2025-04-16,2099-12-31,
0,2000003774,Maps from,2025-04-16,2099-12-31,
2000003776,0,Maps to,2025-04-16,2099-12-31,
0,2000003776,Maps from,2025-04-16,2099-12-31,
2000003775,0,Maps to,2025-04-16,2099-12-31,
0,2000003775,Maps from,2025-04-16,2099-12-31,
2000003777,0,Maps to,2025-04-16,2099-12-31,
0,2000003777,Maps from,2025-04-16,2099-12-31,
2000003779,0,Maps to,2025-04-16,2099-12-31,
0,2000003779,Maps from,2025-04-16,2099-12-31,
2000003778,0,Maps to,2025-04-16,2099-12-31,
0,2000003778,Maps from,2025-04-16,2099-12-31,
2000003780,0,Maps to,2025-04-16,2099-12-31,
0,2000003780,Maps from,2025-04-16,2099-12-31,
2000003781,0,Maps to,2025-04-16,2099-12-31,
0,2000003781,Maps from,2025-04-16,2099-12-31,
2000003783,0,Maps to,2025-04-16,2099-12-31,
0,2000003783,Maps from,2025-04-16,2099-12-31,
2000003782,0,Maps to,2025-04-16,2099-12-31,
0,2000003782,Maps from,2025-04-16,2099-12-31,
2000003784,0,Maps to,2025-04-16,2099-12-31,
0,2000003784,Maps from,2025-04-16,2099-12-31,
2000003786,0,Maps to,2025-04-16,2099-12-31,
0,2000003786,Maps from,2025-04-16,2099-12-31,
2000003785,0,Maps to,2025-04-16,2099-12-31,
0,2000003785,Maps from,2025-04-16,2099-12-31,
2000000306,0,Maps to,2025-04-16,2099-12-31,
0,2000000306,Maps from,2025-04-16,2099-12-31,
2000003787,0,Maps to,2025-04-16,2099-12-31,
0,2000003787,Maps from,2025-04-16,2099-12-31,
2000003788,0,Maps to,2025-04-16,2099-12-31,
0,2000003788,Maps from,2025-04-16,2099-12-31,
2000003789,0,Maps to,2025-04-16,2099-12-31,
0,2000003789,Maps from,2025-04-16,2099-12-31,
2000003790,0,Maps to,2025-04-16,2099-12-31,
0,2000003790,Maps from,2025-04-16,2099-12-31,
2000003791,0,Maps to,2025-04-16,2099-12-31,
0,2000003791,Maps from,2025-04-16,2099-12-31,
2000003792,0,Maps to,2025-04-16,2099-12-31,
0,2000003792,Maps from,2025-04-16,2099-12-31,
2000003794,0,Maps to,2025-04-16,2099-12-31,
0,2000003794,Maps from,2025-04-16,2099-12-31,
2000003793,0,Maps to,2025-04-16,2099-12-31,
0,2000003793,Maps from,2025-04-16,2099-12-31,
2000003795,0,Maps to,2025-04-16,2099-12-31,
0,2000003795,Maps from,2025-04-16,2099-12-31,
2000003797,0,Maps to,2025-04-16,2099-12-31,
0,2000003797,Maps from,2025-04-16,2099-12-31,
2000003796,0,Maps to,2025-04-16,2099-12-31,
0,2000003796,Maps from,2025-04-16,2099-12-31,
2000003798,0,Maps to,2025-04-16,2099-12-31,
0,2000003798,Maps from,2025-04-16,2099-12-31,
2000003800,0,Maps to,2025-04-16,2099-12-31,
0,2000003800,Maps from,2025-04-16,2099-12-31,
2000003799,0,Maps to,2025-04-16,2099-12-31,
0,2000003799,Maps from,2025-04-16,2099-12-31,
2000000413,40775918,Maps to,2025-04-16,2099-12-31,
40775918,2000000413,Maps from,2025-04-16,2099-12-31,
2000003801,0,Maps to,2025-04-16,2099-12-31,
0,2000003801,Maps from,2025-04-16,2099-12-31,
2000000307,0,Maps to,2025-04-16,2099-12-31,
0,2000000307,Maps from,2025-04-16,2099-12-31,
2000003803,0,Maps to,2025-04-16,2099-12-31,
0,2000003803,Maps from,2025-04-16,2099-12-31,
2000003802,0,Maps to,2025-04-16,2099-12-31,
0,2000003802,Maps from,2025-04-16,2099-12-31,
2000003804,0,Maps to,2025-04-16,2099-12-31,
0,2000003804,Maps from,2025-04-16,2099-12-31,
2000003806,0,Maps to,2025-04-16,2099-12-31,
0,2000003806,Maps from,2025-04-16,2099-12-31,
2000003805,0,Maps to,2025-04-16,2099-12-31,
0,2000003805,Maps from,2025-04-16,2099-12-31,
2000003807,0,Maps to,2025-04-16,2099-12-31,
0,2000003807,Maps from,2025-04-16,2099-12-31,
2000003808,0,Maps to,2025-04-16,2099-12-31,
0,2000003808,Maps from,2025-04-16,2099-12-31,
2000003809,0,Maps to,2025-04-16,2099-12-31,
0,2000003809,Maps from,2025-04-16,2099-12-31,
2000003810,0,Maps to,2025-04-16,2099-12-31,
0,2000003810,Maps from,2025-04-16,2099-12-31,
2000003811,0,Maps to,2025-04-16,2099-12-31,
0,2000003811,Maps from,2025-04-16,2099-12-31,
2000003813,0,Maps to,2025-04-16,2099-12-31,
0,2000003813,Maps from,2025-04-16,2099-12-31,
2000003812,0,Maps to,2025-04-16,2099-12-31,
0,2000003812,Maps from,2025-04-16,2099-12-31,
2000003814,0,Maps to,2025-04-16,2099-12-31,
0,2000003814,Maps from,2025-04-16,2099-12-31,
2000003815,0,Maps to,2025-04-16,2099-12-31,
0,2000003815,Maps from,2025-04-16,2099-12-31,
2000003816,0,Maps to,2025-04-16,2099-12-31,
0,2000003816,Maps from,2025-04-16,2099-12-31,
2000003817,0,Maps to,2025-04-16,2099-12-31,
0,2000003817,Maps from,2025-04-16,2099-12-31,
2000003818,0,Maps to,2025-04-16,2099-12-31,
0,2000003818,Maps from,2025-04-16,2099-12-31,
2000003819,0,Maps to,2025-04-16,2099-12-31,
0,2000003819,Maps from,2025-04-16,2099-12-31,
2000003820,0,Maps to,2025-04-16,2099-12-31,
0,2000003820,Maps from,2025-04-16,2099-12-31,
2000000014,40779159,Maps to,2025-04-16,2099-12-31,
40779159,2000000014,Maps from,2025-04-16,2099-12-31,
2000003822,0,Maps to,2025-04-16,2099-12-31,
0,2000003822,Maps from,2025-04-16,2099-12-31,
2000003821,0,Maps to,2025-04-16,2099-12-31,
0,2000003821,Maps from,2025-04-16,2099-12-31,
2000003823,0,Maps to,2025-04-16,2099-12-31,
0,2000003823,Maps from,2025-04-16,2099-12-31,
2000003824,0,Maps to,2025-04-16,2099-12-31,
0,2000003824,Maps from,2025-04-16,2099-12-31,
2000003825,0,Maps to,2025-04-16,2099-12-31,
0,2000003825,Maps from,2025-04-16,2099-12-31,
2000003826,0,Maps to,2025-04-16,2099-12-31,
0,2000003826,Maps from,2025-04-16,2099-12-31,
2000003827,0,Maps to,2025-04-16,2099-12-31,
0,2000003827,Maps from,2025-04-16,2099-12-31,
2000003828,0,Maps to,2025-04-16,2099-12-31,
0,2000003828,Maps from,2025-04-16,2099-12-31,
2000003829,0,Maps to,2025-04-16,2099-12-31,
0,2000003829,Maps from,2025-04-16,2099-12-31,
2000003830,0,Maps to,2025-04-16,2099-12-31,
0,2000003830,Maps from,2025-04-16,2099-12-31,
2000003831,0,Maps to,2025-04-16,2099-12-31,
0,2000003831,Maps from,2025-04-16,2099-12-31,
2000003832,0,Maps to,2025-04-16,2099-12-31,
0,2000003832,Maps from,2025-04-16,2099-12-31,
2000003834,0,Maps to,2025-04-16,2099-12-31,
0,2000003834,Maps from,2025-04-16,2099-12-31,
2000003833,0,Maps to,2025-04-16,2099-12-31,
0,2000003833,Maps from,2025-04-16,2099-12-31,
2000003835,0,Maps to,2025-04-16,2099-12-31,
0,2000003835,Maps from,2025-04-16,2099-12-31,
2000003836,0,Maps to,2025-04-16,2099-12-31,
0,2000003836,Maps from,2025-04-16,2099-12-31,
2000003837,0,Maps to,2025-04-16,2099-12-31,
0,2000003837,Maps from,2025-04-16,2099-12-31,
2000003838,0,Maps to,2025-04-16,2099-12-31,
0,2000003838,Maps from,2025-04-16,2099-12-31,
2000003839,0,Maps to,2025-04-16,2099-12-31,
0,2000003839,Maps from,2025-04-16,2099-12-31,
2000003840,0,Maps to,2025-04-16,2099-12-31,
0,2000003840,Maps from,2025-04-16,2099-12-31,
2000003841,0,Maps to,2025-04-16,2099-12-31,
0,2000003841,Maps from,2025-04-16,2099-12-31,
2000003842,0,Maps to,2025-04-16,2099-12-31,
0,2000003842,Maps from,2025-04-16,2099-12-31,
2000003844,0,Maps to,2025-04-16,2099-12-31,
0,2000003844,Maps from,2025-04-16,2099-12-31,
2000003843,0,Maps to,2025-04-16,2099-12-31,
0,2000003843,Maps from,2025-04-16,2099-12-31,
2000003845,0,Maps to,2025-04-16,2099-12-31,
0,2000003845,Maps from,2025-04-16,2099-12-31,
2000003847,0,Maps to,2025-04-16,2099-12-31,
0,2000003847,Maps from,2025-04-16,2099-12-31,
2000003846,0,Maps to,2025-04-16,2099-12-31,
0,2000003846,Maps from,2025-04-16,2099-12-31,
2000003848,0,Maps to,2025-04-16,2099-12-31,
0,2000003848,Maps from,2025-04-16,2099-12-31,
2000003850,0,Maps to,2025-04-16,2099-12-31,
0,2000003850,Maps from,2025-04-16,2099-12-31,
2000003849,0,Maps to,2025-04-16,2099-12-31,
0,2000003849,Maps from,2025-04-16,2099-12-31,
2000003851,0,Maps to,2025-04-16,2099-12-31,
0,2000003851,Maps from,2025-04-16,2099-12-31,
2000003852,0,Maps to,2025-04-16,2099-12-31,
0,2000003852,Maps from,2025-04-16,2099-12-31,
2000003853,0,Maps to,2025-04-16,2099-12-31,
0,2000003853,Maps from,2025-04-16,2099-12-31,
2000003854,0,Maps to,2025-04-16,2099-12-31,
0,2000003854,Maps from,2025-04-16,2099-12-31,
2000003856,0,Maps to,2025-04-16,2099-12-31,
0,2000003856,Maps from,2025-04-16,2099-12-31,
2000003855,0,Maps to,2025-04-16,2099-12-31,
0,2000003855,Maps from,2025-04-16,2099-12-31,
2000003857,0,Maps to,2025-04-16,2099-12-31,
0,2000003857,Maps from,2025-04-16,2099-12-31,
2000003859,0,Maps to,2025-04-16,2099-12-31,
0,2000003859,Maps from,2025-04-16,2099-12-31,
2000003858,0,Maps to,2025-04-16,2099-12-31,
0,2000003858,Maps from,2025-04-16,2099-12-31,
2000003860,0,Maps to,2025-04-16,2099-12-31,
0,2000003860,Maps from,2025-04-16,2099-12-31,
2000003861,0,Maps to,2025-04-16,2099-12-31,
0,2000003861,Maps from,2025-04-16,2099-12-31,
2000003862,0,Maps to,2025-04-16,2099-12-31,
0,2000003862,Maps from,2025-04-16,2099-12-31,
2000003863,0,Maps to,2025-04-16,2099-12-31,
0,2000003863,Maps from,2025-04-16,2099-12-31,
2000003865,0,Maps to,2025-04-16,2099-12-31,
0,2000003865,Maps from,2025-04-16,2099-12-31,
2000000308,0,Maps to,2025-04-16,2099-12-31,
0,2000000308,Maps from,2025-04-16,2099-12-31,
2000003864,0,Maps to,2025-04-16,2099-12-31,
0,2000003864,Maps from,2025-04-16,2099-12-31,
2000003866,0,Maps to,2025-04-16,2099-12-31,
0,2000003866,Maps from,2025-04-16,2099-12-31,
2000003868,0,Maps to,2025-04-16,2099-12-31,
0,2000003868,Maps from,2025-04-16,2099-12-31,
2000003867,0,Maps to,2025-04-16,2099-12-31,
0,2000003867,Maps from,2025-04-16,2099-12-31,
2000003869,0,Maps to,2025-04-16,2099-12-31,
0,2000003869,Maps from,2025-04-16,2099-12-31,
2000003871,0,Maps to,2025-04-16,2099-12-31,
0,2000003871,Maps from,2025-04-16,2099-12-31,
2000003870,0,Maps to,2025-04-16,2099-12-31,
0,2000003870,Maps from,2025-04-16,2099-12-31,
2000003872,0,Maps to,2025-04-16,2099-12-31,
0,2000003872,Maps from,2025-04-16,2099-12-31,
2000003873,0,Maps to,2025-04-16,2099-12-31,
0,2000003873,Maps from,2025-04-16,2099-12-31,
2000003874,0,Maps to,2025-04-16,2099-12-31,
0,2000003874,Maps from,2025-04-16,2099-12-31,
2000003875,0,Maps to,2025-04-16,2099-12-31,
0,2000003875,Maps from,2025-04-16,2099-12-31,
2000003877,0,Maps to,2025-04-16,2099-12-31,
0,2000003877,Maps from,2025-04-16,2099-12-31,
2000003876,0,Maps to,2025-04-16,2099-12-31,
0,2000003876,Maps from,2025-04-16,2099-12-31,
2000003878,0,Maps to,2025-04-16,2099-12-31,
0,2000003878,Maps from,2025-04-16,2099-12-31,
2000003879,0,Maps to,2025-04-16,2099-12-31,
0,2000003879,Maps from,2025-04-16,2099-12-31,
2000003880,0,Maps to,2025-04-16,2099-12-31,
0,2000003880,Maps from,2025-04-16,2099-12-31,
2000003881,0,Maps to,2025-04-16,2099-12-31,
0,2000003881,Maps from,2025-04-16,2099-12-31,
2000003882,0,Maps to,2025-04-16,2099-12-31,
0,2000003882,Maps from,2025-04-16,2099-12-31,
2000003883,0,Maps to,2025-04-16,2099-12-31,
0,2000003883,Maps from,2025-04-16,2099-12-31,
2000003884,0,Maps to,2025-04-16,2099-12-31,
0,2000003884,Maps from,2025-04-16,2099-12-31,
2000003885,0,Maps to,2025-04-16,2099-12-31,
0,2000003885,Maps from,2025-04-16,2099-12-31,
2000003886,0,Maps to,2025-04-16,2099-12-31,
0,2000003886,Maps from,2025-04-16,2099-12-31,
2000003887,0,Maps to,2025-04-16,2099-12-31,
0,2000003887,Maps from,2025-04-16,2099-12-31,
2000003888,0,Maps to,2025-04-16,2099-12-31,
0,2000003888,Maps from,2025-04-16,2099-12-31,
2000003889,0,Maps to,2025-04-16,2099-12-31,
0,2000003889,Maps from,2025-04-16,2099-12-31,
2000003890,0,Maps to,2025-04-16,2099-12-31,
0,2000003890,Maps from,2025-04-16,2099-12-31,
2000003892,0,Maps to,2025-04-16,2099-12-31,
0,2000003892,Maps from,2025-04-16,2099-12-31,
2000003891,0,Maps to,2025-04-16,2099-12-31,
0,2000003891,Maps from,2025-04-16,2099-12-31,
2000003893,0,Maps to,2025-04-16,2099-12-31,
0,2000003893,Maps from,2025-04-16,2099-12-31,
2000003895,0,Maps to,2025-04-16,2099-12-31,
0,2000003895,Maps from,2025-04-16,2099-12-31,
2000003894,0,Maps to,2025-04-16,2099-12-31,
0,2000003894,Maps from,2025-04-16,2099-12-31,
2000000309,0,Maps to,2025-04-16,2099-12-31,
0,2000000309,Maps from,2025-04-16,2099-12-31,
2000003896,0,Maps to,2025-04-16,2099-12-31,
0,2000003896,Maps from,2025-04-16,2099-12-31,
2000003897,0,Maps to,2025-04-16,2099-12-31,
0,2000003897,Maps from,2025-04-16,2099-12-31,
2000003899,0,Maps to,2025-04-16,2099-12-31,
0,2000003899,Maps from,2025-04-16,2099-12-31,
2000003898,0,Maps to,2025-04-16,2099-12-31,
0,2000003898,Maps from,2025-04-16,2099-12-31,
2000003900,0,Maps to,2025-04-16,2099-12-31,
0,2000003900,Maps from,2025-04-16,2099-12-31,
2000003902,0,Maps to,2025-04-16,2099-12-31,
0,2000003902,Maps from,2025-04-16,2099-12-31,
2000003901,0,Maps to,2025-04-16,2099-12-31,
0,2000003901,Maps from,2025-04-16,2099-12-31,
2000003903,0,Maps to,2025-04-16,2099-12-31,
0,2000003903,Maps from,2025-04-16,2099-12-31,
2000003905,0,Maps to,2025-04-16,2099-12-31,
0,2000003905,Maps from,2025-04-16,2099-12-31,
2000003904,0,Maps to,2025-04-16,2099-12-31,
0,2000003904,Maps from,2025-04-16,2099-12-31,
2000003906,0,Maps to,2025-04-16,2099-12-31,
0,2000003906,Maps from,2025-04-16,2099-12-31,
2000003907,0,Maps to,2025-04-16,2099-12-31,
0,2000003907,Maps from,2025-04-16,2099-12-31,
2000003908,0,Maps to,2025-04-16,2099-12-31,
0,2000003908,Maps from,2025-04-16,2099-12-31,
2000003909,0,Maps to,2025-04-16,2099-12-31,
0,2000003909,Maps from,2025-04-16,2099-12-31,
2000000310,0,Maps to,2025-04-16,2099-12-31,
0,2000000310,Maps from,2025-04-16,2099-12-31,
2000003910,0,Maps to,2025-04-16,2099-12-31,
0,2000003910,Maps from,2025-04-16,2099-12-31,
2000003912,0,Maps to,2025-04-16,2099-12-31,
0,2000003912,Maps from,2025-04-16,2099-12-31,
2000000311,0,Maps to,2025-04-16,2099-12-31,
0,2000000311,Maps from,2025-04-16,2099-12-31,
2000003911,0,Maps to,2025-04-16,2099-12-31,
0,2000003911,Maps from,2025-04-16,2099-12-31,
2000003913,0,Maps to,2025-04-16,2099-12-31,
0,2000003913,Maps from,2025-04-16,2099-12-31,
2000003915,0,Maps to,2025-04-16,2099-12-31,
0,2000003915,Maps from,2025-04-16,2099-12-31,
2000003914,0,Maps to,2025-04-16,2099-12-31,
0,2000003914,Maps from,2025-04-16,2099-12-31,
2000003916,0,Maps to,2025-04-16,2099-12-31,
0,2000003916,Maps from,2025-04-16,2099-12-31,
2000003918,0,Maps to,2025-04-16,2099-12-31,
0,2000003918,Maps from,2025-04-16,2099-12-31,
2000000312,0,Maps to,2025-04-16,2099-12-31,
0,2000000312,Maps from,2025-04-16,2099-12-31,
2000003917,0,Maps to,2025-04-16,2099-12-31,
0,2000003917,Maps from,2025-04-16,2099-12-31,
2000003919,0,Maps to,2025-04-16,2099-12-31,
0,2000003919,Maps from,2025-04-16,2099-12-31,
2000003921,0,Maps to,2025-04-16,2099-12-31,
0,2000003921,Maps from,2025-04-16,2099-12-31,
2000003920,0,Maps to,2025-04-16,2099-12-31,
0,2000003920,Maps from,2025-04-16,2099-12-31,
2000003922,0,Maps to,2025-04-16,2099-12-31,
0,2000003922,Maps from,2025-04-16,2099-12-31,
2000003923,0,Maps to,2025-04-16,2099-12-31,
0,2000003923,Maps from,2025-04-16,2099-12-31,
2000003924,0,Maps to,2025-04-16,2099-12-31,
0,2000003924,Maps from,2025-04-16,2099-12-31,
2000003925,0,Maps to,2025-04-16,2099-12-31,
0,2000003925,Maps from,2025-04-16,2099-12-31,
2000003926,0,Maps to,2025-04-16,2099-12-31,
0,2000003926,Maps from,2025-04-16,2099-12-31,
2000003927,0,Maps to,2025-04-16,2099-12-31,
0,2000003927,Maps from,2025-04-16,2099-12-31,
2000003928,0,Maps to,2025-04-16,2099-12-31,
0,2000003928,Maps from,2025-04-16,2099-12-31,
2000003930,0,Maps to,2025-04-16,2099-12-31,
0,2000003930,Maps from,2025-04-16,2099-12-31,
2000003929,0,Maps to,2025-04-16,2099-12-31,
0,2000003929,Maps from,2025-04-16,2099-12-31,
2000000313,0,Maps to,2025-04-16,2099-12-31,
0,2000000313,Maps from,2025-04-16,2099-12-31,
2000003931,0,Maps to,2025-04-16,2099-12-31,
0,2000003931,Maps from,2025-04-16,2099-12-31,
2000000314,0,Maps to,2025-04-16,2099-12-31,
0,2000000314,Maps from,2025-04-16,2099-12-31,
2000003932,0,Maps to,2025-04-16,2099-12-31,
0,2000003932,Maps from,2025-04-16,2099-12-31,
2000003934,0,Maps to,2025-04-16,2099-12-31,
0,2000003934,Maps from,2025-04-16,2099-12-31,
2000003933,0,Maps to,2025-04-16,2099-12-31,
0,2000003933,Maps from,2025-04-16,2099-12-31,
2000003935,0,Maps to,2025-04-16,2099-12-31,
0,2000003935,Maps from,2025-04-16,2099-12-31,
2000003936,0,Maps to,2025-04-16,2099-12-31,
0,2000003936,Maps from,2025-04-16,2099-12-31,
2000003937,0,Maps to,2025-04-16,2099-12-31,
0,2000003937,Maps from,2025-04-16,2099-12-31,
2000003938,0,Maps to,2025-04-16,2099-12-31,
0,2000003938,Maps from,2025-04-16,2099-12-31,
2000003940,0,Maps to,2025-04-16,2099-12-31,
0,2000003940,Maps from,2025-04-16,2099-12-31,
2000003939,0,Maps to,2025-04-16,2099-12-31,
0,2000003939,Maps from,2025-04-16,2099-12-31,
2000000315,0,Maps to,2025-04-16,2099-12-31,
0,2000000315,Maps from,2025-04-16,2099-12-31,
2000003941,0,Maps to,2025-04-16,2099-12-31,
0,2000003941,Maps from,2025-04-16,2099-12-31,
2000003943,0,Maps to,2025-04-16,2099-12-31,
0,2000003943,Maps from,2025-04-16,2099-12-31,
2000003942,0,Maps to,2025-04-16,2099-12-31,
0,2000003942,Maps from,2025-04-16,2099-12-31,
2000003944,0,Maps to,2025-04-16,2099-12-31,
0,2000003944,Maps from,2025-04-16,2099-12-31,
2000003946,0,Maps to,2025-04-16,2099-12-31,
0,2000003946,Maps from,2025-04-16,2099-12-31,
2000003945,0,Maps to,2025-04-16,2099-12-31,
0,2000003945,Maps from,2025-04-16,2099-12-31,
2000003947,0,Maps to,2025-04-16,2099-12-31,
0,2000003947,Maps from,2025-04-16,2099-12-31,
2000003949,0,Maps to,2025-04-16,2099-12-31,
0,2000003949,Maps from,2025-04-16,2099-12-31,
2000003948,0,Maps to,2025-04-16,2099-12-31,
0,2000003948,Maps from,2025-04-16,2099-12-31,
2000003950,0,Maps to,2025-04-16,2099-12-31,
0,2000003950,Maps from,2025-04-16,2099-12-31,
2000003952,0,Maps to,2025-04-16,2099-12-31,
0,2000003952,Maps from,2025-04-16,2099-12-31,
2000003951,0,Maps to,2025-04-16,2099-12-31,
0,2000003951,Maps from,2025-04-16,2099-12-31,
2000003953,0,Maps to,2025-04-16,2099-12-31,
0,2000003953,Maps from,2025-04-16,2099-12-31,
2000003954,0,Maps to,2025-04-16,2099-12-31,
0,2000003954,Maps from,2025-04-16,2099-12-31,
2000003955,0,Maps to,2025-04-16,2099-12-31,
0,2000003955,Maps from,2025-04-16,2099-12-31,
2000003956,0,Maps to,2025-04-16,2099-12-31,
0,2000003956,Maps from,2025-04-16,2099-12-31,
2000003958,0,Maps to,2025-04-16,2099-12-31,
0,2000003958,Maps from,2025-04-16,2099-12-31,
2000003957,0,Maps to,2025-04-16,2099-12-31,
0,2000003957,Maps from,2025-04-16,2099-12-31,
2000003959,0,Maps to,2025-04-16,2099-12-31,
0,2000003959,Maps from,2025-04-16,2099-12-31,
2000000445,40789263,Maps to,2025-04-16,2099-12-31,
40789263,2000000445,Maps from,2025-04-16,2099-12-31,
2000003960,0,Maps to,2025-04-16,2099-12-31,
0,2000003960,Maps from,2025-04-16,2099-12-31,
2000003961,0,Maps to,2025-04-16,2099-12-31,
0,2000003961,Maps from,2025-04-16,2099-12-31,
2000003962,0,Maps to,2025-04-16,2099-12-31,
0,2000003962,Maps from,2025-04-16,2099-12-31,
2000003963,0,Maps to,2025-04-16,2099-12-31,
0,2000003963,Maps from,2025-04-16,2099-12-31,
2000003965,0,Maps to,2025-04-16,2099-12-31,
0,2000003965,Maps from,2025-04-16,2099-12-31,
2000003964,0,Maps to,2025-04-16,2099-12-31,
0,2000003964,Maps from,2025-04-16,2099-12-31,
2000003966,0,Maps to,2025-04-16,2099-12-31,
0,2000003966,Maps from,2025-04-16,2099-12-31,
2000003967,0,Maps to,2025-04-16,2099-12-31,
0,2000003967,Maps from,2025-04-16,2099-12-31,
2000003968,0,Maps to,2025-04-16,2099-12-31,
0,2000003968,Maps from,2025-04-16,2099-12-31,
2000003969,0,Maps to,2025-04-16,2099-12-31,
0,2000003969,Maps from,2025-04-16,2099-12-31,
2000003971,0,Maps to,2025-04-16,2099-12-31,
0,2000003971,Maps from,2025-04-16,2099-12-31,
2000003970,0,Maps to,2025-04-16,2099-12-31,
0,2000003970,Maps from,2025-04-16,2099-12-31,
2000003972,0,Maps to,2025-04-16,2099-12-31,
0,2000003972,Maps from,2025-04-16,2099-12-31,
2000003974,0,Maps to,2025-04-16,2099-12-31,
0,2000003974,Maps from,2025-04-16,2099-12-31,
2000003973,0,Maps to,2025-04-16,2099-12-31,
0,2000003973,Maps from,2025-04-16,2099-12-31,
2000003975,0,Maps to,2025-04-16,2099-12-31,
0,2000003975,Maps from,2025-04-16,2099-12-31,
2000003977,0,Maps to,2025-04-16,2099-12-31,
0,2000003977,Maps from,2025-04-16,2099-12-31,
2000003976,0,Maps to,2025-04-16,2099-12-31,
0,2000003976,Maps from,2025-04-16,2099-12-31,
2000003978,0,Maps to,2025-04-16,2099-12-31,
0,2000003978,Maps from,2025-04-16,2099-12-31,
2000003980,0,Maps to,2025-04-16,2099-12-31,
0,2000003980,Maps from,2025-04-16,2099-12-31,
2000003979,0,Maps to,2025-04-16,2099-12-31,
0,2000003979,Maps from,2025-04-16,2099-12-31,
2000003981,0,Maps to,2025-04-16,2099-12-31,
0,2000003981,Maps from,2025-04-16,2099-12-31,
2000003983,0,Maps to,2025-04-16,2099-12-31,
0,2000003983,Maps from,2025-04-16,2099-12-31,
2000003982,0,Maps to,2025-04-16,2099-12-31,
0,2000003982,Maps from,2025-04-16,2099-12-31,
2000003984,0,Maps to,2025-04-16,2099-12-31,
0,2000003984,Maps from,2025-04-16,2099-12-31,
2000003986,0,Maps to,2025-04-16,2099-12-31,
0,2000003986,Maps from,2025-04-16,2099-12-31,
2000003985,0,Maps to,2025-04-16,2099-12-31,
0,2000003985,Maps from,2025-04-16,2099-12-31,
2000003987,0,Maps to,2025-04-16,2099-12-31,
0,2000003987,Maps from,2025-04-16,2099-12-31,
2000003989,0,Maps to,2025-04-16,2099-12-31,
0,2000003989,Maps from,2025-04-16,2099-12-31,
2000003988,0,Maps to,2025-04-16,2099-12-31,
0,2000003988,Maps from,2025-04-16,2099-12-31,
2000000316,0,Maps to,2025-04-16,2099-12-31,
0,2000000316,Maps from,2025-04-16,2099-12-31,
2000003990,0,Maps to,2025-04-16,2099-12-31,
0,2000003990,Maps from,2025-04-16,2099-12-31,
2000003991,0,Maps to,2025-04-16,2099-12-31,
0,2000003991,Maps from,2025-04-16,2099-12-31,
2000003993,0,Maps to,2025-04-16,2099-12-31,
0,2000003993,Maps from,2025-04-16,2099-12-31,
2000003992,0,Maps to,2025-04-16,2099-12-31,
0,2000003992,Maps from,2025-04-16,2099-12-31,
2000003994,0,Maps to,2025-04-16,2099-12-31,
0,2000003994,Maps from,2025-04-16,2099-12-31,
2000003995,0,Maps to,2025-04-16,2099-12-31,
0,2000003995,Maps from,2025-04-16,2099-12-31,
2000001168,40786174,Maps to,2025-04-16,2099-12-31,
40786174,2000001168,Maps from,2025-04-16,2099-12-31,
2000000317,0,Maps to,2025-04-16,2099-12-31,
0,2000000317,Maps from,2025-04-16,2099-12-31,
2000003996,0,Maps to,2025-04-16,2099-12-31,
0,2000003996,Maps from,2025-04-16,2099-12-31,
2000003997,0,Maps to,2025-04-16,2099-12-31,
0,2000003997,Maps from,2025-04-16,2099-12-31,
2000003998,0,Maps to,2025-04-16,2099-12-31,
0,2000003998,Maps from,2025-04-16,2099-12-31,
2000003999,0,Maps to,2025-04-16,2099-12-31,
0,2000003999,Maps from,2025-04-16,2099-12-31,
2000004001,0,Maps to,2025-04-16,2099-12-31,
0,2000004001,Maps from,2025-04-16,2099-12-31,
2000004000,0,Maps to,2025-04-16,2099-12-31,
0,2000004000,Maps from,2025-04-16,2099-12-31,
2000000318,0,Maps to,2025-04-16,2099-12-31,
0,2000000318,Maps from,2025-04-16,2099-12-31,
2000004002,0,Maps to,2025-04-16,2099-12-31,
0,2000004002,Maps from,2025-04-16,2099-12-31,
2000004004,0,Maps to,2025-04-16,2099-12-31,
0,2000004004,Maps from,2025-04-16,2099-12-31,
2000004003,0,Maps to,2025-04-16,2099-12-31,
0,2000004003,Maps from,2025-04-16,2099-12-31,
2000004005,0,Maps to,2025-04-16,2099-12-31,
0,2000004005,Maps from,2025-04-16,2099-12-31,
2000004007,0,Maps to,2025-04-16,2099-12-31,
0,2000004007,Maps from,2025-04-16,2099-12-31,
2000004006,0,Maps to,2025-04-16,2099-12-31,
0,2000004006,Maps from,2025-04-16,2099-12-31,
2000004008,0,Maps to,2025-04-16,2099-12-31,
0,2000004008,Maps from,2025-04-16,2099-12-31,
2000004009,0,Maps to,2025-04-16,2099-12-31,
0,2000004009,Maps from,2025-04-16,2099-12-31,
2000004010,0,Maps to,2025-04-16,2099-12-31,
0,2000004010,Maps from,2025-04-16,2099-12-31,
2000004011,0,Maps to,2025-04-16,2099-12-31,
0,2000004011,Maps from,2025-04-16,2099-12-31,
2000004012,0,Maps to,2025-04-16,2099-12-31,
0,2000004012,Maps from,2025-04-16,2099-12-31,
2000004013,0,Maps to,2025-04-16,2099-12-31,
0,2000004013,Maps from,2025-04-16,2099-12-31,
2000004014,0,Maps to,2025-04-16,2099-12-31,
0,2000004014,Maps from,2025-04-16,2099-12-31,
2000004016,0,Maps to,2025-04-16,2099-12-31,
0,2000004016,Maps from,2025-04-16,2099-12-31,
2000004015,0,Maps to,2025-04-16,2099-12-31,
0,2000004015,Maps from,2025-04-16,2099-12-31,
2000004017,0,Maps to,2025-04-16,2099-12-31,
0,2000004017,Maps from,2025-04-16,2099-12-31,
2000004019,0,Maps to,2025-04-16,2099-12-31,
0,2000004019,Maps from,2025-04-16,2099-12-31,
2000004018,0,Maps to,2025-04-16,2099-12-31,
0,2000004018,Maps from,2025-04-16,2099-12-31,
2000004020,0,Maps to,2025-04-16,2099-12-31,
0,2000004020,Maps from,2025-04-16,2099-12-31,
2000004021,0,Maps to,2025-04-16,2099-12-31,
0,2000004021,Maps from,2025-04-16,2099-12-31,
2000004022,0,Maps to,2025-04-16,2099-12-31,
0,2000004022,Maps from,2025-04-16,2099-12-31,
2000004023,0,Maps to,2025-04-16,2099-12-31,
0,2000004023,Maps from,2025-04-16,2099-12-31,
2000004025,0,Maps to,2025-04-16,2099-12-31,
0,2000004025,Maps from,2025-04-16,2099-12-31,
2000004024,0,Maps to,2025-04-16,2099-12-31,
0,2000004024,Maps from,2025-04-16,2099-12-31,
2000004026,0,Maps to,2025-04-16,2099-12-31,
0,2000004026,Maps from,2025-04-16,2099-12-31,
2000004028,0,Maps to,2025-04-16,2099-12-31,
0,2000004028,Maps from,2025-04-16,2099-12-31,
2000004027,0,Maps to,2025-04-16,2099-12-31,
0,2000004027,Maps from,2025-04-16,2099-12-31,
2000004029,0,Maps to,2025-04-16,2099-12-31,
0,2000004029,Maps from,2025-04-16,2099-12-31,
2000004030,0,Maps to,2025-04-16,2099-12-31,
0,2000004030,Maps from,2025-04-16,2099-12-31,
2000004031,0,Maps to,2025-04-16,2099-12-31,
0,2000004031,Maps from,2025-04-16,2099-12-31,
2000004032,0,Maps to,2025-04-16,2099-12-31,
0,2000004032,Maps from,2025-04-16,2099-12-31,
2000004033,0,Maps to,2025-04-16,2099-12-31,
0,2000004033,Maps from,2025-04-16,2099-12-31,
2000004035,0,Maps to,2025-04-16,2099-12-31,
0,2000004035,Maps from,2025-04-16,2099-12-31,
2000004034,0,Maps to,2025-04-16,2099-12-31,
0,2000004034,Maps from,2025-04-16,2099-12-31,
2000004036,0,Maps to,2025-04-16,2099-12-31,
0,2000004036,Maps from,2025-04-16,2099-12-31,
2000004038,0,Maps to,2025-04-16,2099-12-31,
0,2000004038,Maps from,2025-04-16,2099-12-31,
2000004037,0,Maps to,2025-04-16,2099-12-31,
0,2000004037,Maps from,2025-04-16,2099-12-31,
2000004039,0,Maps to,2025-04-16,2099-12-31,
0,2000004039,Maps from,2025-04-16,2099-12-31,
2000004040,0,Maps to,2025-04-16,2099-12-31,
0,2000004040,Maps from,2025-04-16,2099-12-31,
2000004041,0,Maps to,2025-04-16,2099-12-31,
0,2000004041,Maps from,2025-04-16,2099-12-31,
2000004042,0,Maps to,2025-04-16,2099-12-31,
0,2000004042,Maps from,2025-04-16,2099-12-31,
2000004044,0,Maps to,2025-04-16,2099-12-31,
0,2000004044,Maps from,2025-04-16,2099-12-31,
2000004043,0,Maps to,2025-04-16,2099-12-31,
0,2000004043,Maps from,2025-04-16,2099-12-31,
2000004045,0,Maps to,2025-04-16,2099-12-31,
0,2000004045,Maps from,2025-04-16,2099-12-31,
2000004047,0,Maps to,2025-04-16,2099-12-31,
0,2000004047,Maps from,2025-04-16,2099-12-31,
2000004046,0,Maps to,2025-04-16,2099-12-31,
0,2000004046,Maps from,2025-04-16,2099-12-31,
2000000319,0,Maps to,2025-04-16,2099-12-31,
0,2000000319,Maps from,2025-04-16,2099-12-31,
2000004048,0,Maps to,2025-04-16,2099-12-31,
0,2000004048,Maps from,2025-04-16,2099-12-31,
2000004050,0,Maps to,2025-04-16,2099-12-31,
0,2000004050,Maps from,2025-04-16,2099-12-31,
2000004049,0,Maps to,2025-04-16,2099-12-31,
0,2000004049,Maps from,2025-04-16,2099-12-31,
2000004051,0,Maps to,2025-04-16,2099-12-31,
0,2000004051,Maps from,2025-04-16,2099-12-31,
2000004052,0,Maps to,2025-04-16,2099-12-31,
0,2000004052,Maps from,2025-04-16,2099-12-31,
2000004053,0,Maps to,2025-04-16,2099-12-31,
0,2000004053,Maps from,2025-04-16,2099-12-31,
2000004054,0,Maps to,2025-04-16,2099-12-31,
0,2000004054,Maps from,2025-04-16,2099-12-31,
2000004055,0,Maps to,2025-04-16,2099-12-31,
0,2000004055,Maps from,2025-04-16,2099-12-31,
2000004057,0,Maps to,2025-04-16,2099-12-31,
0,2000004057,Maps from,2025-04-16,2099-12-31,
2000000108,40775880,Maps to,2025-04-16,2099-12-31,
40775880,2000000108,Maps from,2025-04-16,2099-12-31,
2000004056,0,Maps to,2025-04-16,2099-12-31,
0,2000004056,Maps from,2025-04-16,2099-12-31,
2000004058,0,Maps to,2025-04-16,2099-12-31,
0,2000004058,Maps from,2025-04-16,2099-12-31,
2000004059,0,Maps to,2025-04-16,2099-12-31,
0,2000004059,Maps from,2025-04-16,2099-12-31,
2000004060,0,Maps to,2025-04-16,2099-12-31,
0,2000004060,Maps from,2025-04-16,2099-12-31,
2000004061,0,Maps to,2025-04-16,2099-12-31,
0,2000004061,Maps from,2025-04-16,2099-12-31,
2000004063,0,Maps to,2025-04-16,2099-12-31,
0,2000004063,Maps from,2025-04-16,2099-12-31,
2000004062,0,Maps to,2025-04-16,2099-12-31,
0,2000004062,Maps from,2025-04-16,2099-12-31,
2000004064,0,Maps to,2025-04-16,2099-12-31,
0,2000004064,Maps from,2025-04-16,2099-12-31,
2000004065,0,Maps to,2025-04-16,2099-12-31,
0,2000004065,Maps from,2025-04-16,2099-12-31,
2000004066,0,Maps to,2025-04-16,2099-12-31,
0,2000004066,Maps from,2025-04-16,2099-12-31,
2000004067,0,Maps to,2025-04-16,2099-12-31,
0,2000004067,Maps from,2025-04-16,2099-12-31,
2000000057,40792413,Maps to,2025-04-16,2099-12-31,
40792413,2000000057,Maps from,2025-04-16,2099-12-31,
2000004068,0,Maps to,2025-04-16,2099-12-31,
0,2000004068,Maps from,2025-04-16,2099-12-31,
2000000146,40785869,Maps to,2025-04-16,2099-12-31,
40785869,2000000146,Maps from,2025-04-16,2099-12-31,
2000001209,40792973,Maps to,2025-04-16,2099-12-31,
40792973,2000001209,Maps from,2025-04-16,2099-12-31,
2000004069,0,Maps to,2025-04-16,2099-12-31,
0,2000004069,Maps from,2025-04-16,2099-12-31,
2000000091,3968605,Maps to,2025-04-16,2099-12-31,
3968605,2000000091,Maps from,2025-04-16,2099-12-31,
2000004070,0,Maps to,2025-04-16,2099-12-31,
0,2000004070,Maps from,2025-04-16,2099-12-31,
2000004071,0,Maps to,2025-04-16,2099-12-31,
0,2000004071,Maps from,2025-04-16,2099-12-31,
2000004072,0,Maps to,2025-04-16,2099-12-31,
0,2000004072,Maps from,2025-04-16,2099-12-31,
2000004074,0,Maps to,2025-04-16,2099-12-31,
0,2000004074,Maps from,2025-04-16,2099-12-31,
2000000320,0,Maps to,2025-04-16,2099-12-31,
0,2000000320,Maps from,2025-04-16,2099-12-31,
2000004073,0,Maps to,2025-04-16,2099-12-31,
0,2000004073,Maps from,2025-04-16,2099-12-31,
2000004075,0,Maps to,2025-04-16,2099-12-31,
0,2000004075,Maps from,2025-04-16,2099-12-31,
2000000060,40782562,Maps to,2025-04-16,2099-12-31,
40782562,2000000060,Maps from,2025-04-16,2099-12-31,
2000004076,0,Maps to,2025-04-16,2099-12-31,
0,2000004076,Maps from,2025-04-16,2099-12-31,
2000004078,0,Maps to,2025-04-16,2099-12-31,
0,2000004078,Maps from,2025-04-16,2099-12-31,
2000004077,0,Maps to,2025-04-16,2099-12-31,
0,2000004077,Maps from,2025-04-16,2099-12-31,
2000004079,0,Maps to,2025-04-16,2099-12-31,
0,2000004079,Maps from,2025-04-16,2099-12-31,
2000004080,0,Maps to,2025-04-16,2099-12-31,
0,2000004080,Maps from,2025-04-16,2099-12-31,
2000004081,0,Maps to,2025-04-16,2099-12-31,
0,2000004081,Maps from,2025-04-16,2099-12-31,
2000004082,0,Maps to,2025-04-16,2099-12-31,
0,2000004082,Maps from,2025-04-16,2099-12-31,
2000004083,0,Maps to,2025-04-16,2099-12-31,
0,2000004083,Maps from,2025-04-16,2099-12-31,
2000004084,0,Maps to,2025-04-16,2099-12-31,
0,2000004084,Maps from,2025-04-16,2099-12-31,
2000004085,0,Maps to,2025-04-16,2099-12-31,
0,2000004085,Maps from,2025-04-16,2099-12-31,
2000004086,0,Maps to,2025-04-16,2099-12-31,
0,2000004086,Maps from,2025-04-16,2099-12-31,
2000004087,0,Maps to,2025-04-16,2099-12-31,
0,2000004087,Maps from,2025-04-16,2099-12-31,
2000004088,0,Maps to,2025-04-16,2099-12-31,
0,2000004088,Maps from,2025-04-16,2099-12-31,
2000004089,0,Maps to,2025-04-16,2099-12-31,
0,2000004089,Maps from,2025-04-16,2099-12-31,
2000004090,0,Maps to,2025-04-16,2099-12-31,
0,2000004090,Maps from,2025-04-16,2099-12-31,
2000004091,0,Maps to,2025-04-16,2099-12-31,
0,2000004091,Maps from,2025-04-16,2099-12-31,
2000004093,0,Maps to,2025-04-16,2099-12-31,
0,2000004093,Maps from,2025-04-16,2099-12-31,
2000004092,0,Maps to,2025-04-16,2099-12-31,
0,2000004092,Maps from,2025-04-16,2099-12-31,
2000004094,0,Maps to,2025-04-16,2099-12-31,
0,2000004094,Maps from,2025-04-16,2099-12-31,
2000004095,0,Maps to,2025-04-16,2099-12-31,
0,2000004095,Maps from,2025-04-16,2099-12-31,
2000004096,0,Maps to,2025-04-16,2099-12-31,
0,2000004096,Maps from,2025-04-16,2099-12-31,
2000004097,0,Maps to,2025-04-16,2099-12-31,
0,2000004097,Maps from,2025-04-16,2099-12-31,
2000004098,0,Maps to,2025-04-16,2099-12-31,
0,2000004098,Maps from,2025-04-16,2099-12-31,
2000004099,0,Maps to,2025-04-16,2099-12-31,
0,2000004099,Maps from,2025-04-16,2099-12-31,
2000001151,40772619,Maps to,2025-04-16,2099-12-31,
40772619,2000001151,Maps from,2025-04-16,2099-12-31,
2000004100,0,Maps to,2025-04-16,2099-12-31,
0,2000004100,Maps from,2025-04-16,2099-12-31,
2000004101,0,Maps to,2025-04-16,2099-12-31,
0,2000004101,Maps from,2025-04-16,2099-12-31,
2000004102,0,Maps to,2025-04-16,2099-12-31,
0,2000004102,Maps from,2025-04-16,2099-12-31,
2000004103,0,Maps to,2025-04-16,2099-12-31,
0,2000004103,Maps from,2025-04-16,2099-12-31,
2000004104,0,Maps to,2025-04-16,2099-12-31,
0,2000004104,Maps from,2025-04-16,2099-12-31,
2000004105,0,Maps to,2025-04-16,2099-12-31,
0,2000004105,Maps from,2025-04-16,2099-12-31,
2000004106,0,Maps to,2025-04-16,2099-12-31,
0,2000004106,Maps from,2025-04-16,2099-12-31,
2000004107,0,Maps to,2025-04-16,2099-12-31,
0,2000004107,Maps from,2025-04-16,2099-12-31,
2000001169,40786174,Maps to,2025-04-16,2099-12-31,
40786174,2000001169,Maps from,2025-04-16,2099-12-31,
2000004108,0,Maps to,2025-04-16,2099-12-31,
0,2000004108,Maps from,2025-04-16,2099-12-31,
2000004109,0,Maps to,2025-04-16,2099-12-31,
0,2000004109,Maps from,2025-04-16,2099-12-31,
2000000321,0,Maps to,2025-04-16,2099-12-31,
0,2000000321,Maps from,2025-04-16,2099-12-31,
2000004110,0,Maps to,2025-04-16,2099-12-31,
0,2000004110,Maps from,2025-04-16,2099-12-31,
2000004112,0,Maps to,2025-04-16,2099-12-31,
0,2000004112,Maps from,2025-04-16,2099-12-31,
2000004111,0,Maps to,2025-04-16,2099-12-31,
0,2000004111,Maps from,2025-04-16,2099-12-31,
2000004113,0,Maps to,2025-04-16,2099-12-31,
0,2000004113,Maps from,2025-04-16,2099-12-31,
2000004114,0,Maps to,2025-04-16,2099-12-31,
0,2000004114,Maps from,2025-04-16,2099-12-31,
2000004115,0,Maps to,2025-04-16,2099-12-31,
0,2000004115,Maps from,2025-04-16,2099-12-31,
2000004116,0,Maps to,2025-04-16,2099-12-31,
0,2000004116,Maps from,2025-04-16,2099-12-31,
2000004117,0,Maps to,2025-04-16,2099-12-31,
0,2000004117,Maps from,2025-04-16,2099-12-31,
2000004119,0,Maps to,2025-04-16,2099-12-31,
0,2000004119,Maps from,2025-04-16,2099-12-31,
2000004118,0,Maps to,2025-04-16,2099-12-31,
0,2000004118,Maps from,2025-04-16,2099-12-31,
2000004120,0,Maps to,2025-04-16,2099-12-31,
0,2000004120,Maps from,2025-04-16,2099-12-31,
2000004121,0,Maps to,2025-04-16,2099-12-31,
0,2000004121,Maps from,2025-04-16,2099-12-31,
2000004122,0,Maps to,2025-04-16,2099-12-31,
0,2000004122,Maps from,2025-04-16,2099-12-31,
2000004123,0,Maps to,2025-04-16,2099-12-31,
0,2000004123,Maps from,2025-04-16,2099-12-31,
2000004125,0,Maps to,2025-04-16,2099-12-31,
0,2000004125,Maps from,2025-04-16,2099-12-31,
2000004124,0,Maps to,2025-04-16,2099-12-31,
0,2000004124,Maps from,2025-04-16,2099-12-31,
2000004126,0,Maps to,2025-04-16,2099-12-31,
0,2000004126,Maps from,2025-04-16,2099-12-31,
2000004127,0,Maps to,2025-04-16,2099-12-31,
0,2000004127,Maps from,2025-04-16,2099-12-31,
2000004128,0,Maps to,2025-04-16,2099-12-31,
0,2000004128,Maps from,2025-04-16,2099-12-31,
2000004129,0,Maps to,2025-04-16,2099-12-31,
0,2000004129,Maps from,2025-04-16,2099-12-31,
2000004130,0,Maps to,2025-04-16,2099-12-31,
0,2000004130,Maps from,2025-04-16,2099-12-31,
2000004132,0,Maps to,2025-04-16,2099-12-31,
0,2000004132,Maps from,2025-04-16,2099-12-31,
2000004131,0,Maps to,2025-04-16,2099-12-31,
0,2000004131,Maps from,2025-04-16,2099-12-31,
2000004133,0,Maps to,2025-04-16,2099-12-31,
0,2000004133,Maps from,2025-04-16,2099-12-31,
2000004135,0,Maps to,2025-04-16,2099-12-31,
0,2000004135,Maps from,2025-04-16,2099-12-31,
2000004134,0,Maps to,2025-04-16,2099-12-31,
0,2000004134,Maps from,2025-04-16,2099-12-31,
2000004136,0,Maps to,2025-04-16,2099-12-31,
0,2000004136,Maps from,2025-04-16,2099-12-31,
2000000322,0,Maps to,2025-04-16,2099-12-31,
0,2000000322,Maps from,2025-04-16,2099-12-31,
2000004137,0,Maps to,2025-04-16,2099-12-31,
0,2000004137,Maps from,2025-04-16,2099-12-31,
2000004139,0,Maps to,2025-04-16,2099-12-31,
0,2000004139,Maps from,2025-04-16,2099-12-31,
2000004138,0,Maps to,2025-04-16,2099-12-31,
0,2000004138,Maps from,2025-04-16,2099-12-31,
2000004140,0,Maps to,2025-04-16,2099-12-31,
0,2000004140,Maps from,2025-04-16,2099-12-31,
2000004141,0,Maps to,2025-04-16,2099-12-31,
0,2000004141,Maps from,2025-04-16,2099-12-31,
2000004142,0,Maps to,2025-04-16,2099-12-31,
0,2000004142,Maps from,2025-04-16,2099-12-31,
2000000323,0,Maps to,2025-04-16,2099-12-31,
0,2000000323,Maps from,2025-04-16,2099-12-31,
2000004143,0,Maps to,2025-04-16,2099-12-31,
0,2000004143,Maps from,2025-04-16,2099-12-31,
2000004144,0,Maps to,2025-04-16,2099-12-31,
0,2000004144,Maps from,2025-04-16,2099-12-31,
2000004146,0,Maps to,2025-04-16,2099-12-31,
0,2000004146,Maps from,2025-04-16,2099-12-31,
2000004145,0,Maps to,2025-04-16,2099-12-31,
0,2000004145,Maps from,2025-04-16,2099-12-31,
2000004147,0,Maps to,2025-04-16,2099-12-31,
0,2000004147,Maps from,2025-04-16,2099-12-31,
2000004148,0,Maps to,2025-04-16,2099-12-31,
0,2000004148,Maps from,2025-04-16,2099-12-31,
2000004149,0,Maps to,2025-04-16,2099-12-31,
0,2000004149,Maps from,2025-04-16,2099-12-31,
2000004150,0,Maps to,2025-04-16,2099-12-31,
0,2000004150,Maps from,2025-04-16,2099-12-31,
2000000324,0,Maps to,2025-04-16,2099-12-31,
0,2000000324,Maps from,2025-04-16,2099-12-31,
2000004151,0,Maps to,2025-04-16,2099-12-31,
0,2000004151,Maps from,2025-04-16,2099-12-31,
2000004152,0,Maps to,2025-04-16,2099-12-31,
0,2000004152,Maps from,2025-04-16,2099-12-31,
2000004153,0,Maps to,2025-04-16,2099-12-31,
0,2000004153,Maps from,2025-04-16,2099-12-31,
2000004154,0,Maps to,2025-04-16,2099-12-31,
0,2000004154,Maps from,2025-04-16,2099-12-31,
2000004155,0,Maps to,2025-04-16,2099-12-31,
0,2000004155,Maps from,2025-04-16,2099-12-31,
2000004156,0,Maps to,2025-04-16,2099-12-31,
0,2000004156,Maps from,2025-04-16,2099-12-31,
2000004157,0,Maps to,2025-04-16,2099-12-31,
0,2000004157,Maps from,2025-04-16,2099-12-31,
2000000325,0,Maps to,2025-04-16,2099-12-31,
0,2000000325,Maps from,2025-04-16,2099-12-31,
2000004158,0,Maps to,2025-04-16,2099-12-31,
0,2000004158,Maps from,2025-04-16,2099-12-31,
2000004159,0,Maps to,2025-04-16,2099-12-31,
0,2000004159,Maps from,2025-04-16,2099-12-31,
2000004160,0,Maps to,2025-04-16,2099-12-31,
0,2000004160,Maps from,2025-04-16,2099-12-31,
2000000326,0,Maps to,2025-04-16,2099-12-31,
0,2000000326,Maps from,2025-04-16,2099-12-31,
2000004161,0,Maps to,2025-04-16,2099-12-31,
0,2000004161,Maps from,2025-04-16,2099-12-31,
2000004162,0,Maps to,2025-04-16,2099-12-31,
0,2000004162,Maps from,2025-04-16,2099-12-31,
2000004163,0,Maps to,2025-04-16,2099-12-31,
0,2000004163,Maps from,2025-04-16,2099-12-31,
2000004164,0,Maps to,2025-04-16,2099-12-31,
0,2000004164,Maps from,2025-04-16,2099-12-31,
2000004165,0,Maps to,2025-04-16,2099-12-31,
0,2000004165,Maps from,2025-04-16,2099-12-31,
2000004167,0,Maps to,2025-04-16,2099-12-31,
0,2000004167,Maps from,2025-04-16,2099-12-31,
2000004166,0,Maps to,2025-04-16,2099-12-31,
0,2000004166,Maps from,2025-04-16,2099-12-31,
2000004168,0,Maps to,2025-04-16,2099-12-31,
0,2000004168,Maps from,2025-04-16,2099-12-31,
2000004169,0,Maps to,2025-04-16,2099-12-31,
0,2000004169,Maps from,2025-04-16,2099-12-31,
2000004170,0,Maps to,2025-04-16,2099-12-31,
0,2000004170,Maps from,2025-04-16,2099-12-31,
2000004171,0,Maps to,2025-04-16,2099-12-31,
0,2000004171,Maps from,2025-04-16,2099-12-31,
2000004172,0,Maps to,2025-04-16,2099-12-31,
0,2000004172,Maps from,2025-04-16,2099-12-31,
2000004173,0,Maps to,2025-04-16,2099-12-31,
0,2000004173,Maps from,2025-04-16,2099-12-31,
2000004174,0,Maps to,2025-04-16,2099-12-31,
0,2000004174,Maps from,2025-04-16,2099-12-31,
2000004175,0,Maps to,2025-04-16,2099-12-31,
0,2000004175,Maps from,2025-04-16,2099-12-31,
2000004176,0,Maps to,2025-04-16,2099-12-31,
0,2000004176,Maps from,2025-04-16,2099-12-31,
2000000327,0,Maps to,2025-04-16,2099-12-31,
0,2000000327,Maps from,2025-04-16,2099-12-31,
2000000328,0,Maps to,2025-04-16,2099-12-31,
0,2000000328,Maps from,2025-04-16,2099-12-31,
2000004177,0,Maps to,2025-04-16,2099-12-31,
0,2000004177,Maps from,2025-04-16,2099-12-31,
2000004178,0,Maps to,2025-04-16,2099-12-31,
0,2000004178,Maps from,2025-04-16,2099-12-31,
2000004179,0,Maps to,2025-04-16,2099-12-31,
0,2000004179,Maps from,2025-04-16,2099-12-31,
2000004181,0,Maps to,2025-04-16,2099-12-31,
0,2000004181,Maps from,2025-04-16,2099-12-31,
2000004180,0,Maps to,2025-04-16,2099-12-31,
0,2000004180,Maps from,2025-04-16,2099-12-31,
2000004182,0,Maps to,2025-04-16,2099-12-31,
0,2000004182,Maps from,2025-04-16,2099-12-31,
2000004183,0,Maps to,2025-04-16,2099-12-31,
0,2000004183,Maps from,2025-04-16,2099-12-31,
2000004185,0,Maps to,2025-04-16,2099-12-31,
0,2000004185,Maps from,2025-04-16,2099-12-31,
2000004184,0,Maps to,2025-04-16,2099-12-31,
0,2000004184,Maps from,2025-04-16,2099-12-31,
2000004186,0,Maps to,2025-04-16,2099-12-31,
0,2000004186,Maps from,2025-04-16,2099-12-31,
2000004188,0,Maps to,2025-04-16,2099-12-31,
0,2000004188,Maps from,2025-04-16,2099-12-31,
2000004187,0,Maps to,2025-04-16,2099-12-31,
0,2000004187,Maps from,2025-04-16,2099-12-31,
2000004189,0,Maps to,2025-04-16,2099-12-31,
0,2000004189,Maps from,2025-04-16,2099-12-31,
2000004191,0,Maps to,2025-04-16,2099-12-31,
0,2000004191,Maps from,2025-04-16,2099-12-31,
2000004190,0,Maps to,2025-04-16,2099-12-31,
0,2000004190,Maps from,2025-04-16,2099-12-31,
2000004192,0,Maps to,2025-04-16,2099-12-31,
0,2000004192,Maps from,2025-04-16,2099-12-31,
2000004193,0,Maps to,2025-04-16,2099-12-31,
0,2000004193,Maps from,2025-04-16,2099-12-31,
2000004194,0,Maps to,2025-04-16,2099-12-31,
0,2000004194,Maps from,2025-04-16,2099-12-31,
2000004195,0,Maps to,2025-04-16,2099-12-31,
0,2000004195,Maps from,2025-04-16,2099-12-31,
2000004196,0,Maps to,2025-04-16,2099-12-31,
0,2000004196,Maps from,2025-04-16,2099-12-31,
2000004197,0,Maps to,2025-04-16,2099-12-31,
0,2000004197,Maps from,2025-04-16,2099-12-31,
2000004198,0,Maps to,2025-04-16,2099-12-31,
0,2000004198,Maps from,2025-04-16,2099-12-31,
2000004199,0,Maps to,2025-04-16,2099-12-31,
0,2000004199,Maps from,2025-04-16,2099-12-31,
2000004200,0,Maps to,2025-04-16,2099-12-31,
0,2000004200,Maps from,2025-04-16,2099-12-31,
2000004201,0,Maps to,2025-04-16,2099-12-31,
0,2000004201,Maps from,2025-04-16,2099-12-31,
2000004202,0,Maps to,2025-04-16,2099-12-31,
0,2000004202,Maps from,2025-04-16,2099-12-31,
2000004203,0,Maps to,2025-04-16,2099-12-31,
0,2000004203,Maps from,2025-04-16,2099-12-31,
2000004204,0,Maps to,2025-04-16,2099-12-31,
0,2000004204,Maps from,2025-04-16,2099-12-31,
2000004205,0,Maps to,2025-04-16,2099-12-31,
0,2000004205,Maps from,2025-04-16,2099-12-31,
2000004206,0,Maps to,2025-04-16,2099-12-31,
0,2000004206,Maps from,2025-04-16,2099-12-31,
2000004207,0,Maps to,2025-04-16,2099-12-31,
0,2000004207,Maps from,2025-04-16,2099-12-31,
2000004208,0,Maps to,2025-04-16,2099-12-31,
0,2000004208,Maps from,2025-04-16,2099-12-31,
2000004209,0,Maps to,2025-04-16,2099-12-31,
0,2000004209,Maps from,2025-04-16,2099-12-31,
2000004211,0,Maps to,2025-04-16,2099-12-31,
0,2000004211,Maps from,2025-04-16,2099-12-31,
2000004210,0,Maps to,2025-04-16,2099-12-31,
0,2000004210,Maps from,2025-04-16,2099-12-31,
2000004212,0,Maps to,2025-04-16,2099-12-31,
0,2000004212,Maps from,2025-04-16,2099-12-31,
2000000329,0,Maps to,2025-04-16,2099-12-31,
0,2000000329,Maps from,2025-04-16,2099-12-31,
2000000330,0,Maps to,2025-04-16,2099-12-31,
0,2000000330,Maps from,2025-04-16,2099-12-31,
2000004213,0,Maps to,2025-04-16,2099-12-31,
0,2000004213,Maps from,2025-04-16,2099-12-31,
2000004214,0,Maps to,2025-04-16,2099-12-31,
0,2000004214,Maps from,2025-04-16,2099-12-31,
2000004215,0,Maps to,2025-04-16,2099-12-31,
0,2000004215,Maps from,2025-04-16,2099-12-31,
2000004216,0,Maps to,2025-04-16,2099-12-31,
0,2000004216,Maps from,2025-04-16,2099-12-31,
2000004218,0,Maps to,2025-04-16,2099-12-31,
0,2000004218,Maps from,2025-04-16,2099-12-31,
2000004217,0,Maps to,2025-04-16,2099-12-31,
0,2000004217,Maps from,2025-04-16,2099-12-31,
2000004219,0,Maps to,2025-04-16,2099-12-31,
0,2000004219,Maps from,2025-04-16,2099-12-31,
2000000331,0,Maps to,2025-04-16,2099-12-31,
0,2000000331,Maps from,2025-04-16,2099-12-31,
2000004220,0,Maps to,2025-04-16,2099-12-31,
0,2000004220,Maps from,2025-04-16,2099-12-31,
2000000332,0,Maps to,2025-04-16,2099-12-31,
0,2000000332,Maps from,2025-04-16,2099-12-31,
2000004221,0,Maps to,2025-04-16,2099-12-31,
0,2000004221,Maps from,2025-04-16,2099-12-31,
2000004222,0,Maps to,2025-04-16,2099-12-31,
0,2000004222,Maps from,2025-04-16,2099-12-31,
2000004223,0,Maps to,2025-04-16,2099-12-31,
0,2000004223,Maps from,2025-04-16,2099-12-31,
2000004224,0,Maps to,2025-04-16,2099-12-31,
0,2000004224,Maps from,2025-04-16,2099-12-31,
2000004225,0,Maps to,2025-04-16,2099-12-31,
0,2000004225,Maps from,2025-04-16,2099-12-31,
2000004226,0,Maps to,2025-04-16,2099-12-31,
0,2000004226,Maps from,2025-04-16,2099-12-31,
2000004227,0,Maps to,2025-04-16,2099-12-31,
0,2000004227,Maps from,2025-04-16,2099-12-31,
2000004228,0,Maps to,2025-04-16,2099-12-31,
0,2000004228,Maps from,2025-04-16,2099-12-31,
2000004229,0,Maps to,2025-04-16,2099-12-31,
0,2000004229,Maps from,2025-04-16,2099-12-31,
2000004230,0,Maps to,2025-04-16,2099-12-31,
0,2000004230,Maps from,2025-04-16,2099-12-31,
2000004231,0,Maps to,2025-04-16,2099-12-31,
0,2000004231,Maps from,2025-04-16,2099-12-31,
2000004232,0,Maps to,2025-04-16,2099-12-31,
0,2000004232,Maps from,2025-04-16,2099-12-31,
2000004233,0,Maps to,2025-04-16,2099-12-31,
0,2000004233,Maps from,2025-04-16,2099-12-31,
2000004234,0,Maps to,2025-04-16,2099-12-31,
0,2000004234,Maps from,2025-04-16,2099-12-31,
2000000333,0,Maps to,2025-04-16,2099-12-31,
0,2000000333,Maps from,2025-04-16,2099-12-31,
2000004235,0,Maps to,2025-04-16,2099-12-31,
0,2000004235,Maps from,2025-04-16,2099-12-31,
2000004236,0,Maps to,2025-04-16,2099-12-31,
0,2000004236,Maps from,2025-04-16,2099-12-31,
2000004237,0,Maps to,2025-04-16,2099-12-31,
0,2000004237,Maps from,2025-04-16,2099-12-31,
2000004239,0,Maps to,2025-04-16,2099-12-31,
0,2000004239,Maps from,2025-04-16,2099-12-31,
2000004238,0,Maps to,2025-04-16,2099-12-31,
0,2000004238,Maps from,2025-04-16,2099-12-31,
2000004240,0,Maps to,2025-04-16,2099-12-31,
0,2000004240,Maps from,2025-04-16,2099-12-31,
2000004241,0,Maps to,2025-04-16,2099-12-31,
0,2000004241,Maps from,2025-04-16,2099-12-31,
2000004242,0,Maps to,2025-04-16,2099-12-31,
0,2000004242,Maps from,2025-04-16,2099-12-31,
2000004243,0,Maps to,2025-04-16,2099-12-31,
0,2000004243,Maps from,2025-04-16,2099-12-31,
2000004244,0,Maps to,2025-04-16,2099-12-31,
0,2000004244,Maps from,2025-04-16,2099-12-31,
2000004246,0,Maps to,2025-04-16,2099-12-31,
0,2000004246,Maps from,2025-04-16,2099-12-31,
2000004245,0,Maps to,2025-04-16,2099-12-31,
0,2000004245,Maps from,2025-04-16,2099-12-31,
2000004247,0,Maps to,2025-04-16,2099-12-31,
0,2000004247,Maps from,2025-04-16,2099-12-31,
2000004249,0,Maps to,2025-04-16,2099-12-31,
0,2000004249,Maps from,2025-04-16,2099-12-31,
2000004248,0,Maps to,2025-04-16,2099-12-31,
0,2000004248,Maps from,2025-04-16,2099-12-31,
2000004250,0,Maps to,2025-04-16,2099-12-31,
0,2000004250,Maps from,2025-04-16,2099-12-31,
2000004251,0,Maps to,2025-04-16,2099-12-31,
0,2000004251,Maps from,2025-04-16,2099-12-31,
2000004252,0,Maps to,2025-04-16,2099-12-31,
0,2000004252,Maps from,2025-04-16,2099-12-31,
2000004253,0,Maps to,2025-04-16,2099-12-31,
0,2000004253,Maps from,2025-04-16,2099-12-31,
2000004254,0,Maps to,2025-04-16,2099-12-31,
0,2000004254,Maps from,2025-04-16,2099-12-31,
2000004256,0,Maps to,2025-04-16,2099-12-31,
0,2000004256,Maps from,2025-04-16,2099-12-31,
2000004255,0,Maps to,2025-04-16,2099-12-31,
0,2000004255,Maps from,2025-04-16,2099-12-31,
2000004257,0,Maps to,2025-04-16,2099-12-31,
0,2000004257,Maps from,2025-04-16,2099-12-31,
2000004258,0,Maps to,2025-04-16,2099-12-31,
0,2000004258,Maps from,2025-04-16,2099-12-31,
2000004259,0,Maps to,2025-04-16,2099-12-31,
0,2000004259,Maps from,2025-04-16,2099-12-31,
2000004260,0,Maps to,2025-04-16,2099-12-31,
0,2000004260,Maps from,2025-04-16,2099-12-31,
2000004261,0,Maps to,2025-04-16,2099-12-31,
0,2000004261,Maps from,2025-04-16,2099-12-31,
2000004262,0,Maps to,2025-04-16,2099-12-31,
0,2000004262,Maps from,2025-04-16,2099-12-31,
2000004263,0,Maps to,2025-04-16,2099-12-31,
0,2000004263,Maps from,2025-04-16,2099-12-31,
2000004264,0,Maps to,2025-04-16,2099-12-31,
0,2000004264,Maps from,2025-04-16,2099-12-31,
2000004265,0,Maps to,2025-04-16,2099-12-31,
0,2000004265,Maps from,2025-04-16,2099-12-31,
2000004266,0,Maps to,2025-04-16,2099-12-31,
0,2000004266,Maps from,2025-04-16,2099-12-31,
2000004267,0,Maps to,2025-04-16,2099-12-31,
0,2000004267,Maps from,2025-04-16,2099-12-31,
2000004269,0,Maps to,2025-04-16,2099-12-31,
0,2000004269,Maps from,2025-04-16,2099-12-31,
2000004268,0,Maps to,2025-04-16,2099-12-31,
0,2000004268,Maps from,2025-04-16,2099-12-31,
2000004270,0,Maps to,2025-04-16,2099-12-31,
0,2000004270,Maps from,2025-04-16,2099-12-31,
2000004272,0,Maps to,2025-04-16,2099-12-31,
0,2000004272,Maps from,2025-04-16,2099-12-31,
2000004271,0,Maps to,2025-04-16,2099-12-31,
0,2000004271,Maps from,2025-04-16,2099-12-31,
2000004273,0,Maps to,2025-04-16,2099-12-31,
0,2000004273,Maps from,2025-04-16,2099-12-31,
2000004275,0,Maps to,2025-04-16,2099-12-31,
0,2000004275,Maps from,2025-04-16,2099-12-31,
2000004274,0,Maps to,2025-04-16,2099-12-31,
0,2000004274,Maps from,2025-04-16,2099-12-31,
2000004276,0,Maps to,2025-04-16,2099-12-31,
0,2000004276,Maps from,2025-04-16,2099-12-31,
2000004277,0,Maps to,2025-04-16,2099-12-31,
0,2000004277,Maps from,2025-04-16,2099-12-31,
2000004279,0,Maps to,2025-04-16,2099-12-31,
0,2000004279,Maps from,2025-04-16,2099-12-31,
2000004278,0,Maps to,2025-04-16,2099-12-31,
0,2000004278,Maps from,2025-04-16,2099-12-31,
2000000334,0,Maps to,2025-04-16,2099-12-31,
0,2000000334,Maps from,2025-04-16,2099-12-31,
2000004280,0,Maps to,2025-04-16,2099-12-31,
0,2000004280,Maps from,2025-04-16,2099-12-31,
2000004281,0,Maps to,2025-04-16,2099-12-31,
0,2000004281,Maps from,2025-04-16,2099-12-31,
2000004282,0,Maps to,2025-04-16,2099-12-31,
0,2000004282,Maps from,2025-04-16,2099-12-31,
2000004284,0,Maps to,2025-04-16,2099-12-31,
0,2000004284,Maps from,2025-04-16,2099-12-31,
2000004283,0,Maps to,2025-04-16,2099-12-31,
0,2000004283,Maps from,2025-04-16,2099-12-31,
2000000133,1013450,Maps to,2025-04-16,2099-12-31,
1013450,2000000133,Maps from,2025-04-16,2099-12-31,
2000004285,0,Maps to,2025-04-16,2099-12-31,
0,2000004285,Maps from,2025-04-16,2099-12-31,
2000004286,0,Maps to,2025-04-16,2099-12-31,
0,2000004286,Maps from,2025-04-16,2099-12-31,
2000004287,0,Maps to,2025-04-16,2099-12-31,
0,2000004287,Maps from,2025-04-16,2099-12-31,
2000004288,0,Maps to,2025-04-16,2099-12-31,
0,2000004288,Maps from,2025-04-16,2099-12-31,
2000004290,0,Maps to,2025-04-16,2099-12-31,
0,2000004290,Maps from,2025-04-16,2099-12-31,
2000004289,0,Maps to,2025-04-16,2099-12-31,
0,2000004289,Maps from,2025-04-16,2099-12-31,
2000000335,0,Maps to,2025-04-16,2099-12-31,
0,2000000335,Maps from,2025-04-16,2099-12-31,
2000004291,0,Maps to,2025-04-16,2099-12-31,
0,2000004291,Maps from,2025-04-16,2099-12-31,
2000004292,0,Maps to,2025-04-16,2099-12-31,
0,2000004292,Maps from,2025-04-16,2099-12-31,
2000004294,0,Maps to,2025-04-16,2099-12-31,
0,2000004294,Maps from,2025-04-16,2099-12-31,
2000004293,0,Maps to,2025-04-16,2099-12-31,
0,2000004293,Maps from,2025-04-16,2099-12-31,
2000004295,0,Maps to,2025-04-16,2099-12-31,
0,2000004295,Maps from,2025-04-16,2099-12-31,
2000004296,0,Maps to,2025-04-16,2099-12-31,
0,2000004296,Maps from,2025-04-16,2099-12-31,
2000004297,0,Maps to,2025-04-16,2099-12-31,
0,2000004297,Maps from,2025-04-16,2099-12-31,
2000004298,0,Maps to,2025-04-16,2099-12-31,
0,2000004298,Maps from,2025-04-16,2099-12-31,
2000004299,0,Maps to,2025-04-16,2099-12-31,
0,2000004299,Maps from,2025-04-16,2099-12-31,
2000004300,0,Maps to,2025-04-16,2099-12-31,
0,2000004300,Maps from,2025-04-16,2099-12-31,
2000004301,0,Maps to,2025-04-16,2099-12-31,
0,2000004301,Maps from,2025-04-16,2099-12-31,
2000004302,0,Maps to,2025-04-16,2099-12-31,
0,2000004302,Maps from,2025-04-16,2099-12-31,
2000004303,0,Maps to,2025-04-16,2099-12-31,
0,2000004303,Maps from,2025-04-16,2099-12-31,
2000004304,0,Maps to,2025-04-16,2099-12-31,
0,2000004304,Maps from,2025-04-16,2099-12-31,
2000004305,0,Maps to,2025-04-16,2099-12-31,
0,2000004305,Maps from,2025-04-16,2099-12-31,
2000004306,0,Maps to,2025-04-16,2099-12-31,
0,2000004306,Maps from,2025-04-16,2099-12-31,
2000004307,0,Maps to,2025-04-16,2099-12-31,
0,2000004307,Maps from,2025-04-16,2099-12-31,
2000004308,0,Maps to,2025-04-16,2099-12-31,
0,2000004308,Maps from,2025-04-16,2099-12-31,
2000004309,0,Maps to,2025-04-16,2099-12-31,
0,2000004309,Maps from,2025-04-16,2099-12-31,
2000004310,0,Maps to,2025-04-16,2099-12-31,
0,2000004310,Maps from,2025-04-16,2099-12-31,
2000004311,0,Maps to,2025-04-16,2099-12-31,
0,2000004311,Maps from,2025-04-16,2099-12-31,
2000000336,0,Maps to,2025-04-16,2099-12-31,
0,2000000336,Maps from,2025-04-16,2099-12-31,
2000004313,0,Maps to,2025-04-16,2099-12-31,
0,2000004313,Maps from,2025-04-16,2099-12-31,
2000000337,0,Maps to,2025-04-16,2099-12-31,
0,2000000337,Maps from,2025-04-16,2099-12-31,
2000004312,0,Maps to,2025-04-16,2099-12-31,
0,2000004312,Maps from,2025-04-16,2099-12-31,
2000004314,0,Maps to,2025-04-16,2099-12-31,
0,2000004314,Maps from,2025-04-16,2099-12-31,
2000004316,0,Maps to,2025-04-16,2099-12-31,
0,2000004316,Maps from,2025-04-16,2099-12-31,
2000004315,0,Maps to,2025-04-16,2099-12-31,
0,2000004315,Maps from,2025-04-16,2099-12-31,
2000004317,0,Maps to,2025-04-16,2099-12-31,
0,2000004317,Maps from,2025-04-16,2099-12-31,
2000004319,0,Maps to,2025-04-16,2099-12-31,
0,2000004319,Maps from,2025-04-16,2099-12-31,
2000004318,0,Maps to,2025-04-16,2099-12-31,
0,2000004318,Maps from,2025-04-16,2099-12-31,
2000004320,0,Maps to,2025-04-16,2099-12-31,
0,2000004320,Maps from,2025-04-16,2099-12-31,
2000004321,0,Maps to,2025-04-16,2099-12-31,
0,2000004321,Maps from,2025-04-16,2099-12-31,
2000004322,0,Maps to,2025-04-16,2099-12-31,
0,2000004322,Maps from,2025-04-16,2099-12-31,
2000004323,0,Maps to,2025-04-16,2099-12-31,
0,2000004323,Maps from,2025-04-16,2099-12-31,
2000004325,0,Maps to,2025-04-16,2099-12-31,
0,2000004325,Maps from,2025-04-16,2099-12-31,
2000004324,0,Maps to,2025-04-16,2099-12-31,
0,2000004324,Maps from,2025-04-16,2099-12-31,
2000004326,0,Maps to,2025-04-16,2099-12-31,
0,2000004326,Maps from,2025-04-16,2099-12-31,
2000004328,0,Maps to,2025-04-16,2099-12-31,
0,2000004328,Maps from,2025-04-16,2099-12-31,
2000004327,0,Maps to,2025-04-16,2099-12-31,
0,2000004327,Maps from,2025-04-16,2099-12-31,
2000004329,0,Maps to,2025-04-16,2099-12-31,
0,2000004329,Maps from,2025-04-16,2099-12-31,
2000004330,0,Maps to,2025-04-16,2099-12-31,
0,2000004330,Maps from,2025-04-16,2099-12-31,
2000004332,0,Maps to,2025-04-16,2099-12-31,
0,2000004332,Maps from,2025-04-16,2099-12-31,
2000004331,0,Maps to,2025-04-16,2099-12-31,
0,2000004331,Maps from,2025-04-16,2099-12-31,
2000004333,0,Maps to,2025-04-16,2099-12-31,
0,2000004333,Maps from,2025-04-16,2099-12-31,
2000004334,0,Maps to,2025-04-16,2099-12-31,
0,2000004334,Maps from,2025-04-16,2099-12-31,
2000004335,0,Maps to,2025-04-16,2099-12-31,
0,2000004335,Maps from,2025-04-16,2099-12-31,
2000004336,0,Maps to,2025-04-16,2099-12-31,
0,2000004336,Maps from,2025-04-16,2099-12-31,
2000004338,0,Maps to,2025-04-16,2099-12-31,
0,2000004338,Maps from,2025-04-16,2099-12-31,
2000004337,0,Maps to,2025-04-16,2099-12-31,
0,2000004337,Maps from,2025-04-16,2099-12-31,
2000004339,0,Maps to,2025-04-16,2099-12-31,
0,2000004339,Maps from,2025-04-16,2099-12-31,
2000004341,0,Maps to,2025-04-16,2099-12-31,
0,2000004341,Maps from,2025-04-16,2099-12-31,
2000004340,0,Maps to,2025-04-16,2099-12-31,
0,2000004340,Maps from,2025-04-16,2099-12-31,
2000004342,0,Maps to,2025-04-16,2099-12-31,
0,2000004342,Maps from,2025-04-16,2099-12-31,
2000004344,0,Maps to,2025-04-16,2099-12-31,
0,2000004344,Maps from,2025-04-16,2099-12-31,
2000004343,0,Maps to,2025-04-16,2099-12-31,
0,2000004343,Maps from,2025-04-16,2099-12-31,
2000004345,0,Maps to,2025-04-16,2099-12-31,
0,2000004345,Maps from,2025-04-16,2099-12-31,
2000004346,0,Maps to,2025-04-16,2099-12-31,
0,2000004346,Maps from,2025-04-16,2099-12-31,
2000004347,0,Maps to,2025-04-16,2099-12-31,
0,2000004347,Maps from,2025-04-16,2099-12-31,
2000004348,0,Maps to,2025-04-16,2099-12-31,
0,2000004348,Maps from,2025-04-16,2099-12-31,
2000004349,0,Maps to,2025-04-16,2099-12-31,
0,2000004349,Maps from,2025-04-16,2099-12-31,
2000004351,0,Maps to,2025-04-16,2099-12-31,
0,2000004351,Maps from,2025-04-16,2099-12-31,
2000004350,0,Maps to,2025-04-16,2099-12-31,
0,2000004350,Maps from,2025-04-16,2099-12-31,
2000004352,0,Maps to,2025-04-16,2099-12-31,
0,2000004352,Maps from,2025-04-16,2099-12-31,
2000004354,0,Maps to,2025-04-16,2099-12-31,
0,2000004354,Maps from,2025-04-16,2099-12-31,
2000004353,0,Maps to,2025-04-16,2099-12-31,
0,2000004353,Maps from,2025-04-16,2099-12-31,
2000004355,0,Maps to,2025-04-16,2099-12-31,
0,2000004355,Maps from,2025-04-16,2099-12-31,
2000004357,0,Maps to,2025-04-16,2099-12-31,
0,2000004357,Maps from,2025-04-16,2099-12-31,
2000004356,0,Maps to,2025-04-16,2099-12-31,
0,2000004356,Maps from,2025-04-16,2099-12-31,
2000004358,0,Maps to,2025-04-16,2099-12-31,
0,2000004358,Maps from,2025-04-16,2099-12-31,
2000004359,0,Maps to,2025-04-16,2099-12-31,
0,2000004359,Maps from,2025-04-16,2099-12-31,
2000004360,0,Maps to,2025-04-16,2099-12-31,
0,2000004360,Maps from,2025-04-16,2099-12-31,
2000004361,0,Maps to,2025-04-16,2099-12-31,
0,2000004361,Maps from,2025-04-16,2099-12-31,
2000004363,0,Maps to,2025-04-16,2099-12-31,
0,2000004363,Maps from,2025-04-16,2099-12-31,
2000004362,0,Maps to,2025-04-16,2099-12-31,
0,2000004362,Maps from,2025-04-16,2099-12-31,
2000004364,0,Maps to,2025-04-16,2099-12-31,
0,2000004364,Maps from,2025-04-16,2099-12-31,
2000004366,0,Maps to,2025-04-16,2099-12-31,
0,2000004366,Maps from,2025-04-16,2099-12-31,
2000004365,0,Maps to,2025-04-16,2099-12-31,
0,2000004365,Maps from,2025-04-16,2099-12-31,
2000004367,0,Maps to,2025-04-16,2099-12-31,
0,2000004367,Maps from,2025-04-16,2099-12-31,
2000004368,0,Maps to,2025-04-16,2099-12-31,
0,2000004368,Maps from,2025-04-16,2099-12-31,
2000004369,0,Maps to,2025-04-16,2099-12-31,
0,2000004369,Maps from,2025-04-16,2099-12-31,
2000004370,0,Maps to,2025-04-16,2099-12-31,
0,2000004370,Maps from,2025-04-16,2099-12-31,
2000004371,0,Maps to,2025-04-16,2099-12-31,
0,2000004371,Maps from,2025-04-16,2099-12-31,
2000004373,0,Maps to,2025-04-16,2099-12-31,
0,2000004373,Maps from,2025-04-16,2099-12-31,
2000004372,0,Maps to,2025-04-16,2099-12-31,
0,2000004372,Maps from,2025-04-16,2099-12-31,
2000000565,40785815,Maps to,2025-04-16,2099-12-31,
40785815,2000000565,Maps from,2025-04-16,2099-12-31,
2000004374,0,Maps to,2025-04-16,2099-12-31,
0,2000004374,Maps from,2025-04-16,2099-12-31,
2000004375,0,Maps to,2025-04-16,2099-12-31,
0,2000004375,Maps from,2025-04-16,2099-12-31,
2000004376,0,Maps to,2025-04-16,2099-12-31,
0,2000004376,Maps from,2025-04-16,2099-12-31,
2000004377,0,Maps to,2025-04-16,2099-12-31,
0,2000004377,Maps from,2025-04-16,2099-12-31,
2000004379,0,Maps to,2025-04-16,2099-12-31,
0,2000004379,Maps from,2025-04-16,2099-12-31,
2000004378,0,Maps to,2025-04-16,2099-12-31,
0,2000004378,Maps from,2025-04-16,2099-12-31,
2000004380,0,Maps to,2025-04-16,2099-12-31,
0,2000004380,Maps from,2025-04-16,2099-12-31,
2000004381,0,Maps to,2025-04-16,2099-12-31,
0,2000004381,Maps from,2025-04-16,2099-12-31,
2000004382,0,Maps to,2025-04-16,2099-12-31,
0,2000004382,Maps from,2025-04-16,2099-12-31,
2000004383,0,Maps to,2025-04-16,2099-12-31,
0,2000004383,Maps from,2025-04-16,2099-12-31,
2000004384,0,Maps to,2025-04-16,2099-12-31,
0,2000004384,Maps from,2025-04-16,2099-12-31,
2000004385,0,Maps to,2025-04-16,2099-12-31,
0,2000004385,Maps from,2025-04-16,2099-12-31,
2000004386,0,Maps to,2025-04-16,2099-12-31,
0,2000004386,Maps from,2025-04-16,2099-12-31,
2000004388,0,Maps to,2025-04-16,2099-12-31,
0,2000004388,Maps from,2025-04-16,2099-12-31,
2000004387,0,Maps to,2025-04-16,2099-12-31,
0,2000004387,Maps from,2025-04-16,2099-12-31,
2000004389,0,Maps to,2025-04-16,2099-12-31,
0,2000004389,Maps from,2025-04-16,2099-12-31,
2000004390,0,Maps to,2025-04-16,2099-12-31,
0,2000004390,Maps from,2025-04-16,2099-12-31,
2000004391,0,Maps to,2025-04-16,2099-12-31,
0,2000004391,Maps from,2025-04-16,2099-12-31,
2000004392,0,Maps to,2025-04-16,2099-12-31,
0,2000004392,Maps from,2025-04-16,2099-12-31,
2000004393,0,Maps to,2025-04-16,2099-12-31,
0,2000004393,Maps from,2025-04-16,2099-12-31,
2000004395,0,Maps to,2025-04-16,2099-12-31,
0,2000004395,Maps from,2025-04-16,2099-12-31,
2000004394,0,Maps to,2025-04-16,2099-12-31,
0,2000004394,Maps from,2025-04-16,2099-12-31,
2000004396,0,Maps to,2025-04-16,2099-12-31,
0,2000004396,Maps from,2025-04-16,2099-12-31,
2000004398,0,Maps to,2025-04-16,2099-12-31,
0,2000004398,Maps from,2025-04-16,2099-12-31,
2000004397,0,Maps to,2025-04-16,2099-12-31,
0,2000004397,Maps from,2025-04-16,2099-12-31,
2000004399,0,Maps to,2025-04-16,2099-12-31,
0,2000004399,Maps from,2025-04-16,2099-12-31,
2000004400,0,Maps to,2025-04-16,2099-12-31,
0,2000004400,Maps from,2025-04-16,2099-12-31,
2000004401,0,Maps to,2025-04-16,2099-12-31,
0,2000004401,Maps from,2025-04-16,2099-12-31,
2000004402,0,Maps to,2025-04-16,2099-12-31,
0,2000004402,Maps from,2025-04-16,2099-12-31,
2000004403,0,Maps to,2025-04-16,2099-12-31,
0,2000004403,Maps from,2025-04-16,2099-12-31,
2000004404,0,Maps to,2025-04-16,2099-12-31,
0,2000004404,Maps from,2025-04-16,2099-12-31,
2000004405,0,Maps to,2025-04-16,2099-12-31,
0,2000004405,Maps from,2025-04-16,2099-12-31,
2000004406,0,Maps to,2025-04-16,2099-12-31,
0,2000004406,Maps from,2025-04-16,2099-12-31,
2000004408,0,Maps to,2025-04-16,2099-12-31,
0,2000004408,Maps from,2025-04-16,2099-12-31,
2000004407,0,Maps to,2025-04-16,2099-12-31,
0,2000004407,Maps from,2025-04-16,2099-12-31,
2000000338,0,Maps to,2025-04-16,2099-12-31,
0,2000000338,Maps from,2025-04-16,2099-12-31,
2000004409,0,Maps to,2025-04-16,2099-12-31,
0,2000004409,Maps from,2025-04-16,2099-12-31,
2000004411,0,Maps to,2025-04-16,2099-12-31,
0,2000004411,Maps from,2025-04-16,2099-12-31,
2000004410,0,Maps to,2025-04-16,2099-12-31,
0,2000004410,Maps from,2025-04-16,2099-12-31,
2000004412,0,Maps to,2025-04-16,2099-12-31,
0,2000004412,Maps from,2025-04-16,2099-12-31,
2000004414,0,Maps to,2025-04-16,2099-12-31,
0,2000004414,Maps from,2025-04-16,2099-12-31,
2000004413,0,Maps to,2025-04-16,2099-12-31,
0,2000004413,Maps from,2025-04-16,2099-12-31,
2000004415,0,Maps to,2025-04-16,2099-12-31,
0,2000004415,Maps from,2025-04-16,2099-12-31,
2000004416,0,Maps to,2025-04-16,2099-12-31,
0,2000004416,Maps from,2025-04-16,2099-12-31,
2000004418,0,Maps to,2025-04-16,2099-12-31,
0,2000004418,Maps from,2025-04-16,2099-12-31,
2000004417,0,Maps to,2025-04-16,2099-12-31,
0,2000004417,Maps from,2025-04-16,2099-12-31,
2000004419,0,Maps to,2025-04-16,2099-12-31,
0,2000004419,Maps from,2025-04-16,2099-12-31,
2000004420,0,Maps to,2025-04-16,2099-12-31,
0,2000004420,Maps from,2025-04-16,2099-12-31,
2000004421,0,Maps to,2025-04-16,2099-12-31,
0,2000004421,Maps from,2025-04-16,2099-12-31,
2000004422,0,Maps to,2025-04-16,2099-12-31,
0,2000004422,Maps from,2025-04-16,2099-12-31,
2000004423,0,Maps to,2025-04-16,2099-12-31,
0,2000004423,Maps from,2025-04-16,2099-12-31,
2000004424,0,Maps to,2025-04-16,2099-12-31,
0,2000004424,Maps from,2025-04-16,2099-12-31,
2000004425,0,Maps to,2025-04-16,2099-12-31,
0,2000004425,Maps from,2025-04-16,2099-12-31,
2000004426,0,Maps to,2025-04-16,2099-12-31,
0,2000004426,Maps from,2025-04-16,2099-12-31,
2000004428,0,Maps to,2025-04-16,2099-12-31,
0,2000004428,Maps from,2025-04-16,2099-12-31,
2000004427,0,Maps to,2025-04-16,2099-12-31,
0,2000004427,Maps from,2025-04-16,2099-12-31,
2000004429,0,Maps to,2025-04-16,2099-12-31,
0,2000004429,Maps from,2025-04-16,2099-12-31,
2000004430,0,Maps to,2025-04-16,2099-12-31,
0,2000004430,Maps from,2025-04-16,2099-12-31,
2000004431,0,Maps to,2025-04-16,2099-12-31,
0,2000004431,Maps from,2025-04-16,2099-12-31,
2000004432,0,Maps to,2025-04-16,2099-12-31,
0,2000004432,Maps from,2025-04-16,2099-12-31,
2000004433,0,Maps to,2025-04-16,2099-12-31,
0,2000004433,Maps from,2025-04-16,2099-12-31,
2000004434,0,Maps to,2025-04-16,2099-12-31,
0,2000004434,Maps from,2025-04-16,2099-12-31,
2000004435,0,Maps to,2025-04-16,2099-12-31,
0,2000004435,Maps from,2025-04-16,2099-12-31,
2000000832,1619931,Maps to,2025-04-16,2099-12-31,
1619931,2000000832,Maps from,2025-04-16,2099-12-31,
2000000339,0,Maps to,2025-04-16,2099-12-31,
0,2000000339,Maps from,2025-04-16,2099-12-31,
2000004436,0,Maps to,2025-04-16,2099-12-31,
0,2000004436,Maps from,2025-04-16,2099-12-31,
2000004437,0,Maps to,2025-04-16,2099-12-31,
0,2000004437,Maps from,2025-04-16,2099-12-31,
2000004438,0,Maps to,2025-04-16,2099-12-31,
0,2000004438,Maps from,2025-04-16,2099-12-31,
2000004440,0,Maps to,2025-04-16,2099-12-31,
0,2000004440,Maps from,2025-04-16,2099-12-31,
2000004439,0,Maps to,2025-04-16,2099-12-31,
0,2000004439,Maps from,2025-04-16,2099-12-31,
2000004441,0,Maps to,2025-04-16,2099-12-31,
0,2000004441,Maps from,2025-04-16,2099-12-31,
2000004442,0,Maps to,2025-04-16,2099-12-31,
0,2000004442,Maps from,2025-04-16,2099-12-31,
2000004443,0,Maps to,2025-04-16,2099-12-31,
0,2000004443,Maps from,2025-04-16,2099-12-31,
2000004444,0,Maps to,2025-04-16,2099-12-31,
0,2000004444,Maps from,2025-04-16,2099-12-31,
2000004446,0,Maps to,2025-04-16,2099-12-31,
0,2000004446,Maps from,2025-04-16,2099-12-31,
2000004445,0,Maps to,2025-04-16,2099-12-31,
0,2000004445,Maps from,2025-04-16,2099-12-31,
2000004447,0,Maps to,2025-04-16,2099-12-31,
0,2000004447,Maps from,2025-04-16,2099-12-31,
2000004449,0,Maps to,2025-04-16,2099-12-31,
0,2000004449,Maps from,2025-04-16,2099-12-31,
2000004448,0,Maps to,2025-04-16,2099-12-31,
0,2000004448,Maps from,2025-04-16,2099-12-31,
2000004450,0,Maps to,2025-04-16,2099-12-31,
0,2000004450,Maps from,2025-04-16,2099-12-31,
2000004451,0,Maps to,2025-04-16,2099-12-31,
0,2000004451,Maps from,2025-04-16,2099-12-31,
2000004452,0,Maps to,2025-04-16,2099-12-31,
0,2000004452,Maps from,2025-04-16,2099-12-31,
2000004453,0,Maps to,2025-04-16,2099-12-31,
0,2000004453,Maps from,2025-04-16,2099-12-31,
2000004454,0,Maps to,2025-04-16,2099-12-31,
0,2000004454,Maps from,2025-04-16,2099-12-31,
2000004456,0,Maps to,2025-04-16,2099-12-31,
0,2000004456,Maps from,2025-04-16,2099-12-31,
2000004455,0,Maps to,2025-04-16,2099-12-31,
0,2000004455,Maps from,2025-04-16,2099-12-31,
2000004457,0,Maps to,2025-04-16,2099-12-31,
0,2000004457,Maps from,2025-04-16,2099-12-31,
2000000585,40779503,Maps to,2025-04-16,2099-12-31,
40779503,2000000585,Maps from,2025-04-16,2099-12-31,
2000004458,0,Maps to,2025-04-16,2099-12-31,
0,2000004458,Maps from,2025-04-16,2099-12-31,
2000004460,0,Maps to,2025-04-16,2099-12-31,
0,2000004460,Maps from,2025-04-16,2099-12-31,
2000004459,0,Maps to,2025-04-16,2099-12-31,
0,2000004459,Maps from,2025-04-16,2099-12-31,
2000004461,0,Maps to,2025-04-16,2099-12-31,
0,2000004461,Maps from,2025-04-16,2099-12-31,
2000004462,0,Maps to,2025-04-16,2099-12-31,
0,2000004462,Maps from,2025-04-16,2099-12-31,
2000004463,0,Maps to,2025-04-16,2099-12-31,
0,2000004463,Maps from,2025-04-16,2099-12-31,
2000004464,0,Maps to,2025-04-16,2099-12-31,
0,2000004464,Maps from,2025-04-16,2099-12-31,
2000004465,0,Maps to,2025-04-16,2099-12-31,
0,2000004465,Maps from,2025-04-16,2099-12-31,
2000004466,0,Maps to,2025-04-16,2099-12-31,
0,2000004466,Maps from,2025-04-16,2099-12-31,
2000004467,0,Maps to,2025-04-16,2099-12-31,
0,2000004467,Maps from,2025-04-16,2099-12-31,
2000004468,0,Maps to,2025-04-16,2099-12-31,
0,2000004468,Maps from,2025-04-16,2099-12-31,
2000004470,0,Maps to,2025-04-16,2099-12-31,
0,2000004470,Maps from,2025-04-16,2099-12-31,
2000000340,0,Maps to,2025-04-16,2099-12-31,
0,2000000340,Maps from,2025-04-16,2099-12-31,
2000004469,0,Maps to,2025-04-16,2099-12-31,
0,2000004469,Maps from,2025-04-16,2099-12-31,
2000004471,0,Maps to,2025-04-16,2099-12-31,
0,2000004471,Maps from,2025-04-16,2099-12-31,
2000000341,0,Maps to,2025-04-16,2099-12-31,
0,2000000341,Maps from,2025-04-16,2099-12-31,
2000004472,0,Maps to,2025-04-16,2099-12-31,
0,2000004472,Maps from,2025-04-16,2099-12-31,
2000004473,0,Maps to,2025-04-16,2099-12-31,
0,2000004473,Maps from,2025-04-16,2099-12-31,
2000004475,0,Maps to,2025-04-16,2099-12-31,
0,2000004475,Maps from,2025-04-16,2099-12-31,
2000004474,0,Maps to,2025-04-16,2099-12-31,
0,2000004474,Maps from,2025-04-16,2099-12-31,
2000004476,0,Maps to,2025-04-16,2099-12-31,
0,2000004476,Maps from,2025-04-16,2099-12-31,
2000004477,0,Maps to,2025-04-16,2099-12-31,
0,2000004477,Maps from,2025-04-16,2099-12-31,
2000004478,0,Maps to,2025-04-16,2099-12-31,
0,2000004478,Maps from,2025-04-16,2099-12-31,
2000004479,0,Maps to,2025-04-16,2099-12-31,
0,2000004479,Maps from,2025-04-16,2099-12-31,
2000004480,0,Maps to,2025-04-16,2099-12-31,
0,2000004480,Maps from,2025-04-16,2099-12-31,
2000004482,0,Maps to,2025-04-16,2099-12-31,
0,2000004482,Maps from,2025-04-16,2099-12-31,
2000004481,0,Maps to,2025-04-16,2099-12-31,
0,2000004481,Maps from,2025-04-16,2099-12-31,
2000004483,0,Maps to,2025-04-16,2099-12-31,
0,2000004483,Maps from,2025-04-16,2099-12-31,
2000004484,0,Maps to,2025-04-16,2099-12-31,
0,2000004484,Maps from,2025-04-16,2099-12-31,
2000004485,0,Maps to,2025-04-16,2099-12-31,
0,2000004485,Maps from,2025-04-16,2099-12-31,
2000004486,0,Maps to,2025-04-16,2099-12-31,
0,2000004486,Maps from,2025-04-16,2099-12-31,
2000004487,0,Maps to,2025-04-16,2099-12-31,
0,2000004487,Maps from,2025-04-16,2099-12-31,
2000004488,0,Maps to,2025-04-16,2099-12-31,
0,2000004488,Maps from,2025-04-16,2099-12-31,
2000004489,0,Maps to,2025-04-16,2099-12-31,
0,2000004489,Maps from,2025-04-16,2099-12-31,
2000004490,0,Maps to,2025-04-16,2099-12-31,
0,2000004490,Maps from,2025-04-16,2099-12-31,
2000004492,0,Maps to,2025-04-16,2099-12-31,
0,2000004492,Maps from,2025-04-16,2099-12-31,
2000004491,0,Maps to,2025-04-16,2099-12-31,
0,2000004491,Maps from,2025-04-16,2099-12-31,
2000004493,0,Maps to,2025-04-16,2099-12-31,
0,2000004493,Maps from,2025-04-16,2099-12-31,
2000004494,0,Maps to,2025-04-16,2099-12-31,
0,2000004494,Maps from,2025-04-16,2099-12-31,
2000004495,0,Maps to,2025-04-16,2099-12-31,
0,2000004495,Maps from,2025-04-16,2099-12-31,
2000004496,0,Maps to,2025-04-16,2099-12-31,
0,2000004496,Maps from,2025-04-16,2099-12-31,
2000004497,0,Maps to,2025-04-16,2099-12-31,
0,2000004497,Maps from,2025-04-16,2099-12-31,
2000004498,0,Maps to,2025-04-16,2099-12-31,
0,2000004498,Maps from,2025-04-16,2099-12-31,
2000000342,0,Maps to,2025-04-16,2099-12-31,
0,2000000342,Maps from,2025-04-16,2099-12-31,
2000004499,0,Maps to,2025-04-16,2099-12-31,
0,2000004499,Maps from,2025-04-16,2099-12-31,
2000004500,0,Maps to,2025-04-16,2099-12-31,
0,2000004500,Maps from,2025-04-16,2099-12-31,
2000004501,0,Maps to,2025-04-16,2099-12-31,
0,2000004501,Maps from,2025-04-16,2099-12-31,
2000004502,0,Maps to,2025-04-16,2099-12-31,
0,2000004502,Maps from,2025-04-16,2099-12-31,
2000004503,0,Maps to,2025-04-16,2099-12-31,
0,2000004503,Maps from,2025-04-16,2099-12-31,
2000004504,0,Maps to,2025-04-16,2099-12-31,
0,2000004504,Maps from,2025-04-16,2099-12-31,
2000004505,0,Maps to,2025-04-16,2099-12-31,
0,2000004505,Maps from,2025-04-16,2099-12-31,
2000004506,0,Maps to,2025-04-16,2099-12-31,
0,2000004506,Maps from,2025-04-16,2099-12-31,
2000004507,0,Maps to,2025-04-16,2099-12-31,
0,2000004507,Maps from,2025-04-16,2099-12-31,
2000004508,0,Maps to,2025-04-16,2099-12-31,
0,2000004508,Maps from,2025-04-16,2099-12-31,
2000004510,0,Maps to,2025-04-16,2099-12-31,
0,2000004510,Maps from,2025-04-16,2099-12-31,
2000004509,0,Maps to,2025-04-16,2099-12-31,
0,2000004509,Maps from,2025-04-16,2099-12-31,
2000004511,0,Maps to,2025-04-16,2099-12-31,
0,2000004511,Maps from,2025-04-16,2099-12-31,
2000004512,0,Maps to,2025-04-16,2099-12-31,
0,2000004512,Maps from,2025-04-16,2099-12-31,
2000004514,0,Maps to,2025-04-16,2099-12-31,
0,2000004514,Maps from,2025-04-16,2099-12-31,
2000004513,0,Maps to,2025-04-16,2099-12-31,
0,2000004513,Maps from,2025-04-16,2099-12-31,
2000004515,0,Maps to,2025-04-16,2099-12-31,
0,2000004515,Maps from,2025-04-16,2099-12-31,
2000004517,0,Maps to,2025-04-16,2099-12-31,
0,2000004517,Maps from,2025-04-16,2099-12-31,
2000004516,0,Maps to,2025-04-16,2099-12-31,
0,2000004516,Maps from,2025-04-16,2099-12-31,
2000004518,0,Maps to,2025-04-16,2099-12-31,
0,2000004518,Maps from,2025-04-16,2099-12-31,
2000004520,0,Maps to,2025-04-16,2099-12-31,
0,2000004520,Maps from,2025-04-16,2099-12-31,
2000004519,0,Maps to,2025-04-16,2099-12-31,
0,2000004519,Maps from,2025-04-16,2099-12-31,
2000004521,0,Maps to,2025-04-16,2099-12-31,
0,2000004521,Maps from,2025-04-16,2099-12-31,
2000004523,0,Maps to,2025-04-16,2099-12-31,
0,2000004523,Maps from,2025-04-16,2099-12-31,
2000004522,0,Maps to,2025-04-16,2099-12-31,
0,2000004522,Maps from,2025-04-16,2099-12-31,
2000004524,0,Maps to,2025-04-16,2099-12-31,
0,2000004524,Maps from,2025-04-16,2099-12-31,
2000004525,0,Maps to,2025-04-16,2099-12-31,
0,2000004525,Maps from,2025-04-16,2099-12-31,
2000004526,0,Maps to,2025-04-16,2099-12-31,
0,2000004526,Maps from,2025-04-16,2099-12-31,
2000004527,0,Maps to,2025-04-16,2099-12-31,
0,2000004527,Maps from,2025-04-16,2099-12-31,
2000004528,0,Maps to,2025-04-16,2099-12-31,
0,2000004528,Maps from,2025-04-16,2099-12-31,
2000000343,0,Maps to,2025-04-16,2099-12-31,
0,2000000343,Maps from,2025-04-16,2099-12-31,
2000004529,0,Maps to,2025-04-16,2099-12-31,
0,2000004529,Maps from,2025-04-16,2099-12-31,
2000004530,0,Maps to,2025-04-16,2099-12-31,
0,2000004530,Maps from,2025-04-16,2099-12-31,
2000004531,0,Maps to,2025-04-16,2099-12-31,
0,2000004531,Maps from,2025-04-16,2099-12-31,
2000004533,0,Maps to,2025-04-16,2099-12-31,
0,2000004533,Maps from,2025-04-16,2099-12-31,
2000004532,0,Maps to,2025-04-16,2099-12-31,
0,2000004532,Maps from,2025-04-16,2099-12-31,
2000004534,0,Maps to,2025-04-16,2099-12-31,
0,2000004534,Maps from,2025-04-16,2099-12-31,
2000004535,0,Maps to,2025-04-16,2099-12-31,
0,2000004535,Maps from,2025-04-16,2099-12-31,
2000004536,0,Maps to,2025-04-16,2099-12-31,
0,2000004536,Maps from,2025-04-16,2099-12-31,
2000004537,0,Maps to,2025-04-16,2099-12-31,
0,2000004537,Maps from,2025-04-16,2099-12-31,
2000004539,0,Maps to,2025-04-16,2099-12-31,
0,2000004539,Maps from,2025-04-16,2099-12-31,
2000004538,0,Maps to,2025-04-16,2099-12-31,
0,2000004538,Maps from,2025-04-16,2099-12-31,
2000004540,0,Maps to,2025-04-16,2099-12-31,
0,2000004540,Maps from,2025-04-16,2099-12-31,
2000004542,0,Maps to,2025-04-16,2099-12-31,
0,2000004542,Maps from,2025-04-16,2099-12-31,
2000004541,0,Maps to,2025-04-16,2099-12-31,
0,2000004541,Maps from,2025-04-16,2099-12-31,
2000004543,0,Maps to,2025-04-16,2099-12-31,
0,2000004543,Maps from,2025-04-16,2099-12-31,
2000004544,0,Maps to,2025-04-16,2099-12-31,
0,2000004544,Maps from,2025-04-16,2099-12-31,
2000004545,0,Maps to,2025-04-16,2099-12-31,
0,2000004545,Maps from,2025-04-16,2099-12-31,
2000004546,0,Maps to,2025-04-16,2099-12-31,
0,2000004546,Maps from,2025-04-16,2099-12-31,
2000004548,0,Maps to,2025-04-16,2099-12-31,
0,2000004548,Maps from,2025-04-16,2099-12-31,
2000004547,0,Maps to,2025-04-16,2099-12-31,
0,2000004547,Maps from,2025-04-16,2099-12-31,
2000004549,0,Maps to,2025-04-16,2099-12-31,
0,2000004549,Maps from,2025-04-16,2099-12-31,
2000004551,0,Maps to,2025-04-16,2099-12-31,
0,2000004551,Maps from,2025-04-16,2099-12-31,
2000004550,0,Maps to,2025-04-16,2099-12-31,
0,2000004550,Maps from,2025-04-16,2099-12-31,
2000000344,0,Maps to,2025-04-16,2099-12-31,
0,2000000344,Maps from,2025-04-16,2099-12-31,
2000004552,0,Maps to,2025-04-16,2099-12-31,
0,2000004552,Maps from,2025-04-16,2099-12-31,
2000000345,0,Maps to,2025-04-16,2099-12-31,
0,2000000345,Maps from,2025-04-16,2099-12-31,
2000004553,0,Maps to,2025-04-16,2099-12-31,
0,2000004553,Maps from,2025-04-16,2099-12-31,
2000004555,0,Maps to,2025-04-16,2099-12-31,
0,2000004555,Maps from,2025-04-16,2099-12-31,
2000004554,0,Maps to,2025-04-16,2099-12-31,
0,2000004554,Maps from,2025-04-16,2099-12-31,
2000004556,0,Maps to,2025-04-16,2099-12-31,
0,2000004556,Maps from,2025-04-16,2099-12-31,
2000004557,0,Maps to,2025-04-16,2099-12-31,
0,2000004557,Maps from,2025-04-16,2099-12-31,
2000004558,0,Maps to,2025-04-16,2099-12-31,
0,2000004558,Maps from,2025-04-16,2099-12-31,
2000004559,0,Maps to,2025-04-16,2099-12-31,
0,2000004559,Maps from,2025-04-16,2099-12-31,
2000004561,0,Maps to,2025-04-16,2099-12-31,
0,2000004561,Maps from,2025-04-16,2099-12-31,
2000004560,0,Maps to,2025-04-16,2099-12-31,
0,2000004560,Maps from,2025-04-16,2099-12-31,
2000000346,0,Maps to,2025-04-16,2099-12-31,
0,2000000346,Maps from,2025-04-16,2099-12-31,
2000004562,0,Maps to,2025-04-16,2099-12-31,
0,2000004562,Maps from,2025-04-16,2099-12-31,
2000004563,0,Maps to,2025-04-16,2099-12-31,
0,2000004563,Maps from,2025-04-16,2099-12-31,
2000004564,0,Maps to,2025-04-16,2099-12-31,
0,2000004564,Maps from,2025-04-16,2099-12-31,
2000004565,0,Maps to,2025-04-16,2099-12-31,
0,2000004565,Maps from,2025-04-16,2099-12-31,
2000004566,0,Maps to,2025-04-16,2099-12-31,
0,2000004566,Maps from,2025-04-16,2099-12-31,
2000004568,0,Maps to,2025-04-16,2099-12-31,
0,2000004568,Maps from,2025-04-16,2099-12-31,
2000004567,0,Maps to,2025-04-16,2099-12-31,
0,2000004567,Maps from,2025-04-16,2099-12-31,
2000000826,37033277,Maps to,2025-04-16,2099-12-31,
37033277,2000000826,Maps from,2025-04-16,2099-12-31,
2000004569,0,Maps to,2025-04-16,2099-12-31,
0,2000004569,Maps from,2025-04-16,2099-12-31,
2000004571,0,Maps to,2025-04-16,2099-12-31,
0,2000004571,Maps from,2025-04-16,2099-12-31,
2000004570,0,Maps to,2025-04-16,2099-12-31,
0,2000004570,Maps from,2025-04-16,2099-12-31,
2000004572,0,Maps to,2025-04-16,2099-12-31,
0,2000004572,Maps from,2025-04-16,2099-12-31,
2000004573,0,Maps to,2025-04-16,2099-12-31,
0,2000004573,Maps from,2025-04-16,2099-12-31,
2000004574,0,Maps to,2025-04-16,2099-12-31,
0,2000004574,Maps from,2025-04-16,2099-12-31,
2000000347,0,Maps to,2025-04-16,2099-12-31,
0,2000000347,Maps from,2025-04-16,2099-12-31,
2000004575,0,Maps to,2025-04-16,2099-12-31,
0,2000004575,Maps from,2025-04-16,2099-12-31,
2000004576,0,Maps to,2025-04-16,2099-12-31,
0,2000004576,Maps from,2025-04-16,2099-12-31,
2000004577,0,Maps to,2025-04-16,2099-12-31,
0,2000004577,Maps from,2025-04-16,2099-12-31,
2000004578,0,Maps to,2025-04-16,2099-12-31,
0,2000004578,Maps from,2025-04-16,2099-12-31,
2000004579,0,Maps to,2025-04-16,2099-12-31,
0,2000004579,Maps from,2025-04-16,2099-12-31,
2000004580,0,Maps to,2025-04-16,2099-12-31,
0,2000004580,Maps from,2025-04-16,2099-12-31,
2000004581,0,Maps to,2025-04-16,2099-12-31,
0,2000004581,Maps from,2025-04-16,2099-12-31,
2000004582,0,Maps to,2025-04-16,2099-12-31,
0,2000004582,Maps from,2025-04-16,2099-12-31,
2000004583,0,Maps to,2025-04-16,2099-12-31,
0,2000004583,Maps from,2025-04-16,2099-12-31,
2000004584,0,Maps to,2025-04-16,2099-12-31,
0,2000004584,Maps from,2025-04-16,2099-12-31,
2000004585,0,Maps to,2025-04-16,2099-12-31,
0,2000004585,Maps from,2025-04-16,2099-12-31,
2000004586,0,Maps to,2025-04-16,2099-12-31,
0,2000004586,Maps from,2025-04-16,2099-12-31,
2000004587,0,Maps to,2025-04-16,2099-12-31,
0,2000004587,Maps from,2025-04-16,2099-12-31,
2000004588,0,Maps to,2025-04-16,2099-12-31,
0,2000004588,Maps from,2025-04-16,2099-12-31,
2000004590,0,Maps to,2025-04-16,2099-12-31,
0,2000004590,Maps from,2025-04-16,2099-12-31,
2000004589,0,Maps to,2025-04-16,2099-12-31,
0,2000004589,Maps from,2025-04-16,2099-12-31,
2000004591,0,Maps to,2025-04-16,2099-12-31,
0,2000004591,Maps from,2025-04-16,2099-12-31,
2000004592,0,Maps to,2025-04-16,2099-12-31,
0,2000004592,Maps from,2025-04-16,2099-12-31,
2000004593,0,Maps to,2025-04-16,2099-12-31,
0,2000004593,Maps from,2025-04-16,2099-12-31,
2000004594,0,Maps to,2025-04-16,2099-12-31,
0,2000004594,Maps from,2025-04-16,2099-12-31,
2000004596,0,Maps to,2025-04-16,2099-12-31,
0,2000004596,Maps from,2025-04-16,2099-12-31,
2000004595,0,Maps to,2025-04-16,2099-12-31,
0,2000004595,Maps from,2025-04-16,2099-12-31,
2000004597,0,Maps to,2025-04-16,2099-12-31,
0,2000004597,Maps from,2025-04-16,2099-12-31,
2000004599,0,Maps to,2025-04-16,2099-12-31,
0,2000004599,Maps from,2025-04-16,2099-12-31,
2000004598,0,Maps to,2025-04-16,2099-12-31,
0,2000004598,Maps from,2025-04-16,2099-12-31,
2000004600,0,Maps to,2025-04-16,2099-12-31,
0,2000004600,Maps from,2025-04-16,2099-12-31,
2000004602,0,Maps to,2025-04-16,2099-12-31,
0,2000004602,Maps from,2025-04-16,2099-12-31,
2000004601,0,Maps to,2025-04-16,2099-12-31,
0,2000004601,Maps from,2025-04-16,2099-12-31,
2000004603,0,Maps to,2025-04-16,2099-12-31,
0,2000004603,Maps from,2025-04-16,2099-12-31,
2000004605,0,Maps to,2025-04-16,2099-12-31,
0,2000004605,Maps from,2025-04-16,2099-12-31,
2000004604,0,Maps to,2025-04-16,2099-12-31,
0,2000004604,Maps from,2025-04-16,2099-12-31,
2000004606,0,Maps to,2025-04-16,2099-12-31,
0,2000004606,Maps from,2025-04-16,2099-12-31,
2000004607,0,Maps to,2025-04-16,2099-12-31,
0,2000004607,Maps from,2025-04-16,2099-12-31,
2000004608,0,Maps to,2025-04-16,2099-12-31,
0,2000004608,Maps from,2025-04-16,2099-12-31,
2000004609,0,Maps to,2025-04-16,2099-12-31,
0,2000004609,Maps from,2025-04-16,2099-12-31,
2000004611,0,Maps to,2025-04-16,2099-12-31,
0,2000004611,Maps from,2025-04-16,2099-12-31,
2000004610,0,Maps to,2025-04-16,2099-12-31,
0,2000004610,Maps from,2025-04-16,2099-12-31,
2000004612,0,Maps to,2025-04-16,2099-12-31,
0,2000004612,Maps from,2025-04-16,2099-12-31,
2000004613,0,Maps to,2025-04-16,2099-12-31,
0,2000004613,Maps from,2025-04-16,2099-12-31,
2000004614,0,Maps to,2025-04-16,2099-12-31,
0,2000004614,Maps from,2025-04-16,2099-12-31,
2000004615,0,Maps to,2025-04-16,2099-12-31,
0,2000004615,Maps from,2025-04-16,2099-12-31,
2000004617,0,Maps to,2025-04-16,2099-12-31,
0,2000004617,Maps from,2025-04-16,2099-12-31,
2000004616,0,Maps to,2025-04-16,2099-12-31,
0,2000004616,Maps from,2025-04-16,2099-12-31,
2000004618,0,Maps to,2025-04-16,2099-12-31,
0,2000004618,Maps from,2025-04-16,2099-12-31,
2000004620,0,Maps to,2025-04-16,2099-12-31,
0,2000004620,Maps from,2025-04-16,2099-12-31,
2000004619,0,Maps to,2025-04-16,2099-12-31,
0,2000004619,Maps from,2025-04-16,2099-12-31,
2000004621,0,Maps to,2025-04-16,2099-12-31,
0,2000004621,Maps from,2025-04-16,2099-12-31,
2000004623,0,Maps to,2025-04-16,2099-12-31,
0,2000004623,Maps from,2025-04-16,2099-12-31,
2000004622,0,Maps to,2025-04-16,2099-12-31,
0,2000004622,Maps from,2025-04-16,2099-12-31,
2000004624,0,Maps to,2025-04-16,2099-12-31,
0,2000004624,Maps from,2025-04-16,2099-12-31,
2000004625,0,Maps to,2025-04-16,2099-12-31,
0,2000004625,Maps from,2025-04-16,2099-12-31,
2000001206,40789687,Maps to,2025-04-16,2099-12-31,
40789687,2000001206,Maps from,2025-04-16,2099-12-31,
2000004626,0,Maps to,2025-04-16,2099-12-31,
0,2000004626,Maps from,2025-04-16,2099-12-31,
2000004627,0,Maps to,2025-04-16,2099-12-31,
0,2000004627,Maps from,2025-04-16,2099-12-31,
2000004628,0,Maps to,2025-04-16,2099-12-31,
0,2000004628,Maps from,2025-04-16,2099-12-31,
2000004629,0,Maps to,2025-04-16,2099-12-31,
0,2000004629,Maps from,2025-04-16,2099-12-31,
2000004630,0,Maps to,2025-04-16,2099-12-31,
0,2000004630,Maps from,2025-04-16,2099-12-31,
2000004631,0,Maps to,2025-04-16,2099-12-31,
0,2000004631,Maps from,2025-04-16,2099-12-31,
2000004632,0,Maps to,2025-04-16,2099-12-31,
0,2000004632,Maps from,2025-04-16,2099-12-31,
2000004633,0,Maps to,2025-04-16,2099-12-31,
0,2000004633,Maps from,2025-04-16,2099-12-31,
2000004634,0,Maps to,2025-04-16,2099-12-31,
0,2000004634,Maps from,2025-04-16,2099-12-31,
2000004635,0,Maps to,2025-04-16,2099-12-31,
0,2000004635,Maps from,2025-04-16,2099-12-31,
2000004636,0,Maps to,2025-04-16,2099-12-31,
0,2000004636,Maps from,2025-04-16,2099-12-31,
2000004637,0,Maps to,2025-04-16,2099-12-31,
0,2000004637,Maps from,2025-04-16,2099-12-31,
2000004638,0,Maps to,2025-04-16,2099-12-31,
0,2000004638,Maps from,2025-04-16,2099-12-31,
2000004639,0,Maps to,2025-04-16,2099-12-31,
0,2000004639,Maps from,2025-04-16,2099-12-31,
2000004640,0,Maps to,2025-04-16,2099-12-31,
0,2000004640,Maps from,2025-04-16,2099-12-31,
2000004642,0,Maps to,2025-04-16,2099-12-31,
0,2000004642,Maps from,2025-04-16,2099-12-31,
2000004641,0,Maps to,2025-04-16,2099-12-31,
0,2000004641,Maps from,2025-04-16,2099-12-31,
2000004643,0,Maps to,2025-04-16,2099-12-31,
0,2000004643,Maps from,2025-04-16,2099-12-31,
2000004644,0,Maps to,2025-04-16,2099-12-31,
0,2000004644,Maps from,2025-04-16,2099-12-31,
2000004645,0,Maps to,2025-04-16,2099-12-31,
0,2000004645,Maps from,2025-04-16,2099-12-31,
2000004646,0,Maps to,2025-04-16,2099-12-31,
0,2000004646,Maps from,2025-04-16,2099-12-31,
2000004647,0,Maps to,2025-04-16,2099-12-31,
0,2000004647,Maps from,2025-04-16,2099-12-31,
2000004648,0,Maps to,2025-04-16,2099-12-31,
0,2000004648,Maps from,2025-04-16,2099-12-31,
2000004649,0,Maps to,2025-04-16,2099-12-31,
0,2000004649,Maps from,2025-04-16,2099-12-31,
2000004650,0,Maps to,2025-04-16,2099-12-31,
0,2000004650,Maps from,2025-04-16,2099-12-31,
2000000348,0,Maps to,2025-04-16,2099-12-31,
0,2000000348,Maps from,2025-04-16,2099-12-31,
2000004652,0,Maps to,2025-04-16,2099-12-31,
0,2000004652,Maps from,2025-04-16,2099-12-31,
2000004651,0,Maps to,2025-04-16,2099-12-31,
0,2000004651,Maps from,2025-04-16,2099-12-31,
2000004653,0,Maps to,2025-04-16,2099-12-31,
0,2000004653,Maps from,2025-04-16,2099-12-31,
2000004654,0,Maps to,2025-04-16,2099-12-31,
0,2000004654,Maps from,2025-04-16,2099-12-31,
2000004655,0,Maps to,2025-04-16,2099-12-31,
0,2000004655,Maps from,2025-04-16,2099-12-31,
2000004656,0,Maps to,2025-04-16,2099-12-31,
0,2000004656,Maps from,2025-04-16,2099-12-31,
2000004658,0,Maps to,2025-04-16,2099-12-31,
0,2000004658,Maps from,2025-04-16,2099-12-31,
2000004657,0,Maps to,2025-04-16,2099-12-31,
0,2000004657,Maps from,2025-04-16,2099-12-31,
2000004659,0,Maps to,2025-04-16,2099-12-31,
0,2000004659,Maps from,2025-04-16,2099-12-31,
2000004660,0,Maps to,2025-04-16,2099-12-31,
0,2000004660,Maps from,2025-04-16,2099-12-31,
2000004661,0,Maps to,2025-04-16,2099-12-31,
0,2000004661,Maps from,2025-04-16,2099-12-31,
2000004662,0,Maps to,2025-04-16,2099-12-31,
0,2000004662,Maps from,2025-04-16,2099-12-31,
2000004664,0,Maps to,2025-04-16,2099-12-31,
0,2000004664,Maps from,2025-04-16,2099-12-31,
2000004663,0,Maps to,2025-04-16,2099-12-31,
0,2000004663,Maps from,2025-04-16,2099-12-31,
2000004665,0,Maps to,2025-04-16,2099-12-31,
0,2000004665,Maps from,2025-04-16,2099-12-31,
2000004666,0,Maps to,2025-04-16,2099-12-31,
0,2000004666,Maps from,2025-04-16,2099-12-31,
2000004667,0,Maps to,2025-04-16,2099-12-31,
0,2000004667,Maps from,2025-04-16,2099-12-31,
2000004668,0,Maps to,2025-04-16,2099-12-31,
0,2000004668,Maps from,2025-04-16,2099-12-31,
2000004670,0,Maps to,2025-04-16,2099-12-31,
0,2000004670,Maps from,2025-04-16,2099-12-31,
2000004669,0,Maps to,2025-04-16,2099-12-31,
0,2000004669,Maps from,2025-04-16,2099-12-31,
2000004671,0,Maps to,2025-04-16,2099-12-31,
0,2000004671,Maps from,2025-04-16,2099-12-31,
2000004673,0,Maps to,2025-04-16,2099-12-31,
0,2000004673,Maps from,2025-04-16,2099-12-31,
2000004672,0,Maps to,2025-04-16,2099-12-31,
0,2000004672,Maps from,2025-04-16,2099-12-31,
2000004674,0,Maps to,2025-04-16,2099-12-31,
0,2000004674,Maps from,2025-04-16,2099-12-31,
2000004676,0,Maps to,2025-04-16,2099-12-31,
0,2000004676,Maps from,2025-04-16,2099-12-31,
2000004675,0,Maps to,2025-04-16,2099-12-31,
0,2000004675,Maps from,2025-04-16,2099-12-31,
2000004677,0,Maps to,2025-04-16,2099-12-31,
0,2000004677,Maps from,2025-04-16,2099-12-31,
2000004679,0,Maps to,2025-04-16,2099-12-31,
0,2000004679,Maps from,2025-04-16,2099-12-31,
2000004678,0,Maps to,2025-04-16,2099-12-31,
0,2000004678,Maps from,2025-04-16,2099-12-31,
2000004680,0,Maps to,2025-04-16,2099-12-31,
0,2000004680,Maps from,2025-04-16,2099-12-31,
2000004681,0,Maps to,2025-04-16,2099-12-31,
0,2000004681,Maps from,2025-04-16,2099-12-31,
2000004682,0,Maps to,2025-04-16,2099-12-31,
0,2000004682,Maps from,2025-04-16,2099-12-31,
2000004683,0,Maps to,2025-04-16,2099-12-31,
0,2000004683,Maps from,2025-04-16,2099-12-31,
2000004685,0,Maps to,2025-04-16,2099-12-31,
0,2000004685,Maps from,2025-04-16,2099-12-31,
2000004684,0,Maps to,2025-04-16,2099-12-31,
0,2000004684,Maps from,2025-04-16,2099-12-31,
2000004686,0,Maps to,2025-04-16,2099-12-31,
0,2000004686,Maps from,2025-04-16,2099-12-31,
2000004688,0,Maps to,2025-04-16,2099-12-31,
0,2000004688,Maps from,2025-04-16,2099-12-31,
2000004687,0,Maps to,2025-04-16,2099-12-31,
0,2000004687,Maps from,2025-04-16,2099-12-31,
2000004689,0,Maps to,2025-04-16,2099-12-31,
0,2000004689,Maps from,2025-04-16,2099-12-31,
2000004690,0,Maps to,2025-04-16,2099-12-31,
0,2000004690,Maps from,2025-04-16,2099-12-31,
2000004691,0,Maps to,2025-04-16,2099-12-31,
0,2000004691,Maps from,2025-04-16,2099-12-31,
2000004692,0,Maps to,2025-04-16,2099-12-31,
0,2000004692,Maps from,2025-04-16,2099-12-31,
2000004693,0,Maps to,2025-04-16,2099-12-31,
0,2000004693,Maps from,2025-04-16,2099-12-31,
2000004694,0,Maps to,2025-04-16,2099-12-31,
0,2000004694,Maps from,2025-04-16,2099-12-31,
2000004695,0,Maps to,2025-04-16,2099-12-31,
0,2000004695,Maps from,2025-04-16,2099-12-31,
2000004697,0,Maps to,2025-04-16,2099-12-31,
0,2000004697,Maps from,2025-04-16,2099-12-31,
2000004696,0,Maps to,2025-04-16,2099-12-31,
0,2000004696,Maps from,2025-04-16,2099-12-31,
2000004698,0,Maps to,2025-04-16,2099-12-31,
0,2000004698,Maps from,2025-04-16,2099-12-31,
2000004700,0,Maps to,2025-04-16,2099-12-31,
0,2000004700,Maps from,2025-04-16,2099-12-31,
2000004699,0,Maps to,2025-04-16,2099-12-31,
0,2000004699,Maps from,2025-04-16,2099-12-31,
2000004701,0,Maps to,2025-04-16,2099-12-31,
0,2000004701,Maps from,2025-04-16,2099-12-31,
2000004702,0,Maps to,2025-04-16,2099-12-31,
0,2000004702,Maps from,2025-04-16,2099-12-31,
2000004703,0,Maps to,2025-04-16,2099-12-31,
0,2000004703,Maps from,2025-04-16,2099-12-31,
2000004704,0,Maps to,2025-04-16,2099-12-31,
0,2000004704,Maps from,2025-04-16,2099-12-31,
2000004706,0,Maps to,2025-04-16,2099-12-31,
0,2000004706,Maps from,2025-04-16,2099-12-31,
2000004705,0,Maps to,2025-04-16,2099-12-31,
0,2000004705,Maps from,2025-04-16,2099-12-31,
2000004707,0,Maps to,2025-04-16,2099-12-31,
0,2000004707,Maps from,2025-04-16,2099-12-31,
2000004709,0,Maps to,2025-04-16,2099-12-31,
0,2000004709,Maps from,2025-04-16,2099-12-31,
2000004708,0,Maps to,2025-04-16,2099-12-31,
0,2000004708,Maps from,2025-04-16,2099-12-31,
2000004710,0,Maps to,2025-04-16,2099-12-31,
0,2000004710,Maps from,2025-04-16,2099-12-31,
2000004712,0,Maps to,2025-04-16,2099-12-31,
0,2000004712,Maps from,2025-04-16,2099-12-31,
2000004711,0,Maps to,2025-04-16,2099-12-31,
0,2000004711,Maps from,2025-04-16,2099-12-31,
2000004713,0,Maps to,2025-04-16,2099-12-31,
0,2000004713,Maps from,2025-04-16,2099-12-31,
2000004715,0,Maps to,2025-04-16,2099-12-31,
0,2000004715,Maps from,2025-04-16,2099-12-31,
2000004714,0,Maps to,2025-04-16,2099-12-31,
0,2000004714,Maps from,2025-04-16,2099-12-31,
2000004716,0,Maps to,2025-04-16,2099-12-31,
0,2000004716,Maps from,2025-04-16,2099-12-31,
2000004718,0,Maps to,2025-04-16,2099-12-31,
0,2000004718,Maps from,2025-04-16,2099-12-31,
2000004717,0,Maps to,2025-04-16,2099-12-31,
0,2000004717,Maps from,2025-04-16,2099-12-31,
2000004719,0,Maps to,2025-04-16,2099-12-31,
0,2000004719,Maps from,2025-04-16,2099-12-31,
2000004720,0,Maps to,2025-04-16,2099-12-31,
0,2000004720,Maps from,2025-04-16,2099-12-31,
2000004721,0,Maps to,2025-04-16,2099-12-31,
0,2000004721,Maps from,2025-04-16,2099-12-31,
2000004722,0,Maps to,2025-04-16,2099-12-31,
0,2000004722,Maps from,2025-04-16,2099-12-31,
2000004723,0,Maps to,2025-04-16,2099-12-31,
0,2000004723,Maps from,2025-04-16,2099-12-31,
2000004724,0,Maps to,2025-04-16,2099-12-31,
0,2000004724,Maps from,2025-04-16,2099-12-31,
2000004725,0,Maps to,2025-04-16,2099-12-31,
0,2000004725,Maps from,2025-04-16,2099-12-31,
2000004726,0,Maps to,2025-04-16,2099-12-31,
0,2000004726,Maps from,2025-04-16,2099-12-31,
2000004727,0,Maps to,2025-04-16,2099-12-31,
0,2000004727,Maps from,2025-04-16,2099-12-31,
2000004728,0,Maps to,2025-04-16,2099-12-31,
0,2000004728,Maps from,2025-04-16,2099-12-31,
2000004730,0,Maps to,2025-04-16,2099-12-31,
0,2000004730,Maps from,2025-04-16,2099-12-31,
2000004729,0,Maps to,2025-04-16,2099-12-31,
0,2000004729,Maps from,2025-04-16,2099-12-31,
2000004731,0,Maps to,2025-04-16,2099-12-31,
0,2000004731,Maps from,2025-04-16,2099-12-31,
2000004732,0,Maps to,2025-04-16,2099-12-31,
0,2000004732,Maps from,2025-04-16,2099-12-31,
2000004733,0,Maps to,2025-04-16,2099-12-31,
0,2000004733,Maps from,2025-04-16,2099-12-31,
2000004734,0,Maps to,2025-04-16,2099-12-31,
0,2000004734,Maps from,2025-04-16,2099-12-31,
2000004736,0,Maps to,2025-04-16,2099-12-31,
0,2000004736,Maps from,2025-04-16,2099-12-31,
2000004735,0,Maps to,2025-04-16,2099-12-31,
0,2000004735,Maps from,2025-04-16,2099-12-31,
2000004737,0,Maps to,2025-04-16,2099-12-31,
0,2000004737,Maps from,2025-04-16,2099-12-31,
2000000349,0,Maps to,2025-04-16,2099-12-31,
0,2000000349,Maps from,2025-04-16,2099-12-31,
2000004738,0,Maps to,2025-04-16,2099-12-31,
0,2000004738,Maps from,2025-04-16,2099-12-31,
2000004739,0,Maps to,2025-04-16,2099-12-31,
0,2000004739,Maps from,2025-04-16,2099-12-31,
2000004740,0,Maps to,2025-04-16,2099-12-31,
0,2000004740,Maps from,2025-04-16,2099-12-31,
2000004741,0,Maps to,2025-04-16,2099-12-31,
0,2000004741,Maps from,2025-04-16,2099-12-31,
2000004742,0,Maps to,2025-04-16,2099-12-31,
0,2000004742,Maps from,2025-04-16,2099-12-31,
2000004743,0,Maps to,2025-04-16,2099-12-31,
0,2000004743,Maps from,2025-04-16,2099-12-31,
2000004744,0,Maps to,2025-04-16,2099-12-31,
0,2000004744,Maps from,2025-04-16,2099-12-31,
2000004746,0,Maps to,2025-04-16,2099-12-31,
0,2000004746,Maps from,2025-04-16,2099-12-31,
2000004745,0,Maps to,2025-04-16,2099-12-31,
0,2000004745,Maps from,2025-04-16,2099-12-31,
2000004747,0,Maps to,2025-04-16,2099-12-31,
0,2000004747,Maps from,2025-04-16,2099-12-31,
2000004748,0,Maps to,2025-04-16,2099-12-31,
0,2000004748,Maps from,2025-04-16,2099-12-31,
2000004749,0,Maps to,2025-04-16,2099-12-31,
0,2000004749,Maps from,2025-04-16,2099-12-31,
2000004750,0,Maps to,2025-04-16,2099-12-31,
0,2000004750,Maps from,2025-04-16,2099-12-31,
2000004751,0,Maps to,2025-04-16,2099-12-31,
0,2000004751,Maps from,2025-04-16,2099-12-31,
2000004752,0,Maps to,2025-04-16,2099-12-31,
0,2000004752,Maps from,2025-04-16,2099-12-31,
2000004753,0,Maps to,2025-04-16,2099-12-31,
0,2000004753,Maps from,2025-04-16,2099-12-31,
2000004755,0,Maps to,2025-04-16,2099-12-31,
0,2000004755,Maps from,2025-04-16,2099-12-31,
2000004754,0,Maps to,2025-04-16,2099-12-31,
0,2000004754,Maps from,2025-04-16,2099-12-31,
2000004756,0,Maps to,2025-04-16,2099-12-31,
0,2000004756,Maps from,2025-04-16,2099-12-31,
2000004758,0,Maps to,2025-04-16,2099-12-31,
0,2000004758,Maps from,2025-04-16,2099-12-31,
2000004757,0,Maps to,2025-04-16,2099-12-31,
0,2000004757,Maps from,2025-04-16,2099-12-31,
2000004759,0,Maps to,2025-04-16,2099-12-31,
0,2000004759,Maps from,2025-04-16,2099-12-31,
2000004761,0,Maps to,2025-04-16,2099-12-31,
0,2000004761,Maps from,2025-04-16,2099-12-31,
2000004760,0,Maps to,2025-04-16,2099-12-31,
0,2000004760,Maps from,2025-04-16,2099-12-31,
2000004762,0,Maps to,2025-04-16,2099-12-31,
0,2000004762,Maps from,2025-04-16,2099-12-31,
2000004763,0,Maps to,2025-04-16,2099-12-31,
0,2000004763,Maps from,2025-04-16,2099-12-31,
2000004764,0,Maps to,2025-04-16,2099-12-31,
0,2000004764,Maps from,2025-04-16,2099-12-31,
2000004765,0,Maps to,2025-04-16,2099-12-31,
0,2000004765,Maps from,2025-04-16,2099-12-31,
2000004766,0,Maps to,2025-04-16,2099-12-31,
0,2000004766,Maps from,2025-04-16,2099-12-31,
2000004767,0,Maps to,2025-04-16,2099-12-31,
0,2000004767,Maps from,2025-04-16,2099-12-31,
2000004768,0,Maps to,2025-04-16,2099-12-31,
0,2000004768,Maps from,2025-04-16,2099-12-31,
2000004769,0,Maps to,2025-04-16,2099-12-31,
0,2000004769,Maps from,2025-04-16,2099-12-31,
2000004770,0,Maps to,2025-04-16,2099-12-31,
0,2000004770,Maps from,2025-04-16,2099-12-31,
2000004771,0,Maps to,2025-04-16,2099-12-31,
0,2000004771,Maps from,2025-04-16,2099-12-31,
2000004772,0,Maps to,2025-04-16,2099-12-31,
0,2000004772,Maps from,2025-04-16,2099-12-31,
2000004774,0,Maps to,2025-04-16,2099-12-31,
0,2000004774,Maps from,2025-04-16,2099-12-31,
2000004773,0,Maps to,2025-04-16,2099-12-31,
0,2000004773,Maps from,2025-04-16,2099-12-31,
2000004775,0,Maps to,2025-04-16,2099-12-31,
0,2000004775,Maps from,2025-04-16,2099-12-31,
2000004777,0,Maps to,2025-04-16,2099-12-31,
0,2000004777,Maps from,2025-04-16,2099-12-31,
2000004776,0,Maps to,2025-04-16,2099-12-31,
0,2000004776,Maps from,2025-04-16,2099-12-31,
2000004778,0,Maps to,2025-04-16,2099-12-31,
0,2000004778,Maps from,2025-04-16,2099-12-31,
2000004779,0,Maps to,2025-04-16,2099-12-31,
0,2000004779,Maps from,2025-04-16,2099-12-31,
2000004780,0,Maps to,2025-04-16,2099-12-31,
0,2000004780,Maps from,2025-04-16,2099-12-31,
2000004781,0,Maps to,2025-04-16,2099-12-31,
0,2000004781,Maps from,2025-04-16,2099-12-31,
2000004782,0,Maps to,2025-04-16,2099-12-31,
0,2000004782,Maps from,2025-04-16,2099-12-31,
2000004783,0,Maps to,2025-04-16,2099-12-31,
0,2000004783,Maps from,2025-04-16,2099-12-31,
2000004784,0,Maps to,2025-04-16,2099-12-31,
0,2000004784,Maps from,2025-04-16,2099-12-31,
2000004786,0,Maps to,2025-04-16,2099-12-31,
0,2000004786,Maps from,2025-04-16,2099-12-31,
2000004785,0,Maps to,2025-04-16,2099-12-31,
0,2000004785,Maps from,2025-04-16,2099-12-31,
2000004787,0,Maps to,2025-04-16,2099-12-31,
0,2000004787,Maps from,2025-04-16,2099-12-31,
2000004789,0,Maps to,2025-04-16,2099-12-31,
0,2000004789,Maps from,2025-04-16,2099-12-31,
2000004788,0,Maps to,2025-04-16,2099-12-31,
0,2000004788,Maps from,2025-04-16,2099-12-31,
2000004790,0,Maps to,2025-04-16,2099-12-31,
0,2000004790,Maps from,2025-04-16,2099-12-31,
2000004791,0,Maps to,2025-04-16,2099-12-31,
0,2000004791,Maps from,2025-04-16,2099-12-31,
2000004792,0,Maps to,2025-04-16,2099-12-31,
0,2000004792,Maps from,2025-04-16,2099-12-31,
2000004793,0,Maps to,2025-04-16,2099-12-31,
0,2000004793,Maps from,2025-04-16,2099-12-31,
2000004794,0,Maps to,2025-04-16,2099-12-31,
0,2000004794,Maps from,2025-04-16,2099-12-31,
2000004795,0,Maps to,2025-04-16,2099-12-31,
0,2000004795,Maps from,2025-04-16,2099-12-31,
2000004796,0,Maps to,2025-04-16,2099-12-31,
0,2000004796,Maps from,2025-04-16,2099-12-31,
2000004797,0,Maps to,2025-04-16,2099-12-31,
0,2000004797,Maps from,2025-04-16,2099-12-31,
2000004798,0,Maps to,2025-04-16,2099-12-31,
0,2000004798,Maps from,2025-04-16,2099-12-31,
2000004799,0,Maps to,2025-04-16,2099-12-31,
0,2000004799,Maps from,2025-04-16,2099-12-31,
2000004800,0,Maps to,2025-04-16,2099-12-31,
0,2000004800,Maps from,2025-04-16,2099-12-31,
2000004801,0,Maps to,2025-04-16,2099-12-31,
0,2000004801,Maps from,2025-04-16,2099-12-31,
2000004802,0,Maps to,2025-04-16,2099-12-31,
0,2000004802,Maps from,2025-04-16,2099-12-31,
2000004804,0,Maps to,2025-04-16,2099-12-31,
0,2000004804,Maps from,2025-04-16,2099-12-31,
2000004803,0,Maps to,2025-04-16,2099-12-31,
0,2000004803,Maps from,2025-04-16,2099-12-31,
2000004805,0,Maps to,2025-04-16,2099-12-31,
0,2000004805,Maps from,2025-04-16,2099-12-31,
2000004807,0,Maps to,2025-04-16,2099-12-31,
0,2000004807,Maps from,2025-04-16,2099-12-31,
2000004806,0,Maps to,2025-04-16,2099-12-31,
0,2000004806,Maps from,2025-04-16,2099-12-31,
2000004808,0,Maps to,2025-04-16,2099-12-31,
0,2000004808,Maps from,2025-04-16,2099-12-31,
2000004810,0,Maps to,2025-04-16,2099-12-31,
0,2000004810,Maps from,2025-04-16,2099-12-31,
2000004809,0,Maps to,2025-04-16,2099-12-31,
0,2000004809,Maps from,2025-04-16,2099-12-31,
2000004811,0,Maps to,2025-04-16,2099-12-31,
0,2000004811,Maps from,2025-04-16,2099-12-31,
2000004812,0,Maps to,2025-04-16,2099-12-31,
0,2000004812,Maps from,2025-04-16,2099-12-31,
2000004813,0,Maps to,2025-04-16,2099-12-31,
0,2000004813,Maps from,2025-04-16,2099-12-31,
2000004814,0,Maps to,2025-04-16,2099-12-31,
0,2000004814,Maps from,2025-04-16,2099-12-31,
2000004815,0,Maps to,2025-04-16,2099-12-31,
0,2000004815,Maps from,2025-04-16,2099-12-31,
2000004816,0,Maps to,2025-04-16,2099-12-31,
0,2000004816,Maps from,2025-04-16,2099-12-31,
2000004817,0,Maps to,2025-04-16,2099-12-31,
0,2000004817,Maps from,2025-04-16,2099-12-31,
2000004819,0,Maps to,2025-04-16,2099-12-31,
0,2000004819,Maps from,2025-04-16,2099-12-31,
2000004818,0,Maps to,2025-04-16,2099-12-31,
0,2000004818,Maps from,2025-04-16,2099-12-31,
2000004820,0,Maps to,2025-04-16,2099-12-31,
0,2000004820,Maps from,2025-04-16,2099-12-31,
2000004822,0,Maps to,2025-04-16,2099-12-31,
0,2000004822,Maps from,2025-04-16,2099-12-31,
2000004821,0,Maps to,2025-04-16,2099-12-31,
0,2000004821,Maps from,2025-04-16,2099-12-31,
2000004823,0,Maps to,2025-04-16,2099-12-31,
0,2000004823,Maps from,2025-04-16,2099-12-31,
2000004825,0,Maps to,2025-04-16,2099-12-31,
0,2000004825,Maps from,2025-04-16,2099-12-31,
2000004824,0,Maps to,2025-04-16,2099-12-31,
0,2000004824,Maps from,2025-04-16,2099-12-31,
2000004827,0,Maps to,2025-04-16,2099-12-31,
0,2000004827,Maps from,2025-04-16,2099-12-31,
2000004826,0,Maps to,2025-04-16,2099-12-31,
0,2000004826,Maps from,2025-04-16,2099-12-31,
2000004828,0,Maps to,2025-04-16,2099-12-31,
0,2000004828,Maps from,2025-04-16,2099-12-31,
2000004830,0,Maps to,2025-04-16,2099-12-31,
0,2000004830,Maps from,2025-04-16,2099-12-31,
2000004829,0,Maps to,2025-04-16,2099-12-31,
0,2000004829,Maps from,2025-04-16,2099-12-31,
2000004831,0,Maps to,2025-04-16,2099-12-31,
0,2000004831,Maps from,2025-04-16,2099-12-31,
2000004832,0,Maps to,2025-04-16,2099-12-31,
0,2000004832,Maps from,2025-04-16,2099-12-31,
2000004833,0,Maps to,2025-04-16,2099-12-31,
0,2000004833,Maps from,2025-04-16,2099-12-31,
2000004834,0,Maps to,2025-04-16,2099-12-31,
0,2000004834,Maps from,2025-04-16,2099-12-31,
2000004835,0,Maps to,2025-04-16,2099-12-31,
0,2000004835,Maps from,2025-04-16,2099-12-31,
2000004837,0,Maps to,2025-04-16,2099-12-31,
0,2000004837,Maps from,2025-04-16,2099-12-31,
2000004836,0,Maps to,2025-04-16,2099-12-31,
0,2000004836,Maps from,2025-04-16,2099-12-31,
2000004838,0,Maps to,2025-04-16,2099-12-31,
0,2000004838,Maps from,2025-04-16,2099-12-31,
2000004839,0,Maps to,2025-04-16,2099-12-31,
0,2000004839,Maps from,2025-04-16,2099-12-31,
2000004840,0,Maps to,2025-04-16,2099-12-31,
0,2000004840,Maps from,2025-04-16,2099-12-31,
2000004841,0,Maps to,2025-04-16,2099-12-31,
0,2000004841,Maps from,2025-04-16,2099-12-31,
2000004843,0,Maps to,2025-04-16,2099-12-31,
0,2000004843,Maps from,2025-04-16,2099-12-31,
2000004842,0,Maps to,2025-04-16,2099-12-31,
0,2000004842,Maps from,2025-04-16,2099-12-31,
2000004844,0,Maps to,2025-04-16,2099-12-31,
0,2000004844,Maps from,2025-04-16,2099-12-31,
2000004846,0,Maps to,2025-04-16,2099-12-31,
0,2000004846,Maps from,2025-04-16,2099-12-31,
2000004845,0,Maps to,2025-04-16,2099-12-31,
0,2000004845,Maps from,2025-04-16,2099-12-31,
2000004847,0,Maps to,2025-04-16,2099-12-31,
0,2000004847,Maps from,2025-04-16,2099-12-31,
2000000350,0,Maps to,2025-04-16,2099-12-31,
0,2000000350,Maps from,2025-04-16,2099-12-31,
2000004848,0,Maps to,2025-04-16,2099-12-31,
0,2000004848,Maps from,2025-04-16,2099-12-31,
2000004849,0,Maps to,2025-04-16,2099-12-31,
0,2000004849,Maps from,2025-04-16,2099-12-31,
2000004850,0,Maps to,2025-04-16,2099-12-31,
0,2000004850,Maps from,2025-04-16,2099-12-31,
2000004851,0,Maps to,2025-04-16,2099-12-31,
0,2000004851,Maps from,2025-04-16,2099-12-31,
2000004852,0,Maps to,2025-04-16,2099-12-31,
0,2000004852,Maps from,2025-04-16,2099-12-31,
2000004853,0,Maps to,2025-04-16,2099-12-31,
0,2000004853,Maps from,2025-04-16,2099-12-31,
2000004854,0,Maps to,2025-04-16,2099-12-31,
0,2000004854,Maps from,2025-04-16,2099-12-31,
2000004855,0,Maps to,2025-04-16,2099-12-31,
0,2000004855,Maps from,2025-04-16,2099-12-31,
2000004856,0,Maps to,2025-04-16,2099-12-31,
0,2000004856,Maps from,2025-04-16,2099-12-31,
2000004857,0,Maps to,2025-04-16,2099-12-31,
0,2000004857,Maps from,2025-04-16,2099-12-31,
2000004858,0,Maps to,2025-04-16,2099-12-31,
0,2000004858,Maps from,2025-04-16,2099-12-31,
2000004859,0,Maps to,2025-04-16,2099-12-31,
0,2000004859,Maps from,2025-04-16,2099-12-31,
2000004860,0,Maps to,2025-04-16,2099-12-31,
0,2000004860,Maps from,2025-04-16,2099-12-31,
2000004861,0,Maps to,2025-04-16,2099-12-31,
0,2000004861,Maps from,2025-04-16,2099-12-31,
2000004862,0,Maps to,2025-04-16,2099-12-31,
0,2000004862,Maps from,2025-04-16,2099-12-31,
2000004864,0,Maps to,2025-04-16,2099-12-31,
0,2000004864,Maps from,2025-04-16,2099-12-31,
2000004863,0,Maps to,2025-04-16,2099-12-31,
0,2000004863,Maps from,2025-04-16,2099-12-31,
2000004865,0,Maps to,2025-04-16,2099-12-31,
0,2000004865,Maps from,2025-04-16,2099-12-31,
2000004866,0,Maps to,2025-04-16,2099-12-31,
0,2000004866,Maps from,2025-04-16,2099-12-31,
2000004867,0,Maps to,2025-04-16,2099-12-31,
0,2000004867,Maps from,2025-04-16,2099-12-31,
2000004868,0,Maps to,2025-04-16,2099-12-31,
0,2000004868,Maps from,2025-04-16,2099-12-31,
2000004869,0,Maps to,2025-04-16,2099-12-31,
0,2000004869,Maps from,2025-04-16,2099-12-31,
2000004870,0,Maps to,2025-04-16,2099-12-31,
0,2000004870,Maps from,2025-04-16,2099-12-31,
2000004871,0,Maps to,2025-04-16,2099-12-31,
0,2000004871,Maps from,2025-04-16,2099-12-31,
2000004873,0,Maps to,2025-04-16,2099-12-31,
0,2000004873,Maps from,2025-04-16,2099-12-31,
2000004872,0,Maps to,2025-04-16,2099-12-31,
0,2000004872,Maps from,2025-04-16,2099-12-31,
2000004874,0,Maps to,2025-04-16,2099-12-31,
0,2000004874,Maps from,2025-04-16,2099-12-31,
2000004875,0,Maps to,2025-04-16,2099-12-31,
0,2000004875,Maps from,2025-04-16,2099-12-31,
2000004876,0,Maps to,2025-04-16,2099-12-31,
0,2000004876,Maps from,2025-04-16,2099-12-31,
2000004877,0,Maps to,2025-04-16,2099-12-31,
0,2000004877,Maps from,2025-04-16,2099-12-31,
2000004879,0,Maps to,2025-04-16,2099-12-31,
0,2000004879,Maps from,2025-04-16,2099-12-31,
2000004878,0,Maps to,2025-04-16,2099-12-31,
0,2000004878,Maps from,2025-04-16,2099-12-31,
2000004880,0,Maps to,2025-04-16,2099-12-31,
0,2000004880,Maps from,2025-04-16,2099-12-31,
2000004881,0,Maps to,2025-04-16,2099-12-31,
0,2000004881,Maps from,2025-04-16,2099-12-31,
2000004883,0,Maps to,2025-04-16,2099-12-31,
0,2000004883,Maps from,2025-04-16,2099-12-31,
2000004882,0,Maps to,2025-04-16,2099-12-31,
0,2000004882,Maps from,2025-04-16,2099-12-31,
2000004884,0,Maps to,2025-04-16,2099-12-31,
0,2000004884,Maps from,2025-04-16,2099-12-31,
2000004886,0,Maps to,2025-04-16,2099-12-31,
0,2000004886,Maps from,2025-04-16,2099-12-31,
2000004885,0,Maps to,2025-04-16,2099-12-31,
0,2000004885,Maps from,2025-04-16,2099-12-31,
2000004887,0,Maps to,2025-04-16,2099-12-31,
0,2000004887,Maps from,2025-04-16,2099-12-31,
2000004888,0,Maps to,2025-04-16,2099-12-31,
0,2000004888,Maps from,2025-04-16,2099-12-31,
2000004889,0,Maps to,2025-04-16,2099-12-31,
0,2000004889,Maps from,2025-04-16,2099-12-31,
2000004890,0,Maps to,2025-04-16,2099-12-31,
0,2000004890,Maps from,2025-04-16,2099-12-31,
2000004891,0,Maps to,2025-04-16,2099-12-31,
0,2000004891,Maps from,2025-04-16,2099-12-31,
2000004892,0,Maps to,2025-04-16,2099-12-31,
0,2000004892,Maps from,2025-04-16,2099-12-31,
2000004893,0,Maps to,2025-04-16,2099-12-31,
0,2000004893,Maps from,2025-04-16,2099-12-31,
2000004894,0,Maps to,2025-04-16,2099-12-31,
0,2000004894,Maps from,2025-04-16,2099-12-31,
2000004896,0,Maps to,2025-04-16,2099-12-31,
0,2000004896,Maps from,2025-04-16,2099-12-31,
2000004895,0,Maps to,2025-04-16,2099-12-31,
0,2000004895,Maps from,2025-04-16,2099-12-31,
2000004897,0,Maps to,2025-04-16,2099-12-31,
0,2000004897,Maps from,2025-04-16,2099-12-31,
2000004899,0,Maps to,2025-04-16,2099-12-31,
0,2000004899,Maps from,2025-04-16,2099-12-31,
2000004898,0,Maps to,2025-04-16,2099-12-31,
0,2000004898,Maps from,2025-04-16,2099-12-31,
2000004900,0,Maps to,2025-04-16,2099-12-31,
0,2000004900,Maps from,2025-04-16,2099-12-31,
2000004901,0,Maps to,2025-04-16,2099-12-31,
0,2000004901,Maps from,2025-04-16,2099-12-31,
2000004902,0,Maps to,2025-04-16,2099-12-31,
0,2000004902,Maps from,2025-04-16,2099-12-31,
2000004903,0,Maps to,2025-04-16,2099-12-31,
0,2000004903,Maps from,2025-04-16,2099-12-31,
2000004904,0,Maps to,2025-04-16,2099-12-31,
0,2000004904,Maps from,2025-04-16,2099-12-31,
2000004905,0,Maps to,2025-04-16,2099-12-31,
0,2000004905,Maps from,2025-04-16,2099-12-31,
2000004906,0,Maps to,2025-04-16,2099-12-31,
0,2000004906,Maps from,2025-04-16,2099-12-31,
2000004908,0,Maps to,2025-04-16,2099-12-31,
0,2000004908,Maps from,2025-04-16,2099-12-31,
2000004907,0,Maps to,2025-04-16,2099-12-31,
0,2000004907,Maps from,2025-04-16,2099-12-31,
2000004909,0,Maps to,2025-04-16,2099-12-31,
0,2000004909,Maps from,2025-04-16,2099-12-31,
2000000351,0,Maps to,2025-04-16,2099-12-31,
0,2000000351,Maps from,2025-04-16,2099-12-31,
2000004911,0,Maps to,2025-04-16,2099-12-31,
0,2000004911,Maps from,2025-04-16,2099-12-31,
2000004910,0,Maps to,2025-04-16,2099-12-31,
0,2000004910,Maps from,2025-04-16,2099-12-31,
2000004912,0,Maps to,2025-04-16,2099-12-31,
0,2000004912,Maps from,2025-04-16,2099-12-31,
2000004914,0,Maps to,2025-04-16,2099-12-31,
0,2000004914,Maps from,2025-04-16,2099-12-31,
2000004913,0,Maps to,2025-04-16,2099-12-31,
0,2000004913,Maps from,2025-04-16,2099-12-31,
2000004915,0,Maps to,2025-04-16,2099-12-31,
0,2000004915,Maps from,2025-04-16,2099-12-31,
2000004917,0,Maps to,2025-04-16,2099-12-31,
0,2000004917,Maps from,2025-04-16,2099-12-31,
2000004916,0,Maps to,2025-04-16,2099-12-31,
0,2000004916,Maps from,2025-04-16,2099-12-31,
2000004918,0,Maps to,2025-04-16,2099-12-31,
0,2000004918,Maps from,2025-04-16,2099-12-31,
2000004920,0,Maps to,2025-04-16,2099-12-31,
0,2000004920,Maps from,2025-04-16,2099-12-31,
2000004919,0,Maps to,2025-04-16,2099-12-31,
0,2000004919,Maps from,2025-04-16,2099-12-31,
2000004921,0,Maps to,2025-04-16,2099-12-31,
0,2000004921,Maps from,2025-04-16,2099-12-31,
2000004922,0,Maps to,2025-04-16,2099-12-31,
0,2000004922,Maps from,2025-04-16,2099-12-31,
2000004923,0,Maps to,2025-04-16,2099-12-31,
0,2000004923,Maps from,2025-04-16,2099-12-31,
2000004924,0,Maps to,2025-04-16,2099-12-31,
0,2000004924,Maps from,2025-04-16,2099-12-31,
2000004926,0,Maps to,2025-04-16,2099-12-31,
0,2000004926,Maps from,2025-04-16,2099-12-31,
2000004925,0,Maps to,2025-04-16,2099-12-31,
0,2000004925,Maps from,2025-04-16,2099-12-31,
2000004927,0,Maps to,2025-04-16,2099-12-31,
0,2000004927,Maps from,2025-04-16,2099-12-31,
2000004929,0,Maps to,2025-04-16,2099-12-31,
0,2000004929,Maps from,2025-04-16,2099-12-31,
2000004928,0,Maps to,2025-04-16,2099-12-31,
0,2000004928,Maps from,2025-04-16,2099-12-31,
2000004930,0,Maps to,2025-04-16,2099-12-31,
0,2000004930,Maps from,2025-04-16,2099-12-31,
2000004931,0,Maps to,2025-04-16,2099-12-31,
0,2000004931,Maps from,2025-04-16,2099-12-31,
2000004932,0,Maps to,2025-04-16,2099-12-31,
0,2000004932,Maps from,2025-04-16,2099-12-31,
2000004933,0,Maps to,2025-04-16,2099-12-31,
0,2000004933,Maps from,2025-04-16,2099-12-31,
2000004934,0,Maps to,2025-04-16,2099-12-31,
0,2000004934,Maps from,2025-04-16,2099-12-31,
2000004935,0,Maps to,2025-04-16,2099-12-31,
0,2000004935,Maps from,2025-04-16,2099-12-31,
2000004936,0,Maps to,2025-04-16,2099-12-31,
0,2000004936,Maps from,2025-04-16,2099-12-31,
2000004937,0,Maps to,2025-04-16,2099-12-31,
0,2000004937,Maps from,2025-04-16,2099-12-31,
2000004938,0,Maps to,2025-04-16,2099-12-31,
0,2000004938,Maps from,2025-04-16,2099-12-31,
2000004939,0,Maps to,2025-04-16,2099-12-31,
0,2000004939,Maps from,2025-04-16,2099-12-31,
2000004940,0,Maps to,2025-04-16,2099-12-31,
0,2000004940,Maps from,2025-04-16,2099-12-31,
2000004942,0,Maps to,2025-04-16,2099-12-31,
0,2000004942,Maps from,2025-04-16,2099-12-31,
2000004941,0,Maps to,2025-04-16,2099-12-31,
0,2000004941,Maps from,2025-04-16,2099-12-31,
2000004943,0,Maps to,2025-04-16,2099-12-31,
0,2000004943,Maps from,2025-04-16,2099-12-31,
2000004945,0,Maps to,2025-04-16,2099-12-31,
0,2000004945,Maps from,2025-04-16,2099-12-31,
2000004944,0,Maps to,2025-04-16,2099-12-31,
0,2000004944,Maps from,2025-04-16,2099-12-31,
2000004946,0,Maps to,2025-04-16,2099-12-31,
0,2000004946,Maps from,2025-04-16,2099-12-31,
2000004948,0,Maps to,2025-04-16,2099-12-31,
0,2000004948,Maps from,2025-04-16,2099-12-31,
2000004947,0,Maps to,2025-04-16,2099-12-31,
0,2000004947,Maps from,2025-04-16,2099-12-31,
2000004949,0,Maps to,2025-04-16,2099-12-31,
0,2000004949,Maps from,2025-04-16,2099-12-31,
2000004951,0,Maps to,2025-04-16,2099-12-31,
0,2000004951,Maps from,2025-04-16,2099-12-31,
2000004950,0,Maps to,2025-04-16,2099-12-31,
0,2000004950,Maps from,2025-04-16,2099-12-31,
2000004952,0,Maps to,2025-04-16,2099-12-31,
0,2000004952,Maps from,2025-04-16,2099-12-31,
2000004954,0,Maps to,2025-04-16,2099-12-31,
0,2000004954,Maps from,2025-04-16,2099-12-31,
2000004953,0,Maps to,2025-04-16,2099-12-31,
0,2000004953,Maps from,2025-04-16,2099-12-31,
2000000352,0,Maps to,2025-04-16,2099-12-31,
0,2000000352,Maps from,2025-04-16,2099-12-31,
2000004955,0,Maps to,2025-04-16,2099-12-31,
0,2000004955,Maps from,2025-04-16,2099-12-31,
2000004957,0,Maps to,2025-04-16,2099-12-31,
0,2000004957,Maps from,2025-04-16,2099-12-31,
2000004956,0,Maps to,2025-04-16,2099-12-31,
0,2000004956,Maps from,2025-04-16,2099-12-31,
2000004958,0,Maps to,2025-04-16,2099-12-31,
0,2000004958,Maps from,2025-04-16,2099-12-31,
2000004959,0,Maps to,2025-04-16,2099-12-31,
0,2000004959,Maps from,2025-04-16,2099-12-31,
2000004960,0,Maps to,2025-04-16,2099-12-31,
0,2000004960,Maps from,2025-04-16,2099-12-31,
2000004961,0,Maps to,2025-04-16,2099-12-31,
0,2000004961,Maps from,2025-04-16,2099-12-31,
2000004963,0,Maps to,2025-04-16,2099-12-31,
0,2000004963,Maps from,2025-04-16,2099-12-31,
2000004962,0,Maps to,2025-04-16,2099-12-31,
0,2000004962,Maps from,2025-04-16,2099-12-31,
2000004964,0,Maps to,2025-04-16,2099-12-31,
0,2000004964,Maps from,2025-04-16,2099-12-31,
2000004966,0,Maps to,2025-04-16,2099-12-31,
0,2000004966,Maps from,2025-04-16,2099-12-31,
2000004965,0,Maps to,2025-04-16,2099-12-31,
0,2000004965,Maps from,2025-04-16,2099-12-31,
2000004967,0,Maps to,2025-04-16,2099-12-31,
0,2000004967,Maps from,2025-04-16,2099-12-31,
2000004968,0,Maps to,2025-04-16,2099-12-31,
0,2000004968,Maps from,2025-04-16,2099-12-31,
2000004969,0,Maps to,2025-04-16,2099-12-31,
0,2000004969,Maps from,2025-04-16,2099-12-31,
2000004970,0,Maps to,2025-04-16,2099-12-31,
0,2000004970,Maps from,2025-04-16,2099-12-31,
2000004971,0,Maps to,2025-04-16,2099-12-31,
0,2000004971,Maps from,2025-04-16,2099-12-31,
2000004972,0,Maps to,2025-04-16,2099-12-31,
0,2000004972,Maps from,2025-04-16,2099-12-31,
2000004973,0,Maps to,2025-04-16,2099-12-31,
0,2000004973,Maps from,2025-04-16,2099-12-31,
2000004974,0,Maps to,2025-04-16,2099-12-31,
0,2000004974,Maps from,2025-04-16,2099-12-31,
2000004975,0,Maps to,2025-04-16,2099-12-31,
0,2000004975,Maps from,2025-04-16,2099-12-31,
2000004976,0,Maps to,2025-04-16,2099-12-31,
0,2000004976,Maps from,2025-04-16,2099-12-31,
2000004977,0,Maps to,2025-04-16,2099-12-31,
0,2000004977,Maps from,2025-04-16,2099-12-31,
2000004978,0,Maps to,2025-04-16,2099-12-31,
0,2000004978,Maps from,2025-04-16,2099-12-31,
2000004979,0,Maps to,2025-04-16,2099-12-31,
0,2000004979,Maps from,2025-04-16,2099-12-31,
2000004981,0,Maps to,2025-04-16,2099-12-31,
0,2000004981,Maps from,2025-04-16,2099-12-31,
2000004980,0,Maps to,2025-04-16,2099-12-31,
0,2000004980,Maps from,2025-04-16,2099-12-31,
2000004982,0,Maps to,2025-04-16,2099-12-31,
0,2000004982,Maps from,2025-04-16,2099-12-31,
2000004983,0,Maps to,2025-04-16,2099-12-31,
0,2000004983,Maps from,2025-04-16,2099-12-31,
2000004984,0,Maps to,2025-04-16,2099-12-31,
0,2000004984,Maps from,2025-04-16,2099-12-31,
2000004985,0,Maps to,2025-04-16,2099-12-31,
0,2000004985,Maps from,2025-04-16,2099-12-31,
2000000353,0,Maps to,2025-04-16,2099-12-31,
0,2000000353,Maps from,2025-04-16,2099-12-31,
2000004986,0,Maps to,2025-04-16,2099-12-31,
0,2000004986,Maps from,2025-04-16,2099-12-31,
2000004988,0,Maps to,2025-04-16,2099-12-31,
0,2000004988,Maps from,2025-04-16,2099-12-31,
2000004987,0,Maps to,2025-04-16,2099-12-31,
0,2000004987,Maps from,2025-04-16,2099-12-31,
2000004989,0,Maps to,2025-04-16,2099-12-31,
0,2000004989,Maps from,2025-04-16,2099-12-31,
2000004990,0,Maps to,2025-04-16,2099-12-31,
0,2000004990,Maps from,2025-04-16,2099-12-31,
2000004991,0,Maps to,2025-04-16,2099-12-31,
0,2000004991,Maps from,2025-04-16,2099-12-31,
2000004992,0,Maps to,2025-04-16,2099-12-31,
0,2000004992,Maps from,2025-04-16,2099-12-31,
2000004993,0,Maps to,2025-04-16,2099-12-31,
0,2000004993,Maps from,2025-04-16,2099-12-31,
2000004994,0,Maps to,2025-04-16,2099-12-31,
0,2000004994,Maps from,2025-04-16,2099-12-31,
2000004995,0,Maps to,2025-04-16,2099-12-31,
0,2000004995,Maps from,2025-04-16,2099-12-31,
2000004997,0,Maps to,2025-04-16,2099-12-31,
0,2000004997,Maps from,2025-04-16,2099-12-31,
2000004996,0,Maps to,2025-04-16,2099-12-31,
0,2000004996,Maps from,2025-04-16,2099-12-31,
2000004998,0,Maps to,2025-04-16,2099-12-31,
0,2000004998,Maps from,2025-04-16,2099-12-31,
2000005000,0,Maps to,2025-04-16,2099-12-31,
0,2000005000,Maps from,2025-04-16,2099-12-31,
2000004999,0,Maps to,2025-04-16,2099-12-31,
0,2000004999,Maps from,2025-04-16,2099-12-31,
2000005001,0,Maps to,2025-04-16,2099-12-31,
0,2000005001,Maps from,2025-04-16,2099-12-31,
2000005003,0,Maps to,2025-04-16,2099-12-31,
0,2000005003,Maps from,2025-04-16,2099-12-31,
2000005002,0,Maps to,2025-04-16,2099-12-31,
0,2000005002,Maps from,2025-04-16,2099-12-31,
2000005004,0,Maps to,2025-04-16,2099-12-31,
0,2000005004,Maps from,2025-04-16,2099-12-31,
2000005006,0,Maps to,2025-04-16,2099-12-31,
0,2000005006,Maps from,2025-04-16,2099-12-31,
2000005005,0,Maps to,2025-04-16,2099-12-31,
0,2000005005,Maps from,2025-04-16,2099-12-31,
2000005007,0,Maps to,2025-04-16,2099-12-31,
0,2000005007,Maps from,2025-04-16,2099-12-31,
2000005008,0,Maps to,2025-04-16,2099-12-31,
0,2000005008,Maps from,2025-04-16,2099-12-31,
2000005009,0,Maps to,2025-04-16,2099-12-31,
0,2000005009,Maps from,2025-04-16,2099-12-31,
2000005010,0,Maps to,2025-04-16,2099-12-31,
0,2000005010,Maps from,2025-04-16,2099-12-31,
2000005012,0,Maps to,2025-04-16,2099-12-31,
0,2000005012,Maps from,2025-04-16,2099-12-31,
2000005011,0,Maps to,2025-04-16,2099-12-31,
0,2000005011,Maps from,2025-04-16,2099-12-31,
2000005013,0,Maps to,2025-04-16,2099-12-31,
0,2000005013,Maps from,2025-04-16,2099-12-31,
2000005014,0,Maps to,2025-04-16,2099-12-31,
0,2000005014,Maps from,2025-04-16,2099-12-31,
2000005015,0,Maps to,2025-04-16,2099-12-31,
0,2000005015,Maps from,2025-04-16,2099-12-31,
2000005016,0,Maps to,2025-04-16,2099-12-31,
0,2000005016,Maps from,2025-04-16,2099-12-31,
2000005018,0,Maps to,2025-04-16,2099-12-31,
0,2000005018,Maps from,2025-04-16,2099-12-31,
2000005017,0,Maps to,2025-04-16,2099-12-31,
0,2000005017,Maps from,2025-04-16,2099-12-31,
2000005019,0,Maps to,2025-04-16,2099-12-31,
0,2000005019,Maps from,2025-04-16,2099-12-31,
2000005020,0,Maps to,2025-04-16,2099-12-31,
0,2000005020,Maps from,2025-04-16,2099-12-31,
2000000354,0,Maps to,2025-04-16,2099-12-31,
0,2000000354,Maps from,2025-04-16,2099-12-31,
2000005021,0,Maps to,2025-04-16,2099-12-31,
0,2000005021,Maps from,2025-04-16,2099-12-31,
2000005022,0,Maps to,2025-04-16,2099-12-31,
0,2000005022,Maps from,2025-04-16,2099-12-31,
2000005023,0,Maps to,2025-04-16,2099-12-31,
0,2000005023,Maps from,2025-04-16,2099-12-31,
2000005025,0,Maps to,2025-04-16,2099-12-31,
0,2000005025,Maps from,2025-04-16,2099-12-31,
2000005024,0,Maps to,2025-04-16,2099-12-31,
0,2000005024,Maps from,2025-04-16,2099-12-31,
2000005026,0,Maps to,2025-04-16,2099-12-31,
0,2000005026,Maps from,2025-04-16,2099-12-31,
2000005027,0,Maps to,2025-04-16,2099-12-31,
0,2000005027,Maps from,2025-04-16,2099-12-31,
2000005028,0,Maps to,2025-04-16,2099-12-31,
0,2000005028,Maps from,2025-04-16,2099-12-31,
2000005029,0,Maps to,2025-04-16,2099-12-31,
0,2000005029,Maps from,2025-04-16,2099-12-31,
2000005031,0,Maps to,2025-04-16,2099-12-31,
0,2000005031,Maps from,2025-04-16,2099-12-31,
2000005030,0,Maps to,2025-04-16,2099-12-31,
0,2000005030,Maps from,2025-04-16,2099-12-31,
2000005032,0,Maps to,2025-04-16,2099-12-31,
0,2000005032,Maps from,2025-04-16,2099-12-31,
2000005033,0,Maps to,2025-04-16,2099-12-31,
0,2000005033,Maps from,2025-04-16,2099-12-31,
2000005034,0,Maps to,2025-04-16,2099-12-31,
0,2000005034,Maps from,2025-04-16,2099-12-31,
2000005035,0,Maps to,2025-04-16,2099-12-31,
0,2000005035,Maps from,2025-04-16,2099-12-31,
2000005037,0,Maps to,2025-04-16,2099-12-31,
0,2000005037,Maps from,2025-04-16,2099-12-31,
2000005036,0,Maps to,2025-04-16,2099-12-31,
0,2000005036,Maps from,2025-04-16,2099-12-31,
2000005038,0,Maps to,2025-04-16,2099-12-31,
0,2000005038,Maps from,2025-04-16,2099-12-31,
2000005039,0,Maps to,2025-04-16,2099-12-31,
0,2000005039,Maps from,2025-04-16,2099-12-31,
2000005040,0,Maps to,2025-04-16,2099-12-31,
0,2000005040,Maps from,2025-04-16,2099-12-31,
2000005041,0,Maps to,2025-04-16,2099-12-31,
0,2000005041,Maps from,2025-04-16,2099-12-31,
2000000355,0,Maps to,2025-04-16,2099-12-31,
0,2000000355,Maps from,2025-04-16,2099-12-31,
2000005042,0,Maps to,2025-04-16,2099-12-31,
0,2000005042,Maps from,2025-04-16,2099-12-31,
2000005043,0,Maps to,2025-04-16,2099-12-31,
0,2000005043,Maps from,2025-04-16,2099-12-31,
2000005044,0,Maps to,2025-04-16,2099-12-31,
0,2000005044,Maps from,2025-04-16,2099-12-31,
2000005045,0,Maps to,2025-04-16,2099-12-31,
0,2000005045,Maps from,2025-04-16,2099-12-31,
2000005047,0,Maps to,2025-04-16,2099-12-31,
0,2000005047,Maps from,2025-04-16,2099-12-31,
2000005046,0,Maps to,2025-04-16,2099-12-31,
0,2000005046,Maps from,2025-04-16,2099-12-31,
2000005048,0,Maps to,2025-04-16,2099-12-31,
0,2000005048,Maps from,2025-04-16,2099-12-31,
2000005049,0,Maps to,2025-04-16,2099-12-31,
0,2000005049,Maps from,2025-04-16,2099-12-31,
2000005050,0,Maps to,2025-04-16,2099-12-31,
0,2000005050,Maps from,2025-04-16,2099-12-31,
2000005051,0,Maps to,2025-04-16,2099-12-31,
0,2000005051,Maps from,2025-04-16,2099-12-31,
2000005052,0,Maps to,2025-04-16,2099-12-31,
0,2000005052,Maps from,2025-04-16,2099-12-31,
2000005053,0,Maps to,2025-04-16,2099-12-31,
0,2000005053,Maps from,2025-04-16,2099-12-31,
2000005054,0,Maps to,2025-04-16,2099-12-31,
0,2000005054,Maps from,2025-04-16,2099-12-31,
2000005056,0,Maps to,2025-04-16,2099-12-31,
0,2000005056,Maps from,2025-04-16,2099-12-31,
2000005055,0,Maps to,2025-04-16,2099-12-31,
0,2000005055,Maps from,2025-04-16,2099-12-31,
2000005057,0,Maps to,2025-04-16,2099-12-31,
0,2000005057,Maps from,2025-04-16,2099-12-31,
2000005059,0,Maps to,2025-04-16,2099-12-31,
0,2000005059,Maps from,2025-04-16,2099-12-31,
2000005058,0,Maps to,2025-04-16,2099-12-31,
0,2000005058,Maps from,2025-04-16,2099-12-31,
2000005061,0,Maps to,2025-04-16,2099-12-31,
0,2000005061,Maps from,2025-04-16,2099-12-31,
2000005060,0,Maps to,2025-04-16,2099-12-31,
0,2000005060,Maps from,2025-04-16,2099-12-31,
2000005062,0,Maps to,2025-04-16,2099-12-31,
0,2000005062,Maps from,2025-04-16,2099-12-31,
2000005064,0,Maps to,2025-04-16,2099-12-31,
0,2000005064,Maps from,2025-04-16,2099-12-31,
2000005063,0,Maps to,2025-04-16,2099-12-31,
0,2000005063,Maps from,2025-04-16,2099-12-31,
2000005065,0,Maps to,2025-04-16,2099-12-31,
0,2000005065,Maps from,2025-04-16,2099-12-31,
2000005066,0,Maps to,2025-04-16,2099-12-31,
0,2000005066,Maps from,2025-04-16,2099-12-31,
2000005067,0,Maps to,2025-04-16,2099-12-31,
0,2000005067,Maps from,2025-04-16,2099-12-31,
2000005068,0,Maps to,2025-04-16,2099-12-31,
0,2000005068,Maps from,2025-04-16,2099-12-31,
2000005070,0,Maps to,2025-04-16,2099-12-31,
0,2000005070,Maps from,2025-04-16,2099-12-31,
2000005069,0,Maps to,2025-04-16,2099-12-31,
0,2000005069,Maps from,2025-04-16,2099-12-31,
2000005071,0,Maps to,2025-04-16,2099-12-31,
0,2000005071,Maps from,2025-04-16,2099-12-31,
2000005072,0,Maps to,2025-04-16,2099-12-31,
0,2000005072,Maps from,2025-04-16,2099-12-31,
2000005073,0,Maps to,2025-04-16,2099-12-31,
0,2000005073,Maps from,2025-04-16,2099-12-31,
2000005074,0,Maps to,2025-04-16,2099-12-31,
0,2000005074,Maps from,2025-04-16,2099-12-31,
2000005076,0,Maps to,2025-04-16,2099-12-31,
0,2000005076,Maps from,2025-04-16,2099-12-31,
2000005075,0,Maps to,2025-04-16,2099-12-31,
0,2000005075,Maps from,2025-04-16,2099-12-31,
2000005077,0,Maps to,2025-04-16,2099-12-31,
0,2000005077,Maps from,2025-04-16,2099-12-31,
2000005079,0,Maps to,2025-04-16,2099-12-31,
0,2000005079,Maps from,2025-04-16,2099-12-31,
2000005078,0,Maps to,2025-04-16,2099-12-31,
0,2000005078,Maps from,2025-04-16,2099-12-31,
2000000356,0,Maps to,2025-04-16,2099-12-31,
0,2000000356,Maps from,2025-04-16,2099-12-31,
2000005080,0,Maps to,2025-04-16,2099-12-31,
0,2000005080,Maps from,2025-04-16,2099-12-31,
2000005081,0,Maps to,2025-04-16,2099-12-31,
0,2000005081,Maps from,2025-04-16,2099-12-31,
2000005083,0,Maps to,2025-04-16,2099-12-31,
0,2000005083,Maps from,2025-04-16,2099-12-31,
2000005082,0,Maps to,2025-04-16,2099-12-31,
0,2000005082,Maps from,2025-04-16,2099-12-31,
2000005084,0,Maps to,2025-04-16,2099-12-31,
0,2000005084,Maps from,2025-04-16,2099-12-31,
2000005086,0,Maps to,2025-04-16,2099-12-31,
0,2000005086,Maps from,2025-04-16,2099-12-31,
2000005085,0,Maps to,2025-04-16,2099-12-31,
0,2000005085,Maps from,2025-04-16,2099-12-31,
2000000357,0,Maps to,2025-04-16,2099-12-31,
0,2000000357,Maps from,2025-04-16,2099-12-31,
2000005087,0,Maps to,2025-04-16,2099-12-31,
0,2000005087,Maps from,2025-04-16,2099-12-31,
2000005089,0,Maps to,2025-04-16,2099-12-31,
0,2000005089,Maps from,2025-04-16,2099-12-31,
2000005088,0,Maps to,2025-04-16,2099-12-31,
0,2000005088,Maps from,2025-04-16,2099-12-31,
2000005090,0,Maps to,2025-04-16,2099-12-31,
0,2000005090,Maps from,2025-04-16,2099-12-31,
2000005092,0,Maps to,2025-04-16,2099-12-31,
0,2000005092,Maps from,2025-04-16,2099-12-31,
2000005091,0,Maps to,2025-04-16,2099-12-31,
0,2000005091,Maps from,2025-04-16,2099-12-31,
2000005093,0,Maps to,2025-04-16,2099-12-31,
0,2000005093,Maps from,2025-04-16,2099-12-31,
2000005094,0,Maps to,2025-04-16,2099-12-31,
0,2000005094,Maps from,2025-04-16,2099-12-31,
2000005095,0,Maps to,2025-04-16,2099-12-31,
0,2000005095,Maps from,2025-04-16,2099-12-31,
2000005096,0,Maps to,2025-04-16,2099-12-31,
0,2000005096,Maps from,2025-04-16,2099-12-31,
2000005097,0,Maps to,2025-04-16,2099-12-31,
0,2000005097,Maps from,2025-04-16,2099-12-31,
2000005098,0,Maps to,2025-04-16,2099-12-31,
0,2000005098,Maps from,2025-04-16,2099-12-31,
2000005099,0,Maps to,2025-04-16,2099-12-31,
0,2000005099,Maps from,2025-04-16,2099-12-31,
2000005101,0,Maps to,2025-04-16,2099-12-31,
0,2000005101,Maps from,2025-04-16,2099-12-31,
2000005100,0,Maps to,2025-04-16,2099-12-31,
0,2000005100,Maps from,2025-04-16,2099-12-31,
2000005102,0,Maps to,2025-04-16,2099-12-31,
0,2000005102,Maps from,2025-04-16,2099-12-31,
2000005103,0,Maps to,2025-04-16,2099-12-31,
0,2000005103,Maps from,2025-04-16,2099-12-31,
2000005104,0,Maps to,2025-04-16,2099-12-31,
0,2000005104,Maps from,2025-04-16,2099-12-31,
2000005105,0,Maps to,2025-04-16,2099-12-31,
0,2000005105,Maps from,2025-04-16,2099-12-31,
2000005106,0,Maps to,2025-04-16,2099-12-31,
0,2000005106,Maps from,2025-04-16,2099-12-31,
2000005107,0,Maps to,2025-04-16,2099-12-31,
0,2000005107,Maps from,2025-04-16,2099-12-31,
2000005108,0,Maps to,2025-04-16,2099-12-31,
0,2000005108,Maps from,2025-04-16,2099-12-31,
2000005109,0,Maps to,2025-04-16,2099-12-31,
0,2000005109,Maps from,2025-04-16,2099-12-31,
2000005110,0,Maps to,2025-04-16,2099-12-31,
0,2000005110,Maps from,2025-04-16,2099-12-31,
2000005111,0,Maps to,2025-04-16,2099-12-31,
0,2000005111,Maps from,2025-04-16,2099-12-31,
2000005112,0,Maps to,2025-04-16,2099-12-31,
0,2000005112,Maps from,2025-04-16,2099-12-31,
2000005114,0,Maps to,2025-04-16,2099-12-31,
0,2000005114,Maps from,2025-04-16,2099-12-31,
2000005113,0,Maps to,2025-04-16,2099-12-31,
0,2000005113,Maps from,2025-04-16,2099-12-31,
2000005115,0,Maps to,2025-04-16,2099-12-31,
0,2000005115,Maps from,2025-04-16,2099-12-31,
2000005117,0,Maps to,2025-04-16,2099-12-31,
0,2000005117,Maps from,2025-04-16,2099-12-31,
2000005116,0,Maps to,2025-04-16,2099-12-31,
0,2000005116,Maps from,2025-04-16,2099-12-31,
2000005118,0,Maps to,2025-04-16,2099-12-31,
0,2000005118,Maps from,2025-04-16,2099-12-31,
2000005120,0,Maps to,2025-04-16,2099-12-31,
0,2000005120,Maps from,2025-04-16,2099-12-31,
2000005119,0,Maps to,2025-04-16,2099-12-31,
0,2000005119,Maps from,2025-04-16,2099-12-31,
2000005121,0,Maps to,2025-04-16,2099-12-31,
0,2000005121,Maps from,2025-04-16,2099-12-31,
2000005123,0,Maps to,2025-04-16,2099-12-31,
0,2000005123,Maps from,2025-04-16,2099-12-31,
2000005122,0,Maps to,2025-04-16,2099-12-31,
0,2000005122,Maps from,2025-04-16,2099-12-31,
2000005124,0,Maps to,2025-04-16,2099-12-31,
0,2000005124,Maps from,2025-04-16,2099-12-31,
2000005125,0,Maps to,2025-04-16,2099-12-31,
0,2000005125,Maps from,2025-04-16,2099-12-31,
2000005126,0,Maps to,2025-04-16,2099-12-31,
0,2000005126,Maps from,2025-04-16,2099-12-31,
2000005127,0,Maps to,2025-04-16,2099-12-31,
0,2000005127,Maps from,2025-04-16,2099-12-31,
2000005128,0,Maps to,2025-04-16,2099-12-31,
0,2000005128,Maps from,2025-04-16,2099-12-31,
2000005129,0,Maps to,2025-04-16,2099-12-31,
0,2000005129,Maps from,2025-04-16,2099-12-31,
2000005130,0,Maps to,2025-04-16,2099-12-31,
0,2000005130,Maps from,2025-04-16,2099-12-31,
2000005132,0,Maps to,2025-04-16,2099-12-31,
0,2000005132,Maps from,2025-04-16,2099-12-31,
2000005131,0,Maps to,2025-04-16,2099-12-31,
0,2000005131,Maps from,2025-04-16,2099-12-31,
2000005133,0,Maps to,2025-04-16,2099-12-31,
0,2000005133,Maps from,2025-04-16,2099-12-31,
2000005134,0,Maps to,2025-04-16,2099-12-31,
0,2000005134,Maps from,2025-04-16,2099-12-31,
2000005135,0,Maps to,2025-04-16,2099-12-31,
0,2000005135,Maps from,2025-04-16,2099-12-31,
2000005136,0,Maps to,2025-04-16,2099-12-31,
0,2000005136,Maps from,2025-04-16,2099-12-31,
2000005137,0,Maps to,2025-04-16,2099-12-31,
0,2000005137,Maps from,2025-04-16,2099-12-31,
2000000358,0,Maps to,2025-04-16,2099-12-31,
0,2000000358,Maps from,2025-04-16,2099-12-31,
2000005139,0,Maps to,2025-04-16,2099-12-31,
0,2000005139,Maps from,2025-04-16,2099-12-31,
2000005138,0,Maps to,2025-04-16,2099-12-31,
0,2000005138,Maps from,2025-04-16,2099-12-31,
2000005140,0,Maps to,2025-04-16,2099-12-31,
0,2000005140,Maps from,2025-04-16,2099-12-31,
2000005141,0,Maps to,2025-04-16,2099-12-31,
0,2000005141,Maps from,2025-04-16,2099-12-31,
2000005142,0,Maps to,2025-04-16,2099-12-31,
0,2000005142,Maps from,2025-04-16,2099-12-31,
2000005143,0,Maps to,2025-04-16,2099-12-31,
0,2000005143,Maps from,2025-04-16,2099-12-31,
2000005145,0,Maps to,2025-04-16,2099-12-31,
0,2000005145,Maps from,2025-04-16,2099-12-31,
2000005144,0,Maps to,2025-04-16,2099-12-31,
0,2000005144,Maps from,2025-04-16,2099-12-31,
2000005146,0,Maps to,2025-04-16,2099-12-31,
0,2000005146,Maps from,2025-04-16,2099-12-31,
2000005147,0,Maps to,2025-04-16,2099-12-31,
0,2000005147,Maps from,2025-04-16,2099-12-31,
2000005148,0,Maps to,2025-04-16,2099-12-31,
0,2000005148,Maps from,2025-04-16,2099-12-31,
2000005149,0,Maps to,2025-04-16,2099-12-31,
0,2000005149,Maps from,2025-04-16,2099-12-31,
2000005150,0,Maps to,2025-04-16,2099-12-31,
0,2000005150,Maps from,2025-04-16,2099-12-31,
2000005151,0,Maps to,2025-04-16,2099-12-31,
0,2000005151,Maps from,2025-04-16,2099-12-31,
2000005152,0,Maps to,2025-04-16,2099-12-31,
0,2000005152,Maps from,2025-04-16,2099-12-31,
2000005153,0,Maps to,2025-04-16,2099-12-31,
0,2000005153,Maps from,2025-04-16,2099-12-31,
2000005154,0,Maps to,2025-04-16,2099-12-31,
0,2000005154,Maps from,2025-04-16,2099-12-31,
2000005155,0,Maps to,2025-04-16,2099-12-31,
0,2000005155,Maps from,2025-04-16,2099-12-31,
2000000359,0,Maps to,2025-04-16,2099-12-31,
0,2000000359,Maps from,2025-04-16,2099-12-31,
2000005156,0,Maps to,2025-04-16,2099-12-31,
0,2000005156,Maps from,2025-04-16,2099-12-31,
2000005158,0,Maps to,2025-04-16,2099-12-31,
0,2000005158,Maps from,2025-04-16,2099-12-31,
2000005157,0,Maps to,2025-04-16,2099-12-31,
0,2000005157,Maps from,2025-04-16,2099-12-31,
2000005159,0,Maps to,2025-04-16,2099-12-31,
0,2000005159,Maps from,2025-04-16,2099-12-31,
2000005160,0,Maps to,2025-04-16,2099-12-31,
0,2000005160,Maps from,2025-04-16,2099-12-31,
2000005161,0,Maps to,2025-04-16,2099-12-31,
0,2000005161,Maps from,2025-04-16,2099-12-31,
2000005162,0,Maps to,2025-04-16,2099-12-31,
0,2000005162,Maps from,2025-04-16,2099-12-31,
2000005163,0,Maps to,2025-04-16,2099-12-31,
0,2000005163,Maps from,2025-04-16,2099-12-31,
2000005164,0,Maps to,2025-04-16,2099-12-31,
0,2000005164,Maps from,2025-04-16,2099-12-31,
2000005165,0,Maps to,2025-04-16,2099-12-31,
0,2000005165,Maps from,2025-04-16,2099-12-31,
2000005166,0,Maps to,2025-04-16,2099-12-31,
0,2000005166,Maps from,2025-04-16,2099-12-31,
2000005167,0,Maps to,2025-04-16,2099-12-31,
0,2000005167,Maps from,2025-04-16,2099-12-31,
2000005168,0,Maps to,2025-04-16,2099-12-31,
0,2000005168,Maps from,2025-04-16,2099-12-31,
2000005169,0,Maps to,2025-04-16,2099-12-31,
0,2000005169,Maps from,2025-04-16,2099-12-31,
2000005170,0,Maps to,2025-04-16,2099-12-31,
0,2000005170,Maps from,2025-04-16,2099-12-31,
2000005171,0,Maps to,2025-04-16,2099-12-31,
0,2000005171,Maps from,2025-04-16,2099-12-31,
2000005173,0,Maps to,2025-04-16,2099-12-31,
0,2000005173,Maps from,2025-04-16,2099-12-31,
2000005172,0,Maps to,2025-04-16,2099-12-31,
0,2000005172,Maps from,2025-04-16,2099-12-31,
2000005174,0,Maps to,2025-04-16,2099-12-31,
0,2000005174,Maps from,2025-04-16,2099-12-31,
2000005175,0,Maps to,2025-04-16,2099-12-31,
0,2000005175,Maps from,2025-04-16,2099-12-31,
2000005176,0,Maps to,2025-04-16,2099-12-31,
0,2000005176,Maps from,2025-04-16,2099-12-31,
2000005177,0,Maps to,2025-04-16,2099-12-31,
0,2000005177,Maps from,2025-04-16,2099-12-31,
2000005178,0,Maps to,2025-04-16,2099-12-31,
0,2000005178,Maps from,2025-04-16,2099-12-31,
2000005179,0,Maps to,2025-04-16,2099-12-31,
0,2000005179,Maps from,2025-04-16,2099-12-31,
2000005180,0,Maps to,2025-04-16,2099-12-31,
0,2000005180,Maps from,2025-04-16,2099-12-31,
2000005182,0,Maps to,2025-04-16,2099-12-31,
0,2000005182,Maps from,2025-04-16,2099-12-31,
2000005181,0,Maps to,2025-04-16,2099-12-31,
0,2000005181,Maps from,2025-04-16,2099-12-31,
2000005183,0,Maps to,2025-04-16,2099-12-31,
0,2000005183,Maps from,2025-04-16,2099-12-31,
2000005184,0,Maps to,2025-04-16,2099-12-31,
0,2000005184,Maps from,2025-04-16,2099-12-31,
2000005185,0,Maps to,2025-04-16,2099-12-31,
0,2000005185,Maps from,2025-04-16,2099-12-31,
2000005186,0,Maps to,2025-04-16,2099-12-31,
0,2000005186,Maps from,2025-04-16,2099-12-31,
2000005188,0,Maps to,2025-04-16,2099-12-31,
0,2000005188,Maps from,2025-04-16,2099-12-31,
2000005187,0,Maps to,2025-04-16,2099-12-31,
0,2000005187,Maps from,2025-04-16,2099-12-31,
2000005189,0,Maps to,2025-04-16,2099-12-31,
0,2000005189,Maps from,2025-04-16,2099-12-31,
2000005191,0,Maps to,2025-04-16,2099-12-31,
0,2000005191,Maps from,2025-04-16,2099-12-31,
2000005190,0,Maps to,2025-04-16,2099-12-31,
0,2000005190,Maps from,2025-04-16,2099-12-31,
2000005192,0,Maps to,2025-04-16,2099-12-31,
0,2000005192,Maps from,2025-04-16,2099-12-31,
2000005193,0,Maps to,2025-04-16,2099-12-31,
0,2000005193,Maps from,2025-04-16,2099-12-31,
2000005194,0,Maps to,2025-04-16,2099-12-31,
0,2000005194,Maps from,2025-04-16,2099-12-31,
2000005195,0,Maps to,2025-04-16,2099-12-31,
0,2000005195,Maps from,2025-04-16,2099-12-31,
2000005196,0,Maps to,2025-04-16,2099-12-31,
0,2000005196,Maps from,2025-04-16,2099-12-31,
2000005197,0,Maps to,2025-04-16,2099-12-31,
0,2000005197,Maps from,2025-04-16,2099-12-31,
2000005198,0,Maps to,2025-04-16,2099-12-31,
0,2000005198,Maps from,2025-04-16,2099-12-31,
2000005199,0,Maps to,2025-04-16,2099-12-31,
0,2000005199,Maps from,2025-04-16,2099-12-31,
2000005200,0,Maps to,2025-04-16,2099-12-31,
0,2000005200,Maps from,2025-04-16,2099-12-31,
2000005201,0,Maps to,2025-04-16,2099-12-31,
0,2000005201,Maps from,2025-04-16,2099-12-31,
2000005202,0,Maps to,2025-04-16,2099-12-31,
0,2000005202,Maps from,2025-04-16,2099-12-31,
2000005203,0,Maps to,2025-04-16,2099-12-31,
0,2000005203,Maps from,2025-04-16,2099-12-31,
2000005204,0,Maps to,2025-04-16,2099-12-31,
0,2000005204,Maps from,2025-04-16,2099-12-31,
2000005206,0,Maps to,2025-04-16,2099-12-31,
0,2000005206,Maps from,2025-04-16,2099-12-31,
2000005205,0,Maps to,2025-04-16,2099-12-31,
0,2000005205,Maps from,2025-04-16,2099-12-31,
2000005207,0,Maps to,2025-04-16,2099-12-31,
0,2000005207,Maps from,2025-04-16,2099-12-31,
2000005209,0,Maps to,2025-04-16,2099-12-31,
0,2000005209,Maps from,2025-04-16,2099-12-31,
2000005208,0,Maps to,2025-04-16,2099-12-31,
0,2000005208,Maps from,2025-04-16,2099-12-31,
2000005210,0,Maps to,2025-04-16,2099-12-31,
0,2000005210,Maps from,2025-04-16,2099-12-31,
2000005211,0,Maps to,2025-04-16,2099-12-31,
0,2000005211,Maps from,2025-04-16,2099-12-31,
2000005212,0,Maps to,2025-04-16,2099-12-31,
0,2000005212,Maps from,2025-04-16,2099-12-31,
2000005214,0,Maps to,2025-04-16,2099-12-31,
0,2000005214,Maps from,2025-04-16,2099-12-31,
2000005213,0,Maps to,2025-04-16,2099-12-31,
0,2000005213,Maps from,2025-04-16,2099-12-31,
2000005215,0,Maps to,2025-04-16,2099-12-31,
0,2000005215,Maps from,2025-04-16,2099-12-31,
2000005217,0,Maps to,2025-04-16,2099-12-31,
0,2000005217,Maps from,2025-04-16,2099-12-31,
2000005216,0,Maps to,2025-04-16,2099-12-31,
0,2000005216,Maps from,2025-04-16,2099-12-31,
2000005218,0,Maps to,2025-04-16,2099-12-31,
0,2000005218,Maps from,2025-04-16,2099-12-31,
2000005219,0,Maps to,2025-04-16,2099-12-31,
0,2000005219,Maps from,2025-04-16,2099-12-31,
2000005220,0,Maps to,2025-04-16,2099-12-31,
0,2000005220,Maps from,2025-04-16,2099-12-31,
2000005221,0,Maps to,2025-04-16,2099-12-31,
0,2000005221,Maps from,2025-04-16,2099-12-31,
2000005222,0,Maps to,2025-04-16,2099-12-31,
0,2000005222,Maps from,2025-04-16,2099-12-31,
2000005223,0,Maps to,2025-04-16,2099-12-31,
0,2000005223,Maps from,2025-04-16,2099-12-31,
2000005224,0,Maps to,2025-04-16,2099-12-31,
0,2000005224,Maps from,2025-04-16,2099-12-31,
2000000360,0,Maps to,2025-04-16,2099-12-31,
0,2000000360,Maps from,2025-04-16,2099-12-31,
2000005225,0,Maps to,2025-04-16,2099-12-31,
0,2000005225,Maps from,2025-04-16,2099-12-31,
2000005226,0,Maps to,2025-04-16,2099-12-31,
0,2000005226,Maps from,2025-04-16,2099-12-31,
2000005227,0,Maps to,2025-04-16,2099-12-31,
0,2000005227,Maps from,2025-04-16,2099-12-31,
2000005228,0,Maps to,2025-04-16,2099-12-31,
0,2000005228,Maps from,2025-04-16,2099-12-31,
2000005230,0,Maps to,2025-04-16,2099-12-31,
0,2000005230,Maps from,2025-04-16,2099-12-31,
2000005229,0,Maps to,2025-04-16,2099-12-31,
0,2000005229,Maps from,2025-04-16,2099-12-31,
2000005231,0,Maps to,2025-04-16,2099-12-31,
0,2000005231,Maps from,2025-04-16,2099-12-31,
2000005232,0,Maps to,2025-04-16,2099-12-31,
0,2000005232,Maps from,2025-04-16,2099-12-31,
2000005233,0,Maps to,2025-04-16,2099-12-31,
0,2000005233,Maps from,2025-04-16,2099-12-31,
2000005234,0,Maps to,2025-04-16,2099-12-31,
0,2000005234,Maps from,2025-04-16,2099-12-31,
2000005236,0,Maps to,2025-04-16,2099-12-31,
0,2000005236,Maps from,2025-04-16,2099-12-31,
2000005235,0,Maps to,2025-04-16,2099-12-31,
0,2000005235,Maps from,2025-04-16,2099-12-31,
2000005237,0,Maps to,2025-04-16,2099-12-31,
0,2000005237,Maps from,2025-04-16,2099-12-31,
2000005239,0,Maps to,2025-04-16,2099-12-31,
0,2000005239,Maps from,2025-04-16,2099-12-31,
2000005238,0,Maps to,2025-04-16,2099-12-31,
0,2000005238,Maps from,2025-04-16,2099-12-31,
2000005240,0,Maps to,2025-04-16,2099-12-31,
0,2000005240,Maps from,2025-04-16,2099-12-31,
2000005242,0,Maps to,2025-04-16,2099-12-31,
0,2000005242,Maps from,2025-04-16,2099-12-31,
2000005241,0,Maps to,2025-04-16,2099-12-31,
0,2000005241,Maps from,2025-04-16,2099-12-31,
2000005243,0,Maps to,2025-04-16,2099-12-31,
0,2000005243,Maps from,2025-04-16,2099-12-31,
2000005244,0,Maps to,2025-04-16,2099-12-31,
0,2000005244,Maps from,2025-04-16,2099-12-31,
2000005245,0,Maps to,2025-04-16,2099-12-31,
0,2000005245,Maps from,2025-04-16,2099-12-31,
2000005246,0,Maps to,2025-04-16,2099-12-31,
0,2000005246,Maps from,2025-04-16,2099-12-31,
2000005248,0,Maps to,2025-04-16,2099-12-31,
0,2000005248,Maps from,2025-04-16,2099-12-31,
2000005247,0,Maps to,2025-04-16,2099-12-31,
0,2000005247,Maps from,2025-04-16,2099-12-31,
2000005249,0,Maps to,2025-04-16,2099-12-31,
0,2000005249,Maps from,2025-04-16,2099-12-31,
2000005250,0,Maps to,2025-04-16,2099-12-31,
0,2000005250,Maps from,2025-04-16,2099-12-31,
2000005251,0,Maps to,2025-04-16,2099-12-31,
0,2000005251,Maps from,2025-04-16,2099-12-31,
2000005252,0,Maps to,2025-04-16,2099-12-31,
0,2000005252,Maps from,2025-04-16,2099-12-31,
2000005253,0,Maps to,2025-04-16,2099-12-31,
0,2000005253,Maps from,2025-04-16,2099-12-31,
2000005254,0,Maps to,2025-04-16,2099-12-31,
0,2000005254,Maps from,2025-04-16,2099-12-31,
2000005255,0,Maps to,2025-04-16,2099-12-31,
0,2000005255,Maps from,2025-04-16,2099-12-31,
2000005257,0,Maps to,2025-04-16,2099-12-31,
0,2000005257,Maps from,2025-04-16,2099-12-31,
2000005256,0,Maps to,2025-04-16,2099-12-31,
0,2000005256,Maps from,2025-04-16,2099-12-31,
2000005258,0,Maps to,2025-04-16,2099-12-31,
0,2000005258,Maps from,2025-04-16,2099-12-31,
2000005260,0,Maps to,2025-04-16,2099-12-31,
0,2000005260,Maps from,2025-04-16,2099-12-31,
2000005259,0,Maps to,2025-04-16,2099-12-31,
0,2000005259,Maps from,2025-04-16,2099-12-31,
2000005261,0,Maps to,2025-04-16,2099-12-31,
0,2000005261,Maps from,2025-04-16,2099-12-31,
2000005263,0,Maps to,2025-04-16,2099-12-31,
0,2000005263,Maps from,2025-04-16,2099-12-31,
2000005262,0,Maps to,2025-04-16,2099-12-31,
0,2000005262,Maps from,2025-04-16,2099-12-31,
2000005264,0,Maps to,2025-04-16,2099-12-31,
0,2000005264,Maps from,2025-04-16,2099-12-31,
2000005265,0,Maps to,2025-04-16,2099-12-31,
0,2000005265,Maps from,2025-04-16,2099-12-31,
2000005266,0,Maps to,2025-04-16,2099-12-31,
0,2000005266,Maps from,2025-04-16,2099-12-31,
2000005267,0,Maps to,2025-04-16,2099-12-31,
0,2000005267,Maps from,2025-04-16,2099-12-31,
2000005268,0,Maps to,2025-04-16,2099-12-31,
0,2000005268,Maps from,2025-04-16,2099-12-31,
2000005269,0,Maps to,2025-04-16,2099-12-31,
0,2000005269,Maps from,2025-04-16,2099-12-31,
2000005270,0,Maps to,2025-04-16,2099-12-31,
0,2000005270,Maps from,2025-04-16,2099-12-31,
2000005271,0,Maps to,2025-04-16,2099-12-31,
0,2000005271,Maps from,2025-04-16,2099-12-31,
2000005272,0,Maps to,2025-04-16,2099-12-31,
0,2000005272,Maps from,2025-04-16,2099-12-31,
2000005273,0,Maps to,2025-04-16,2099-12-31,
0,2000005273,Maps from,2025-04-16,2099-12-31,
2000005274,0,Maps to,2025-04-16,2099-12-31,
0,2000005274,Maps from,2025-04-16,2099-12-31,
2000005276,0,Maps to,2025-04-16,2099-12-31,
0,2000005276,Maps from,2025-04-16,2099-12-31,
2000005275,0,Maps to,2025-04-16,2099-12-31,
0,2000005275,Maps from,2025-04-16,2099-12-31,
2000005277,0,Maps to,2025-04-16,2099-12-31,
0,2000005277,Maps from,2025-04-16,2099-12-31,
2000005279,0,Maps to,2025-04-16,2099-12-31,
0,2000005279,Maps from,2025-04-16,2099-12-31,
2000005278,0,Maps to,2025-04-16,2099-12-31,
0,2000005278,Maps from,2025-04-16,2099-12-31,
2000005280,0,Maps to,2025-04-16,2099-12-31,
0,2000005280,Maps from,2025-04-16,2099-12-31,
2000005281,0,Maps to,2025-04-16,2099-12-31,
0,2000005281,Maps from,2025-04-16,2099-12-31,
2000005282,0,Maps to,2025-04-16,2099-12-31,
0,2000005282,Maps from,2025-04-16,2099-12-31,
2000005283,0,Maps to,2025-04-16,2099-12-31,
0,2000005283,Maps from,2025-04-16,2099-12-31,
2000005285,0,Maps to,2025-04-16,2099-12-31,
0,2000005285,Maps from,2025-04-16,2099-12-31,
2000005284,0,Maps to,2025-04-16,2099-12-31,
0,2000005284,Maps from,2025-04-16,2099-12-31,
2000005286,0,Maps to,2025-04-16,2099-12-31,
0,2000005286,Maps from,2025-04-16,2099-12-31,
2000005287,0,Maps to,2025-04-16,2099-12-31,
0,2000005287,Maps from,2025-04-16,2099-12-31,
2000005288,0,Maps to,2025-04-16,2099-12-31,
0,2000005288,Maps from,2025-04-16,2099-12-31,
2000005289,0,Maps to,2025-04-16,2099-12-31,
0,2000005289,Maps from,2025-04-16,2099-12-31,
2000005291,0,Maps to,2025-04-16,2099-12-31,
0,2000005291,Maps from,2025-04-16,2099-12-31,
2000005290,0,Maps to,2025-04-16,2099-12-31,
0,2000005290,Maps from,2025-04-16,2099-12-31,
2000005292,0,Maps to,2025-04-16,2099-12-31,
0,2000005292,Maps from,2025-04-16,2099-12-31,
2000005293,0,Maps to,2025-04-16,2099-12-31,
0,2000005293,Maps from,2025-04-16,2099-12-31,
2000005294,0,Maps to,2025-04-16,2099-12-31,
0,2000005294,Maps from,2025-04-16,2099-12-31,
2000005295,0,Maps to,2025-04-16,2099-12-31,
0,2000005295,Maps from,2025-04-16,2099-12-31,
2000005297,0,Maps to,2025-04-16,2099-12-31,
0,2000005297,Maps from,2025-04-16,2099-12-31,
2000005296,0,Maps to,2025-04-16,2099-12-31,
0,2000005296,Maps from,2025-04-16,2099-12-31,
2000005298,0,Maps to,2025-04-16,2099-12-31,
0,2000005298,Maps from,2025-04-16,2099-12-31,
2000005300,0,Maps to,2025-04-16,2099-12-31,
0,2000005300,Maps from,2025-04-16,2099-12-31,
2000005299,0,Maps to,2025-04-16,2099-12-31,
0,2000005299,Maps from,2025-04-16,2099-12-31,
2000005301,0,Maps to,2025-04-16,2099-12-31,
0,2000005301,Maps from,2025-04-16,2099-12-31,
2000005302,0,Maps to,2025-04-16,2099-12-31,
0,2000005302,Maps from,2025-04-16,2099-12-31,
2000005304,0,Maps to,2025-04-16,2099-12-31,
0,2000005304,Maps from,2025-04-16,2099-12-31,
2000005303,0,Maps to,2025-04-16,2099-12-31,
0,2000005303,Maps from,2025-04-16,2099-12-31,
2000005305,0,Maps to,2025-04-16,2099-12-31,
0,2000005305,Maps from,2025-04-16,2099-12-31,
2000005307,0,Maps to,2025-04-16,2099-12-31,
0,2000005307,Maps from,2025-04-16,2099-12-31,
2000005306,0,Maps to,2025-04-16,2099-12-31,
0,2000005306,Maps from,2025-04-16,2099-12-31,
2000005308,0,Maps to,2025-04-16,2099-12-31,
0,2000005308,Maps from,2025-04-16,2099-12-31,
2000005310,0,Maps to,2025-04-16,2099-12-31,
0,2000005310,Maps from,2025-04-16,2099-12-31,
2000000361,0,Maps to,2025-04-16,2099-12-31,
0,2000000361,Maps from,2025-04-16,2099-12-31,
2000005309,0,Maps to,2025-04-16,2099-12-31,
0,2000005309,Maps from,2025-04-16,2099-12-31,
2000005311,0,Maps to,2025-04-16,2099-12-31,
0,2000005311,Maps from,2025-04-16,2099-12-31,
2000005312,0,Maps to,2025-04-16,2099-12-31,
0,2000005312,Maps from,2025-04-16,2099-12-31,
2000005314,0,Maps to,2025-04-16,2099-12-31,
0,2000005314,Maps from,2025-04-16,2099-12-31,
2000005313,0,Maps to,2025-04-16,2099-12-31,
0,2000005313,Maps from,2025-04-16,2099-12-31,
2000005315,0,Maps to,2025-04-16,2099-12-31,
0,2000005315,Maps from,2025-04-16,2099-12-31,
2000005316,0,Maps to,2025-04-16,2099-12-31,
0,2000005316,Maps from,2025-04-16,2099-12-31,
2000005317,0,Maps to,2025-04-16,2099-12-31,
0,2000005317,Maps from,2025-04-16,2099-12-31,
2000005318,0,Maps to,2025-04-16,2099-12-31,
0,2000005318,Maps from,2025-04-16,2099-12-31,
2000005319,0,Maps to,2025-04-16,2099-12-31,
0,2000005319,Maps from,2025-04-16,2099-12-31,
2000005320,0,Maps to,2025-04-16,2099-12-31,
0,2000005320,Maps from,2025-04-16,2099-12-31,
2000005321,0,Maps to,2025-04-16,2099-12-31,
0,2000005321,Maps from,2025-04-16,2099-12-31,
2000005323,0,Maps to,2025-04-16,2099-12-31,
0,2000005323,Maps from,2025-04-16,2099-12-31,
2000005322,0,Maps to,2025-04-16,2099-12-31,
0,2000005322,Maps from,2025-04-16,2099-12-31,
2000005324,0,Maps to,2025-04-16,2099-12-31,
0,2000005324,Maps from,2025-04-16,2099-12-31,
2000005326,0,Maps to,2025-04-16,2099-12-31,
0,2000005326,Maps from,2025-04-16,2099-12-31,
2000005325,0,Maps to,2025-04-16,2099-12-31,
0,2000005325,Maps from,2025-04-16,2099-12-31,
2000005327,0,Maps to,2025-04-16,2099-12-31,
0,2000005327,Maps from,2025-04-16,2099-12-31,
2000005329,0,Maps to,2025-04-16,2099-12-31,
0,2000005329,Maps from,2025-04-16,2099-12-31,
2000005328,0,Maps to,2025-04-16,2099-12-31,
0,2000005328,Maps from,2025-04-16,2099-12-31,
2000005330,0,Maps to,2025-04-16,2099-12-31,
0,2000005330,Maps from,2025-04-16,2099-12-31,
2000005331,0,Maps to,2025-04-16,2099-12-31,
0,2000005331,Maps from,2025-04-16,2099-12-31,
2000005332,0,Maps to,2025-04-16,2099-12-31,
0,2000005332,Maps from,2025-04-16,2099-12-31,
2000005333,0,Maps to,2025-04-16,2099-12-31,
0,2000005333,Maps from,2025-04-16,2099-12-31,
2000005335,0,Maps to,2025-04-16,2099-12-31,
0,2000005335,Maps from,2025-04-16,2099-12-31,
2000005334,0,Maps to,2025-04-16,2099-12-31,
0,2000005334,Maps from,2025-04-16,2099-12-31,
2000005336,0,Maps to,2025-04-16,2099-12-31,
0,2000005336,Maps from,2025-04-16,2099-12-31,
2000005338,0,Maps to,2025-04-16,2099-12-31,
0,2000005338,Maps from,2025-04-16,2099-12-31,
2000005337,0,Maps to,2025-04-16,2099-12-31,
0,2000005337,Maps from,2025-04-16,2099-12-31,
2000005339,0,Maps to,2025-04-16,2099-12-31,
0,2000005339,Maps from,2025-04-16,2099-12-31,
2000005340,0,Maps to,2025-04-16,2099-12-31,
0,2000005340,Maps from,2025-04-16,2099-12-31,
2000005341,0,Maps to,2025-04-16,2099-12-31,
0,2000005341,Maps from,2025-04-16,2099-12-31,
2000005342,0,Maps to,2025-04-16,2099-12-31,
0,2000005342,Maps from,2025-04-16,2099-12-31,
2000005344,0,Maps to,2025-04-16,2099-12-31,
0,2000005344,Maps from,2025-04-16,2099-12-31,
2000005343,0,Maps to,2025-04-16,2099-12-31,
0,2000005343,Maps from,2025-04-16,2099-12-31,
2000005345,0,Maps to,2025-04-16,2099-12-31,
0,2000005345,Maps from,2025-04-16,2099-12-31,
2000005346,0,Maps to,2025-04-16,2099-12-31,
0,2000005346,Maps from,2025-04-16,2099-12-31,
2000005347,0,Maps to,2025-04-16,2099-12-31,
0,2000005347,Maps from,2025-04-16,2099-12-31,
2000005348,0,Maps to,2025-04-16,2099-12-31,
0,2000005348,Maps from,2025-04-16,2099-12-31,
2000005349,0,Maps to,2025-04-16,2099-12-31,
0,2000005349,Maps from,2025-04-16,2099-12-31,
2000005350,0,Maps to,2025-04-16,2099-12-31,
0,2000005350,Maps from,2025-04-16,2099-12-31,
2000005351,0,Maps to,2025-04-16,2099-12-31,
0,2000005351,Maps from,2025-04-16,2099-12-31,
2000005353,0,Maps to,2025-04-16,2099-12-31,
0,2000005353,Maps from,2025-04-16,2099-12-31,
2000005352,0,Maps to,2025-04-16,2099-12-31,
0,2000005352,Maps from,2025-04-16,2099-12-31,
2000005354,0,Maps to,2025-04-16,2099-12-31,
0,2000005354,Maps from,2025-04-16,2099-12-31,
2000005355,0,Maps to,2025-04-16,2099-12-31,
0,2000005355,Maps from,2025-04-16,2099-12-31,
2000005356,0,Maps to,2025-04-16,2099-12-31,
0,2000005356,Maps from,2025-04-16,2099-12-31,
2000005357,0,Maps to,2025-04-16,2099-12-31,
0,2000005357,Maps from,2025-04-16,2099-12-31,
2000005358,0,Maps to,2025-04-16,2099-12-31,
0,2000005358,Maps from,2025-04-16,2099-12-31,
2000005360,0,Maps to,2025-04-16,2099-12-31,
0,2000005360,Maps from,2025-04-16,2099-12-31,
2000000362,0,Maps to,2025-04-16,2099-12-31,
0,2000000362,Maps from,2025-04-16,2099-12-31,
2000005359,0,Maps to,2025-04-16,2099-12-31,
0,2000005359,Maps from,2025-04-16,2099-12-31,
2000005361,0,Maps to,2025-04-16,2099-12-31,
0,2000005361,Maps from,2025-04-16,2099-12-31,
2000005363,0,Maps to,2025-04-16,2099-12-31,
0,2000005363,Maps from,2025-04-16,2099-12-31,
2000005362,0,Maps to,2025-04-16,2099-12-31,
0,2000005362,Maps from,2025-04-16,2099-12-31,
2000005364,0,Maps to,2025-04-16,2099-12-31,
0,2000005364,Maps from,2025-04-16,2099-12-31,
2000005365,0,Maps to,2025-04-16,2099-12-31,
0,2000005365,Maps from,2025-04-16,2099-12-31,
2000005366,0,Maps to,2025-04-16,2099-12-31,
0,2000005366,Maps from,2025-04-16,2099-12-31,
2000005367,0,Maps to,2025-04-16,2099-12-31,
0,2000005367,Maps from,2025-04-16,2099-12-31,
2000005368,0,Maps to,2025-04-16,2099-12-31,
0,2000005368,Maps from,2025-04-16,2099-12-31,
2000005369,0,Maps to,2025-04-16,2099-12-31,
0,2000005369,Maps from,2025-04-16,2099-12-31,
2000005370,0,Maps to,2025-04-16,2099-12-31,
0,2000005370,Maps from,2025-04-16,2099-12-31,
2000005372,0,Maps to,2025-04-16,2099-12-31,
0,2000005372,Maps from,2025-04-16,2099-12-31,
2000005371,0,Maps to,2025-04-16,2099-12-31,
0,2000005371,Maps from,2025-04-16,2099-12-31,
2000005373,0,Maps to,2025-04-16,2099-12-31,
0,2000005373,Maps from,2025-04-16,2099-12-31,
2000005374,0,Maps to,2025-04-16,2099-12-31,
0,2000005374,Maps from,2025-04-16,2099-12-31,
2000005375,0,Maps to,2025-04-16,2099-12-31,
0,2000005375,Maps from,2025-04-16,2099-12-31,
2000005376,0,Maps to,2025-04-16,2099-12-31,
0,2000005376,Maps from,2025-04-16,2099-12-31,
2000005377,0,Maps to,2025-04-16,2099-12-31,
0,2000005377,Maps from,2025-04-16,2099-12-31,
2000005379,0,Maps to,2025-04-16,2099-12-31,
0,2000005379,Maps from,2025-04-16,2099-12-31,
2000005378,0,Maps to,2025-04-16,2099-12-31,
0,2000005378,Maps from,2025-04-16,2099-12-31,
2000005381,0,Maps to,2025-04-16,2099-12-31,
0,2000005381,Maps from,2025-04-16,2099-12-31,
2000005380,0,Maps to,2025-04-16,2099-12-31,
0,2000005380,Maps from,2025-04-16,2099-12-31,
2000005382,0,Maps to,2025-04-16,2099-12-31,
0,2000005382,Maps from,2025-04-16,2099-12-31,
2000005383,0,Maps to,2025-04-16,2099-12-31,
0,2000005383,Maps from,2025-04-16,2099-12-31,
2000005384,0,Maps to,2025-04-16,2099-12-31,
0,2000005384,Maps from,2025-04-16,2099-12-31,
2000005385,0,Maps to,2025-04-16,2099-12-31,
0,2000005385,Maps from,2025-04-16,2099-12-31,
2000005386,0,Maps to,2025-04-16,2099-12-31,
0,2000005386,Maps from,2025-04-16,2099-12-31,
2000005387,0,Maps to,2025-04-16,2099-12-31,
0,2000005387,Maps from,2025-04-16,2099-12-31,
2000005388,0,Maps to,2025-04-16,2099-12-31,
0,2000005388,Maps from,2025-04-16,2099-12-31,
2000005389,0,Maps to,2025-04-16,2099-12-31,
0,2000005389,Maps from,2025-04-16,2099-12-31,
2000005391,0,Maps to,2025-04-16,2099-12-31,
0,2000005391,Maps from,2025-04-16,2099-12-31,
2000005390,0,Maps to,2025-04-16,2099-12-31,
0,2000005390,Maps from,2025-04-16,2099-12-31,
2000005392,0,Maps to,2025-04-16,2099-12-31,
0,2000005392,Maps from,2025-04-16,2099-12-31,
2000005394,0,Maps to,2025-04-16,2099-12-31,
0,2000005394,Maps from,2025-04-16,2099-12-31,
2000005393,0,Maps to,2025-04-16,2099-12-31,
0,2000005393,Maps from,2025-04-16,2099-12-31,
2000005395,0,Maps to,2025-04-16,2099-12-31,
0,2000005395,Maps from,2025-04-16,2099-12-31,
2000005397,0,Maps to,2025-04-16,2099-12-31,
0,2000005397,Maps from,2025-04-16,2099-12-31,
2000005396,0,Maps to,2025-04-16,2099-12-31,
0,2000005396,Maps from,2025-04-16,2099-12-31,
2000005398,0,Maps to,2025-04-16,2099-12-31,
0,2000005398,Maps from,2025-04-16,2099-12-31,
2000005399,0,Maps to,2025-04-16,2099-12-31,
0,2000005399,Maps from,2025-04-16,2099-12-31,
2000005401,0,Maps to,2025-04-16,2099-12-31,
0,2000005401,Maps from,2025-04-16,2099-12-31,
2000005400,0,Maps to,2025-04-16,2099-12-31,
0,2000005400,Maps from,2025-04-16,2099-12-31,
2000005402,0,Maps to,2025-04-16,2099-12-31,
0,2000005402,Maps from,2025-04-16,2099-12-31,
2000005403,0,Maps to,2025-04-16,2099-12-31,
0,2000005403,Maps from,2025-04-16,2099-12-31,
2000005404,0,Maps to,2025-04-16,2099-12-31,
0,2000005404,Maps from,2025-04-16,2099-12-31,
2000005405,0,Maps to,2025-04-16,2099-12-31,
0,2000005405,Maps from,2025-04-16,2099-12-31,
2000005407,0,Maps to,2025-04-16,2099-12-31,
0,2000005407,Maps from,2025-04-16,2099-12-31,
2000005406,0,Maps to,2025-04-16,2099-12-31,
0,2000005406,Maps from,2025-04-16,2099-12-31,
2000005408,0,Maps to,2025-04-16,2099-12-31,
0,2000005408,Maps from,2025-04-16,2099-12-31,
2000005410,0,Maps to,2025-04-16,2099-12-31,
0,2000005410,Maps from,2025-04-16,2099-12-31,
2000005409,0,Maps to,2025-04-16,2099-12-31,
0,2000005409,Maps from,2025-04-16,2099-12-31,
2000005411,0,Maps to,2025-04-16,2099-12-31,
0,2000005411,Maps from,2025-04-16,2099-12-31,
2000005412,0,Maps to,2025-04-16,2099-12-31,
0,2000005412,Maps from,2025-04-16,2099-12-31,
2000005413,0,Maps to,2025-04-16,2099-12-31,
0,2000005413,Maps from,2025-04-16,2099-12-31,
2000005414,0,Maps to,2025-04-16,2099-12-31,
0,2000005414,Maps from,2025-04-16,2099-12-31,
2000005415,0,Maps to,2025-04-16,2099-12-31,
0,2000005415,Maps from,2025-04-16,2099-12-31,
2000005416,0,Maps to,2025-04-16,2099-12-31,
0,2000005416,Maps from,2025-04-16,2099-12-31,
2000000363,0,Maps to,2025-04-16,2099-12-31,
0,2000000363,Maps from,2025-04-16,2099-12-31,
2000005417,0,Maps to,2025-04-16,2099-12-31,
0,2000005417,Maps from,2025-04-16,2099-12-31,
2000005418,0,Maps to,2025-04-16,2099-12-31,
0,2000005418,Maps from,2025-04-16,2099-12-31,
2000005419,0,Maps to,2025-04-16,2099-12-31,
0,2000005419,Maps from,2025-04-16,2099-12-31,
2000005420,0,Maps to,2025-04-16,2099-12-31,
0,2000005420,Maps from,2025-04-16,2099-12-31,
2000005421,0,Maps to,2025-04-16,2099-12-31,
0,2000005421,Maps from,2025-04-16,2099-12-31,
2000005422,0,Maps to,2025-04-16,2099-12-31,
0,2000005422,Maps from,2025-04-16,2099-12-31,
2000005423,0,Maps to,2025-04-16,2099-12-31,
0,2000005423,Maps from,2025-04-16,2099-12-31,
2000005424,0,Maps to,2025-04-16,2099-12-31,
0,2000005424,Maps from,2025-04-16,2099-12-31,
2000005426,0,Maps to,2025-04-16,2099-12-31,
0,2000005426,Maps from,2025-04-16,2099-12-31,
2000005425,0,Maps to,2025-04-16,2099-12-31,
0,2000005425,Maps from,2025-04-16,2099-12-31,
2000005427,0,Maps to,2025-04-16,2099-12-31,
0,2000005427,Maps from,2025-04-16,2099-12-31,
2000005428,0,Maps to,2025-04-16,2099-12-31,
0,2000005428,Maps from,2025-04-16,2099-12-31,
2000005429,0,Maps to,2025-04-16,2099-12-31,
0,2000005429,Maps from,2025-04-16,2099-12-31,
2000005430,0,Maps to,2025-04-16,2099-12-31,
0,2000005430,Maps from,2025-04-16,2099-12-31,
2000005432,0,Maps to,2025-04-16,2099-12-31,
0,2000005432,Maps from,2025-04-16,2099-12-31,
2000005431,0,Maps to,2025-04-16,2099-12-31,
0,2000005431,Maps from,2025-04-16,2099-12-31,
2000005433,0,Maps to,2025-04-16,2099-12-31,
0,2000005433,Maps from,2025-04-16,2099-12-31,
2000005434,0,Maps to,2025-04-16,2099-12-31,
0,2000005434,Maps from,2025-04-16,2099-12-31,
2000005435,0,Maps to,2025-04-16,2099-12-31,
0,2000005435,Maps from,2025-04-16,2099-12-31,
2000005436,0,Maps to,2025-04-16,2099-12-31,
0,2000005436,Maps from,2025-04-16,2099-12-31,
2000005437,0,Maps to,2025-04-16,2099-12-31,
0,2000005437,Maps from,2025-04-16,2099-12-31,
2000005438,0,Maps to,2025-04-16,2099-12-31,
0,2000005438,Maps from,2025-04-16,2099-12-31,
2000005439,0,Maps to,2025-04-16,2099-12-31,
0,2000005439,Maps from,2025-04-16,2099-12-31,
2000005440,0,Maps to,2025-04-16,2099-12-31,
0,2000005440,Maps from,2025-04-16,2099-12-31,
2000005441,0,Maps to,2025-04-16,2099-12-31,
0,2000005441,Maps from,2025-04-16,2099-12-31,
2000005442,0,Maps to,2025-04-16,2099-12-31,
0,2000005442,Maps from,2025-04-16,2099-12-31,
2000005443,0,Maps to,2025-04-16,2099-12-31,
0,2000005443,Maps from,2025-04-16,2099-12-31,
2000005444,0,Maps to,2025-04-16,2099-12-31,
0,2000005444,Maps from,2025-04-16,2099-12-31,
2000005445,0,Maps to,2025-04-16,2099-12-31,
0,2000005445,Maps from,2025-04-16,2099-12-31,
2000005447,0,Maps to,2025-04-16,2099-12-31,
0,2000005447,Maps from,2025-04-16,2099-12-31,
2000005446,0,Maps to,2025-04-16,2099-12-31,
0,2000005446,Maps from,2025-04-16,2099-12-31,
2000005448,0,Maps to,2025-04-16,2099-12-31,
0,2000005448,Maps from,2025-04-16,2099-12-31,
2000005450,0,Maps to,2025-04-16,2099-12-31,
0,2000005450,Maps from,2025-04-16,2099-12-31,
2000005449,0,Maps to,2025-04-16,2099-12-31,
0,2000005449,Maps from,2025-04-16,2099-12-31,
2000005451,0,Maps to,2025-04-16,2099-12-31,
0,2000005451,Maps from,2025-04-16,2099-12-31,
2000005452,0,Maps to,2025-04-16,2099-12-31,
0,2000005452,Maps from,2025-04-16,2099-12-31,
2000005453,0,Maps to,2025-04-16,2099-12-31,
0,2000005453,Maps from,2025-04-16,2099-12-31,
2000000364,0,Maps to,2025-04-16,2099-12-31,
0,2000000364,Maps from,2025-04-16,2099-12-31,
2000005454,0,Maps to,2025-04-16,2099-12-31,
0,2000005454,Maps from,2025-04-16,2099-12-31,
2000005455,0,Maps to,2025-04-16,2099-12-31,
0,2000005455,Maps from,2025-04-16,2099-12-31,
2000005456,0,Maps to,2025-04-16,2099-12-31,
0,2000005456,Maps from,2025-04-16,2099-12-31,
2000005457,0,Maps to,2025-04-16,2099-12-31,
0,2000005457,Maps from,2025-04-16,2099-12-31,
2000005458,0,Maps to,2025-04-16,2099-12-31,
0,2000005458,Maps from,2025-04-16,2099-12-31,
2000005459,0,Maps to,2025-04-16,2099-12-31,
0,2000005459,Maps from,2025-04-16,2099-12-31,
2000005460,0,Maps to,2025-04-16,2099-12-31,
0,2000005460,Maps from,2025-04-16,2099-12-31,
2000005462,0,Maps to,2025-04-16,2099-12-31,
0,2000005462,Maps from,2025-04-16,2099-12-31,
2000005461,0,Maps to,2025-04-16,2099-12-31,
0,2000005461,Maps from,2025-04-16,2099-12-31,
2000005463,0,Maps to,2025-04-16,2099-12-31,
0,2000005463,Maps from,2025-04-16,2099-12-31,
2000005465,0,Maps to,2025-04-16,2099-12-31,
0,2000005465,Maps from,2025-04-16,2099-12-31,
2000005464,0,Maps to,2025-04-16,2099-12-31,
0,2000005464,Maps from,2025-04-16,2099-12-31,
2000005466,0,Maps to,2025-04-16,2099-12-31,
0,2000005466,Maps from,2025-04-16,2099-12-31,
2000005467,0,Maps to,2025-04-16,2099-12-31,
0,2000005467,Maps from,2025-04-16,2099-12-31,
2000005469,0,Maps to,2025-04-16,2099-12-31,
0,2000005469,Maps from,2025-04-16,2099-12-31,
2000005468,0,Maps to,2025-04-16,2099-12-31,
0,2000005468,Maps from,2025-04-16,2099-12-31,
2000005470,0,Maps to,2025-04-16,2099-12-31,
0,2000005470,Maps from,2025-04-16,2099-12-31,
2000005471,0,Maps to,2025-04-16,2099-12-31,
0,2000005471,Maps from,2025-04-16,2099-12-31,
2000005472,0,Maps to,2025-04-16,2099-12-31,
0,2000005472,Maps from,2025-04-16,2099-12-31,
2000005473,0,Maps to,2025-04-16,2099-12-31,
0,2000005473,Maps from,2025-04-16,2099-12-31,
2000005474,0,Maps to,2025-04-16,2099-12-31,
0,2000005474,Maps from,2025-04-16,2099-12-31,
2000005475,0,Maps to,2025-04-16,2099-12-31,
0,2000005475,Maps from,2025-04-16,2099-12-31,
2000005476,0,Maps to,2025-04-16,2099-12-31,
0,2000005476,Maps from,2025-04-16,2099-12-31,
2000005477,0,Maps to,2025-04-16,2099-12-31,
0,2000005477,Maps from,2025-04-16,2099-12-31,
2000005478,0,Maps to,2025-04-16,2099-12-31,
0,2000005478,Maps from,2025-04-16,2099-12-31,
2000005479,0,Maps to,2025-04-16,2099-12-31,
0,2000005479,Maps from,2025-04-16,2099-12-31,
2000005480,0,Maps to,2025-04-16,2099-12-31,
0,2000005480,Maps from,2025-04-16,2099-12-31,
2000005482,0,Maps to,2025-04-16,2099-12-31,
0,2000005482,Maps from,2025-04-16,2099-12-31,
2000005481,0,Maps to,2025-04-16,2099-12-31,
0,2000005481,Maps from,2025-04-16,2099-12-31,
2000005483,0,Maps to,2025-04-16,2099-12-31,
0,2000005483,Maps from,2025-04-16,2099-12-31,
2000005484,0,Maps to,2025-04-16,2099-12-31,
0,2000005484,Maps from,2025-04-16,2099-12-31,
2000005486,0,Maps to,2025-04-16,2099-12-31,
0,2000005486,Maps from,2025-04-16,2099-12-31,
2000005485,0,Maps to,2025-04-16,2099-12-31,
0,2000005485,Maps from,2025-04-16,2099-12-31,
2000005487,0,Maps to,2025-04-16,2099-12-31,
0,2000005487,Maps from,2025-04-16,2099-12-31,
2000005488,0,Maps to,2025-04-16,2099-12-31,
0,2000005488,Maps from,2025-04-16,2099-12-31,
2000005489,0,Maps to,2025-04-16,2099-12-31,
0,2000005489,Maps from,2025-04-16,2099-12-31,
2000005490,0,Maps to,2025-04-16,2099-12-31,
0,2000005490,Maps from,2025-04-16,2099-12-31,
2000005492,0,Maps to,2025-04-16,2099-12-31,
0,2000005492,Maps from,2025-04-16,2099-12-31,
2000005491,0,Maps to,2025-04-16,2099-12-31,
0,2000005491,Maps from,2025-04-16,2099-12-31,
2000005493,0,Maps to,2025-04-16,2099-12-31,
0,2000005493,Maps from,2025-04-16,2099-12-31,
2000005494,0,Maps to,2025-04-16,2099-12-31,
0,2000005494,Maps from,2025-04-16,2099-12-31,
2000005496,0,Maps to,2025-04-16,2099-12-31,
0,2000005496,Maps from,2025-04-16,2099-12-31,
2000005495,0,Maps to,2025-04-16,2099-12-31,
0,2000005495,Maps from,2025-04-16,2099-12-31,
2000005497,0,Maps to,2025-04-16,2099-12-31,
0,2000005497,Maps from,2025-04-16,2099-12-31,
2000005498,0,Maps to,2025-04-16,2099-12-31,
0,2000005498,Maps from,2025-04-16,2099-12-31,
2000005499,0,Maps to,2025-04-16,2099-12-31,
0,2000005499,Maps from,2025-04-16,2099-12-31,
2000005500,0,Maps to,2025-04-16,2099-12-31,
0,2000005500,Maps from,2025-04-16,2099-12-31,
2000005501,0,Maps to,2025-04-16,2099-12-31,
0,2000005501,Maps from,2025-04-16,2099-12-31,
2000005502,0,Maps to,2025-04-16,2099-12-31,
0,2000005502,Maps from,2025-04-16,2099-12-31,
2000005503,0,Maps to,2025-04-16,2099-12-31,
0,2000005503,Maps from,2025-04-16,2099-12-31,
2000005504,0,Maps to,2025-04-16,2099-12-31,
0,2000005504,Maps from,2025-04-16,2099-12-31,
2000005505,0,Maps to,2025-04-16,2099-12-31,
0,2000005505,Maps from,2025-04-16,2099-12-31,
2000005506,0,Maps to,2025-04-16,2099-12-31,
0,2000005506,Maps from,2025-04-16,2099-12-31,
2000005507,0,Maps to,2025-04-16,2099-12-31,
0,2000005507,Maps from,2025-04-16,2099-12-31,
2000005508,0,Maps to,2025-04-16,2099-12-31,
0,2000005508,Maps from,2025-04-16,2099-12-31,
2000000365,0,Maps to,2025-04-16,2099-12-31,
0,2000000365,Maps from,2025-04-16,2099-12-31,
2000005510,0,Maps to,2025-04-16,2099-12-31,
0,2000005510,Maps from,2025-04-16,2099-12-31,
2000005509,0,Maps to,2025-04-16,2099-12-31,
0,2000005509,Maps from,2025-04-16,2099-12-31,
2000005511,0,Maps to,2025-04-16,2099-12-31,
0,2000005511,Maps from,2025-04-16,2099-12-31,
2000005512,0,Maps to,2025-04-16,2099-12-31,
0,2000005512,Maps from,2025-04-16,2099-12-31,
2000005513,0,Maps to,2025-04-16,2099-12-31,
0,2000005513,Maps from,2025-04-16,2099-12-31,
2000005514,0,Maps to,2025-04-16,2099-12-31,
0,2000005514,Maps from,2025-04-16,2099-12-31,
2000005515,0,Maps to,2025-04-16,2099-12-31,
0,2000005515,Maps from,2025-04-16,2099-12-31,
2000005517,0,Maps to,2025-04-16,2099-12-31,
0,2000005517,Maps from,2025-04-16,2099-12-31,
2000005516,0,Maps to,2025-04-16,2099-12-31,
0,2000005516,Maps from,2025-04-16,2099-12-31,
2000005518,0,Maps to,2025-04-16,2099-12-31,
0,2000005518,Maps from,2025-04-16,2099-12-31,
2000000366,0,Maps to,2025-04-16,2099-12-31,
0,2000000366,Maps from,2025-04-16,2099-12-31,
2000005519,0,Maps to,2025-04-16,2099-12-31,
0,2000005519,Maps from,2025-04-16,2099-12-31,
2000005520,0,Maps to,2025-04-16,2099-12-31,
0,2000005520,Maps from,2025-04-16,2099-12-31,
2000005521,0,Maps to,2025-04-16,2099-12-31,
0,2000005521,Maps from,2025-04-16,2099-12-31,
2000005522,0,Maps to,2025-04-16,2099-12-31,
0,2000005522,Maps from,2025-04-16,2099-12-31,
2000005523,0,Maps to,2025-04-16,2099-12-31,
0,2000005523,Maps from,2025-04-16,2099-12-31,
2000005524,0,Maps to,2025-04-16,2099-12-31,
0,2000005524,Maps from,2025-04-16,2099-12-31,
2000005525,0,Maps to,2025-04-16,2099-12-31,
0,2000005525,Maps from,2025-04-16,2099-12-31,
2000005526,0,Maps to,2025-04-16,2099-12-31,
0,2000005526,Maps from,2025-04-16,2099-12-31,
2000005527,0,Maps to,2025-04-16,2099-12-31,
0,2000005527,Maps from,2025-04-16,2099-12-31,
2000005528,0,Maps to,2025-04-16,2099-12-31,
0,2000005528,Maps from,2025-04-16,2099-12-31,
2000005530,0,Maps to,2025-04-16,2099-12-31,
0,2000005530,Maps from,2025-04-16,2099-12-31,
2000005529,0,Maps to,2025-04-16,2099-12-31,
0,2000005529,Maps from,2025-04-16,2099-12-31,
2000005531,0,Maps to,2025-04-16,2099-12-31,
0,2000005531,Maps from,2025-04-16,2099-12-31,
2000005532,0,Maps to,2025-04-16,2099-12-31,
0,2000005532,Maps from,2025-04-16,2099-12-31,
2000005534,0,Maps to,2025-04-16,2099-12-31,
0,2000005534,Maps from,2025-04-16,2099-12-31,
2000005533,0,Maps to,2025-04-16,2099-12-31,
0,2000005533,Maps from,2025-04-16,2099-12-31,
2000005535,0,Maps to,2025-04-16,2099-12-31,
0,2000005535,Maps from,2025-04-16,2099-12-31,
2000005536,0,Maps to,2025-04-16,2099-12-31,
0,2000005536,Maps from,2025-04-16,2099-12-31,
2000005537,0,Maps to,2025-04-16,2099-12-31,
0,2000005537,Maps from,2025-04-16,2099-12-31,
2000005538,0,Maps to,2025-04-16,2099-12-31,
0,2000005538,Maps from,2025-04-16,2099-12-31,
2000005539,0,Maps to,2025-04-16,2099-12-31,
0,2000005539,Maps from,2025-04-16,2099-12-31,
2000005540,0,Maps to,2025-04-16,2099-12-31,
0,2000005540,Maps from,2025-04-16,2099-12-31,
2000005541,0,Maps to,2025-04-16,2099-12-31,
0,2000005541,Maps from,2025-04-16,2099-12-31,
2000005542,0,Maps to,2025-04-16,2099-12-31,
0,2000005542,Maps from,2025-04-16,2099-12-31,
2000005543,0,Maps to,2025-04-16,2099-12-31,
0,2000005543,Maps from,2025-04-16,2099-12-31,
2000005544,0,Maps to,2025-04-16,2099-12-31,
0,2000005544,Maps from,2025-04-16,2099-12-31,
2000005545,0,Maps to,2025-04-16,2099-12-31,
0,2000005545,Maps from,2025-04-16,2099-12-31,
2000005547,0,Maps to,2025-04-16,2099-12-31,
0,2000005547,Maps from,2025-04-16,2099-12-31,
2000005546,0,Maps to,2025-04-16,2099-12-31,
0,2000005546,Maps from,2025-04-16,2099-12-31,
2000005548,0,Maps to,2025-04-16,2099-12-31,
0,2000005548,Maps from,2025-04-16,2099-12-31,
2000005549,0,Maps to,2025-04-16,2099-12-31,
0,2000005549,Maps from,2025-04-16,2099-12-31,
2000005550,0,Maps to,2025-04-16,2099-12-31,
0,2000005550,Maps from,2025-04-16,2099-12-31,
2000005551,0,Maps to,2025-04-16,2099-12-31,
0,2000005551,Maps from,2025-04-16,2099-12-31,
2000005552,0,Maps to,2025-04-16,2099-12-31,
0,2000005552,Maps from,2025-04-16,2099-12-31,
2000005553,0,Maps to,2025-04-16,2099-12-31,
0,2000005553,Maps from,2025-04-16,2099-12-31,
2000005554,0,Maps to,2025-04-16,2099-12-31,
0,2000005554,Maps from,2025-04-16,2099-12-31,
2000005555,0,Maps to,2025-04-16,2099-12-31,
0,2000005555,Maps from,2025-04-16,2099-12-31,
2000005557,0,Maps to,2025-04-16,2099-12-31,
0,2000005557,Maps from,2025-04-16,2099-12-31,
2000005556,0,Maps to,2025-04-16,2099-12-31,
0,2000005556,Maps from,2025-04-16,2099-12-31,
2000005558,0,Maps to,2025-04-16,2099-12-31,
0,2000005558,Maps from,2025-04-16,2099-12-31,
2000005559,0,Maps to,2025-04-16,2099-12-31,
0,2000005559,Maps from,2025-04-16,2099-12-31,
2000005561,0,Maps to,2025-04-16,2099-12-31,
0,2000005561,Maps from,2025-04-16,2099-12-31,
2000005560,0,Maps to,2025-04-16,2099-12-31,
0,2000005560,Maps from,2025-04-16,2099-12-31,
2000005562,0,Maps to,2025-04-16,2099-12-31,
0,2000005562,Maps from,2025-04-16,2099-12-31,
2000005563,0,Maps to,2025-04-16,2099-12-31,
0,2000005563,Maps from,2025-04-16,2099-12-31,
2000005564,0,Maps to,2025-04-16,2099-12-31,
0,2000005564,Maps from,2025-04-16,2099-12-31,
2000005565,0,Maps to,2025-04-16,2099-12-31,
0,2000005565,Maps from,2025-04-16,2099-12-31,
2000005567,0,Maps to,2025-04-16,2099-12-31,
0,2000005567,Maps from,2025-04-16,2099-12-31,
2000005566,0,Maps to,2025-04-16,2099-12-31,
0,2000005566,Maps from,2025-04-16,2099-12-31,
2000005568,0,Maps to,2025-04-16,2099-12-31,
0,2000005568,Maps from,2025-04-16,2099-12-31,
2000005569,0,Maps to,2025-04-16,2099-12-31,
0,2000005569,Maps from,2025-04-16,2099-12-31,
2000005570,0,Maps to,2025-04-16,2099-12-31,
0,2000005570,Maps from,2025-04-16,2099-12-31,
2000005571,0,Maps to,2025-04-16,2099-12-31,
0,2000005571,Maps from,2025-04-16,2099-12-31,
2000005572,0,Maps to,2025-04-16,2099-12-31,
0,2000005572,Maps from,2025-04-16,2099-12-31,
2000005573,0,Maps to,2025-04-16,2099-12-31,
0,2000005573,Maps from,2025-04-16,2099-12-31,
2000005574,0,Maps to,2025-04-16,2099-12-31,
0,2000005574,Maps from,2025-04-16,2099-12-31,
2000005575,0,Maps to,2025-04-16,2099-12-31,
0,2000005575,Maps from,2025-04-16,2099-12-31,
2000005576,0,Maps to,2025-04-16,2099-12-31,
0,2000005576,Maps from,2025-04-16,2099-12-31,
2000005577,0,Maps to,2025-04-16,2099-12-31,
0,2000005577,Maps from,2025-04-16,2099-12-31,
2000005578,0,Maps to,2025-04-16,2099-12-31,
0,2000005578,Maps from,2025-04-16,2099-12-31,
2000005580,0,Maps to,2025-04-16,2099-12-31,
0,2000005580,Maps from,2025-04-16,2099-12-31,
2000005579,0,Maps to,2025-04-16,2099-12-31,
0,2000005579,Maps from,2025-04-16,2099-12-31,
2000005581,0,Maps to,2025-04-16,2099-12-31,
0,2000005581,Maps from,2025-04-16,2099-12-31,
2000005582,0,Maps to,2025-04-16,2099-12-31,
0,2000005582,Maps from,2025-04-16,2099-12-31,
2000005583,0,Maps to,2025-04-16,2099-12-31,
0,2000005583,Maps from,2025-04-16,2099-12-31,
2000005584,0,Maps to,2025-04-16,2099-12-31,
0,2000005584,Maps from,2025-04-16,2099-12-31,
2000005585,0,Maps to,2025-04-16,2099-12-31,
0,2000005585,Maps from,2025-04-16,2099-12-31,
2000005587,0,Maps to,2025-04-16,2099-12-31,
0,2000005587,Maps from,2025-04-16,2099-12-31,
2000005586,0,Maps to,2025-04-16,2099-12-31,
0,2000005586,Maps from,2025-04-16,2099-12-31,
2000005588,0,Maps to,2025-04-16,2099-12-31,
0,2000005588,Maps from,2025-04-16,2099-12-31,
2000005589,0,Maps to,2025-04-16,2099-12-31,
0,2000005589,Maps from,2025-04-16,2099-12-31,
2000005590,0,Maps to,2025-04-16,2099-12-31,
0,2000005590,Maps from,2025-04-16,2099-12-31,
2000005591,0,Maps to,2025-04-16,2099-12-31,
0,2000005591,Maps from,2025-04-16,2099-12-31,
2000005592,0,Maps to,2025-04-16,2099-12-31,
0,2000005592,Maps from,2025-04-16,2099-12-31,
2000005594,0,Maps to,2025-04-16,2099-12-31,
0,2000005594,Maps from,2025-04-16,2099-12-31,
2000005593,0,Maps to,2025-04-16,2099-12-31,
0,2000005593,Maps from,2025-04-16,2099-12-31,
2000005595,0,Maps to,2025-04-16,2099-12-31,
0,2000005595,Maps from,2025-04-16,2099-12-31,
2000005596,0,Maps to,2025-04-16,2099-12-31,
0,2000005596,Maps from,2025-04-16,2099-12-31,
2000005597,0,Maps to,2025-04-16,2099-12-31,
0,2000005597,Maps from,2025-04-16,2099-12-31,
2000005598,0,Maps to,2025-04-16,2099-12-31,
0,2000005598,Maps from,2025-04-16,2099-12-31,
2000005599,0,Maps to,2025-04-16,2099-12-31,
0,2000005599,Maps from,2025-04-16,2099-12-31,
2000005601,0,Maps to,2025-04-16,2099-12-31,
0,2000005601,Maps from,2025-04-16,2099-12-31,
2000005600,0,Maps to,2025-04-16,2099-12-31,
0,2000005600,Maps from,2025-04-16,2099-12-31,
2000005602,0,Maps to,2025-04-16,2099-12-31,
0,2000005602,Maps from,2025-04-16,2099-12-31,
2000005604,0,Maps to,2025-04-16,2099-12-31,
0,2000005604,Maps from,2025-04-16,2099-12-31,
2000005603,0,Maps to,2025-04-16,2099-12-31,
0,2000005603,Maps from,2025-04-16,2099-12-31,
2000005605,0,Maps to,2025-04-16,2099-12-31,
0,2000005605,Maps from,2025-04-16,2099-12-31,
2000005606,0,Maps to,2025-04-16,2099-12-31,
0,2000005606,Maps from,2025-04-16,2099-12-31,
2000005607,0,Maps to,2025-04-16,2099-12-31,
0,2000005607,Maps from,2025-04-16,2099-12-31,
2000005608,0,Maps to,2025-04-16,2099-12-31,
0,2000005608,Maps from,2025-04-16,2099-12-31,
2000005609,0,Maps to,2025-04-16,2099-12-31,
0,2000005609,Maps from,2025-04-16,2099-12-31,
2000005611,0,Maps to,2025-04-16,2099-12-31,
0,2000005611,Maps from,2025-04-16,2099-12-31,
2000005610,0,Maps to,2025-04-16,2099-12-31,
0,2000005610,Maps from,2025-04-16,2099-12-31,
2000005612,0,Maps to,2025-04-16,2099-12-31,
0,2000005612,Maps from,2025-04-16,2099-12-31,
2000005613,0,Maps to,2025-04-16,2099-12-31,
0,2000005613,Maps from,2025-04-16,2099-12-31,
2000005614,0,Maps to,2025-04-16,2099-12-31,
0,2000005614,Maps from,2025-04-16,2099-12-31,
2000005615,0,Maps to,2025-04-16,2099-12-31,
0,2000005615,Maps from,2025-04-16,2099-12-31,
2000005616,0,Maps to,2025-04-16,2099-12-31,
0,2000005616,Maps from,2025-04-16,2099-12-31,
2000005618,0,Maps to,2025-04-16,2099-12-31,
0,2000005618,Maps from,2025-04-16,2099-12-31,
2000005617,0,Maps to,2025-04-16,2099-12-31,
0,2000005617,Maps from,2025-04-16,2099-12-31,
2000005619,0,Maps to,2025-04-16,2099-12-31,
0,2000005619,Maps from,2025-04-16,2099-12-31,
2000005621,0,Maps to,2025-04-16,2099-12-31,
0,2000005621,Maps from,2025-04-16,2099-12-31,
2000005620,0,Maps to,2025-04-16,2099-12-31,
0,2000005620,Maps from,2025-04-16,2099-12-31,
2000005622,0,Maps to,2025-04-16,2099-12-31,
0,2000005622,Maps from,2025-04-16,2099-12-31,
2000005624,0,Maps to,2025-04-16,2099-12-31,
0,2000005624,Maps from,2025-04-16,2099-12-31,
2000005623,0,Maps to,2025-04-16,2099-12-31,
0,2000005623,Maps from,2025-04-16,2099-12-31,
2000005625,0,Maps to,2025-04-16,2099-12-31,
0,2000005625,Maps from,2025-04-16,2099-12-31,
2000005626,0,Maps to,2025-04-16,2099-12-31,
0,2000005626,Maps from,2025-04-16,2099-12-31,
2000005627,0,Maps to,2025-04-16,2099-12-31,
0,2000005627,Maps from,2025-04-16,2099-12-31,
2000005628,0,Maps to,2025-04-16,2099-12-31,
0,2000005628,Maps from,2025-04-16,2099-12-31,
2000005629,0,Maps to,2025-04-16,2099-12-31,
0,2000005629,Maps from,2025-04-16,2099-12-31,
2000005631,0,Maps to,2025-04-16,2099-12-31,
0,2000005631,Maps from,2025-04-16,2099-12-31,
2000005630,0,Maps to,2025-04-16,2099-12-31,
0,2000005630,Maps from,2025-04-16,2099-12-31,
2000005632,0,Maps to,2025-04-16,2099-12-31,
0,2000005632,Maps from,2025-04-16,2099-12-31,
2000005634,0,Maps to,2025-04-16,2099-12-31,
0,2000005634,Maps from,2025-04-16,2099-12-31,
2000005633,0,Maps to,2025-04-16,2099-12-31,
0,2000005633,Maps from,2025-04-16,2099-12-31,
2000005635,0,Maps to,2025-04-16,2099-12-31,
0,2000005635,Maps from,2025-04-16,2099-12-31,
2000005636,0,Maps to,2025-04-16,2099-12-31,
0,2000005636,Maps from,2025-04-16,2099-12-31,
2000005637,0,Maps to,2025-04-16,2099-12-31,
0,2000005637,Maps from,2025-04-16,2099-12-31,
2000005638,0,Maps to,2025-04-16,2099-12-31,
0,2000005638,Maps from,2025-04-16,2099-12-31,
2000005639,0,Maps to,2025-04-16,2099-12-31,
0,2000005639,Maps from,2025-04-16,2099-12-31,
2000005640,0,Maps to,2025-04-16,2099-12-31,
0,2000005640,Maps from,2025-04-16,2099-12-31,
2000005641,0,Maps to,2025-04-16,2099-12-31,
0,2000005641,Maps from,2025-04-16,2099-12-31,
2000005642,0,Maps to,2025-04-16,2099-12-31,
0,2000005642,Maps from,2025-04-16,2099-12-31,
2000005643,0,Maps to,2025-04-16,2099-12-31,
0,2000005643,Maps from,2025-04-16,2099-12-31,
2000005644,0,Maps to,2025-04-16,2099-12-31,
0,2000005644,Maps from,2025-04-16,2099-12-31,
2000005645,0,Maps to,2025-04-16,2099-12-31,
0,2000005645,Maps from,2025-04-16,2099-12-31,
2000005646,0,Maps to,2025-04-16,2099-12-31,
0,2000005646,Maps from,2025-04-16,2099-12-31,
2000005648,0,Maps to,2025-04-16,2099-12-31,
0,2000005648,Maps from,2025-04-16,2099-12-31,
2000005647,0,Maps to,2025-04-16,2099-12-31,
0,2000005647,Maps from,2025-04-16,2099-12-31,
2000005649,0,Maps to,2025-04-16,2099-12-31,
0,2000005649,Maps from,2025-04-16,2099-12-31,
2000005651,0,Maps to,2025-04-16,2099-12-31,
0,2000005651,Maps from,2025-04-16,2099-12-31,
2000005650,0,Maps to,2025-04-16,2099-12-31,
0,2000005650,Maps from,2025-04-16,2099-12-31,
2000005652,0,Maps to,2025-04-16,2099-12-31,
0,2000005652,Maps from,2025-04-16,2099-12-31,
2000005653,0,Maps to,2025-04-16,2099-12-31,
0,2000005653,Maps from,2025-04-16,2099-12-31,
2000005654,0,Maps to,2025-04-16,2099-12-31,
0,2000005654,Maps from,2025-04-16,2099-12-31,
2000005655,0,Maps to,2025-04-16,2099-12-31,
0,2000005655,Maps from,2025-04-16,2099-12-31,
2000005656,0,Maps to,2025-04-16,2099-12-31,
0,2000005656,Maps from,2025-04-16,2099-12-31,
2000005657,0,Maps to,2025-04-16,2099-12-31,
0,2000005657,Maps from,2025-04-16,2099-12-31,
2000005659,0,Maps to,2025-04-16,2099-12-31,
0,2000005659,Maps from,2025-04-16,2099-12-31,
2000005658,0,Maps to,2025-04-16,2099-12-31,
0,2000005658,Maps from,2025-04-16,2099-12-31,
2000005660,0,Maps to,2025-04-16,2099-12-31,
0,2000005660,Maps from,2025-04-16,2099-12-31,
2000005661,0,Maps to,2025-04-16,2099-12-31,
0,2000005661,Maps from,2025-04-16,2099-12-31,
2000005662,0,Maps to,2025-04-16,2099-12-31,
0,2000005662,Maps from,2025-04-16,2099-12-31,
2000005663,0,Maps to,2025-04-16,2099-12-31,
0,2000005663,Maps from,2025-04-16,2099-12-31,
2000005665,0,Maps to,2025-04-16,2099-12-31,
0,2000005665,Maps from,2025-04-16,2099-12-31,
2000005664,0,Maps to,2025-04-16,2099-12-31,
0,2000005664,Maps from,2025-04-16,2099-12-31,
2000005666,0,Maps to,2025-04-16,2099-12-31,
0,2000005666,Maps from,2025-04-16,2099-12-31,
2000005667,0,Maps to,2025-04-16,2099-12-31,
0,2000005667,Maps from,2025-04-16,2099-12-31,
2000005669,0,Maps to,2025-04-16,2099-12-31,
0,2000005669,Maps from,2025-04-16,2099-12-31,
2000005668,0,Maps to,2025-04-16,2099-12-31,
0,2000005668,Maps from,2025-04-16,2099-12-31,
2000005670,0,Maps to,2025-04-16,2099-12-31,
0,2000005670,Maps from,2025-04-16,2099-12-31,
2000005672,0,Maps to,2025-04-16,2099-12-31,
0,2000005672,Maps from,2025-04-16,2099-12-31,
2000005671,0,Maps to,2025-04-16,2099-12-31,
0,2000005671,Maps from,2025-04-16,2099-12-31,
2000005673,0,Maps to,2025-04-16,2099-12-31,
0,2000005673,Maps from,2025-04-16,2099-12-31,
2000005674,0,Maps to,2025-04-16,2099-12-31,
0,2000005674,Maps from,2025-04-16,2099-12-31,
2000005675,0,Maps to,2025-04-16,2099-12-31,
0,2000005675,Maps from,2025-04-16,2099-12-31,
2000005676,0,Maps to,2025-04-16,2099-12-31,
0,2000005676,Maps from,2025-04-16,2099-12-31,
2000005677,0,Maps to,2025-04-16,2099-12-31,
0,2000005677,Maps from,2025-04-16,2099-12-31,
2000005679,0,Maps to,2025-04-16,2099-12-31,
0,2000005679,Maps from,2025-04-16,2099-12-31,
2000005678,0,Maps to,2025-04-16,2099-12-31,
0,2000005678,Maps from,2025-04-16,2099-12-31,
2000005680,0,Maps to,2025-04-16,2099-12-31,
0,2000005680,Maps from,2025-04-16,2099-12-31,
2000005681,0,Maps to,2025-04-16,2099-12-31,
0,2000005681,Maps from,2025-04-16,2099-12-31,
2000005682,0,Maps to,2025-04-16,2099-12-31,
0,2000005682,Maps from,2025-04-16,2099-12-31,
2000005683,0,Maps to,2025-04-16,2099-12-31,
0,2000005683,Maps from,2025-04-16,2099-12-31,
2000005685,0,Maps to,2025-04-16,2099-12-31,
0,2000005685,Maps from,2025-04-16,2099-12-31,
2000005684,0,Maps to,2025-04-16,2099-12-31,
0,2000005684,Maps from,2025-04-16,2099-12-31,
2000005686,0,Maps to,2025-04-16,2099-12-31,
0,2000005686,Maps from,2025-04-16,2099-12-31,
2000005687,0,Maps to,2025-04-16,2099-12-31,
0,2000005687,Maps from,2025-04-16,2099-12-31,
2000005688,0,Maps to,2025-04-16,2099-12-31,
0,2000005688,Maps from,2025-04-16,2099-12-31,
2000005689,0,Maps to,2025-04-16,2099-12-31,
0,2000005689,Maps from,2025-04-16,2099-12-31,
2000005690,0,Maps to,2025-04-16,2099-12-31,
0,2000005690,Maps from,2025-04-16,2099-12-31,
2000005691,0,Maps to,2025-04-16,2099-12-31,
0,2000005691,Maps from,2025-04-16,2099-12-31,
2000005692,0,Maps to,2025-04-16,2099-12-31,
0,2000005692,Maps from,2025-04-16,2099-12-31,
2000005693,0,Maps to,2025-04-16,2099-12-31,
0,2000005693,Maps from,2025-04-16,2099-12-31,
2000005695,0,Maps to,2025-04-16,2099-12-31,
0,2000005695,Maps from,2025-04-16,2099-12-31,
2000005694,0,Maps to,2025-04-16,2099-12-31,
0,2000005694,Maps from,2025-04-16,2099-12-31,
2000005696,0,Maps to,2025-04-16,2099-12-31,
0,2000005696,Maps from,2025-04-16,2099-12-31,
2000005698,0,Maps to,2025-04-16,2099-12-31,
0,2000005698,Maps from,2025-04-16,2099-12-31,
2000005697,0,Maps to,2025-04-16,2099-12-31,
0,2000005697,Maps from,2025-04-16,2099-12-31,
2000005699,0,Maps to,2025-04-16,2099-12-31,
0,2000005699,Maps from,2025-04-16,2099-12-31,
2000005700,0,Maps to,2025-04-16,2099-12-31,
0,2000005700,Maps from,2025-04-16,2099-12-31,
2000005701,0,Maps to,2025-04-16,2099-12-31,
0,2000005701,Maps from,2025-04-16,2099-12-31,
2000005702,0,Maps to,2025-04-16,2099-12-31,
0,2000005702,Maps from,2025-04-16,2099-12-31,
2000005703,0,Maps to,2025-04-16,2099-12-31,
0,2000005703,Maps from,2025-04-16,2099-12-31,
2000005705,0,Maps to,2025-04-16,2099-12-31,
0,2000005705,Maps from,2025-04-16,2099-12-31,
2000005704,0,Maps to,2025-04-16,2099-12-31,
0,2000005704,Maps from,2025-04-16,2099-12-31,
2000005706,0,Maps to,2025-04-16,2099-12-31,
0,2000005706,Maps from,2025-04-16,2099-12-31,
2000005707,0,Maps to,2025-04-16,2099-12-31,
0,2000005707,Maps from,2025-04-16,2099-12-31,
2000005709,0,Maps to,2025-04-16,2099-12-31,
0,2000005709,Maps from,2025-04-16,2099-12-31,
2000000367,0,Maps to,2025-04-16,2099-12-31,
0,2000000367,Maps from,2025-04-16,2099-12-31,
2000005708,0,Maps to,2025-04-16,2099-12-31,
0,2000005708,Maps from,2025-04-16,2099-12-31,
2000005710,0,Maps to,2025-04-16,2099-12-31,
0,2000005710,Maps from,2025-04-16,2099-12-31,
2000005711,0,Maps to,2025-04-16,2099-12-31,
0,2000005711,Maps from,2025-04-16,2099-12-31,
2000005712,0,Maps to,2025-04-16,2099-12-31,
0,2000005712,Maps from,2025-04-16,2099-12-31,
2000005713,0,Maps to,2025-04-16,2099-12-31,
0,2000005713,Maps from,2025-04-16,2099-12-31,
2000005714,0,Maps to,2025-04-16,2099-12-31,
0,2000005714,Maps from,2025-04-16,2099-12-31,
2000005715,0,Maps to,2025-04-16,2099-12-31,
0,2000005715,Maps from,2025-04-16,2099-12-31,
2000005716,0,Maps to,2025-04-16,2099-12-31,
0,2000005716,Maps from,2025-04-16,2099-12-31,
2000005717,0,Maps to,2025-04-16,2099-12-31,
0,2000005717,Maps from,2025-04-16,2099-12-31,
2000005718,0,Maps to,2025-04-16,2099-12-31,
0,2000005718,Maps from,2025-04-16,2099-12-31,
2000005719,0,Maps to,2025-04-16,2099-12-31,
0,2000005719,Maps from,2025-04-16,2099-12-31,
2000005720,0,Maps to,2025-04-16,2099-12-31,
0,2000005720,Maps from,2025-04-16,2099-12-31,
2000005721,0,Maps to,2025-04-16,2099-12-31,
0,2000005721,Maps from,2025-04-16,2099-12-31,
2000005722,0,Maps to,2025-04-16,2099-12-31,
0,2000005722,Maps from,2025-04-16,2099-12-31,
2000005723,0,Maps to,2025-04-16,2099-12-31,
0,2000005723,Maps from,2025-04-16,2099-12-31,
2000005724,0,Maps to,2025-04-16,2099-12-31,
0,2000005724,Maps from,2025-04-16,2099-12-31,
2000005725,0,Maps to,2025-04-16,2099-12-31,
0,2000005725,Maps from,2025-04-16,2099-12-31,
2000005727,0,Maps to,2025-04-16,2099-12-31,
0,2000005727,Maps from,2025-04-16,2099-12-31,
2000005726,0,Maps to,2025-04-16,2099-12-31,
0,2000005726,Maps from,2025-04-16,2099-12-31,
2000005728,0,Maps to,2025-04-16,2099-12-31,
0,2000005728,Maps from,2025-04-16,2099-12-31,
2000005729,0,Maps to,2025-04-16,2099-12-31,
0,2000005729,Maps from,2025-04-16,2099-12-31,
2000005730,0,Maps to,2025-04-16,2099-12-31,
0,2000005730,Maps from,2025-04-16,2099-12-31,
2000005731,0,Maps to,2025-04-16,2099-12-31,
0,2000005731,Maps from,2025-04-16,2099-12-31,
2000005733,0,Maps to,2025-04-16,2099-12-31,
0,2000005733,Maps from,2025-04-16,2099-12-31,
2000005732,0,Maps to,2025-04-16,2099-12-31,
0,2000005732,Maps from,2025-04-16,2099-12-31,
2000005734,0,Maps to,2025-04-16,2099-12-31,
0,2000005734,Maps from,2025-04-16,2099-12-31,
2000005735,0,Maps to,2025-04-16,2099-12-31,
0,2000005735,Maps from,2025-04-16,2099-12-31,
2000005736,0,Maps to,2025-04-16,2099-12-31,
0,2000005736,Maps from,2025-04-16,2099-12-31,
2000005737,0,Maps to,2025-04-16,2099-12-31,
0,2000005737,Maps from,2025-04-16,2099-12-31,
2000005738,0,Maps to,2025-04-16,2099-12-31,
0,2000005738,Maps from,2025-04-16,2099-12-31,
2000005739,0,Maps to,2025-04-16,2099-12-31,
0,2000005739,Maps from,2025-04-16,2099-12-31,
2000005740,0,Maps to,2025-04-16,2099-12-31,
0,2000005740,Maps from,2025-04-16,2099-12-31,
2000005741,0,Maps to,2025-04-16,2099-12-31,
0,2000005741,Maps from,2025-04-16,2099-12-31,
2000005742,0,Maps to,2025-04-16,2099-12-31,
0,2000005742,Maps from,2025-04-16,2099-12-31,
2000005744,0,Maps to,2025-04-16,2099-12-31,
0,2000005744,Maps from,2025-04-16,2099-12-31,
2000005743,0,Maps to,2025-04-16,2099-12-31,
0,2000005743,Maps from,2025-04-16,2099-12-31,
2000005745,0,Maps to,2025-04-16,2099-12-31,
0,2000005745,Maps from,2025-04-16,2099-12-31,
2000005746,0,Maps to,2025-04-16,2099-12-31,
0,2000005746,Maps from,2025-04-16,2099-12-31,
2000005748,0,Maps to,2025-04-16,2099-12-31,
0,2000005748,Maps from,2025-04-16,2099-12-31,
2000005747,0,Maps to,2025-04-16,2099-12-31,
0,2000005747,Maps from,2025-04-16,2099-12-31,
2000005749,0,Maps to,2025-04-16,2099-12-31,
0,2000005749,Maps from,2025-04-16,2099-12-31,
2000005750,0,Maps to,2025-04-16,2099-12-31,
0,2000005750,Maps from,2025-04-16,2099-12-31,
2000005751,0,Maps to,2025-04-16,2099-12-31,
0,2000005751,Maps from,2025-04-16,2099-12-31,
2000005752,0,Maps to,2025-04-16,2099-12-31,
0,2000005752,Maps from,2025-04-16,2099-12-31,
2000005753,0,Maps to,2025-04-16,2099-12-31,
0,2000005753,Maps from,2025-04-16,2099-12-31,
2000005754,0,Maps to,2025-04-16,2099-12-31,
0,2000005754,Maps from,2025-04-16,2099-12-31,
2000005755,0,Maps to,2025-04-16,2099-12-31,
0,2000005755,Maps from,2025-04-16,2099-12-31,
2000005756,0,Maps to,2025-04-16,2099-12-31,
0,2000005756,Maps from,2025-04-16,2099-12-31,
2000005757,0,Maps to,2025-04-16,2099-12-31,
0,2000005757,Maps from,2025-04-16,2099-12-31,
2000005759,0,Maps to,2025-04-16,2099-12-31,
0,2000005759,Maps from,2025-04-16,2099-12-31,
2000005758,0,Maps to,2025-04-16,2099-12-31,
0,2000005758,Maps from,2025-04-16,2099-12-31,
2000005760,0,Maps to,2025-04-16,2099-12-31,
0,2000005760,Maps from,2025-04-16,2099-12-31,
2000005761,0,Maps to,2025-04-16,2099-12-31,
0,2000005761,Maps from,2025-04-16,2099-12-31,
2000005762,0,Maps to,2025-04-16,2099-12-31,
0,2000005762,Maps from,2025-04-16,2099-12-31,
2000005763,0,Maps to,2025-04-16,2099-12-31,
0,2000005763,Maps from,2025-04-16,2099-12-31,
2000005764,0,Maps to,2025-04-16,2099-12-31,
0,2000005764,Maps from,2025-04-16,2099-12-31,
2000005766,0,Maps to,2025-04-16,2099-12-31,
0,2000005766,Maps from,2025-04-16,2099-12-31,
2000005765,0,Maps to,2025-04-16,2099-12-31,
0,2000005765,Maps from,2025-04-16,2099-12-31,
2000005767,0,Maps to,2025-04-16,2099-12-31,
0,2000005767,Maps from,2025-04-16,2099-12-31,
2000005768,0,Maps to,2025-04-16,2099-12-31,
0,2000005768,Maps from,2025-04-16,2099-12-31,
2000005769,0,Maps to,2025-04-16,2099-12-31,
0,2000005769,Maps from,2025-04-16,2099-12-31,
2000005770,0,Maps to,2025-04-16,2099-12-31,
0,2000005770,Maps from,2025-04-16,2099-12-31,
2000005771,0,Maps to,2025-04-16,2099-12-31,
0,2000005771,Maps from,2025-04-16,2099-12-31,
2000005773,0,Maps to,2025-04-16,2099-12-31,
0,2000005773,Maps from,2025-04-16,2099-12-31,
2000005772,0,Maps to,2025-04-16,2099-12-31,
0,2000005772,Maps from,2025-04-16,2099-12-31,
2000005774,0,Maps to,2025-04-16,2099-12-31,
0,2000005774,Maps from,2025-04-16,2099-12-31,
2000005775,0,Maps to,2025-04-16,2099-12-31,
0,2000005775,Maps from,2025-04-16,2099-12-31,
2000005777,0,Maps to,2025-04-16,2099-12-31,
0,2000005777,Maps from,2025-04-16,2099-12-31,
2000005776,0,Maps to,2025-04-16,2099-12-31,
0,2000005776,Maps from,2025-04-16,2099-12-31,
2000005778,0,Maps to,2025-04-16,2099-12-31,
0,2000005778,Maps from,2025-04-16,2099-12-31,
2000005779,0,Maps to,2025-04-16,2099-12-31,
0,2000005779,Maps from,2025-04-16,2099-12-31,
2000005780,0,Maps to,2025-04-16,2099-12-31,
0,2000005780,Maps from,2025-04-16,2099-12-31,
2000005781,0,Maps to,2025-04-16,2099-12-31,
0,2000005781,Maps from,2025-04-16,2099-12-31,
2000005782,0,Maps to,2025-04-16,2099-12-31,
0,2000005782,Maps from,2025-04-16,2099-12-31,
2000005783,0,Maps to,2025-04-16,2099-12-31,
0,2000005783,Maps from,2025-04-16,2099-12-31,
2000005785,0,Maps to,2025-04-16,2099-12-31,
0,2000005785,Maps from,2025-04-16,2099-12-31,
2000005784,0,Maps to,2025-04-16,2099-12-31,
0,2000005784,Maps from,2025-04-16,2099-12-31,
2000005786,0,Maps to,2025-04-16,2099-12-31,
0,2000005786,Maps from,2025-04-16,2099-12-31,
2000005787,0,Maps to,2025-04-16,2099-12-31,
0,2000005787,Maps from,2025-04-16,2099-12-31,
2000005788,0,Maps to,2025-04-16,2099-12-31,
0,2000005788,Maps from,2025-04-16,2099-12-31,
2000005789,0,Maps to,2025-04-16,2099-12-31,
0,2000005789,Maps from,2025-04-16,2099-12-31,
2000005790,0,Maps to,2025-04-16,2099-12-31,
0,2000005790,Maps from,2025-04-16,2099-12-31,
2000005792,0,Maps to,2025-04-16,2099-12-31,
0,2000005792,Maps from,2025-04-16,2099-12-31,
2000005791,0,Maps to,2025-04-16,2099-12-31,
0,2000005791,Maps from,2025-04-16,2099-12-31,
2000005793,0,Maps to,2025-04-16,2099-12-31,
0,2000005793,Maps from,2025-04-16,2099-12-31,
2000005795,0,Maps to,2025-04-16,2099-12-31,
0,2000005795,Maps from,2025-04-16,2099-12-31,
2000005794,0,Maps to,2025-04-16,2099-12-31,
0,2000005794,Maps from,2025-04-16,2099-12-31,
2000005796,0,Maps to,2025-04-16,2099-12-31,
0,2000005796,Maps from,2025-04-16,2099-12-31,
2000005797,0,Maps to,2025-04-16,2099-12-31,
0,2000005797,Maps from,2025-04-16,2099-12-31,
2000005798,0,Maps to,2025-04-16,2099-12-31,
0,2000005798,Maps from,2025-04-16,2099-12-31,
2000005799,0,Maps to,2025-04-16,2099-12-31,
0,2000005799,Maps from,2025-04-16,2099-12-31,
2000005800,0,Maps to,2025-04-16,2099-12-31,
0,2000005800,Maps from,2025-04-16,2099-12-31,
2000005801,0,Maps to,2025-04-16,2099-12-31,
0,2000005801,Maps from,2025-04-16,2099-12-31,
2000005803,0,Maps to,2025-04-16,2099-12-31,
0,2000005803,Maps from,2025-04-16,2099-12-31,
2000005802,0,Maps to,2025-04-16,2099-12-31,
0,2000005802,Maps from,2025-04-16,2099-12-31,
2000005804,0,Maps to,2025-04-16,2099-12-31,
0,2000005804,Maps from,2025-04-16,2099-12-31,
2000005806,0,Maps to,2025-04-16,2099-12-31,
0,2000005806,Maps from,2025-04-16,2099-12-31,
2000005805,0,Maps to,2025-04-16,2099-12-31,
0,2000005805,Maps from,2025-04-16,2099-12-31,
2000005807,0,Maps to,2025-04-16,2099-12-31,
0,2000005807,Maps from,2025-04-16,2099-12-31,
2000005808,0,Maps to,2025-04-16,2099-12-31,
0,2000005808,Maps from,2025-04-16,2099-12-31,
2000005810,0,Maps to,2025-04-16,2099-12-31,
0,2000005810,Maps from,2025-04-16,2099-12-31,
2000005809,0,Maps to,2025-04-16,2099-12-31,
0,2000005809,Maps from,2025-04-16,2099-12-31,
2000005811,0,Maps to,2025-04-16,2099-12-31,
0,2000005811,Maps from,2025-04-16,2099-12-31,
2000005813,0,Maps to,2025-04-16,2099-12-31,
0,2000005813,Maps from,2025-04-16,2099-12-31,
2000005812,0,Maps to,2025-04-16,2099-12-31,
0,2000005812,Maps from,2025-04-16,2099-12-31,
2000000368,0,Maps to,2025-04-16,2099-12-31,
0,2000000368,Maps from,2025-04-16,2099-12-31,
2000005814,0,Maps to,2025-04-16,2099-12-31,
0,2000005814,Maps from,2025-04-16,2099-12-31,
2000005816,0,Maps to,2025-04-16,2099-12-31,
0,2000005816,Maps from,2025-04-16,2099-12-31,
2000005815,0,Maps to,2025-04-16,2099-12-31,
0,2000005815,Maps from,2025-04-16,2099-12-31,
2000005817,0,Maps to,2025-04-16,2099-12-31,
0,2000005817,Maps from,2025-04-16,2099-12-31,
2000005818,0,Maps to,2025-04-16,2099-12-31,
0,2000005818,Maps from,2025-04-16,2099-12-31,
2000005819,0,Maps to,2025-04-16,2099-12-31,
0,2000005819,Maps from,2025-04-16,2099-12-31,
2000005820,0,Maps to,2025-04-16,2099-12-31,
0,2000005820,Maps from,2025-04-16,2099-12-31,
2000005821,0,Maps to,2025-04-16,2099-12-31,
0,2000005821,Maps from,2025-04-16,2099-12-31,
2000005823,0,Maps to,2025-04-16,2099-12-31,
0,2000005823,Maps from,2025-04-16,2099-12-31,
2000005822,0,Maps to,2025-04-16,2099-12-31,
0,2000005822,Maps from,2025-04-16,2099-12-31,
2000005824,0,Maps to,2025-04-16,2099-12-31,
0,2000005824,Maps from,2025-04-16,2099-12-31,
2000005826,0,Maps to,2025-04-16,2099-12-31,
0,2000005826,Maps from,2025-04-16,2099-12-31,
2000005825,0,Maps to,2025-04-16,2099-12-31,
0,2000005825,Maps from,2025-04-16,2099-12-31,
2000005827,0,Maps to,2025-04-16,2099-12-31,
0,2000005827,Maps from,2025-04-16,2099-12-31,
2000005828,0,Maps to,2025-04-16,2099-12-31,
0,2000005828,Maps from,2025-04-16,2099-12-31,
2000005829,0,Maps to,2025-04-16,2099-12-31,
0,2000005829,Maps from,2025-04-16,2099-12-31,
2000005830,0,Maps to,2025-04-16,2099-12-31,
0,2000005830,Maps from,2025-04-16,2099-12-31,
2000005831,0,Maps to,2025-04-16,2099-12-31,
0,2000005831,Maps from,2025-04-16,2099-12-31,
2000005832,0,Maps to,2025-04-16,2099-12-31,
0,2000005832,Maps from,2025-04-16,2099-12-31,
2000005834,0,Maps to,2025-04-16,2099-12-31,
0,2000005834,Maps from,2025-04-16,2099-12-31,
2000005833,0,Maps to,2025-04-16,2099-12-31,
0,2000005833,Maps from,2025-04-16,2099-12-31,
2000005835,0,Maps to,2025-04-16,2099-12-31,
0,2000005835,Maps from,2025-04-16,2099-12-31,
2000005837,0,Maps to,2025-04-16,2099-12-31,
0,2000005837,Maps from,2025-04-16,2099-12-31,
2000005836,0,Maps to,2025-04-16,2099-12-31,
0,2000005836,Maps from,2025-04-16,2099-12-31,
2000005838,0,Maps to,2025-04-16,2099-12-31,
0,2000005838,Maps from,2025-04-16,2099-12-31,
2000005839,0,Maps to,2025-04-16,2099-12-31,
0,2000005839,Maps from,2025-04-16,2099-12-31,
2000005840,0,Maps to,2025-04-16,2099-12-31,
0,2000005840,Maps from,2025-04-16,2099-12-31,
2000005841,0,Maps to,2025-04-16,2099-12-31,
0,2000005841,Maps from,2025-04-16,2099-12-31,
2000005842,0,Maps to,2025-04-16,2099-12-31,
0,2000005842,Maps from,2025-04-16,2099-12-31,
2000005843,0,Maps to,2025-04-16,2099-12-31,
0,2000005843,Maps from,2025-04-16,2099-12-31,
2000005844,0,Maps to,2025-04-16,2099-12-31,
0,2000005844,Maps from,2025-04-16,2099-12-31,
2000005845,0,Maps to,2025-04-16,2099-12-31,
0,2000005845,Maps from,2025-04-16,2099-12-31,
2000005846,0,Maps to,2025-04-16,2099-12-31,
0,2000005846,Maps from,2025-04-16,2099-12-31,
2000005848,0,Maps to,2025-04-16,2099-12-31,
0,2000005848,Maps from,2025-04-16,2099-12-31,
2000005847,0,Maps to,2025-04-16,2099-12-31,
0,2000005847,Maps from,2025-04-16,2099-12-31,
2000005849,0,Maps to,2025-04-16,2099-12-31,
0,2000005849,Maps from,2025-04-16,2099-12-31,
2000005850,0,Maps to,2025-04-16,2099-12-31,
0,2000005850,Maps from,2025-04-16,2099-12-31,
2000005852,0,Maps to,2025-04-16,2099-12-31,
0,2000005852,Maps from,2025-04-16,2099-12-31,
2000005851,0,Maps to,2025-04-16,2099-12-31,
0,2000005851,Maps from,2025-04-16,2099-12-31,
2000005853,0,Maps to,2025-04-16,2099-12-31,
0,2000005853,Maps from,2025-04-16,2099-12-31,
2000005854,0,Maps to,2025-04-16,2099-12-31,
0,2000005854,Maps from,2025-04-16,2099-12-31,
2000005855,0,Maps to,2025-04-16,2099-12-31,
0,2000005855,Maps from,2025-04-16,2099-12-31,
2000005856,0,Maps to,2025-04-16,2099-12-31,
0,2000005856,Maps from,2025-04-16,2099-12-31,
2000005857,0,Maps to,2025-04-16,2099-12-31,
0,2000005857,Maps from,2025-04-16,2099-12-31,
2000005858,0,Maps to,2025-04-16,2099-12-31,
0,2000005858,Maps from,2025-04-16,2099-12-31,
2000005859,0,Maps to,2025-04-16,2099-12-31,
0,2000005859,Maps from,2025-04-16,2099-12-31,
2000005860,0,Maps to,2025-04-16,2099-12-31,
0,2000005860,Maps from,2025-04-16,2099-12-31,
2000005861,0,Maps to,2025-04-16,2099-12-31,
0,2000005861,Maps from,2025-04-16,2099-12-31,
2000005862,0,Maps to,2025-04-16,2099-12-31,
0,2000005862,Maps from,2025-04-16,2099-12-31,
2000005863,0,Maps to,2025-04-16,2099-12-31,
0,2000005863,Maps from,2025-04-16,2099-12-31,
2000005864,0,Maps to,2025-04-16,2099-12-31,
0,2000005864,Maps from,2025-04-16,2099-12-31,
2000005866,0,Maps to,2025-04-16,2099-12-31,
0,2000005866,Maps from,2025-04-16,2099-12-31,
2000005865,0,Maps to,2025-04-16,2099-12-31,
0,2000005865,Maps from,2025-04-16,2099-12-31,
2000005867,0,Maps to,2025-04-16,2099-12-31,
0,2000005867,Maps from,2025-04-16,2099-12-31,
2000005868,0,Maps to,2025-04-16,2099-12-31,
0,2000005868,Maps from,2025-04-16,2099-12-31,
2000005869,0,Maps to,2025-04-16,2099-12-31,
0,2000005869,Maps from,2025-04-16,2099-12-31,
2000005870,0,Maps to,2025-04-16,2099-12-31,
0,2000005870,Maps from,2025-04-16,2099-12-31,
2000005871,0,Maps to,2025-04-16,2099-12-31,
0,2000005871,Maps from,2025-04-16,2099-12-31,
2000005872,0,Maps to,2025-04-16,2099-12-31,
0,2000005872,Maps from,2025-04-16,2099-12-31,
2000005873,0,Maps to,2025-04-16,2099-12-31,
0,2000005873,Maps from,2025-04-16,2099-12-31,
2000005874,0,Maps to,2025-04-16,2099-12-31,
0,2000005874,Maps from,2025-04-16,2099-12-31,
2000005875,0,Maps to,2025-04-16,2099-12-31,
0,2000005875,Maps from,2025-04-16,2099-12-31,
2000005876,0,Maps to,2025-04-16,2099-12-31,
0,2000005876,Maps from,2025-04-16,2099-12-31,
2000005877,0,Maps to,2025-04-16,2099-12-31,
0,2000005877,Maps from,2025-04-16,2099-12-31,
2000005878,0,Maps to,2025-04-16,2099-12-31,
0,2000005878,Maps from,2025-04-16,2099-12-31,
2000005879,0,Maps to,2025-04-16,2099-12-31,
0,2000005879,Maps from,2025-04-16,2099-12-31,
2000005880,0,Maps to,2025-04-16,2099-12-31,
0,2000005880,Maps from,2025-04-16,2099-12-31,
2000005881,0,Maps to,2025-04-16,2099-12-31,
0,2000005881,Maps from,2025-04-16,2099-12-31,
2000005882,0,Maps to,2025-04-16,2099-12-31,
0,2000005882,Maps from,2025-04-16,2099-12-31,
2000005883,0,Maps to,2025-04-16,2099-12-31,
0,2000005883,Maps from,2025-04-16,2099-12-31,
2000005884,0,Maps to,2025-04-16,2099-12-31,
0,2000005884,Maps from,2025-04-16,2099-12-31,
2000005885,0,Maps to,2025-04-16,2099-12-31,
0,2000005885,Maps from,2025-04-16,2099-12-31,
2000001072,40779708,Maps to,2025-04-16,2099-12-31,
40779708,2000001072,Maps from,2025-04-16,2099-12-31,
2000005886,0,Maps to,2025-04-16,2099-12-31,
0,2000005886,Maps from,2025-04-16,2099-12-31,
2000005887,0,Maps to,2025-04-16,2099-12-31,
0,2000005887,Maps from,2025-04-16,2099-12-31,
2000005889,0,Maps to,2025-04-16,2099-12-31,
0,2000005889,Maps from,2025-04-16,2099-12-31,
2000005888,0,Maps to,2025-04-16,2099-12-31,
0,2000005888,Maps from,2025-04-16,2099-12-31,
2000005890,0,Maps to,2025-04-16,2099-12-31,
0,2000005890,Maps from,2025-04-16,2099-12-31,
2000005892,0,Maps to,2025-04-16,2099-12-31,
0,2000005892,Maps from,2025-04-16,2099-12-31,
2000005891,0,Maps to,2025-04-16,2099-12-31,
0,2000005891,Maps from,2025-04-16,2099-12-31,
2000005893,0,Maps to,2025-04-16,2099-12-31,
0,2000005893,Maps from,2025-04-16,2099-12-31,
2000005894,0,Maps to,2025-04-16,2099-12-31,
0,2000005894,Maps from,2025-04-16,2099-12-31,
2000005895,0,Maps to,2025-04-16,2099-12-31,
0,2000005895,Maps from,2025-04-16,2099-12-31,
2000005896,0,Maps to,2025-04-16,2099-12-31,
0,2000005896,Maps from,2025-04-16,2099-12-31,
2000005897,0,Maps to,2025-04-16,2099-12-31,
0,2000005897,Maps from,2025-04-16,2099-12-31,
2000005898,0,Maps to,2025-04-16,2099-12-31,
0,2000005898,Maps from,2025-04-16,2099-12-31,
2000005899,0,Maps to,2025-04-16,2099-12-31,
0,2000005899,Maps from,2025-04-16,2099-12-31,
2000005900,0,Maps to,2025-04-16,2099-12-31,
0,2000005900,Maps from,2025-04-16,2099-12-31,
2000005901,0,Maps to,2025-04-16,2099-12-31,
0,2000005901,Maps from,2025-04-16,2099-12-31,
2000005902,0,Maps to,2025-04-16,2099-12-31,
0,2000005902,Maps from,2025-04-16,2099-12-31,
2000005903,0,Maps to,2025-04-16,2099-12-31,
0,2000005903,Maps from,2025-04-16,2099-12-31,
2000005905,0,Maps to,2025-04-16,2099-12-31,
0,2000005905,Maps from,2025-04-16,2099-12-31,
2000005904,0,Maps to,2025-04-16,2099-12-31,
0,2000005904,Maps from,2025-04-16,2099-12-31,
2000005906,0,Maps to,2025-04-16,2099-12-31,
0,2000005906,Maps from,2025-04-16,2099-12-31,
2000005907,0,Maps to,2025-04-16,2099-12-31,
0,2000005907,Maps from,2025-04-16,2099-12-31,
2000005908,0,Maps to,2025-04-16,2099-12-31,
0,2000005908,Maps from,2025-04-16,2099-12-31,
2000005909,0,Maps to,2025-04-16,2099-12-31,
0,2000005909,Maps from,2025-04-16,2099-12-31,
2000005910,0,Maps to,2025-04-16,2099-12-31,
0,2000005910,Maps from,2025-04-16,2099-12-31,
2000005911,0,Maps to,2025-04-16,2099-12-31,
0,2000005911,Maps from,2025-04-16,2099-12-31,
2000005913,0,Maps to,2025-04-16,2099-12-31,
0,2000005913,Maps from,2025-04-16,2099-12-31,
2000005912,0,Maps to,2025-04-16,2099-12-31,
0,2000005912,Maps from,2025-04-16,2099-12-31,
2000005914,0,Maps to,2025-04-16,2099-12-31,
0,2000005914,Maps from,2025-04-16,2099-12-31,
2000005916,0,Maps to,2025-04-16,2099-12-31,
0,2000005916,Maps from,2025-04-16,2099-12-31,
2000005915,0,Maps to,2025-04-16,2099-12-31,
0,2000005915,Maps from,2025-04-16,2099-12-31,
2000005917,0,Maps to,2025-04-16,2099-12-31,
0,2000005917,Maps from,2025-04-16,2099-12-31,
2000005918,0,Maps to,2025-04-16,2099-12-31,
0,2000005918,Maps from,2025-04-16,2099-12-31,
2000005919,0,Maps to,2025-04-16,2099-12-31,
0,2000005919,Maps from,2025-04-16,2099-12-31,
2000005920,0,Maps to,2025-04-16,2099-12-31,
0,2000005920,Maps from,2025-04-16,2099-12-31,
2000005921,0,Maps to,2025-04-16,2099-12-31,
0,2000005921,Maps from,2025-04-16,2099-12-31,
2000005923,0,Maps to,2025-04-16,2099-12-31,
0,2000005923,Maps from,2025-04-16,2099-12-31,
2000005922,0,Maps to,2025-04-16,2099-12-31,
0,2000005922,Maps from,2025-04-16,2099-12-31,
2000005924,0,Maps to,2025-04-16,2099-12-31,
0,2000005924,Maps from,2025-04-16,2099-12-31,
2000005925,0,Maps to,2025-04-16,2099-12-31,
0,2000005925,Maps from,2025-04-16,2099-12-31,
2000005926,0,Maps to,2025-04-16,2099-12-31,
0,2000005926,Maps from,2025-04-16,2099-12-31,
2000005927,0,Maps to,2025-04-16,2099-12-31,
0,2000005927,Maps from,2025-04-16,2099-12-31,
2000005928,0,Maps to,2025-04-16,2099-12-31,
0,2000005928,Maps from,2025-04-16,2099-12-31,
2000000369,0,Maps to,2025-04-16,2099-12-31,
0,2000000369,Maps from,2025-04-16,2099-12-31,
2000005929,0,Maps to,2025-04-16,2099-12-31,
0,2000005929,Maps from,2025-04-16,2099-12-31,
2000005930,0,Maps to,2025-04-16,2099-12-31,
0,2000005930,Maps from,2025-04-16,2099-12-31,
2000005931,0,Maps to,2025-04-16,2099-12-31,
0,2000005931,Maps from,2025-04-16,2099-12-31,
2000005932,0,Maps to,2025-04-16,2099-12-31,
0,2000005932,Maps from,2025-04-16,2099-12-31,
2000005933,0,Maps to,2025-04-16,2099-12-31,
0,2000005933,Maps from,2025-04-16,2099-12-31,
2000005934,0,Maps to,2025-04-16,2099-12-31,
0,2000005934,Maps from,2025-04-16,2099-12-31,
2000005935,0,Maps to,2025-04-16,2099-12-31,
0,2000005935,Maps from,2025-04-16,2099-12-31,
2000005936,0,Maps to,2025-04-16,2099-12-31,
0,2000005936,Maps from,2025-04-16,2099-12-31,
2000005937,0,Maps to,2025-04-16,2099-12-31,
0,2000005937,Maps from,2025-04-16,2099-12-31,
2000005938,0,Maps to,2025-04-16,2099-12-31,
0,2000005938,Maps from,2025-04-16,2099-12-31,
2000005939,0,Maps to,2025-04-16,2099-12-31,
0,2000005939,Maps from,2025-04-16,2099-12-31,
2000005940,0,Maps to,2025-04-16,2099-12-31,
0,2000005940,Maps from,2025-04-16,2099-12-31,
2000005942,0,Maps to,2025-04-16,2099-12-31,
0,2000005942,Maps from,2025-04-16,2099-12-31,
2000005941,0,Maps to,2025-04-16,2099-12-31,
0,2000005941,Maps from,2025-04-16,2099-12-31,
2000005943,0,Maps to,2025-04-16,2099-12-31,
0,2000005943,Maps from,2025-04-16,2099-12-31,
2000005944,0,Maps to,2025-04-16,2099-12-31,
0,2000005944,Maps from,2025-04-16,2099-12-31,
2000005946,0,Maps to,2025-04-16,2099-12-31,
0,2000005946,Maps from,2025-04-16,2099-12-31,
2000005945,0,Maps to,2025-04-16,2099-12-31,
0,2000005945,Maps from,2025-04-16,2099-12-31,
2000005947,0,Maps to,2025-04-16,2099-12-31,
0,2000005947,Maps from,2025-04-16,2099-12-31,
2000005948,0,Maps to,2025-04-16,2099-12-31,
0,2000005948,Maps from,2025-04-16,2099-12-31,
2000005949,0,Maps to,2025-04-16,2099-12-31,
0,2000005949,Maps from,2025-04-16,2099-12-31,
2000005950,0,Maps to,2025-04-16,2099-12-31,
0,2000005950,Maps from,2025-04-16,2099-12-31,
2000005951,0,Maps to,2025-04-16,2099-12-31,
0,2000005951,Maps from,2025-04-16,2099-12-31,
2000005953,0,Maps to,2025-04-16,2099-12-31,
0,2000005953,Maps from,2025-04-16,2099-12-31,
2000005952,0,Maps to,2025-04-16,2099-12-31,
0,2000005952,Maps from,2025-04-16,2099-12-31,
2000005954,0,Maps to,2025-04-16,2099-12-31,
0,2000005954,Maps from,2025-04-16,2099-12-31,
2000005955,0,Maps to,2025-04-16,2099-12-31,
0,2000005955,Maps from,2025-04-16,2099-12-31,
2000005956,0,Maps to,2025-04-16,2099-12-31,
0,2000005956,Maps from,2025-04-16,2099-12-31,
2000005957,0,Maps to,2025-04-16,2099-12-31,
0,2000005957,Maps from,2025-04-16,2099-12-31,
2000005958,0,Maps to,2025-04-16,2099-12-31,
0,2000005958,Maps from,2025-04-16,2099-12-31,
2000005959,0,Maps to,2025-04-16,2099-12-31,
0,2000005959,Maps from,2025-04-16,2099-12-31,
2000005960,0,Maps to,2025-04-16,2099-12-31,
0,2000005960,Maps from,2025-04-16,2099-12-31,
2000005961,0,Maps to,2025-04-16,2099-12-31,
0,2000005961,Maps from,2025-04-16,2099-12-31,
2000005962,0,Maps to,2025-04-16,2099-12-31,
0,2000005962,Maps from,2025-04-16,2099-12-31,
2000005963,0,Maps to,2025-04-16,2099-12-31,
0,2000005963,Maps from,2025-04-16,2099-12-31,
2000005964,0,Maps to,2025-04-16,2099-12-31,
0,2000005964,Maps from,2025-04-16,2099-12-31,
2000005965,0,Maps to,2025-04-16,2099-12-31,
0,2000005965,Maps from,2025-04-16,2099-12-31,
2000005966,0,Maps to,2025-04-16,2099-12-31,
0,2000005966,Maps from,2025-04-16,2099-12-31,
2000005967,0,Maps to,2025-04-16,2099-12-31,
0,2000005967,Maps from,2025-04-16,2099-12-31,
2000005969,0,Maps to,2025-04-16,2099-12-31,
0,2000005969,Maps from,2025-04-16,2099-12-31,
2000005968,0,Maps to,2025-04-16,2099-12-31,
0,2000005968,Maps from,2025-04-16,2099-12-31,
2000005970,0,Maps to,2025-04-16,2099-12-31,
0,2000005970,Maps from,2025-04-16,2099-12-31,
2000005971,0,Maps to,2025-04-16,2099-12-31,
0,2000005971,Maps from,2025-04-16,2099-12-31,
2000005973,0,Maps to,2025-04-16,2099-12-31,
0,2000005973,Maps from,2025-04-16,2099-12-31,
2000005972,0,Maps to,2025-04-16,2099-12-31,
0,2000005972,Maps from,2025-04-16,2099-12-31,
2000005974,0,Maps to,2025-04-16,2099-12-31,
0,2000005974,Maps from,2025-04-16,2099-12-31,
2000005975,0,Maps to,2025-04-16,2099-12-31,
0,2000005975,Maps from,2025-04-16,2099-12-31,
2000005977,0,Maps to,2025-04-16,2099-12-31,
0,2000005977,Maps from,2025-04-16,2099-12-31,
2000005976,0,Maps to,2025-04-16,2099-12-31,
0,2000005976,Maps from,2025-04-16,2099-12-31,
2000005978,0,Maps to,2025-04-16,2099-12-31,
0,2000005978,Maps from,2025-04-16,2099-12-31,
2000005980,0,Maps to,2025-04-16,2099-12-31,
0,2000005980,Maps from,2025-04-16,2099-12-31,
2000005979,0,Maps to,2025-04-16,2099-12-31,
0,2000005979,Maps from,2025-04-16,2099-12-31,
2000005981,0,Maps to,2025-04-16,2099-12-31,
0,2000005981,Maps from,2025-04-16,2099-12-31,
2000005982,0,Maps to,2025-04-16,2099-12-31,
0,2000005982,Maps from,2025-04-16,2099-12-31,
2000005984,0,Maps to,2025-04-16,2099-12-31,
0,2000005984,Maps from,2025-04-16,2099-12-31,
2000005983,0,Maps to,2025-04-16,2099-12-31,
0,2000005983,Maps from,2025-04-16,2099-12-31,
2000005985,0,Maps to,2025-04-16,2099-12-31,
0,2000005985,Maps from,2025-04-16,2099-12-31,
2000005986,0,Maps to,2025-04-16,2099-12-31,
0,2000005986,Maps from,2025-04-16,2099-12-31,
2000005988,0,Maps to,2025-04-16,2099-12-31,
0,2000005988,Maps from,2025-04-16,2099-12-31,
2000005987,0,Maps to,2025-04-16,2099-12-31,
0,2000005987,Maps from,2025-04-16,2099-12-31,
2000005989,0,Maps to,2025-04-16,2099-12-31,
0,2000005989,Maps from,2025-04-16,2099-12-31,
2000005991,0,Maps to,2025-04-16,2099-12-31,
0,2000005991,Maps from,2025-04-16,2099-12-31,
2000005990,0,Maps to,2025-04-16,2099-12-31,
0,2000005990,Maps from,2025-04-16,2099-12-31,
2000005992,0,Maps to,2025-04-16,2099-12-31,
0,2000005992,Maps from,2025-04-16,2099-12-31,
2000005993,0,Maps to,2025-04-16,2099-12-31,
0,2000005993,Maps from,2025-04-16,2099-12-31,
2000005995,0,Maps to,2025-04-16,2099-12-31,
0,2000005995,Maps from,2025-04-16,2099-12-31,
2000005994,0,Maps to,2025-04-16,2099-12-31,
0,2000005994,Maps from,2025-04-16,2099-12-31,
2000005996,0,Maps to,2025-04-16,2099-12-31,
0,2000005996,Maps from,2025-04-16,2099-12-31,
2000005998,0,Maps to,2025-04-16,2099-12-31,
0,2000005998,Maps from,2025-04-16,2099-12-31,
2000005997,0,Maps to,2025-04-16,2099-12-31,
0,2000005997,Maps from,2025-04-16,2099-12-31,
2000005999,0,Maps to,2025-04-16,2099-12-31,
0,2000005999,Maps from,2025-04-16,2099-12-31,
2000006001,0,Maps to,2025-04-16,2099-12-31,
0,2000006001,Maps from,2025-04-16,2099-12-31,
2000006000,0,Maps to,2025-04-16,2099-12-31,
0,2000006000,Maps from,2025-04-16,2099-12-31,
2000006002,0,Maps to,2025-04-16,2099-12-31,
0,2000006002,Maps from,2025-04-16,2099-12-31,
2000006003,0,Maps to,2025-04-16,2099-12-31,
0,2000006003,Maps from,2025-04-16,2099-12-31,
2000006004,0,Maps to,2025-04-16,2099-12-31,
0,2000006004,Maps from,2025-04-16,2099-12-31,
2000006005,0,Maps to,2025-04-16,2099-12-31,
0,2000006005,Maps from,2025-04-16,2099-12-31,
2000006006,0,Maps to,2025-04-16,2099-12-31,
0,2000006006,Maps from,2025-04-16,2099-12-31,
2000006007,0,Maps to,2025-04-16,2099-12-31,
0,2000006007,Maps from,2025-04-16,2099-12-31,
2000006008,0,Maps to,2025-04-16,2099-12-31,
0,2000006008,Maps from,2025-04-16,2099-12-31,
2000006009,0,Maps to,2025-04-16,2099-12-31,
0,2000006009,Maps from,2025-04-16,2099-12-31,
2000006010,0,Maps to,2025-04-16,2099-12-31,
0,2000006010,Maps from,2025-04-16,2099-12-31,
2000006012,0,Maps to,2025-04-16,2099-12-31,
0,2000006012,Maps from,2025-04-16,2099-12-31,
2000006011,0,Maps to,2025-04-16,2099-12-31,
0,2000006011,Maps from,2025-04-16,2099-12-31,
2000006013,0,Maps to,2025-04-16,2099-12-31,
0,2000006013,Maps from,2025-04-16,2099-12-31,
2000006014,0,Maps to,2025-04-16,2099-12-31,
0,2000006014,Maps from,2025-04-16,2099-12-31,
2000006015,0,Maps to,2025-04-16,2099-12-31,
0,2000006015,Maps from,2025-04-16,2099-12-31,
2000006016,0,Maps to,2025-04-16,2099-12-31,
0,2000006016,Maps from,2025-04-16,2099-12-31,
2000006017,0,Maps to,2025-04-16,2099-12-31,
0,2000006017,Maps from,2025-04-16,2099-12-31,
2000006019,0,Maps to,2025-04-16,2099-12-31,
0,2000006019,Maps from,2025-04-16,2099-12-31,
2000006018,0,Maps to,2025-04-16,2099-12-31,
0,2000006018,Maps from,2025-04-16,2099-12-31,
2000006020,0,Maps to,2025-04-16,2099-12-31,
0,2000006020,Maps from,2025-04-16,2099-12-31,
2000006021,0,Maps to,2025-04-16,2099-12-31,
0,2000006021,Maps from,2025-04-16,2099-12-31,
2000006022,0,Maps to,2025-04-16,2099-12-31,
0,2000006022,Maps from,2025-04-16,2099-12-31,
2000006023,0,Maps to,2025-04-16,2099-12-31,
0,2000006023,Maps from,2025-04-16,2099-12-31,
2000006024,0,Maps to,2025-04-16,2099-12-31,
0,2000006024,Maps from,2025-04-16,2099-12-31,
2000006025,0,Maps to,2025-04-16,2099-12-31,
0,2000006025,Maps from,2025-04-16,2099-12-31,
2000006026,0,Maps to,2025-04-16,2099-12-31,
0,2000006026,Maps from,2025-04-16,2099-12-31,
2000006027,0,Maps to,2025-04-16,2099-12-31,
0,2000006027,Maps from,2025-04-16,2099-12-31,
2000006029,0,Maps to,2025-04-16,2099-12-31,
0,2000006029,Maps from,2025-04-16,2099-12-31,
2000006028,0,Maps to,2025-04-16,2099-12-31,
0,2000006028,Maps from,2025-04-16,2099-12-31,
2000006030,0,Maps to,2025-04-16,2099-12-31,
0,2000006030,Maps from,2025-04-16,2099-12-31,
2000006031,0,Maps to,2025-04-16,2099-12-31,
0,2000006031,Maps from,2025-04-16,2099-12-31,
2000006033,0,Maps to,2025-04-16,2099-12-31,
0,2000006033,Maps from,2025-04-16,2099-12-31,
2000006032,0,Maps to,2025-04-16,2099-12-31,
0,2000006032,Maps from,2025-04-16,2099-12-31,
2000006034,0,Maps to,2025-04-16,2099-12-31,
0,2000006034,Maps from,2025-04-16,2099-12-31,
2000006035,0,Maps to,2025-04-16,2099-12-31,
0,2000006035,Maps from,2025-04-16,2099-12-31,
2000006037,0,Maps to,2025-04-16,2099-12-31,
0,2000006037,Maps from,2025-04-16,2099-12-31,
2000006036,0,Maps to,2025-04-16,2099-12-31,
0,2000006036,Maps from,2025-04-16,2099-12-31,
2000006038,0,Maps to,2025-04-16,2099-12-31,
0,2000006038,Maps from,2025-04-16,2099-12-31,
2000006040,0,Maps to,2025-04-16,2099-12-31,
0,2000006040,Maps from,2025-04-16,2099-12-31,
2000006039,0,Maps to,2025-04-16,2099-12-31,
0,2000006039,Maps from,2025-04-16,2099-12-31,
2000006041,0,Maps to,2025-04-16,2099-12-31,
0,2000006041,Maps from,2025-04-16,2099-12-31,
2000006043,0,Maps to,2025-04-16,2099-12-31,
0,2000006043,Maps from,2025-04-16,2099-12-31,
2000006042,0,Maps to,2025-04-16,2099-12-31,
0,2000006042,Maps from,2025-04-16,2099-12-31,
2000006044,0,Maps to,2025-04-16,2099-12-31,
0,2000006044,Maps from,2025-04-16,2099-12-31,
2000006045,0,Maps to,2025-04-16,2099-12-31,
0,2000006045,Maps from,2025-04-16,2099-12-31,
2000006046,0,Maps to,2025-04-16,2099-12-31,
0,2000006046,Maps from,2025-04-16,2099-12-31,
2000006047,0,Maps to,2025-04-16,2099-12-31,
0,2000006047,Maps from,2025-04-16,2099-12-31,
2000006048,0,Maps to,2025-04-16,2099-12-31,
0,2000006048,Maps from,2025-04-16,2099-12-31,
2000006049,0,Maps to,2025-04-16,2099-12-31,
0,2000006049,Maps from,2025-04-16,2099-12-31,
2000006051,0,Maps to,2025-04-16,2099-12-31,
0,2000006051,Maps from,2025-04-16,2099-12-31,
2000006050,0,Maps to,2025-04-16,2099-12-31,
0,2000006050,Maps from,2025-04-16,2099-12-31,
2000006052,0,Maps to,2025-04-16,2099-12-31,
0,2000006052,Maps from,2025-04-16,2099-12-31,
2000006053,0,Maps to,2025-04-16,2099-12-31,
0,2000006053,Maps from,2025-04-16,2099-12-31,
2000006055,0,Maps to,2025-04-16,2099-12-31,
0,2000006055,Maps from,2025-04-16,2099-12-31,
2000006054,0,Maps to,2025-04-16,2099-12-31,
0,2000006054,Maps from,2025-04-16,2099-12-31,
2000006056,0,Maps to,2025-04-16,2099-12-31,
0,2000006056,Maps from,2025-04-16,2099-12-31,
2000006058,0,Maps to,2025-04-16,2099-12-31,
0,2000006058,Maps from,2025-04-16,2099-12-31,
2000006057,0,Maps to,2025-04-16,2099-12-31,
0,2000006057,Maps from,2025-04-16,2099-12-31,
2000006059,0,Maps to,2025-04-16,2099-12-31,
0,2000006059,Maps from,2025-04-16,2099-12-31,
2000006060,0,Maps to,2025-04-16,2099-12-31,
0,2000006060,Maps from,2025-04-16,2099-12-31,
2000006062,0,Maps to,2025-04-16,2099-12-31,
0,2000006062,Maps from,2025-04-16,2099-12-31,
2000006061,0,Maps to,2025-04-16,2099-12-31,
0,2000006061,Maps from,2025-04-16,2099-12-31,
2000006063,0,Maps to,2025-04-16,2099-12-31,
0,2000006063,Maps from,2025-04-16,2099-12-31,
2000006064,0,Maps to,2025-04-16,2099-12-31,
0,2000006064,Maps from,2025-04-16,2099-12-31,
2000006065,0,Maps to,2025-04-16,2099-12-31,
0,2000006065,Maps from,2025-04-16,2099-12-31,
2000006066,0,Maps to,2025-04-16,2099-12-31,
0,2000006066,Maps from,2025-04-16,2099-12-31,
2000006067,0,Maps to,2025-04-16,2099-12-31,
0,2000006067,Maps from,2025-04-16,2099-12-31,
2000006068,0,Maps to,2025-04-16,2099-12-31,
0,2000006068,Maps from,2025-04-16,2099-12-31,
2000006069,0,Maps to,2025-04-16,2099-12-31,
0,2000006069,Maps from,2025-04-16,2099-12-31,
2000006071,0,Maps to,2025-04-16,2099-12-31,
0,2000006071,Maps from,2025-04-16,2099-12-31,
2000006070,0,Maps to,2025-04-16,2099-12-31,
0,2000006070,Maps from,2025-04-16,2099-12-31,
2000006072,0,Maps to,2025-04-16,2099-12-31,
0,2000006072,Maps from,2025-04-16,2099-12-31,
2000006074,0,Maps to,2025-04-16,2099-12-31,
0,2000006074,Maps from,2025-04-16,2099-12-31,
2000006073,0,Maps to,2025-04-16,2099-12-31,
0,2000006073,Maps from,2025-04-16,2099-12-31,
2000006075,0,Maps to,2025-04-16,2099-12-31,
0,2000006075,Maps from,2025-04-16,2099-12-31,
2000006076,0,Maps to,2025-04-16,2099-12-31,
0,2000006076,Maps from,2025-04-16,2099-12-31,
2000006077,0,Maps to,2025-04-16,2099-12-31,
0,2000006077,Maps from,2025-04-16,2099-12-31,
2000006078,0,Maps to,2025-04-16,2099-12-31,
0,2000006078,Maps from,2025-04-16,2099-12-31,
2000006079,0,Maps to,2025-04-16,2099-12-31,
0,2000006079,Maps from,2025-04-16,2099-12-31,
2000006081,0,Maps to,2025-04-16,2099-12-31,
0,2000006081,Maps from,2025-04-16,2099-12-31,
2000006080,0,Maps to,2025-04-16,2099-12-31,
0,2000006080,Maps from,2025-04-16,2099-12-31,
2000006082,0,Maps to,2025-04-16,2099-12-31,
0,2000006082,Maps from,2025-04-16,2099-12-31,
2000006083,0,Maps to,2025-04-16,2099-12-31,
0,2000006083,Maps from,2025-04-16,2099-12-31,
2000006084,0,Maps to,2025-04-16,2099-12-31,
0,2000006084,Maps from,2025-04-16,2099-12-31,
2000006085,0,Maps to,2025-04-16,2099-12-31,
0,2000006085,Maps from,2025-04-16,2099-12-31,
2000006087,0,Maps to,2025-04-16,2099-12-31,
0,2000006087,Maps from,2025-04-16,2099-12-31,
2000006086,0,Maps to,2025-04-16,2099-12-31,
0,2000006086,Maps from,2025-04-16,2099-12-31,
2000006088,0,Maps to,2025-04-16,2099-12-31,
0,2000006088,Maps from,2025-04-16,2099-12-31,
2000006089,0,Maps to,2025-04-16,2099-12-31,
0,2000006089,Maps from,2025-04-16,2099-12-31,
2000006091,0,Maps to,2025-04-16,2099-12-31,
0,2000006091,Maps from,2025-04-16,2099-12-31,
2000006090,0,Maps to,2025-04-16,2099-12-31,
0,2000006090,Maps from,2025-04-16,2099-12-31,
2000006092,0,Maps to,2025-04-16,2099-12-31,
0,2000006092,Maps from,2025-04-16,2099-12-31,
2000006093,0,Maps to,2025-04-16,2099-12-31,
0,2000006093,Maps from,2025-04-16,2099-12-31,
2000006094,0,Maps to,2025-04-16,2099-12-31,
0,2000006094,Maps from,2025-04-16,2099-12-31,
2000006095,0,Maps to,2025-04-16,2099-12-31,
0,2000006095,Maps from,2025-04-16,2099-12-31,
2000006096,0,Maps to,2025-04-16,2099-12-31,
0,2000006096,Maps from,2025-04-16,2099-12-31,
2000006097,0,Maps to,2025-04-16,2099-12-31,
0,2000006097,Maps from,2025-04-16,2099-12-31,
2000006098,0,Maps to,2025-04-16,2099-12-31,
0,2000006098,Maps from,2025-04-16,2099-12-31,
2000006100,0,Maps to,2025-04-16,2099-12-31,
0,2000006100,Maps from,2025-04-16,2099-12-31,
2000006099,0,Maps to,2025-04-16,2099-12-31,
0,2000006099,Maps from,2025-04-16,2099-12-31,
2000006101,0,Maps to,2025-04-16,2099-12-31,
0,2000006101,Maps from,2025-04-16,2099-12-31,
2000006102,0,Maps to,2025-04-16,2099-12-31,
0,2000006102,Maps from,2025-04-16,2099-12-31,
2000006103,0,Maps to,2025-04-16,2099-12-31,
0,2000006103,Maps from,2025-04-16,2099-12-31,
2000006104,0,Maps to,2025-04-16,2099-12-31,
0,2000006104,Maps from,2025-04-16,2099-12-31,
2000006105,0,Maps to,2025-04-16,2099-12-31,
0,2000006105,Maps from,2025-04-16,2099-12-31,
2000006107,0,Maps to,2025-04-16,2099-12-31,
0,2000006107,Maps from,2025-04-16,2099-12-31,
2000006106,0,Maps to,2025-04-16,2099-12-31,
0,2000006106,Maps from,2025-04-16,2099-12-31,
2000006108,0,Maps to,2025-04-16,2099-12-31,
0,2000006108,Maps from,2025-04-16,2099-12-31,
2000006109,0,Maps to,2025-04-16,2099-12-31,
0,2000006109,Maps from,2025-04-16,2099-12-31,
2000006110,0,Maps to,2025-04-16,2099-12-31,
0,2000006110,Maps from,2025-04-16,2099-12-31,
2000006111,0,Maps to,2025-04-16,2099-12-31,
0,2000006111,Maps from,2025-04-16,2099-12-31,
2000006113,0,Maps to,2025-04-16,2099-12-31,
0,2000006113,Maps from,2025-04-16,2099-12-31,
2000006112,0,Maps to,2025-04-16,2099-12-31,
0,2000006112,Maps from,2025-04-16,2099-12-31,
2000006114,0,Maps to,2025-04-16,2099-12-31,
0,2000006114,Maps from,2025-04-16,2099-12-31,
2000006115,0,Maps to,2025-04-16,2099-12-31,
0,2000006115,Maps from,2025-04-16,2099-12-31,
2000006116,0,Maps to,2025-04-16,2099-12-31,
0,2000006116,Maps from,2025-04-16,2099-12-31,
2000006117,0,Maps to,2025-04-16,2099-12-31,
0,2000006117,Maps from,2025-04-16,2099-12-31,
2000006118,0,Maps to,2025-04-16,2099-12-31,
0,2000006118,Maps from,2025-04-16,2099-12-31,
2000006119,0,Maps to,2025-04-16,2099-12-31,
0,2000006119,Maps from,2025-04-16,2099-12-31,
2000006120,0,Maps to,2025-04-16,2099-12-31,
0,2000006120,Maps from,2025-04-16,2099-12-31,
2000006122,0,Maps to,2025-04-16,2099-12-31,
0,2000006122,Maps from,2025-04-16,2099-12-31,
2000006121,0,Maps to,2025-04-16,2099-12-31,
0,2000006121,Maps from,2025-04-16,2099-12-31,
2000006123,0,Maps to,2025-04-16,2099-12-31,
0,2000006123,Maps from,2025-04-16,2099-12-31,
2000006124,0,Maps to,2025-04-16,2099-12-31,
0,2000006124,Maps from,2025-04-16,2099-12-31,
2000006125,0,Maps to,2025-04-16,2099-12-31,
0,2000006125,Maps from,2025-04-16,2099-12-31,
2000006126,0,Maps to,2025-04-16,2099-12-31,
0,2000006126,Maps from,2025-04-16,2099-12-31,
2000006127,0,Maps to,2025-04-16,2099-12-31,
0,2000006127,Maps from,2025-04-16,2099-12-31,
2000006128,0,Maps to,2025-04-16,2099-12-31,
0,2000006128,Maps from,2025-04-16,2099-12-31,
2000006129,0,Maps to,2025-04-16,2099-12-31,
0,2000006129,Maps from,2025-04-16,2099-12-31,
2000006130,0,Maps to,2025-04-16,2099-12-31,
0,2000006130,Maps from,2025-04-16,2099-12-31,
2000006132,0,Maps to,2025-04-16,2099-12-31,
0,2000006132,Maps from,2025-04-16,2099-12-31,
2000006131,0,Maps to,2025-04-16,2099-12-31,
0,2000006131,Maps from,2025-04-16,2099-12-31,
2000006133,0,Maps to,2025-04-16,2099-12-31,
0,2000006133,Maps from,2025-04-16,2099-12-31,
2000006134,0,Maps to,2025-04-16,2099-12-31,
0,2000006134,Maps from,2025-04-16,2099-12-31,
2000006135,0,Maps to,2025-04-16,2099-12-31,
0,2000006135,Maps from,2025-04-16,2099-12-31,
2000006136,0,Maps to,2025-04-16,2099-12-31,
0,2000006136,Maps from,2025-04-16,2099-12-31,
2000006137,0,Maps to,2025-04-16,2099-12-31,
0,2000006137,Maps from,2025-04-16,2099-12-31,
2000006139,0,Maps to,2025-04-16,2099-12-31,
0,2000006139,Maps from,2025-04-16,2099-12-31,
2000006138,0,Maps to,2025-04-16,2099-12-31,
0,2000006138,Maps from,2025-04-16,2099-12-31,
2000006140,0,Maps to,2025-04-16,2099-12-31,
0,2000006140,Maps from,2025-04-16,2099-12-31,
2000006142,0,Maps to,2025-04-16,2099-12-31,
0,2000006142,Maps from,2025-04-16,2099-12-31,
2000006141,0,Maps to,2025-04-16,2099-12-31,
0,2000006141,Maps from,2025-04-16,2099-12-31,
2000006143,0,Maps to,2025-04-16,2099-12-31,
0,2000006143,Maps from,2025-04-16,2099-12-31,
2000006144,0,Maps to,2025-04-16,2099-12-31,
0,2000006144,Maps from,2025-04-16,2099-12-31,
2000006146,0,Maps to,2025-04-16,2099-12-31,
0,2000006146,Maps from,2025-04-16,2099-12-31,
2000006145,0,Maps to,2025-04-16,2099-12-31,
0,2000006145,Maps from,2025-04-16,2099-12-31,
2000006147,0,Maps to,2025-04-16,2099-12-31,
0,2000006147,Maps from,2025-04-16,2099-12-31,
2000006149,0,Maps to,2025-04-16,2099-12-31,
0,2000006149,Maps from,2025-04-16,2099-12-31,
2000006148,0,Maps to,2025-04-16,2099-12-31,
0,2000006148,Maps from,2025-04-16,2099-12-31,
2000006150,0,Maps to,2025-04-16,2099-12-31,
0,2000006150,Maps from,2025-04-16,2099-12-31,
2000000370,0,Maps to,2025-04-16,2099-12-31,
0,2000000370,Maps from,2025-04-16,2099-12-31,
2000006151,0,Maps to,2025-04-16,2099-12-31,
0,2000006151,Maps from,2025-04-16,2099-12-31,
2000006152,0,Maps to,2025-04-16,2099-12-31,
0,2000006152,Maps from,2025-04-16,2099-12-31,
2000006153,0,Maps to,2025-04-16,2099-12-31,
0,2000006153,Maps from,2025-04-16,2099-12-31,
2000006154,0,Maps to,2025-04-16,2099-12-31,
0,2000006154,Maps from,2025-04-16,2099-12-31,
2000006155,0,Maps to,2025-04-16,2099-12-31,
0,2000006155,Maps from,2025-04-16,2099-12-31,
2000006156,0,Maps to,2025-04-16,2099-12-31,
0,2000006156,Maps from,2025-04-16,2099-12-31,
2000006157,0,Maps to,2025-04-16,2099-12-31,
0,2000006157,Maps from,2025-04-16,2099-12-31,
2000006158,0,Maps to,2025-04-16,2099-12-31,
0,2000006158,Maps from,2025-04-16,2099-12-31,
2000006159,0,Maps to,2025-04-16,2099-12-31,
0,2000006159,Maps from,2025-04-16,2099-12-31,
2000006160,0,Maps to,2025-04-16,2099-12-31,
0,2000006160,Maps from,2025-04-16,2099-12-31,
2000006161,0,Maps to,2025-04-16,2099-12-31,
0,2000006161,Maps from,2025-04-16,2099-12-31,
2000006162,0,Maps to,2025-04-16,2099-12-31,
0,2000006162,Maps from,2025-04-16,2099-12-31,
2000006163,0,Maps to,2025-04-16,2099-12-31,
0,2000006163,Maps from,2025-04-16,2099-12-31,
2000006164,0,Maps to,2025-04-16,2099-12-31,
0,2000006164,Maps from,2025-04-16,2099-12-31,
2000006165,0,Maps to,2025-04-16,2099-12-31,
0,2000006165,Maps from,2025-04-16,2099-12-31,
2000006166,0,Maps to,2025-04-16,2099-12-31,
0,2000006166,Maps from,2025-04-16,2099-12-31,
2000006167,0,Maps to,2025-04-16,2099-12-31,
0,2000006167,Maps from,2025-04-16,2099-12-31,
2000006168,0,Maps to,2025-04-16,2099-12-31,
0,2000006168,Maps from,2025-04-16,2099-12-31,
2000006169,0,Maps to,2025-04-16,2099-12-31,
0,2000006169,Maps from,2025-04-16,2099-12-31,
2000006170,0,Maps to,2025-04-16,2099-12-31,
0,2000006170,Maps from,2025-04-16,2099-12-31,
2000006171,0,Maps to,2025-04-16,2099-12-31,
0,2000006171,Maps from,2025-04-16,2099-12-31,
2000006172,0,Maps to,2025-04-16,2099-12-31,
0,2000006172,Maps from,2025-04-16,2099-12-31,
2000006173,0,Maps to,2025-04-16,2099-12-31,
0,2000006173,Maps from,2025-04-16,2099-12-31,
2000006174,0,Maps to,2025-04-16,2099-12-31,
0,2000006174,Maps from,2025-04-16,2099-12-31,
2000006175,0,Maps to,2025-04-16,2099-12-31,
0,2000006175,Maps from,2025-04-16,2099-12-31,
2000006176,0,Maps to,2025-04-16,2099-12-31,
0,2000006176,Maps from,2025-04-16,2099-12-31,
2000006177,0,Maps to,2025-04-16,2099-12-31,
0,2000006177,Maps from,2025-04-16,2099-12-31,
2000006178,0,Maps to,2025-04-16,2099-12-31,
0,2000006178,Maps from,2025-04-16,2099-12-31,
2000006180,0,Maps to,2025-04-16,2099-12-31,
0,2000006180,Maps from,2025-04-16,2099-12-31,
2000006179,0,Maps to,2025-04-16,2099-12-31,
0,2000006179,Maps from,2025-04-16,2099-12-31,
2000006181,0,Maps to,2025-04-16,2099-12-31,
0,2000006181,Maps from,2025-04-16,2099-12-31,
2000006182,0,Maps to,2025-04-16,2099-12-31,
0,2000006182,Maps from,2025-04-16,2099-12-31,
2000006183,0,Maps to,2025-04-16,2099-12-31,
0,2000006183,Maps from,2025-04-16,2099-12-31,
2000006184,0,Maps to,2025-04-16,2099-12-31,
0,2000006184,Maps from,2025-04-16,2099-12-31,
2000006185,0,Maps to,2025-04-16,2099-12-31,
0,2000006185,Maps from,2025-04-16,2099-12-31,
2000006187,0,Maps to,2025-04-16,2099-12-31,
0,2000006187,Maps from,2025-04-16,2099-12-31,
2000006186,0,Maps to,2025-04-16,2099-12-31,
0,2000006186,Maps from,2025-04-16,2099-12-31,
2000006188,0,Maps to,2025-04-16,2099-12-31,
0,2000006188,Maps from,2025-04-16,2099-12-31,
2000006189,0,Maps to,2025-04-16,2099-12-31,
0,2000006189,Maps from,2025-04-16,2099-12-31,
2000006190,0,Maps to,2025-04-16,2099-12-31,
0,2000006190,Maps from,2025-04-16,2099-12-31,
2000006191,0,Maps to,2025-04-16,2099-12-31,
0,2000006191,Maps from,2025-04-16,2099-12-31,
2000006192,0,Maps to,2025-04-16,2099-12-31,
0,2000006192,Maps from,2025-04-16,2099-12-31,
2000006193,0,Maps to,2025-04-16,2099-12-31,
0,2000006193,Maps from,2025-04-16,2099-12-31,
2000000371,0,Maps to,2025-04-16,2099-12-31,
0,2000000371,Maps from,2025-04-16,2099-12-31,
2000006194,0,Maps to,2025-04-16,2099-12-31,
0,2000006194,Maps from,2025-04-16,2099-12-31,
2000006195,0,Maps to,2025-04-16,2099-12-31,
0,2000006195,Maps from,2025-04-16,2099-12-31,
2000006196,0,Maps to,2025-04-16,2099-12-31,
0,2000006196,Maps from,2025-04-16,2099-12-31,
2000006197,0,Maps to,2025-04-16,2099-12-31,
0,2000006197,Maps from,2025-04-16,2099-12-31,
2000006199,0,Maps to,2025-04-16,2099-12-31,
0,2000006199,Maps from,2025-04-16,2099-12-31,
2000006198,0,Maps to,2025-04-16,2099-12-31,
0,2000006198,Maps from,2025-04-16,2099-12-31,
2000000372,0,Maps to,2025-04-16,2099-12-31,
0,2000000372,Maps from,2025-04-16,2099-12-31,
2000006200,0,Maps to,2025-04-16,2099-12-31,
0,2000006200,Maps from,2025-04-16,2099-12-31,
2000006201,0,Maps to,2025-04-16,2099-12-31,
0,2000006201,Maps from,2025-04-16,2099-12-31,
2000006202,0,Maps to,2025-04-16,2099-12-31,
0,2000006202,Maps from,2025-04-16,2099-12-31,
2000006204,0,Maps to,2025-04-16,2099-12-31,
0,2000006204,Maps from,2025-04-16,2099-12-31,
2000006203,0,Maps to,2025-04-16,2099-12-31,
0,2000006203,Maps from,2025-04-16,2099-12-31,
2000006205,0,Maps to,2025-04-16,2099-12-31,
0,2000006205,Maps from,2025-04-16,2099-12-31,
2000006207,0,Maps to,2025-04-16,2099-12-31,
0,2000006207,Maps from,2025-04-16,2099-12-31,
2000006206,0,Maps to,2025-04-16,2099-12-31,
0,2000006206,Maps from,2025-04-16,2099-12-31,
2000006208,0,Maps to,2025-04-16,2099-12-31,
0,2000006208,Maps from,2025-04-16,2099-12-31,
2000006209,0,Maps to,2025-04-16,2099-12-31,
0,2000006209,Maps from,2025-04-16,2099-12-31,
2000006211,0,Maps to,2025-04-16,2099-12-31,
0,2000006211,Maps from,2025-04-16,2099-12-31,
2000006210,0,Maps to,2025-04-16,2099-12-31,
0,2000006210,Maps from,2025-04-16,2099-12-31,
2000006212,0,Maps to,2025-04-16,2099-12-31,
0,2000006212,Maps from,2025-04-16,2099-12-31,
2000006214,0,Maps to,2025-04-16,2099-12-31,
0,2000006214,Maps from,2025-04-16,2099-12-31,
2000006213,0,Maps to,2025-04-16,2099-12-31,
0,2000006213,Maps from,2025-04-16,2099-12-31,
2000006215,0,Maps to,2025-04-16,2099-12-31,
0,2000006215,Maps from,2025-04-16,2099-12-31,
2000006216,0,Maps to,2025-04-16,2099-12-31,
0,2000006216,Maps from,2025-04-16,2099-12-31,
2000006217,0,Maps to,2025-04-16,2099-12-31,
0,2000006217,Maps from,2025-04-16,2099-12-31,
2000006218,0,Maps to,2025-04-16,2099-12-31,
0,2000006218,Maps from,2025-04-16,2099-12-31,
2000006219,0,Maps to,2025-04-16,2099-12-31,
0,2000006219,Maps from,2025-04-16,2099-12-31,
2000006221,0,Maps to,2025-04-16,2099-12-31,
0,2000006221,Maps from,2025-04-16,2099-12-31,
2000006220,0,Maps to,2025-04-16,2099-12-31,
0,2000006220,Maps from,2025-04-16,2099-12-31,
2000006222,0,Maps to,2025-04-16,2099-12-31,
0,2000006222,Maps from,2025-04-16,2099-12-31,
2000006223,0,Maps to,2025-04-16,2099-12-31,
0,2000006223,Maps from,2025-04-16,2099-12-31,
2000006224,0,Maps to,2025-04-16,2099-12-31,
0,2000006224,Maps from,2025-04-16,2099-12-31,
2000006225,0,Maps to,2025-04-16,2099-12-31,
0,2000006225,Maps from,2025-04-16,2099-12-31,
2000006226,0,Maps to,2025-04-16,2099-12-31,
0,2000006226,Maps from,2025-04-16,2099-12-31,
2000006228,0,Maps to,2025-04-16,2099-12-31,
0,2000006228,Maps from,2025-04-16,2099-12-31,
2000006227,0,Maps to,2025-04-16,2099-12-31,
0,2000006227,Maps from,2025-04-16,2099-12-31,
2000006229,0,Maps to,2025-04-16,2099-12-31,
0,2000006229,Maps from,2025-04-16,2099-12-31,
2000006230,0,Maps to,2025-04-16,2099-12-31,
0,2000006230,Maps from,2025-04-16,2099-12-31,
2000006232,0,Maps to,2025-04-16,2099-12-31,
0,2000006232,Maps from,2025-04-16,2099-12-31,
2000006231,0,Maps to,2025-04-16,2099-12-31,
0,2000006231,Maps from,2025-04-16,2099-12-31,
2000006233,0,Maps to,2025-04-16,2099-12-31,
0,2000006233,Maps from,2025-04-16,2099-12-31,
2000006235,0,Maps to,2025-04-16,2099-12-31,
0,2000006235,Maps from,2025-04-16,2099-12-31,
2000006234,0,Maps to,2025-04-16,2099-12-31,
0,2000006234,Maps from,2025-04-16,2099-12-31,
2000006236,0,Maps to,2025-04-16,2099-12-31,
0,2000006236,Maps from,2025-04-16,2099-12-31,
2000006237,0,Maps to,2025-04-16,2099-12-31,
0,2000006237,Maps from,2025-04-16,2099-12-31,
2000006238,0,Maps to,2025-04-16,2099-12-31,
0,2000006238,Maps from,2025-04-16,2099-12-31,
2000006239,0,Maps to,2025-04-16,2099-12-31,
0,2000006239,Maps from,2025-04-16,2099-12-31,
2000006240,0,Maps to,2025-04-16,2099-12-31,
0,2000006240,Maps from,2025-04-16,2099-12-31,
2000006241,0,Maps to,2025-04-16,2099-12-31,
0,2000006241,Maps from,2025-04-16,2099-12-31,
2000006242,0,Maps to,2025-04-16,2099-12-31,
0,2000006242,Maps from,2025-04-16,2099-12-31,
2000006243,0,Maps to,2025-04-16,2099-12-31,
0,2000006243,Maps from,2025-04-16,2099-12-31,
2000006244,0,Maps to,2025-04-16,2099-12-31,
0,2000006244,Maps from,2025-04-16,2099-12-31,
2000006246,0,Maps to,2025-04-16,2099-12-31,
0,2000006246,Maps from,2025-04-16,2099-12-31,
2000006245,0,Maps to,2025-04-16,2099-12-31,
0,2000006245,Maps from,2025-04-16,2099-12-31,
2000006247,0,Maps to,2025-04-16,2099-12-31,
0,2000006247,Maps from,2025-04-16,2099-12-31,
2000006248,0,Maps to,2025-04-16,2099-12-31,
0,2000006248,Maps from,2025-04-16,2099-12-31,
2000006249,0,Maps to,2025-04-16,2099-12-31,
0,2000006249,Maps from,2025-04-16,2099-12-31,
2000006250,0,Maps to,2025-04-16,2099-12-31,
0,2000006250,Maps from,2025-04-16,2099-12-31,
2000006251,0,Maps to,2025-04-16,2099-12-31,
0,2000006251,Maps from,2025-04-16,2099-12-31,
2000006252,0,Maps to,2025-04-16,2099-12-31,
0,2000006252,Maps from,2025-04-16,2099-12-31,
2000006253,0,Maps to,2025-04-16,2099-12-31,
0,2000006253,Maps from,2025-04-16,2099-12-31,
2000006254,0,Maps to,2025-04-16,2099-12-31,
0,2000006254,Maps from,2025-04-16,2099-12-31,
2000006255,0,Maps to,2025-04-16,2099-12-31,
0,2000006255,Maps from,2025-04-16,2099-12-31,
2000006256,0,Maps to,2025-04-16,2099-12-31,
0,2000006256,Maps from,2025-04-16,2099-12-31,
2000006257,0,Maps to,2025-04-16,2099-12-31,
0,2000006257,Maps from,2025-04-16,2099-12-31,
2000006258,0,Maps to,2025-04-16,2099-12-31,
0,2000006258,Maps from,2025-04-16,2099-12-31,
2000006259,0,Maps to,2025-04-16,2099-12-31,
0,2000006259,Maps from,2025-04-16,2099-12-31,
2000006260,0,Maps to,2025-04-16,2099-12-31,
0,2000006260,Maps from,2025-04-16,2099-12-31,
2000006261,0,Maps to,2025-04-16,2099-12-31,
0,2000006261,Maps from,2025-04-16,2099-12-31,
2000006262,0,Maps to,2025-04-16,2099-12-31,
0,2000006262,Maps from,2025-04-16,2099-12-31,
2000006263,0,Maps to,2025-04-16,2099-12-31,
0,2000006263,Maps from,2025-04-16,2099-12-31,
2000006264,0,Maps to,2025-04-16,2099-12-31,
0,2000006264,Maps from,2025-04-16,2099-12-31,
2000006265,0,Maps to,2025-04-16,2099-12-31,
0,2000006265,Maps from,2025-04-16,2099-12-31,
2000006266,0,Maps to,2025-04-16,2099-12-31,
0,2000006266,Maps from,2025-04-16,2099-12-31,
2000006267,0,Maps to,2025-04-16,2099-12-31,
0,2000006267,Maps from,2025-04-16,2099-12-31,
2000006268,0,Maps to,2025-04-16,2099-12-31,
0,2000006268,Maps from,2025-04-16,2099-12-31,
2000006269,0,Maps to,2025-04-16,2099-12-31,
0,2000006269,Maps from,2025-04-16,2099-12-31,
2000006270,0,Maps to,2025-04-16,2099-12-31,
0,2000006270,Maps from,2025-04-16,2099-12-31,
2000006271,0,Maps to,2025-04-16,2099-12-31,
0,2000006271,Maps from,2025-04-16,2099-12-31,
2000006273,0,Maps to,2025-04-16,2099-12-31,
0,2000006273,Maps from,2025-04-16,2099-12-31,
2000006272,0,Maps to,2025-04-16,2099-12-31,
0,2000006272,Maps from,2025-04-16,2099-12-31,
2000006274,0,Maps to,2025-04-16,2099-12-31,
0,2000006274,Maps from,2025-04-16,2099-12-31,
2000006276,0,Maps to,2025-04-16,2099-12-31,
0,2000006276,Maps from,2025-04-16,2099-12-31,
2000006275,0,Maps to,2025-04-16,2099-12-31,
0,2000006275,Maps from,2025-04-16,2099-12-31,
2000000373,0,Maps to,2025-04-16,2099-12-31,
0,2000000373,Maps from,2025-04-16,2099-12-31,
2000006277,0,Maps to,2025-04-16,2099-12-31,
0,2000006277,Maps from,2025-04-16,2099-12-31,
2000006278,0,Maps to,2025-04-16,2099-12-31,
0,2000006278,Maps from,2025-04-16,2099-12-31,
2000006280,0,Maps to,2025-04-16,2099-12-31,
0,2000006280,Maps from,2025-04-16,2099-12-31,
2000006279,0,Maps to,2025-04-16,2099-12-31,
0,2000006279,Maps from,2025-04-16,2099-12-31,
2000006281,0,Maps to,2025-04-16,2099-12-31,
0,2000006281,Maps from,2025-04-16,2099-12-31,
2000006282,0,Maps to,2025-04-16,2099-12-31,
0,2000006282,Maps from,2025-04-16,2099-12-31,
2000006283,0,Maps to,2025-04-16,2099-12-31,
0,2000006283,Maps from,2025-04-16,2099-12-31,
2000006284,0,Maps to,2025-04-16,2099-12-31,
0,2000006284,Maps from,2025-04-16,2099-12-31,
2000006285,0,Maps to,2025-04-16,2099-12-31,
0,2000006285,Maps from,2025-04-16,2099-12-31,
2000006286,0,Maps to,2025-04-16,2099-12-31,
0,2000006286,Maps from,2025-04-16,2099-12-31,
2000006287,0,Maps to,2025-04-16,2099-12-31,
0,2000006287,Maps from,2025-04-16,2099-12-31,
2000006288,0,Maps to,2025-04-16,2099-12-31,
0,2000006288,Maps from,2025-04-16,2099-12-31,
2000006289,0,Maps to,2025-04-16,2099-12-31,
0,2000006289,Maps from,2025-04-16,2099-12-31,
2000006291,0,Maps to,2025-04-16,2099-12-31,
0,2000006291,Maps from,2025-04-16,2099-12-31,
2000006290,0,Maps to,2025-04-16,2099-12-31,
0,2000006290,Maps from,2025-04-16,2099-12-31,
2000006292,0,Maps to,2025-04-16,2099-12-31,
0,2000006292,Maps from,2025-04-16,2099-12-31,
2000006293,0,Maps to,2025-04-16,2099-12-31,
0,2000006293,Maps from,2025-04-16,2099-12-31,
2000006294,0,Maps to,2025-04-16,2099-12-31,
0,2000006294,Maps from,2025-04-16,2099-12-31,
2000006295,0,Maps to,2025-04-16,2099-12-31,
0,2000006295,Maps from,2025-04-16,2099-12-31,
2000006296,0,Maps to,2025-04-16,2099-12-31,
0,2000006296,Maps from,2025-04-16,2099-12-31,
2000006298,0,Maps to,2025-04-16,2099-12-31,
0,2000006298,Maps from,2025-04-16,2099-12-31,
2000006297,0,Maps to,2025-04-16,2099-12-31,
0,2000006297,Maps from,2025-04-16,2099-12-31,
2000006299,0,Maps to,2025-04-16,2099-12-31,
0,2000006299,Maps from,2025-04-16,2099-12-31,
2000006301,0,Maps to,2025-04-16,2099-12-31,
0,2000006301,Maps from,2025-04-16,2099-12-31,
2000006300,0,Maps to,2025-04-16,2099-12-31,
0,2000006300,Maps from,2025-04-16,2099-12-31,
2000006302,0,Maps to,2025-04-16,2099-12-31,
0,2000006302,Maps from,2025-04-16,2099-12-31,
2000000374,0,Maps to,2025-04-16,2099-12-31,
0,2000000374,Maps from,2025-04-16,2099-12-31,
2000006303,0,Maps to,2025-04-16,2099-12-31,
0,2000006303,Maps from,2025-04-16,2099-12-31,
2000006304,0,Maps to,2025-04-16,2099-12-31,
0,2000006304,Maps from,2025-04-16,2099-12-31,
2000006306,0,Maps to,2025-04-16,2099-12-31,
0,2000006306,Maps from,2025-04-16,2099-12-31,
2000006305,0,Maps to,2025-04-16,2099-12-31,
0,2000006305,Maps from,2025-04-16,2099-12-31,
2000006307,0,Maps to,2025-04-16,2099-12-31,
0,2000006307,Maps from,2025-04-16,2099-12-31,
2000006308,0,Maps to,2025-04-16,2099-12-31,
0,2000006308,Maps from,2025-04-16,2099-12-31,
2000006309,0,Maps to,2025-04-16,2099-12-31,
0,2000006309,Maps from,2025-04-16,2099-12-31,
2000006310,0,Maps to,2025-04-16,2099-12-31,
0,2000006310,Maps from,2025-04-16,2099-12-31,
2000006311,0,Maps to,2025-04-16,2099-12-31,
0,2000006311,Maps from,2025-04-16,2099-12-31,
2000006312,0,Maps to,2025-04-16,2099-12-31,
0,2000006312,Maps from,2025-04-16,2099-12-31,
2000006313,0,Maps to,2025-04-16,2099-12-31,
0,2000006313,Maps from,2025-04-16,2099-12-31,
2000006314,0,Maps to,2025-04-16,2099-12-31,
0,2000006314,Maps from,2025-04-16,2099-12-31,
2000006316,0,Maps to,2025-04-16,2099-12-31,
0,2000006316,Maps from,2025-04-16,2099-12-31,
2000006315,0,Maps to,2025-04-16,2099-12-31,
0,2000006315,Maps from,2025-04-16,2099-12-31,
2000006317,0,Maps to,2025-04-16,2099-12-31,
0,2000006317,Maps from,2025-04-16,2099-12-31,
2000006318,0,Maps to,2025-04-16,2099-12-31,
0,2000006318,Maps from,2025-04-16,2099-12-31,
2000006319,0,Maps to,2025-04-16,2099-12-31,
0,2000006319,Maps from,2025-04-16,2099-12-31,
2000006320,0,Maps to,2025-04-16,2099-12-31,
0,2000006320,Maps from,2025-04-16,2099-12-31,
2000006321,0,Maps to,2025-04-16,2099-12-31,
0,2000006321,Maps from,2025-04-16,2099-12-31,
2000006323,0,Maps to,2025-04-16,2099-12-31,
0,2000006323,Maps from,2025-04-16,2099-12-31,
2000006322,0,Maps to,2025-04-16,2099-12-31,
0,2000006322,Maps from,2025-04-16,2099-12-31,
2000006324,0,Maps to,2025-04-16,2099-12-31,
0,2000006324,Maps from,2025-04-16,2099-12-31,
2000006325,0,Maps to,2025-04-16,2099-12-31,
0,2000006325,Maps from,2025-04-16,2099-12-31,
2000006327,0,Maps to,2025-04-16,2099-12-31,
0,2000006327,Maps from,2025-04-16,2099-12-31,
2000006326,0,Maps to,2025-04-16,2099-12-31,
0,2000006326,Maps from,2025-04-16,2099-12-31,
2000006328,0,Maps to,2025-04-16,2099-12-31,
0,2000006328,Maps from,2025-04-16,2099-12-31,
2000000375,0,Maps to,2025-04-16,2099-12-31,
0,2000000375,Maps from,2025-04-16,2099-12-31,
2000006329,0,Maps to,2025-04-16,2099-12-31,
0,2000006329,Maps from,2025-04-16,2099-12-31,
2000006330,0,Maps to,2025-04-16,2099-12-31,
0,2000006330,Maps from,2025-04-16,2099-12-31,
2000006331,0,Maps to,2025-04-16,2099-12-31,
0,2000006331,Maps from,2025-04-16,2099-12-31,
2000006332,0,Maps to,2025-04-16,2099-12-31,
0,2000006332,Maps from,2025-04-16,2099-12-31,
2000006333,0,Maps to,2025-04-16,2099-12-31,
0,2000006333,Maps from,2025-04-16,2099-12-31,
2000006334,0,Maps to,2025-04-16,2099-12-31,
0,2000006334,Maps from,2025-04-16,2099-12-31,
2000006335,0,Maps to,2025-04-16,2099-12-31,
0,2000006335,Maps from,2025-04-16,2099-12-31,
2000006336,0,Maps to,2025-04-16,2099-12-31,
0,2000006336,Maps from,2025-04-16,2099-12-31,
2000006338,0,Maps to,2025-04-16,2099-12-31,
0,2000006338,Maps from,2025-04-16,2099-12-31,
2000006337,0,Maps to,2025-04-16,2099-12-31,
0,2000006337,Maps from,2025-04-16,2099-12-31,
2000006339,0,Maps to,2025-04-16,2099-12-31,
0,2000006339,Maps from,2025-04-16,2099-12-31,
2000006340,0,Maps to,2025-04-16,2099-12-31,
0,2000006340,Maps from,2025-04-16,2099-12-31,
2000006341,0,Maps to,2025-04-16,2099-12-31,
0,2000006341,Maps from,2025-04-16,2099-12-31,
2000006342,0,Maps to,2025-04-16,2099-12-31,
0,2000006342,Maps from,2025-04-16,2099-12-31,
2000006343,0,Maps to,2025-04-16,2099-12-31,
0,2000006343,Maps from,2025-04-16,2099-12-31,
2000006345,0,Maps to,2025-04-16,2099-12-31,
0,2000006345,Maps from,2025-04-16,2099-12-31,
2000006344,0,Maps to,2025-04-16,2099-12-31,
0,2000006344,Maps from,2025-04-16,2099-12-31,
2000006346,0,Maps to,2025-04-16,2099-12-31,
0,2000006346,Maps from,2025-04-16,2099-12-31,
2000006348,0,Maps to,2025-04-16,2099-12-31,
0,2000006348,Maps from,2025-04-16,2099-12-31,
2000006347,0,Maps to,2025-04-16,2099-12-31,
0,2000006347,Maps from,2025-04-16,2099-12-31,
2000006349,0,Maps to,2025-04-16,2099-12-31,
0,2000006349,Maps from,2025-04-16,2099-12-31,
2000006351,0,Maps to,2025-04-16,2099-12-31,
0,2000006351,Maps from,2025-04-16,2099-12-31,
2000006350,0,Maps to,2025-04-16,2099-12-31,
0,2000006350,Maps from,2025-04-16,2099-12-31,
2000006352,0,Maps to,2025-04-16,2099-12-31,
0,2000006352,Maps from,2025-04-16,2099-12-31,
2000006353,0,Maps to,2025-04-16,2099-12-31,
0,2000006353,Maps from,2025-04-16,2099-12-31,
2000006355,0,Maps to,2025-04-16,2099-12-31,
0,2000006355,Maps from,2025-04-16,2099-12-31,
2000006354,0,Maps to,2025-04-16,2099-12-31,
0,2000006354,Maps from,2025-04-16,2099-12-31,
2000006356,0,Maps to,2025-04-16,2099-12-31,
0,2000006356,Maps from,2025-04-16,2099-12-31,
2000006357,0,Maps to,2025-04-16,2099-12-31,
0,2000006357,Maps from,2025-04-16,2099-12-31,
2000006358,0,Maps to,2025-04-16,2099-12-31,
0,2000006358,Maps from,2025-04-16,2099-12-31,
2000006359,0,Maps to,2025-04-16,2099-12-31,
0,2000006359,Maps from,2025-04-16,2099-12-31,
2000006360,0,Maps to,2025-04-16,2099-12-31,
0,2000006360,Maps from,2025-04-16,2099-12-31,
2000006362,0,Maps to,2025-04-16,2099-12-31,
0,2000006362,Maps from,2025-04-16,2099-12-31,
2000006361,0,Maps to,2025-04-16,2099-12-31,
0,2000006361,Maps from,2025-04-16,2099-12-31,
2000006363,0,Maps to,2025-04-16,2099-12-31,
0,2000006363,Maps from,2025-04-16,2099-12-31,
2000006365,0,Maps to,2025-04-16,2099-12-31,
0,2000006365,Maps from,2025-04-16,2099-12-31,
2000006364,0,Maps to,2025-04-16,2099-12-31,
0,2000006364,Maps from,2025-04-16,2099-12-31,
2000006366,0,Maps to,2025-04-16,2099-12-31,
0,2000006366,Maps from,2025-04-16,2099-12-31,
2000006368,0,Maps to,2025-04-16,2099-12-31,
0,2000006368,Maps from,2025-04-16,2099-12-31,
2000006367,0,Maps to,2025-04-16,2099-12-31,
0,2000006367,Maps from,2025-04-16,2099-12-31,
2000006369,0,Maps to,2025-04-16,2099-12-31,
0,2000006369,Maps from,2025-04-16,2099-12-31,
2000006370,0,Maps to,2025-04-16,2099-12-31,
0,2000006370,Maps from,2025-04-16,2099-12-31,
2000006372,0,Maps to,2025-04-16,2099-12-31,
0,2000006372,Maps from,2025-04-16,2099-12-31,
2000006371,0,Maps to,2025-04-16,2099-12-31,
0,2000006371,Maps from,2025-04-16,2099-12-31,
2000006373,0,Maps to,2025-04-16,2099-12-31,
0,2000006373,Maps from,2025-04-16,2099-12-31,
2000006375,0,Maps to,2025-04-16,2099-12-31,
0,2000006375,Maps from,2025-04-16,2099-12-31,
2000006374,0,Maps to,2025-04-16,2099-12-31,
0,2000006374,Maps from,2025-04-16,2099-12-31,
2000006376,0,Maps to,2025-04-16,2099-12-31,
0,2000006376,Maps from,2025-04-16,2099-12-31,
2000006377,0,Maps to,2025-04-16,2099-12-31,
0,2000006377,Maps from,2025-04-16,2099-12-31,
2000006378,0,Maps to,2025-04-16,2099-12-31,
0,2000006378,Maps from,2025-04-16,2099-12-31,
2000006379,0,Maps to,2025-04-16,2099-12-31,
0,2000006379,Maps from,2025-04-16,2099-12-31,
2000006380,0,Maps to,2025-04-16,2099-12-31,
0,2000006380,Maps from,2025-04-16,2099-12-31,
2000006381,0,Maps to,2025-04-16,2099-12-31,
0,2000006381,Maps from,2025-04-16,2099-12-31,
2000006382,0,Maps to,2025-04-16,2099-12-31,
0,2000006382,Maps from,2025-04-16,2099-12-31,
2000006383,0,Maps to,2025-04-16,2099-12-31,
0,2000006383,Maps from,2025-04-16,2099-12-31,
2000006384,0,Maps to,2025-04-16,2099-12-31,
0,2000006384,Maps from,2025-04-16,2099-12-31,
2000006385,0,Maps to,2025-04-16,2099-12-31,
0,2000006385,Maps from,2025-04-16,2099-12-31,
2000006386,0,Maps to,2025-04-16,2099-12-31,
0,2000006386,Maps from,2025-04-16,2099-12-31,
2000006387,0,Maps to,2025-04-16,2099-12-31,
0,2000006387,Maps from,2025-04-16,2099-12-31,
2000006388,0,Maps to,2025-04-16,2099-12-31,
0,2000006388,Maps from,2025-04-16,2099-12-31,
2000006389,0,Maps to,2025-04-16,2099-12-31,
0,2000006389,Maps from,2025-04-16,2099-12-31,
2000006390,0,Maps to,2025-04-16,2099-12-31,
0,2000006390,Maps from,2025-04-16,2099-12-31,
2000006391,0,Maps to,2025-04-16,2099-12-31,
0,2000006391,Maps from,2025-04-16,2099-12-31,
2000006392,0,Maps to,2025-04-16,2099-12-31,
0,2000006392,Maps from,2025-04-16,2099-12-31,
2000006393,0,Maps to,2025-04-16,2099-12-31,
0,2000006393,Maps from,2025-04-16,2099-12-31,
2000006394,0,Maps to,2025-04-16,2099-12-31,
0,2000006394,Maps from,2025-04-16,2099-12-31,
2000006395,0,Maps to,2025-04-16,2099-12-31,
0,2000006395,Maps from,2025-04-16,2099-12-31,
2000006396,0,Maps to,2025-04-16,2099-12-31,
0,2000006396,Maps from,2025-04-16,2099-12-31,
2000006397,0,Maps to,2025-04-16,2099-12-31,
0,2000006397,Maps from,2025-04-16,2099-12-31,
2000006398,0,Maps to,2025-04-16,2099-12-31,
0,2000006398,Maps from,2025-04-16,2099-12-31,
2000006400,0,Maps to,2025-04-16,2099-12-31,
0,2000006400,Maps from,2025-04-16,2099-12-31,
2000006399,0,Maps to,2025-04-16,2099-12-31,
0,2000006399,Maps from,2025-04-16,2099-12-31,
2000006401,0,Maps to,2025-04-16,2099-12-31,
0,2000006401,Maps from,2025-04-16,2099-12-31,
2000006402,0,Maps to,2025-04-16,2099-12-31,
0,2000006402,Maps from,2025-04-16,2099-12-31,
2000006403,0,Maps to,2025-04-16,2099-12-31,
0,2000006403,Maps from,2025-04-16,2099-12-31,
2000006404,0,Maps to,2025-04-16,2099-12-31,
0,2000006404,Maps from,2025-04-16,2099-12-31,
2000006406,0,Maps to,2025-04-16,2099-12-31,
0,2000006406,Maps from,2025-04-16,2099-12-31,
2000006405,0,Maps to,2025-04-16,2099-12-31,
0,2000006405,Maps from,2025-04-16,2099-12-31,
2000000376,0,Maps to,2025-04-16,2099-12-31,
0,2000000376,Maps from,2025-04-16,2099-12-31,
2000006407,0,Maps to,2025-04-16,2099-12-31,
0,2000006407,Maps from,2025-04-16,2099-12-31,
2000006408,0,Maps to,2025-04-16,2099-12-31,
0,2000006408,Maps from,2025-04-16,2099-12-31,
2000006409,0,Maps to,2025-04-16,2099-12-31,
0,2000006409,Maps from,2025-04-16,2099-12-31,
2000006410,0,Maps to,2025-04-16,2099-12-31,
0,2000006410,Maps from,2025-04-16,2099-12-31,
2000006411,0,Maps to,2025-04-16,2099-12-31,
0,2000006411,Maps from,2025-04-16,2099-12-31,
2000006412,0,Maps to,2025-04-16,2099-12-31,
0,2000006412,Maps from,2025-04-16,2099-12-31,
2000006413,0,Maps to,2025-04-16,2099-12-31,
0,2000006413,Maps from,2025-04-16,2099-12-31,
2000006414,0,Maps to,2025-04-16,2099-12-31,
0,2000006414,Maps from,2025-04-16,2099-12-31,
2000006415,0,Maps to,2025-04-16,2099-12-31,
0,2000006415,Maps from,2025-04-16,2099-12-31,
2000006416,0,Maps to,2025-04-16,2099-12-31,
0,2000006416,Maps from,2025-04-16,2099-12-31,
2000006417,0,Maps to,2025-04-16,2099-12-31,
0,2000006417,Maps from,2025-04-16,2099-12-31,
2000006418,0,Maps to,2025-04-16,2099-12-31,
0,2000006418,Maps from,2025-04-16,2099-12-31,
2000006419,0,Maps to,2025-04-16,2099-12-31,
0,2000006419,Maps from,2025-04-16,2099-12-31,
2000006420,0,Maps to,2025-04-16,2099-12-31,
0,2000006420,Maps from,2025-04-16,2099-12-31,
2000006422,0,Maps to,2025-04-16,2099-12-31,
0,2000006422,Maps from,2025-04-16,2099-12-31,
2000006421,0,Maps to,2025-04-16,2099-12-31,
0,2000006421,Maps from,2025-04-16,2099-12-31,
2000006423,0,Maps to,2025-04-16,2099-12-31,
0,2000006423,Maps from,2025-04-16,2099-12-31,
2000006424,0,Maps to,2025-04-16,2099-12-31,
0,2000006424,Maps from,2025-04-16,2099-12-31,
2000006425,0,Maps to,2025-04-16,2099-12-31,
0,2000006425,Maps from,2025-04-16,2099-12-31,
2000006426,0,Maps to,2025-04-16,2099-12-31,
0,2000006426,Maps from,2025-04-16,2099-12-31,
2000006427,0,Maps to,2025-04-16,2099-12-31,
0,2000006427,Maps from,2025-04-16,2099-12-31,
2000001073,40779708,Maps to,2025-04-16,2099-12-31,
40779708,2000001073,Maps from,2025-04-16,2099-12-31,
2000006428,0,Maps to,2025-04-16,2099-12-31,
0,2000006428,Maps from,2025-04-16,2099-12-31,
2000006429,0,Maps to,2025-04-16,2099-12-31,
0,2000006429,Maps from,2025-04-16,2099-12-31,
2000006430,0,Maps to,2025-04-16,2099-12-31,
0,2000006430,Maps from,2025-04-16,2099-12-31,
2000006431,0,Maps to,2025-04-16,2099-12-31,
0,2000006431,Maps from,2025-04-16,2099-12-31,
2000006433,0,Maps to,2025-04-16,2099-12-31,
0,2000006433,Maps from,2025-04-16,2099-12-31,
2000006432,0,Maps to,2025-04-16,2099-12-31,
0,2000006432,Maps from,2025-04-16,2099-12-31,
2000006434,0,Maps to,2025-04-16,2099-12-31,
0,2000006434,Maps from,2025-04-16,2099-12-31,
2000006435,0,Maps to,2025-04-16,2099-12-31,
0,2000006435,Maps from,2025-04-16,2099-12-31,
2000006436,0,Maps to,2025-04-16,2099-12-31,
0,2000006436,Maps from,2025-04-16,2099-12-31,
2000006437,0,Maps to,2025-04-16,2099-12-31,
0,2000006437,Maps from,2025-04-16,2099-12-31,
2000006438,0,Maps to,2025-04-16,2099-12-31,
0,2000006438,Maps from,2025-04-16,2099-12-31,
2000006440,0,Maps to,2025-04-16,2099-12-31,
0,2000006440,Maps from,2025-04-16,2099-12-31,
2000006439,0,Maps to,2025-04-16,2099-12-31,
0,2000006439,Maps from,2025-04-16,2099-12-31,
2000006441,0,Maps to,2025-04-16,2099-12-31,
0,2000006441,Maps from,2025-04-16,2099-12-31,
2000006442,0,Maps to,2025-04-16,2099-12-31,
0,2000006442,Maps from,2025-04-16,2099-12-31,
2000006443,0,Maps to,2025-04-16,2099-12-31,
0,2000006443,Maps from,2025-04-16,2099-12-31,
2000006444,0,Maps to,2025-04-16,2099-12-31,
0,2000006444,Maps from,2025-04-16,2099-12-31,
2000006445,0,Maps to,2025-04-16,2099-12-31,
0,2000006445,Maps from,2025-04-16,2099-12-31,
2000006447,0,Maps to,2025-04-16,2099-12-31,
0,2000006447,Maps from,2025-04-16,2099-12-31,
2000006446,0,Maps to,2025-04-16,2099-12-31,
0,2000006446,Maps from,2025-04-16,2099-12-31,
2000006448,0,Maps to,2025-04-16,2099-12-31,
0,2000006448,Maps from,2025-04-16,2099-12-31,
2000006450,0,Maps to,2025-04-16,2099-12-31,
0,2000006450,Maps from,2025-04-16,2099-12-31,
2000006449,0,Maps to,2025-04-16,2099-12-31,
0,2000006449,Maps from,2025-04-16,2099-12-31,
2000006451,0,Maps to,2025-04-16,2099-12-31,
0,2000006451,Maps from,2025-04-16,2099-12-31,
2000006452,0,Maps to,2025-04-16,2099-12-31,
0,2000006452,Maps from,2025-04-16,2099-12-31,
2000006453,0,Maps to,2025-04-16,2099-12-31,
0,2000006453,Maps from,2025-04-16,2099-12-31,
2000006454,0,Maps to,2025-04-16,2099-12-31,
0,2000006454,Maps from,2025-04-16,2099-12-31,
2000006455,0,Maps to,2025-04-16,2099-12-31,
0,2000006455,Maps from,2025-04-16,2099-12-31,
2000006456,0,Maps to,2025-04-16,2099-12-31,
0,2000006456,Maps from,2025-04-16,2099-12-31,
2000006457,0,Maps to,2025-04-16,2099-12-31,
0,2000006457,Maps from,2025-04-16,2099-12-31,
2000000377,0,Maps to,2025-04-16,2099-12-31,
0,2000000377,Maps from,2025-04-16,2099-12-31,
2000006458,0,Maps to,2025-04-16,2099-12-31,
0,2000006458,Maps from,2025-04-16,2099-12-31,
2000006459,0,Maps to,2025-04-16,2099-12-31,
0,2000006459,Maps from,2025-04-16,2099-12-31,
2000006460,0,Maps to,2025-04-16,2099-12-31,
0,2000006460,Maps from,2025-04-16,2099-12-31,
2000006462,0,Maps to,2025-04-16,2099-12-31,
0,2000006462,Maps from,2025-04-16,2099-12-31,
2000006461,0,Maps to,2025-04-16,2099-12-31,
0,2000006461,Maps from,2025-04-16,2099-12-31,
2000006463,0,Maps to,2025-04-16,2099-12-31,
0,2000006463,Maps from,2025-04-16,2099-12-31,
2000006465,0,Maps to,2025-04-16,2099-12-31,
0,2000006465,Maps from,2025-04-16,2099-12-31,
2000006464,0,Maps to,2025-04-16,2099-12-31,
0,2000006464,Maps from,2025-04-16,2099-12-31,
2000006466,0,Maps to,2025-04-16,2099-12-31,
0,2000006466,Maps from,2025-04-16,2099-12-31,
2000006467,0,Maps to,2025-04-16,2099-12-31,
0,2000006467,Maps from,2025-04-16,2099-12-31,
2000006469,0,Maps to,2025-04-16,2099-12-31,
0,2000006469,Maps from,2025-04-16,2099-12-31,
2000006468,0,Maps to,2025-04-16,2099-12-31,
0,2000006468,Maps from,2025-04-16,2099-12-31,
2000006470,0,Maps to,2025-04-16,2099-12-31,
0,2000006470,Maps from,2025-04-16,2099-12-31,
2000006472,0,Maps to,2025-04-16,2099-12-31,
0,2000006472,Maps from,2025-04-16,2099-12-31,
2000006471,0,Maps to,2025-04-16,2099-12-31,
0,2000006471,Maps from,2025-04-16,2099-12-31,
2000006473,0,Maps to,2025-04-16,2099-12-31,
0,2000006473,Maps from,2025-04-16,2099-12-31,
2000006474,0,Maps to,2025-04-16,2099-12-31,
0,2000006474,Maps from,2025-04-16,2099-12-31,
2000006475,0,Maps to,2025-04-16,2099-12-31,
0,2000006475,Maps from,2025-04-16,2099-12-31,
2000006476,0,Maps to,2025-04-16,2099-12-31,
0,2000006476,Maps from,2025-04-16,2099-12-31,
2000006477,0,Maps to,2025-04-16,2099-12-31,
0,2000006477,Maps from,2025-04-16,2099-12-31,
2000006478,0,Maps to,2025-04-16,2099-12-31,
0,2000006478,Maps from,2025-04-16,2099-12-31,
2000006479,0,Maps to,2025-04-16,2099-12-31,
0,2000006479,Maps from,2025-04-16,2099-12-31,
2000006480,0,Maps to,2025-04-16,2099-12-31,
0,2000006480,Maps from,2025-04-16,2099-12-31,
2000006481,0,Maps to,2025-04-16,2099-12-31,
0,2000006481,Maps from,2025-04-16,2099-12-31,
2000000378,0,Maps to,2025-04-16,2099-12-31,
0,2000000378,Maps from,2025-04-16,2099-12-31,
2000006483,0,Maps to,2025-04-16,2099-12-31,
0,2000006483,Maps from,2025-04-16,2099-12-31,
2000006482,0,Maps to,2025-04-16,2099-12-31,
0,2000006482,Maps from,2025-04-16,2099-12-31,
2000006484,0,Maps to,2025-04-16,2099-12-31,
0,2000006484,Maps from,2025-04-16,2099-12-31,
2000006485,0,Maps to,2025-04-16,2099-12-31,
0,2000006485,Maps from,2025-04-16,2099-12-31,
2000006487,0,Maps to,2025-04-16,2099-12-31,
0,2000006487,Maps from,2025-04-16,2099-12-31,
2000006486,0,Maps to,2025-04-16,2099-12-31,
0,2000006486,Maps from,2025-04-16,2099-12-31,
2000006488,0,Maps to,2025-04-16,2099-12-31,
0,2000006488,Maps from,2025-04-16,2099-12-31,
2000006490,0,Maps to,2025-04-16,2099-12-31,
0,2000006490,Maps from,2025-04-16,2099-12-31,
2000006489,0,Maps to,2025-04-16,2099-12-31,
0,2000006489,Maps from,2025-04-16,2099-12-31,
2000006491,0,Maps to,2025-04-16,2099-12-31,
0,2000006491,Maps from,2025-04-16,2099-12-31,
2000006492,0,Maps to,2025-04-16,2099-12-31,
0,2000006492,Maps from,2025-04-16,2099-12-31,
2000006493,0,Maps to,2025-04-16,2099-12-31,
0,2000006493,Maps from,2025-04-16,2099-12-31,
2000006494,0,Maps to,2025-04-16,2099-12-31,
0,2000006494,Maps from,2025-04-16,2099-12-31,
2000006495,0,Maps to,2025-04-16,2099-12-31,
0,2000006495,Maps from,2025-04-16,2099-12-31,
2000006496,0,Maps to,2025-04-16,2099-12-31,
0,2000006496,Maps from,2025-04-16,2099-12-31,
2000006497,0,Maps to,2025-04-16,2099-12-31,
0,2000006497,Maps from,2025-04-16,2099-12-31,
2000006498,0,Maps to,2025-04-16,2099-12-31,
0,2000006498,Maps from,2025-04-16,2099-12-31,
2000006500,0,Maps to,2025-04-16,2099-12-31,
0,2000006500,Maps from,2025-04-16,2099-12-31,
2000006499,0,Maps to,2025-04-16,2099-12-31,
0,2000006499,Maps from,2025-04-16,2099-12-31,
2000006501,0,Maps to,2025-04-16,2099-12-31,
0,2000006501,Maps from,2025-04-16,2099-12-31,
2000006502,0,Maps to,2025-04-16,2099-12-31,
0,2000006502,Maps from,2025-04-16,2099-12-31,
2000006504,0,Maps to,2025-04-16,2099-12-31,
0,2000006504,Maps from,2025-04-16,2099-12-31,
2000006503,0,Maps to,2025-04-16,2099-12-31,
0,2000006503,Maps from,2025-04-16,2099-12-31,
2000006505,0,Maps to,2025-04-16,2099-12-31,
0,2000006505,Maps from,2025-04-16,2099-12-31,
2000006507,0,Maps to,2025-04-16,2099-12-31,
0,2000006507,Maps from,2025-04-16,2099-12-31,
2000006506,0,Maps to,2025-04-16,2099-12-31,
0,2000006506,Maps from,2025-04-16,2099-12-31,
2000006508,0,Maps to,2025-04-16,2099-12-31,
0,2000006508,Maps from,2025-04-16,2099-12-31,
2000006509,0,Maps to,2025-04-16,2099-12-31,
0,2000006509,Maps from,2025-04-16,2099-12-31,
2000006510,0,Maps to,2025-04-16,2099-12-31,
0,2000006510,Maps from,2025-04-16,2099-12-31,
2000006511,0,Maps to,2025-04-16,2099-12-31,
0,2000006511,Maps from,2025-04-16,2099-12-31,
2000006512,0,Maps to,2025-04-16,2099-12-31,
0,2000006512,Maps from,2025-04-16,2099-12-31,
2000006513,0,Maps to,2025-04-16,2099-12-31,
0,2000006513,Maps from,2025-04-16,2099-12-31,
2000006514,0,Maps to,2025-04-16,2099-12-31,
0,2000006514,Maps from,2025-04-16,2099-12-31,
2000006515,0,Maps to,2025-04-16,2099-12-31,
0,2000006515,Maps from,2025-04-16,2099-12-31,
2000000379,0,Maps to,2025-04-16,2099-12-31,
0,2000000379,Maps from,2025-04-16,2099-12-31,
2000006516,0,Maps to,2025-04-16,2099-12-31,
0,2000006516,Maps from,2025-04-16,2099-12-31,
2000006517,0,Maps to,2025-04-16,2099-12-31,
0,2000006517,Maps from,2025-04-16,2099-12-31,
2000006518,0,Maps to,2025-04-16,2099-12-31,
0,2000006518,Maps from,2025-04-16,2099-12-31,
2000006519,0,Maps to,2025-04-16,2099-12-31,
0,2000006519,Maps from,2025-04-16,2099-12-31,
2000006520,0,Maps to,2025-04-16,2099-12-31,
0,2000006520,Maps from,2025-04-16,2099-12-31,
2000006521,0,Maps to,2025-04-16,2099-12-31,
0,2000006521,Maps from,2025-04-16,2099-12-31,
2000006523,0,Maps to,2025-04-16,2099-12-31,
0,2000006523,Maps from,2025-04-16,2099-12-31,
2000006522,0,Maps to,2025-04-16,2099-12-31,
0,2000006522,Maps from,2025-04-16,2099-12-31,
2000006524,0,Maps to,2025-04-16,2099-12-31,
0,2000006524,Maps from,2025-04-16,2099-12-31,
2000006526,0,Maps to,2025-04-16,2099-12-31,
0,2000006526,Maps from,2025-04-16,2099-12-31,
2000006525,0,Maps to,2025-04-16,2099-12-31,
0,2000006525,Maps from,2025-04-16,2099-12-31,
2000006527,0,Maps to,2025-04-16,2099-12-31,
0,2000006527,Maps from,2025-04-16,2099-12-31,
